0,393856204604452;
0,393834121521649;
0,394244644227449;
0,394426226073451;
0,393537926594929;
0,301378865715615;
0,0505713451334244;
-0,0771475752772186;
0,00623557115163182;
0,0260933967490119;
0,0854435293653672;
0,334507644447549;
0,461340788450374;
0,379859790424076;
0,360943861855381;
0,300219186494789;
0,0498289671917859;
-0,0766057952451303;
0,00630124589794506;
0,0258687646497568;
0,0857188523517076;
0,336352892681424;
0,465441092661973;
0,381136952504726;
0,353574797656062;
0,290954435110487;
0,0485691943977862;
-0,0741277366804896;
0,0059237458201118;
0,0251123817112498;
0,0884333002195761;
0,341242019452848;
0,463790351424007;
0,369979901289523;
0,341947790407552;
0,284791951300425;
0,0477166782338291;
-0,0728280981049005;
0,00588005285186808;
0,0246374266481037;
0,0859555322607021;
0,333576029300965;
0,457479234790547;
0,371491682207048;
0,346944251665391;
0,28774117154071;
0,047836145839035;
-0,0734500450399744;
0,00602264298912414;
0,0248107213086047;
0,0829450000947184;
0,327533160644888;
0,46059660923977;
0,389957940272079;
0,367864616194984;
0,298671452068687;
0,0482854510287456;
-0,0756554778846395;
0,00649085250406904;
0,0254453801725908;
0,0952856347182535;
0,370484132548359;
0,512701694649169;
0,414066608198484;
0,364710459400581;
0,289130694212668;
0,0458154434580732;
-0,0730074098691986;
0,00654121583791964;
0,0244384422227086;
0,0785254667430324;
0,308509117082144;
0,423298439953132;
0,346105498489847;
0,331919086388782;
0,279455422737099;
0,0467898667130134;
-0,0715789405460146;
0,00585033739364239;
0,0241798780620647;
0,0778193725147972;
0,30586565891221;
0,423929264076242;
0,353388172858447;
0,341773929188787;
0,377967119780929;
0,358606071890261;
0,34444403221853;
0,360127557963327;
0,368440384851542;
0,368346254141101;
0,368182650728844;
0,364634123885096;
0,36155057015769;
0,3598968262511;
0,265535077936412;
0,0422021347606645;
-0,0650107167316226;
0,00477761529562981;
0,0222869816217705;
0,0823818907710238;
0,316134065312669;
0,431598856766668;
0,354252293475264;
0,346478889374291;
0,296644053995815;
0,0509518308450585;
-0,0763586790680431;
0,00588626115958489;
0,025940866134261;
0,0861676642940066;
0,333577753274319;
0,451356467337462;
0,35672885352346;
0,330809835073422;
0,278049773358712;
0,0469535818458426;
-0,07130037559238;
0,00569961966639155;
0,0241401666428286;
0,0800385305554449;
0,31458325221474;
0,439352717810105;
0,370587588054651;
0,356086814237322;
0,295062014710753;
0,0492921662687604;
-0,0751644998173137;
0,00598602196540301;
0,025473025341733;
0,079036580624612;
0,312356558659763;
0,435277612887463;
0,366408447311152;
0,353255390990465;
0,291992609783142;
0,0477420300956627;
-0,0742426658298911;
0,00628052840733557;
0,0250014750344277;
0,0817044062997988;
0,319168885302648;
0,432896704791582;
0,3446087108747;
0,332211707795906;
0,289586046584693;
0,0513780512714739;
-0,075161054760661;
0,00541251593250706;
0,0256851936235707;
0,095480110245895;
0,357284537018492;
0,456480769759328;
0,313358742405528;
0,261067619308854;
0,224488478257675;
0,0372186928564813;
-0,0584356429814201;
0,00539497765580397;
0,019437888104397;
0,0969603275739111;
0,370858500046641;
0,514924399876249;
0,406274525118179;
0,321048880502147;
0,233317841009842;
0,0325468153610666;
-0,057680567830669;
0,00643258637721529;
0,018783471174352;
0,0712188974206917;
0,288569527498422;
0,412349988027196;
0,332440326159005;
0,275389221174401;
0,215644218691126;
0,036118570294118;
-0,0550332937471425;
0,00439292861942451;
0,0186431784339645;
0,117753681272968;
0,438830258776961;
0,59068866837718;
0,432339479979727;
0,338073378097684;
0,279644356228431;
0,0531239583653865;
-0,0730426067265333;
0,00401295057019987;
0,0255012557791339;
-0,00380157350886812;
0,0877311905573847;
0,268437673349699;
0,386585680838013;
0,457869475627213;
0,413434493410552;
0,178608817716757;
0,155625359940872;
0,389885276150987;
0,498431428957646;
0,565843910056347;
0,526513354031557;
-0,0197174836828466;
-0,635039051557467;
-0,519675617937833;
-0,0400622774104358;
0,0726901552233143;
-0,0239850607077071;
-0,0145592215042229;
0,0144285057711769;
0,00143626301214934;
0,195394643621301;
0,976666188151851;
1,94020114588845;
2,15209137240646;
1,38472131869767;
0,183919647765385;
-0,31133290428613;
0,0241830600785914;
0,107002576661864;
0,135211254230834;
0,72660983374993;
1,22239477557201;
1,09367477462202;
0,710811144059806;
0,528966402056221;
0,756533489236861;
1,12602976464174;
1,11451182709353;
0,737744047403302;
0,464313389553863;
0,504717258049485;
0,592092117513932;
0,548396898638477;
0,520911279612758;
0,551213407431327;
0,567000139797389;
0,583551963234296;
0,620094386371156;
0,662041645573001;
0,715038053144311;
0,78080113830425;
0,823049303370239;
0,835056612671006;
0,863228898042827;
0,673567872240112;
0,119257918834047;
-0,168373932139408;
0,00897080153717168;
0,0591257424659619;
0,212384127283159;
0,810592818764745;
1,08851782262046;
0,813231117850808;
0,635787304467011;
0,61492366110135;
0,647714498193064;
0,878985774335924;
1,16380132004288;
1,28615453209773;
0,946857523533077;
0,140510022186949;
-0,229741429747078;
0,0200452939809936;
0,0774206776487224;
-0,0402113903827207;
-0,0105718897010843;
0,018704596633531;
-0,00407417486689587;
-0,0049424095979985;
0,0882134146466832;
0,220250610111309;
0,282805175366764;
0,473168161308256;
0,68420867744076;
0,465400903544344;
0,0237917948025881;
-0,0992818305055584;
0,0210736403015944;
0,0283718187915985;
0,0651281485550813;
0,323472172772252;
0,533717687014993;
0,555342402606449;
0,578605084637266;
0,470705428412133;
0,0817216042235491;
-0,1194635038326;
0,00799064656659062;
0,0411749332105602;
-0,0688367733209372;
-0,280292746326359;
-0,481003012130477;
-0,137474193726565;
0,590050236051807;
0,665037447860312;
0,0643927216754212;
-0,168518223562468;
0,0326757612979371;
0,0485918982862399;
0,106247565585206;
0,456871173754871;
0,572010108355037;
0,323285393284412;
0,180475419531835;
0,151772255989705;
0,0301433798974556;
-0,0407525241214348;
0,0022655625782096;
0,0141841233574524;
0,0884309768027466;
0,327711510034378;
0,45449698097635;
0,384501435493719;
0,386184850890088;
0,444590992167002;
0,402502905297439;
0,359367779184527;
0,387816999371155;
0,420184689458736;
0,441420002626961;
0,443232382087525;
0,433430107396279;
0,428801646505833;
0,402104520296789;
0,27808723799019;
0,0434133012521876;
-0,0667785126101867;
0,00458055245336035;
0,0230781823601628;
0,0822646318430838;
0,315142103752983;
0,430670962267479;
0,361187508758171;
0,368812750001056;
0,321995630748231;
0,056976193948166;
-0,0831303749016129;
0,00582693637101753;
0,0284921694122841;
0,0950588639784034;
0,361401182100792;
0,476720969882486;
0,360680881385015;
0,327068222323045;
0,385708153075595;
0,412180050721569;
0,399022864097206;
0,367750755849123;
0,352900549029479;
0,368346960608642;
0,405623260199121;
0,426239272739232;
0,427070771895217;
0,442110003292311;
0,440479433242155;
0,412214117898786;
0,408283264260749;
0,430594910364698;
0,447278292500479;
0,444908250257328;
0,426567384311575;
0,403233387839447;
0,3961104099584;
0,420662230100068;
0,335082644754475;
0,0598187512683954;
-0,0839894885334903;
0,00438713498943863;
0,0295256159989835;
0,0874184230776497;
0,362210674647742;
0,524721612849683;
0,409429902280975;
0,31337090795734;
0,247095280168816;
0,0478366629534056;
-0,0640447030330771;
0,00288153167992101;
0,022656817490089;
0,0547029951329851;
0,211488202178817;
0,285860026000051;
0,257934240239635;
0,306400472079231;
0,274536848287743;
0,0454723188515403;
-0,0704434525460111;
0,00602751447758519;
0,0236728444403487;
0,10627825620544;
0,394126841410804;
0,534065804495894;
0,465128003522087;
0,48443581004054;
0,400683546378447;
0,0592396768087177;
-0,100801884107455;
0,0106430276683211;
0,0330383122282402;
0,0219924282300641;
0,125209298041433;
0,225307014025532;
0,308367074636404;
0,319682578618233;
0,19667822259303;
0,114120816051854;
0,118650470372073;
0,134260176874525;
0,1800803119813;
0,158835380428952;
0,021397002087203;
-0,0407462725548234;
0,00555342841700064;
0,012775994025376;
-0,146987408696009;
-0,450915715155547;
-0,475110980299789;
-0,1098282274108;
0,205925917362939;
0,253042498195338;
0,0704686182952345;
-0,067515382410879;
-0,00499572912401385;
0,0273936627201475;
0,469427536216251;
1,65579825665851;
2,28285125798311;
1,9324141625223;
1,63402266935143;
1,24013248704735;
0,596387037233342;
0,327694909393504;
0,406617020949772;
0,544597760299681;
0,744953410759766;
0,949471843792385;
0,999246921867171;
0,834662465571053;
0,558833583362856;
0,2681421879914;
0,0160245058884865;
-0,0558952557271741;
0,0104104135339312;
0,0166644469794669;
0,0481296621436109;
0,199211546345768;
0,294943133145417;
0,327864546773361;
0,436314057106871;
0,399176282163645;
0,07361347462582;
-0,102931511236749;
0,00589450780029717;
0,0358683943755905;
0,134901233635653;
0,518539952756769;
0,716198749957207;
0,599351587928687;
0,611683835784685;
0,550688222071871;
0,106640193781002;
-0,144182797443473;
0,00724647598648711;
0,0506279287952264;
0,220888781714246;
0,846843386279149;
1,19581518662534;
1,01584595737928;
0,941440069247541;
0,757055265836654;
0,122583278675278;
-0,1917514210636;
0,0163625322577701;
0,0645320494352824;
0,312589593228334;
1,13456072533958;
1,37874649190311;
0,707772125571399;
0,236125204746009;
0,168309535070024;
0,0452929185858494;
-0,047044819739668;
-0,00142315172058742;
0,0181145303711645;
0,050719272077181;
0,322657659508723;
0,669132017533401;
0,645023377014718;
0,265219744492247;
-0,0683166586374652;
-0,0901774098890464;
0,0339480192132392;
0,022285530236431;
-0,0221062070313274;
0,0950517231549531;
0,406455890956632;
0,728004650524712;
0,815115282331053;
0,725694385297412;
0,600387901510725;
0,434229119113547;
0,30684699363411;
0,32356495197696;
0,369360256459288;
0,364120945295442;
0,420810189304857;
0,493395286213292;
0,425826138119879;
0,324013269874735;
0,239830053427974;
0,0523265889810804;
-0,0621169688329057;
0,000283984918475639;
0,0230903629995155;
0,126727294142307;
0,461941603961723;
0,608940600888138;
0,425491200389326;
0,295344635089094;
0,214308679472254;
0,0299456785577601;
-0,0536610336845222;
0,00627963745531437;
0,0173228088594519;
0,0663961159015802;
0,275010897340994;
0,426025161106668;
0,422821643800108;
0,433141517823846;
0,353011841722133;
0,0622565805549075;
-0,0893648615730669;
0,00545240908206947;
0,0310407163007896;
0,0728954925702228;
0,298795579779828;
0,427489910720539;
0,377032121592337;
0,374254138707017;
0,304604079565508;
0,047958648109635;
-0,076729352931801;
0,00691458740541719;
0,0256721279037849;
0,0994115771587946;
0,383272305370276;
0,52254125723361;
0,422817111636695;
0,402883913900749;
0,449929293801791;
0,431180624723366;
0,413230414992855;
0,424789951529968;
0,431997239246899;
0,431028398194926;
0,432162272513785;
0,433408093386917;
0,432845455073216;
0,430056228258721;
0,420291977547484;
0,424549008681089;
0,45484449220637;
0,467112904639624;
0,446652506799162;
0,320690535973031;
0,051786893463173;
-0,0783213010176292;
0,00531319700392664;
0,0270524587903326;
0,0910373774338009;
0,356533720656334;
0,500470553431769;
0,425979996422538;
0,407403425782842;
0,438588473488632;
0,40818460693988;
0,355810127926434;
0,304324503359531;
0,279110502176407;
0,221748042359025;
0,0467844025407672;
-0,05677631060601;
0,000556730276115056;
0,0209923126352635;
0,0828464675353697;
0,330841224542734;
0,509970739635501;
0,495381916276495;
0,476071815284917;
0,440524192863896;
0,33111995505596;
0,296177146977373;
0,345143274106839;
0,344157935832314;
0,3313409187962;
0,388429126237994;
0,458208514131127;
0,477886598300942;
0,468866779838041;
0,345065930872796;
0,0562959668463866;
-0,0847407186500713;
0,00574460888114389;
0,0292572092187997;
0,0930020033419188;
0,358083512575299;
0,45019912845071;
0,234475802003983;
0,139330384934554;
0,329718500792504;
0,494503259903436;
0,477721319306343;
0,403704871047978;
0,303899130808104;
0,191291341402477;
0,124792886545131;
0,0859189368597979;
0,0965175939237131;
0,217972841262337;
0,274702408390437;
0,0769898479852475;
-0,077126393886476;
-0,00341782712734372;
0,030169506698634;
0,170272340274096;
0,705974336470383;
1,00501018574987;
0,411037277020323;
-0,481231851653675;
-0,655785701373617;
-0,116574019313343;
0,171957335136429;
-0,013172408100191;
-0,0583629339889113;
0,529611963946606;
1,59654708018669;
1,62473808198773;
0,422913369258859;
-0,186946368235312;
-0,0222136870150673;
0,213905871547358;
0,712586741841348;
1,28333910412189;
1,36548401020831;
1,02019876763219;
0,658659278199423;
0,43728297833414;
0,332955644861835;
0,362228690185093;
0,345047043523254;
0,0834763104917048;
-0,0922235275495141;
-0,00139926420565943;
0,0350069159160496;
0,115385028878148;
0,415556683328931;
0,516808720206583;
0,355454811796804;
0,350836439365759;
0,343881676529794;
0,070155707287496;
-0,0919321077796391;
0,00411658134693755;
0,032449942398654;
0,139843499581166;
0,532361542422777;
0,754893413339504;
0,678779548806664;
0,712292382859327;
0,847539860322141;
0,910128972847219;
0,95532179188669;
1,01490148703943;
1,03476300857748;
0,972635081548575;
0,909672047117349;
0,955139841417365;
1,04284390000401;
1,03579730577643;
0,713359487359933;
0,0953382342138661;
-0,169288530021961;
0,0173475997136219;
0,0560226927738839;
0,328225409025269;
1,288971631302;
1,86769180386159;
1,45521245874638;
0,845182841351399;
0,332629906747686;
-0,153250900976689;
-0,255964855528048;
0,0266285157204174;
0,293425664019191;
0,425819842193828;
0,492886255439043;
0,430982053795708;
0,281593838335881;
0,272614014294488;
0,360475748644349;
0,301225351050351;
0,0950159678139802;
-0,0142213160488364;
0,201778313344827;
0,489428156444398;
0,379263236972673;
0,0490414347333166;
-0,0278579862328901;
0,224648097302362;
0,39811544934782;
0,129570418281572;
-0,117819073920191;
-0,00905397986556305;
0,0476264270769735;
0,0917257657157848;
0,396471862120317;
0,666214317782643;
0,701692367309364;
0,6473660767996;
0,421697525094555;
0,0395405505584698;
-0,097179724206705;
0,0156779775797198;
0,0297131613337849;
0,042330688306389;
0,226913880969782;
0,423473716052395;
0,571872978551662;
0,675961585731026;
0,492163852166226;
0,0529639416221155;
-0,116360232851326;
0,0171208724757863;
0,0362146542390859;
0,0862969233600161;
0,345285006436654;
0,423721021812019;
0,292402642836487;
0,348234610073431;
0,512815467133261;
0,550739100534861;
0,551409927508828;
0,561671874101794;
0,516290942735302;
0,46498265916306;
0,468973170266349;
0,491822239177234;
0,493622116890364;
0,490655827831886;
0,501409308772694;
0,509869112365356;
0,514150101557823;
0,51815295934505;
0,506080408379217;
0,484947618718004;
0,468251043827638;
0,44184940706901;
0,411769765758107;
0,419599875750443;
0,471781416161441;
0,520088551889547;
0,53227499600831;
0,523599128747089;
0,514082969345356;
0,503763115330823;
0,491358947006035;
0,477705896873231;
0,463941821906539;
0,462129475137748;
0,351026177787514;
0,0601987139236448;
-0,0871209913506483;
0,00513692514240088;
0,0303922432213444;
0,106850357804676;
0,410786781535762;
0,564742097847784;
0,465137801760344;
0,43867317246869;
0,359444024371376;
0,0573721889351538;
-0,0911850013266229;
0,00820112652680976;
0,0304967343254345;
0,105961613813453;
0,394492340076301;
0,48013076751115;
0,276350861713959;
0,186621633203916;
0,25370145759393;
0,332199435871792;
0,42941301030391;
0,555197924775224;
0,661222435125747;
0,592536322379258;
0,370535629823912;
0,350397930209497;
0,565563454456978;
0,686408346990228;
0,498052285432964;
0,0711528270438939;
-0,119660090909286;
0,0110223454517611;
0,0401028245862283;
0,0953098649055672;
0,381078356104841;
0,505703841802526;
0,398221402807282;
0,402055017538828;
0,354814288772408;
0,0612547277143928;
-0,0915916059833712;
0,00705887195905165;
0,0311090143258993;
0,0887065475972263;
0,318230763306045;
0,375773693210321;
0,286851551585685;
0,364247189666577;
0,344648712289235;
0,0517354703173087;
-0,0889011612220896;
0,0100932315596685;
0,0287585721269753;
0,0351585540394516;
0,144112150708117;
0,152865473340128;
0,0843574543842129;
0,116601934032306;
0,12966952567711;
0,0243790845406817;
-0,0344015328278721;
0,00227514079270532;
0,0118243424488344;
-0,150116937618353;
-0,505838651048605;
-0,644715275149537;
-0,344629122178859;
0,0135351588172792;
0,135407727174807;
0,0441233197805543;
-0,0397821611084284;
-0,00326985011205067;
0,0161830693506437;
0,494324567643134;
1,70820324132425;
2,30487609643188;
1,92158328109436;
1,5544890558474;
0,857741399141147;
-0,0637955564983349;
-0,180764459615863;
0,0829642406336361;
0,0319452996571373;
0,343304440865699;
1,36825630331444;
1,83863951549248;
1,24197337690056;
0,633065011637127;
0,316039844853913;
0,0159453713095394;
-0,0718416827451416;
0,0169522096592776;
0,0196187085980538;
0,148875260342915;
0,562651359094064;
0,759882407704088;
0,587078260741707;
0,488247222926602;
0,385047080683903;
0,0619566394231684;
-0,097777213644438;
0,00863137546743645;
0,032770795085707;
0,131700757521427;
0,519814896578303;
0,751909500485797;
0,671292391074404;
0,655649883601047;
0,538039038914286;
0,0911278978722279;
-0,136853246624125;
0,010270561790344;
0,0466640937017433;
0,200397281823589;
0,77232656477135;
1,08282167349337;
0,916696325210037;
0,917894583134097;
1,08439180048421;
0,974815268981311;
0,721607427693777;
0,693260480761526;
0,806361921167802;
0,851950138878693;
0,877346242977379;
0,847518870188943;
0,66571246214712;
0,494432909844411;
0,370034189248703;
0,0922209256754576;
-0,0952438420264399;
-0,00475088897436145;
0,0377232414167959;
0,0546668463362363;
0,0956105357687006;
-0,175949661829671;
-0,408736487714399;
-0,0408786462024588;
0,323010462325729;
0,108588866097252;
-0,107003182597202;
-0,00221940046024298;
0,0403004313994323;
0,107971852873151;
0,565665683973939;
1,15382936106752;
1,33646455562062;
1,02510938136235;
0,511893221798776;
0,264045441878162;
0,555646164389463;
0,934757694732015;
0,914437454125159;
0,702708296691541;
0,567964653836435;
0,455527710141611;
0,341982763197676;
0,326719369392024;
0,293201547682306;
0,0684718006659645;
-0,07776041062497;
-0,000500495352690931;
0,0292324671473309;
0,117430863965477;
0,450742246280236;
0,630867127067789;
0,46608207863726;
0,280859229262691;
0,151939382672791;
0,00952457204742358;
-0,0341175760937367;
0,00712293903679896;
0,00974249557621621;
0,0978088791019448;
0,351999170452671;
0,464527744253872;
0,380562598594338;
0,40090958111594;
0,370322597933039;
0,0728641933890029;
-0,0973681760245425;
0,00462354506903649;
0,0342976852925533;
0,121917559612132;
0,465940707165215;
0,622315620081958;
0,447544831973577;
0,346435811494222;
0,27824317981959;
0,0481069034287766;
-0,0715160725604707;
0,00532678434152847;
0,0243814316710955;
0,0976317887716164;
0,357506756355374;
0,451268694596072;
0,325373141719424;
0,322446601945302;
0,304136602503131;
0,0586086913104876;
-0,080437491122833;
0,00458934241749395;
0,0279788302039186;
0,100555442984757;
0,389218634522868;
0,541893059051479;
0,451899787066426;
0,426775866355625;
0,351745170053336;
0,0581081300156291;
-0,0896215614231462;
0,00742165946233958;
0,0302458041510559;
0,101830980268018;
0,40061746208594;
0,559533886536625;
0,466208291307722;
0,433266086492847;
0,351837664522045;
0,0574754959136748;
-0,0892060142987984;
0,00744341850998391;
0,0300935871034549;
0,0961312142681937;
0,383490716884228;
0,542195019825038;
0,461917570360098;
0,443800823273394;
0,36891257812594;
0,0630346884109652;
-0,0942511417564265;
0,00704960468557432;
0,032135914648025;
0,0797524326512635;
0,336437120103245;
0,500910466384493;
0,44692818830776;
0,400977204082445;
0,299189363462579;
0,0440007891350362;
-0,0737123380341427;
0,00714725135155279;
0,0244881035585727;
0,0849140840890738;
0,332663427369173;
0,457810765577232;
0,376103282284649;
0,364077758342798;
0,312032780084684;
0,055087352102183;
-0,0804880239306562;
0,00565923429741713;
0,0275808010037174;
0,0774890348386201;
0,320188548054678;
0,477001915505223;
0,441239893287264;
0,438562289862197;
0,4764876068561;
0,454366765518715;
0,407366649583916;
0,372678538993198;
0,369879171159018;
0,412592041669073;
0,401137458417444;
0,277424637850622;
0,269155855967176;
0,53646111849089;
0,751293846180668;
0,609373740551975;
0,357375655630228;
0,210240764666925;
0,0251961198078967;
-0,118933852024821;
0,0169756899061086;
0,301170972797445;
0,489667678347372;
0,634426989456414;
0,81330394922402;
0,763751965446329;
0,219577743687704;
-0,476156935186816;
-0,762982281306945;
-0,293086202908546;
0,577455500457802;
0,491875945435673;
-0,492474347871964;
-0,857927088176787;
-0,471801970534403;
-0,0371758031012;
0,0948362743581396;
-0,0125019213959549;
-0,0306912016235827;
0,179529037982247;
0,583328197209535;
1,08765399288887;
1,6900947311956;
2,06980471710239;
1,48112667723447;
0,177058313472793;
-0,343402284439522;
0,0401614725812666;
0,111691912810771;
-0,0795177627534391;
0,120428137416403;
0,760746822126359;
1,36508960489877;
1,4321600286888;
0,900280962457895;
0,0997496368444397;
-0,204243060798093;
0,0251409364180695;
0,0660190816018554;
0,076600637673668;
0,408676499283104;
0,654069646744799;
0,648110417517335;
0,676960385855936;
0,653537498383797;
0,439245678732878;
0,339898802526827;
0,447551206694784;
0,514428139930765;
0,544368842977587;
0,639532325510985;
0,736514582491288;
0,790911493966587;
0,822233560046334;
0,826855008513531;
0,803789485257466;
0,796204453920552;
0,816637577810944;
0,877209480416822;
1,00852435116218;
1,05062315671424;
0,907559547693642;
0,852760754307382;
1,01757298375005;
1,15161275640509;
1,0895872295121;
0,908721457530207;
0,689870623647497;
0,473130962059694;
0,370702614982951;
0,500118741104079;
0,837099856983157;
1,23696353027495;
1,49321679242962;
1,40621819508637;
0,988112281640465;
0,463818434738033;
0,00406986482351755;
-0,326637995224014;
-0,40584724892109;
-0,179134954539546;
0,111807104908369;
0,352761476653326;
0,689406443546727;
0,896186480563761;
0,673658543038007;
0,286814618020993;
0,142577710051435;
0,192890036834659;
0,196392636359856;
0,15774780183026;
0,192759648547707;
0,43009803302232;
0,75853540539053;
0,823668756454095;
0,677679120933788;
0,61170667430708;
0,596768396081159;
0,543083007124042;
0,527132519616788;
0,511290756246901;
0,330373392150456;
0,0770416636146391;
0,0467196453822219;
0,261297606654718;
0,447895085551965;
0,444892312031401;
0,347357471375054;
0,285701256890332;
0,285102409841104;
0,326275233998952;
0,387994895462602;
0,43701125496795;
0,465061594253202;
0,362826352210834;
0,0657412107397075;
-0,0906797605299368;
0,00418912034654489;
0,0321283700542085;
0,115512143178413;
0,432330776144023;
0,553839482197998;
0,360649107782767;
0,2473793613834;
0,191657395619304;
0,0286242737213442;
-0,0489864195494488;
0,00541381686870703;
0,0159252953300353;
0,12032352774753;
0,437259631773516;
0,578354509779056;
0,430380057233052;
0,350454164345854;
0,37582190770465;
0,379040216584128;
0,394912058624703;
0,424332047414842;
0,43409475937194;
0,432735622584684;
0,426679789242219;
0,409201769965693;
0,388755497179946;
0,383149300661755;
0,397451728426994;
0,429421546686952;
0,468712780315338;
0,488242594354228;
0,478371046373108;
0,463677909637984;
0,461455363920458;
0,46025510056075;
0,450230200716488;
0,439053869247729;
0,435060764441981;
0,438990394933947;
0,444916000341827;
0,442854116795525;
0,430676103497207;
0,41700926213134;
0,407946114257231;
0,408070651566395;
0,420792239925773;
0,432645753634827;
0,430419640708633;
0,421676419803886;
0,415139876772707;
0,41552839029785;
0,422897110306454;
0,420949008401866;
0,415258508695513;
0,434459008748153;
0,46247017238318;
0,467000184902418;
0,43914836473975;
0,36759172155372;
0,282895439940561;
0,250253049698186;
0,278237776644575;
0,340946363453165;
0,427697734762764;
0,503775350449477;
0,510644200591418;
0,449932608457494;
0,394419844211147;
0,381118596463607;
0,375280930037198;
0,344764233852977;
0,289614582220175;
0,23787970026921;
0,234231103302071;
0,289693407554934;
0,370817302721851;
0,429012246369431;
0,328944412396726;
0,0507104341465912;
-0,0805959207635856;
0,00661556586499352;
0,0273206855397364;
0,119565887227856;
0,455607909031885;
0,625430852804629;
0,511033868599479;
0,454452702217999;
0,339337167748221;
0,0377069441893862;
-0,0834688128281394;
0,0131735358339373;
0,0254789687276512;
0,166605530677185;
0,563000711434707;
0,6137666736738;
0,298769509070393;
0,200018961027596;
0,234132236607433;
0,198225995355546;
0,210907446149642;
0,252878636793962;
0,301613543316731;
0,497059729936359;
0,728939835434565;
0,587547356208424;
0,151811184390626;
-0,0865246588395926;
-0,0663890947375017;
-0,0053301945922095;
0,0123495133934873;
-0,00114290997945346;
-0,00424905562513997;
0,130309235154342;
0,43795895252698;
0,897534464855565;
1,61785329176491;
2,10873916648671;
1,48963295722618;
0,159793090848203;
-0,339215838908507;
0,044548253805305;
0,108365880730951;
-0,0829925825411551;
0,0761066923938324;
0,622592507239183;
1,22394399556766;
1,45627416677685;
1,02684163792875;
0,131274522187662;
-0,243104114735807;
0,0271513069608561;
0,0794749395784905;
0,0599332631774855;
0,386713057170034;
0,670448647238854;
0,689990230862117;
0,649528621051006;
0,456493688947132;
0,0568837733617166;
-0,109412799098909;
0,0134653295241259;
0,0351737684981034;
0,105674355506223;
0,445156869242527;
0,670250717030565;
0,635326390322703;
0,63522275855147;
0,670773710801977;
0,631797936125143;
0,591118408984583;
0,582056975367339;
0,593671441439814;
0,639637206283216;
0,702364302753342;
0,746615905795667;
0,765478366391906;
0,773667420402694;
0,797900445787968;
0,849758493358756;
0,86829182845274;
0,816354127118974;
0,839236163696358;
0,958322760480352;
0,931622790368079;
0,803358348550554;
0,827070469072258;
0,919950714948816;
0,896627934705348;
0,765016852333462;
0,584878116434818;
0,498987159336158;
0,682701315285597;
1,02562636464537;
1,22450761063379;
1,12737315232108;
0,820976185333297;
0,498196046570101;
0,226684536775886;
0,0668353359945899;
0,168135216688061;
0,408018586737562;
0,521691511828542;
0,526768038941876;
0,574540227408083;
0,57924208571709;
0,397381428651401;
0,310732941845657;
0,453531707674594;
0,427281071179463;
0,183788220279434;
0,0746072830347169;
0,167998740875115;
0,318085658205537;
0,500588396540716;
0,706292442712503;
0,787588482624641;
0,620414995137072;
0,25937699439418;
-0,0270008472003341;
-0,045710709432717;
0,0231724735610042;
0,0074241675060349;
-0,0197657523214845;
-0,0198258190622606;
0,0878594354845089;
0,411668113780391;
0,683460197430306;
0,493621233570785;
0,0322772028661477;
-0,112230213199444;
0,0233802097057741;
0,0320241285555007;
0,0911121863087243;
0,387875426467451;
0,530820761809381;
0,403234383918231;
0,327450757189772;
0,254676572378686;
0,0401756866442878;
-0,0643341671877688;
0,00585311690753851;
0,021494882100334;
0,0908467006270363;
0,356338717383228;
0,511765195786949;
0,443828004604243;
0,405410451351589;
0,417069723006765;
0,401812460469278;
0,419217949396985;
0,465976880119623;
0,475705415795273;
0,439727799188225;
0,39584849712189;
0,369190183958082;
0,361172426839118;
0,368365567161796;
0,387992012258973;
0,415886749150438;
0,441031100265334;
0,44624776093961;
0,43066850068607;
0,412100163240846;
0,405276017196212;
0,411792731682142;
0,424484111072228;
0,434850109904469;
0,43951784519415;
0,441913909796956;
0,439813156231959;
0,428007046253109;
0,417351447068927;
0,422264951220197;
0,438763674232632;
0,456715166106717;
0,469256851700474;
0,461576963523136;
0,430479506714001;
0,403746851877311;
0,401066213863976;
0,409382911618528;
0,415654382612967;
0,422680729159542;
0,431427987708323;
0,438272948684124;
0,447298037873195;
0,455848557409472;
0,450547085336016;
0,445415569647697;
0,461893431912635;
0,481581330065994;
0,481683073622812;
0,46919358661868;
0,449738159617235;
0,416458152163014;
0,376254195796232;
0,339433141477239;
0,300422034689029;
0,261810544842796;
0,240731627224905;
0,238764042706691;
0,242857082480967;
0,251810048447244;
0,260519598152072;
0,250873848055078;
0,236190766912469;
0,240137300890925;
0,294822767920354;
0,415013457938209;
0,48784781926091;
0,45082078493627;
0,409664159867625;
0,306017392286285;
0,0533002340830898;
-0,0760200216533043;
0,00417255526241264;
0,0266550367017591;
0,0859573659794268;
0,335956368894364;
0,477850666222205;
0,445038585564357;
0,48817390301503;
0,410571696295159;
0,0619304238780144;
-0,104070398620621;
0,0108381489217814;
0,0341528157994993;
0,0169032052180681;
0,125423501017896;
0,213404867888755;
0,223901524408991;
0,268523633247321;
0,254978718186872;
0,0586433010180392;
-0,0673666039915719;
-0,000202848217452227;
0,0252299975032669;
-0,147834860358994;
-0,412749144915326;
-0,327107950458451;
0,14713255238984;
0,487597797833533;
0,422190786133415;
0,0733667525626361;
-0,104720119402578;
0,00573537611476133;
0,0367285531631283;
0,48232242158721;
1,70595857808065;
2,25514569025657;
1,44173469934108;
0,420666865711919;
-0,0665670792269274;
-0,0632959496752995;
0,0416687611062829;
0,00639205688033796;
-0,0177017109899214;
0,304815695205326;
1,00223867113754;
1,24029853502766;
0,863980055726343;
0,707582532619227;
0,586183772321343;
0,0909734315966134;
-0,151024832761607;
0,0158057120417414;
0,0494550681823715;
0,114749736992736;
0,479834609754284;
0,669797786037661;
0,548237625767818;
0,509058006152185;
0,533926919958799;
0,468595193073953;
0,416700086417112;
0,422035818641328;
0,433420092733966;
0,454193634207586;
0,501817160592893;
0,555295708949911;
0,591910073959797;
0,604546113474581;
0,604923069748164;
0,631139168676204;
0,70898875869206;
0,815132956714575;
0,901438504145366;
0,935350345021341;
0,903081688107992;
0,83817413272225;
0,9096102973359;
1,09850922869897;
1,00260349885632;
0,670472357058631;
0,607831568765272;
0,780837781209847;
0,893708805935257;
0,911595368104021;
0,82830457453992;
0,670591916924277;
0,551124814364438;
0,551230336085267;
0,682054670242909;
0,857173678173218;
0,941344269773229;
0,884494994653184;
0,750654580099474;
0,575566891714132;
0,326188221308311;
0,0680051317707917;
0,0178260173217712;
0,158360061265793;
0,159480294695468;
0,0904182768718052;
0,232829451801822;
0,521669500784136;
0,82243922899862;
0,91645189916276;
0,65025248524437;
0,236146691183386;
0,0124055264486863;
0,156784951657417;
0,328386399127245;
0,114713245461378;
-0,100145210592582;
-0,00906393410182703;
0,0410139841855024;
0,0726450813209819;
0,258527065399653;
0,305571069461084;
0,203124592118447;
0,229272143841166;
0,323221376966074;
0,413579926532114;
0,499215687805944;
0,457597437557034;
0,330566242758912;
0,284119266080638;
0,325078299002671;
0,386951070131672;
0,461304002779262;
0,513879907525144;
0,516006683505614;
0,525441018573871;
0,553397130456372;
0,537739675634007;
0,47585388878381;
0,414411693773535;
0,38159843677841;
0,365394611612194;
0,322077109634906;
0,237541795190069;
0,121658021954524;
0,00713767728665584;
-0,0257615413833002;
0,00501101539757479;
0,00757149184563836;
0,142057329788352;
0,498951785004606;
0,651060885098715;
0,48224228601862;
0,397354480840701;
0,323471139920409;
0,0549281025077133;
-0,0830168839344256;
0,00654221614086047;
0,0281467138106338;
0,0830950799888845;
0,330244167337603;
0,460035106393061;
0,389114464512379;
0,384305255800344;
0,323189467878381;
0,053653109531586;
-0,0825722048491641;
0,00683916223437753;
0,0278595231938889;
0,102037980275099;
0,40177248911602;
0,566739189077742;
0,471696111204308;
0,42197613035691;
0,333021830134724;
0,052623534138658;
-0,0839804908216274;
0,00753280871136724;
0,0281110813708993;
0,0877073882906422;
0,333468572746004;
0,429854391429982;
0,327513118687181;
0,335532901525059;
0,396493625693596;
0,348911672180173;
0,26169267757869;
0,216100046402729;
0,255492802605351;
0,411183201927381;
0,605883963487587;
0,678941306287974;
0,599716565759018;
0,489229957776869;
0,406224329696494;
0,327122944596043;
0,274669672749702;
0,268216018130746;
0,266842277126542;
0,262772422741755;
0,300720267660511;
0,377002518246983;
0,432826890430679;
0,445372687088861;
0,430315367565562;
0,397955416321891;
0,366328479118601;
0,355001212987236;
0,35697422443616;
0,352435860448184;
0,349372614314634;
0,392570795022171;
0,481712046160284;
0,524863030357044;
0,487084089879759;
0,455188124389318;
0,468679554046179;
0,477365746864524;
0,462999754655257;
0,435584815665475;
0,376315281938443;
0,351236264288742;
0,460296828161208;
0,599872794048702;
0,628722096623913;
0,573559469483126;
0,480655431716248;
0,358246898225799;
0,22233406606076;
0,118790522869186;
0,121764512783691;
0,203676254223258;
0,284835384291327;
0,401733629188377;
0,608176723846237;
0,837423874678196;
0,811578285863004;
0,29878371423381;
-0,34011505643349;
-0,570476544614008;
-0,447152053459278;
-0,225493543764093;
0,0860563608414708;
0,430981852159846;
0,658917447285444;
0,746332951047224;
0,860352316003815;
1,31612056090594;
1,93487961947947;
2,08431997267292;
1,83153313108999;
1,42410465668594;
0,761856957098448;
0,247226169513382;
0,0949644957616125;
0,021114150128416;
0,164198326355402;
0,575708529717196;
0,902345060728802;
0,761872897022123;
0,137768131277287;
-0,190829219857417;
0,00915420686356994;
0,0674491492057222;
0,233229257639387;
0,870576257190436;
1,11562168802028;
0,755320775706521;
0,563642813843147;
0,584345199857662;
0,56446229554359;
0,544832373392406;
0,501223503722814;
0,431137897226032;
0,390293118654281;
0,38341209215036;
0,390461231836945;
0,421639449166026;
0,489216885123756;
0,571097355219614;
0,644820835509786;
0,703205971372208;
0,738079511655727;
0,755661545284221;
0,777728076007284;
0,803878455749626;
0,819336149160106;
0,834349431744714;
0,860924623829386;
0,656462226966527;
0,110118616027142;
-0,162355545864432;
0,0103145852006349;
0,0563260961855334;
0,216905158579093;
0,846676525248764;
1,18074279914894;
0,922755327661275;
0,754043541732006;
0,599538842857767;
0,106603144158382;
-0,153398264146263;
0,0098314889221631;
0,0530248048658387;
0,128436545504688;
0,457953019678266;
0,513023682531284;
0,36728051411405;
0,581874502757848;
0,671447403871558;
0,151155267354531;
-0,183177813662515;
0,00418168989248111;
0,06633856470876;
0,201837674405122;
0,720164812941744;
0,876262540035457;
0,533403204190767;
0,2947864111957;
0,279422348101404;
0,363248785153701;
0,344324547206864;
0,211347567436359;
0,19064867990804;
0,281970757300601;
0,407570955940981;
0,571450114471282;
0,748968516563893;
0,865506297875586;
0,660692978045106;
0,100561645990928;
-0,161876427286342;
0,0138308451331542;
0,0546323134479799;
0,172276801532193;
0,638847221791779;
0,765685186066999;
0,450006160436691;
0,34134546866533;
0,304673617631585;
0,0465569546905244;
-0,0799930940334765;
0,00938585236124334;
0,0257011288166156;
0,0658405880582131;
0,258936610162207;
0,326582864024508;
0,224466235985301;
0,198141020666884;
0,168030588239883;
0,0238415272471225;
-0,0429910662263614;
0,00530048045266763;
0,0137312107276531;
0,0689559365372368;
0,269160042185174;
0,396127314900887;
0,376635962335472;
0,382903150802422;
0,421569389583672;
0,436013128373246;
0,436370635920582;
0,437194331647842;
0,466929474958081;
0,378094439416778;
0,0698979336741254;
-0,0955470731917447;
0,00438592744690377;
0,0338337224489151;
0,0833246626633169;
0,33277395858234;
0,460855004835044;
0,383844744958282;
0,382170181316967;
0,432839691247527;
0,415391638016308;
0,398132885778452;
0,411473088377604;
0,41764830592504;
0,309726513198201;
0,0519198625735752;
-0,0758885626318419;
0,00447008135581149;
0,0265055559720935;
-0,0129131871045732;
-0,00397733855340538;
0,00625030651900539;
-0,00120336357686129;
-0,00171775494826703;
0,104377654782254;
0,353180631394071;
0,474045863910409;
0,397471367202017;
0,376624234692624;
0,410137368015809;
0,40209285571506;
0,396707119342688;
0,40427045507737;
0,402566383399885;
0,397464129711579;
0,395151115473838;
0,387396655045956;
0,397197158951801;
0,446360045604697;
0,477966076984277;
0,439594205510435;
0,373087591456145;
0,336327069659735;
0,329157339964187;
0,327423706472057;
0,316723305741739;
0,291621494670117;
0,265685293607901;
0,265455008762661;
0,295550824802535;
0,330433412479166;
0,340834543073451;
0,332285578392294;
0,351318028386014;
0,408680570488648;
0,457735303174258;
0,474859935020364;
0,469892925519073;
0,458980601170769;
0,453457782472971;
0,444168815024594;
0,442109190011658;
0,484346813598734;
0,53813316236597;
0,529985218087904;
0,456009716806403;
0,331658779252788;
0,230944137435114;
0,294244391268284;
0,331303600602546;
0,0872512938924765;
-0,0922741578046382;
-0,0021885596217648;
0,0352713632688866;
0,039529217690427;
0,181355840057398;
0,279446942546038;
0,291445705194327;
0,409820544286002;
0,643436162444702;
0,853008490002154;
0,773173105362487;
0,198892641711602;
-0,469343612781823;
-0,633724743265746;
-0,330879041601786;
0,0448071690925203;
0,358421174824649;
0,643829440928468;
0,608010414041909;
0,113936126365678;
-0,158010429938961;
0,00892393495511434;
0,0550812069583224;
0,473383730471029;
1,6864188763086;
2,0413900292298;
0,922417106926408;
0,101316026815208;
0,100379266668623;
0,0708531120005691;
-0,0430737894294673;
-0,0106720635000503;
0,0203394796523869;
0,219585797833875;
0,701445345859748;
0,788867761393328;
0,419883345595897;
0,298402960785182;
0,40056101840343;
0,455675998891091;
0,52280048840393;
0,587704156294064;
0,597293605124156;
0,568695319869857;
0,51761768350621;
0,459721939194516;
0,422003566702848;
0,415355464046482;
0,442077992630954;
0,493944968295912;
0,540986656400753;
0,568324710359748;
0,588430831019053;
0,603276019277971;
0,59999222655843;
0,585069838802651;
0,586909767656374;
0,610956083063367;
0,631685647786368;
0,633450498793426;
0,620782097361724;
0,597894225737261;
0,576566427716645;
0,58480216606258;
0,628375462278306;
0,673398052613296;
0,697047397317241;
0,722451731731342;
0,767819668246434;
0,851068359461802;
1,00716196289887;
1,13046539385191;
1,02368711920296;
0,748520777758877;
0,607285411378347;
0,722504950612547;
0,941141128645933;
1,09950429319298;
0,854720977656925;
0,134901820118996;
-0,211162810296471;
0,0168734618505764;
0,0717310929035974;
0,11080095077783;
0,562073287627019;
0,974674573562082;
1,03664108317888;
0,958093049097802;
0,633667577117465;
0,063894198405056;
-0,148025557776955;
0,0228228718360666;
0,045663909831064;
0,0194547915201468;
0,240688267650802;
0,542228563928766;
0,564223503732381;
0,336694375367639;
0,193748233280234;
0,078347539045878;
-0,0471552937614916;
-0,0167335208568264;
0,0251380086127808;
0,105002917498995;
0,386399861782027;
0,587734922698578;
0,546025342230854;
0,485851885518241;
0,513750458936723;
0,577248737500636;
0,593513745945775;
0,538145708474207;
0,457115125724742;
0,360794646194746;
0,283530984553181;
0,248244683135468;
0,1906453984376;
0,117315504615432;
0,134381006281866;
0,221286704620279;
0,258266354511336;
0,265432068736974;
0,31626435603269;
0,272534275732619;
0,0492748274355438;
-0,0696518704998011;
0,00407947166926801;
0,0242493839132844;
-0,0117971875863005;
-0,0036479243010964;
0,00571645737193373;
-0,00109697456912091;
-0,00157254145080593;
0,0010486035657766;
0,000119737781598128;
-0,000422875165193862;
0,000134563353838433;
9,39469406941988E-5;
0,0725645717452365;
0,260386573518344;
0,400264886242189;
0,441332892372128;
0,498736266126746;
0,399287464710668;
0,0597285036714103;
-0,099214660571871;
0,00959923262173345;
0,0329438430965456;
-0,0174798420657195;
-0,00434562341368272;
0,00802659361062785;
-0,00181628063121837;
-0,00209243585627262;
0,113471293714092;
0,379800307668786;
0,500012064794476;
0,403705066153994;
0,376397564275223;
0,312057555271531;
0,051709986404823;
-0,0796658892495079;
0,00660779917789147;
0,0268766215088964;
0,109203898393262;
0,422197247850518;
0,590730680367107;
0,497425472234969;
0,465323378246795;
0,501081791573654;
0,487739220491113;
0,488344373573694;
0,506820600067709;
0,499395515960731;
0,470685887229282;
0,436284161766938;
0,42060621728976;
0,416097818132801;
0,39398955513478;
0,2797879571095;
0,0461304767435507;
-0,0679174876553585;
0,00399619978843693;
0,0237429298507421;
0,112864251084509;
0,418416847842;
0,560621762576468;
0,439151482181571;
0,388602674492238;
0,308509092568833;
0,0449369044151216;
-0,0776751672742661;
0,00851524068708422;
0,0253172140229468;
0,0562942098673226;
0,256597889553051;
0,403205768483893;
0,387060664011999;
0,374513116792695;
0,382962397318242;
0,360795766959149;
0,361293659259272;
0,388807586545189;
0,414531032813821;
0,441318957190651;
0,436477347146072;
0,380484682095361;
0,344404690543219;
0,403704741060361;
0,523692296904315;
0,581379333842186;
0,54735495640066;
0,516150076373812;
0,50472989681851;
0,462435102611707;
0,394693146345081;
0,353501967805347;
0,398165510485782;
0,486703105656923;
0,533706822731897;
0,551113019987251;
0,467502120740982;
0,210293920029498;
0,0149890237775149;
0,0630316997118135;
0,205200493094085;
0,345213391448493;
0,503918182100837;
0,65503332275303;
0,785533072497583;
0,719481078168011;
0,265910258708465;
-0,241956716785506;
-0,415206342242094;
-0,358015610602034;
-0,180800391063583;
0,129162113897569;
0,436299673898478;
0,587416168510006;
0,632897387963177;
0,904318711358332;
1,5307887006176;
2,01193151912027;
2,01328067997972;
1,83596834950993;
1,4988088399246;
0,811015425900617;
0,240595770255518;
0,118198679294748;
0,11262420166705;
0,172436135723074;
0,500437537976925;
0,944648173065455;
1,19638482443495;
1,14039896591824;
0,931681238096883;
0,7710436367513;
0,682728001945724;
0,63538580652206;
0,619216003013085;
0,593022786440402;
0,546340547420404;
0,516247707678643;
0,512067052575633;
0,511014875050658;
0,500056979249782;
0,481877206904155;
0,455982953266021;
0,422025128845698;
0,402011973353456;
0,428874682323166;
0,497423862947537;
0,564649485594452;
0,610535560575315;
0,642205923807236;
0,656642750744667;
0,652659503908039;
0,646490683075363;
0,653710187428587;
0,674244472048306;
0,700214085448693;
0,726477330743498;
0,74383660863156;
0,741427166476956;
0,761083558952753;
0,869518968224958;
0,980611567484535;
0,962866864961243;
0,908182913377143;
0,947204486543914;
1,03110212887692;
1,06810103558396;
1,03655536172667;
0,9570327330659;
0,653393613551143;
0,089356026414916;
-0,155866817191938;
0,0154991739072398;
0,0517653561806917;
0,23003260620665;
0,87170130432519;
1,15215728243998;
0,777060129002449;
0,408648409015938;
0,126489283638807;
-0,204930449865171;
-0,343605133851028;
-0,14412278476619;
0,393884924661976;
0,889132364028827;
0,833894812925019;
0,541860780308474;
0,300786807263542;
0,0413908492756066;
0,216586126247216;
0,778331593501875;
0,952673352853958;
0,545741162471068;
0,109193740249474;
0,185453364191243;
0,599170366483532;
0,832930556087073;
0,840810084010463;
0,76402075021353;
0,557081771860483;
0,309170274428313;
0,205980048055471;
0,250665390071846;
0,340247823094302;
0,384452944603273;
0,369803871342626;
0,342355737596815;
0,318938824246972;
0,303145561221044;
0,303988486303915;
0,317785524790186;
0,341372632105813;
0,37486197366685;
0,412517219988615;
0,43698694338697;
0,439765667131157;
0,435803892494639;
0,429723396414021;
0,392125952862156;
0,311802205937702;
0,251865954402334;
0,280104376116534;
0,373016773675028;
0,452936442229948;
0,477848375187293;
0,457459266669831;
0,427579264454798;
0,424284271415098;
0,452184267391695;
0,488625904455693;
0,517965019724207;
0,541136786703931;
0,556254570421943;
0,550513882762862;
0,521385777232127;
0,484649969500302;
0,450313207863065;
0,4188975577788;
0,400689634477721;
0,399882262307664;
0,397643734879678;
0,382832460777284;
0,369179028089629;
0,361166034598745;
0,346886238746459;
0,338876090491363;
0,36135868413061;
0,398901735773904;
0,42076237417327;
0,433978217261246;
0,455034229753591;
0,470291613876148;
0,475992881416166;
0,487677959665445;
0,495592986841618;
0,49236070434255;
0,495389383459064;
0,500878436931668;
0,494669954830343;
0,487268725934997;
0,476961826658659;
0,445720876722162;
0,399865399733758;
0,352684403210996;
0,326893411685681;
0,356375161780559;
0,413327537577168;
0,424949919720589;
0,385879233800256;
0,262876843780531;
0,0400755082248526;
-0,063042656709961;
0,00468820606300484;
0,0216282132229693;
0,080885717224575;
0,310710119932224;
0,424515065788231;
0,356479357193458;
0,380617653974586;
0,443623275697905;
0,386083991476304;
0,325423994470965;
0,326433730611737;
0,333396164986431;
0,383550229231213;
0,486151850449232;
0,546590404833522;
0,536624142173419;
0,522963795638108;
0,395128276915674;
0,0672138988944667;
-0,0982055562892525;
0,00609364475555123;
0,0341203762938823;
0,123642373477464;
0,481496617512058;
0,67132961699605;
0,549852548186917;
0,489525062785454;
0,579905977027695;
0,682505747833338;
0,613159831565836;
0,395291289748497;
0,24012035962111;
0,128170789935868;
0,0538377191852796;
0,113308770700225;
0,226921869561808;
0,308027132121223;
0,429041294050704;
0,650258259483794;
0,832346079710091;
0,643772003831396;
0,0856042971485991;
-0,343564360724107;
-0,412026278696796;
-0,314668756380662;
-0,152642632141543;
0,0804426872153016;
0,198702012831128;
0,0609842054580864;
-0,0589496594923019;
-0,00288058986211413;
0,0230937538653301;
0,491250332744587;
1,70704106278825;
2,27201830112458;
1,63029902213517;
0,992850260057966;
0,59666243832381;
0,079858289840537;
-0,139527652074907;
0,01326737632736;
0,0466966882762644;
0,0872687205701381;
0,243656025004692;
0,0289624001124941;
-0,247798855425404;
0,0830308146793771;
0,417747413413149;
0,129853755623788;
-0,130694431924416;
-0,00284653479927752;
0,0494579463732662;
0,129703521618705;
0,466590563402309;
0,570288469847238;
0,39668577632446;
0,413179017218211;
0,391398272627935;
0,0686661810056686;
-0,102470836650473;
0,00815317257766206;
0,0346488139189193;
0,119290242192781;
0,464350571683234;
0,647890999332017;
0,554942678320249;
0,527373934627245;
0,41129989411424;
0,0560538962703466;
-0,102141575317159;
0,0121624016571801;
0,0329056830314107;
0,174835917586356;
0,659376884025412;
0,897745110997317;
0,725612576250065;
0,683402947765857;
0,586365287575366;
0,10727317848015;
-0,15176310248241;
0,00934663030325008;
0,0525772738164798;
0,252282378279991;
0,928659493218069;
1,2614871078007;
1,06889969081964;
1,00991953487825;
0,945991492671936;
0,753299583744158;
0,836792561454495;
1,08400892675092;
1,09948412757865;
0,893386147249715;
0,57528697926949;
0,220674238357132;
0,0584104318890821;
0,0883801973645621;
0,00307901478896012;
-0,196349960970349;
-0,142956737380504;
0,191760543302879;
0,469127480433072;
0,711675209576;
1,0144129393295;
1,05180328669979;
0,677583765252947;
0,189967054663728;
-0,0657372064882454;
0,0173850120166166;
0,283804558132836;
0,528561829192172;
0,701259757239564;
0,60428773178582;
0,170867213471406;
0,100563995563475;
0,531878350512072;
0,76799319902609;
0,632971180497568;
0,335980757600328;
0,279974196853617;
0,527404598386651;
0,601053388320087;
0,37164743366797;
0,044523596748793;
-0,0832068204204149;
0,00832814875243436;
0,0277816588038148;
0,129983654152015;
0,523633163431354;
0,761154356044684;
0,600273923434516;
0,430353604577475;
0,409550851777155;
0,391121179072835;
0,354002966489723;
0,342394630548481;
0,349543061990422;
0,347996133381421;
0,347374278267436;
0,37630381629185;
0,422475484797581;
0,439027121613021;
0,312681907753524;
0,0429921067957662;
-0,0749572095449602;
0,00753169782589549;
0,0248480421827076;
0,0944621368121428;
0,357839364927775;
0,469150725141837;
0,355139261307399;
0,335244439260341;
0,393694060531586;
0,39362915808617;
0,393467219941177;
0,419684393240018;
0,441505300024261;
0,454570510290712;
0,453143750336653;
0,432174032847246;
0,409238144461488;
0,398832556852982;
0,401564773978363;
0,421976413670263;
0,452892259014675;
0,469250131722576;
0,464075646194711;
0,448809878262442;
0,437509829124361;
0,439597757811986;
0,441462093609232;
0,429854449945745;
0,42701052426225;
0,458078570591779;
0,500599095877739;
0,509417594367059;
0,480738888407238;
0,442191506959004;
0,408816466603054;
0,381834119615554;
0,356247226743642;
0,338675343331077;
0,358746231044806;
0,442620730150486;
0,563990699075138;
0,615915451570885;
0,532223587424888;
0,40655916229699;
0,338274037357603;
0,303510287046958;
0,27842807406125;
0,285492415236583;
0,296679603953059;
0,270291441531461;
0,25130283540262;
0,293871319529707;
0,372113581946317;
0,43940302535015;
0,466072337948865;
0,44467485807354;
0,413543378791651;
0,412426229486964;
0,426340234445679;
0,419685528709983;
0,381638224938809;
0,350911945707611;
0,393570199200174;
0,478622328029117;
0,541192452955992;
0,646805372264764;
0,82458513853468;
0,869080684366452;
0,605086980440486;
0,250354410804006;
0,0930375795428291;
0,0988091105179373;
0,190301512712936;
0,364186634239725;
0,532597557343639;
0,651135770579776;
0,803879589661496;
0,853392484427909;
0,406919566615515;
-0,371600273540478;
-0,805503998611693;
-0,715191114979502;
-0,371983644926678;
0,0701663653009798;
0,503749573420038;
0,923519811563266;
1,51087170737791;
2,00826753916709;
2,0265730537649;
1,80362952895742;
1,35836712404393;
0,509335073529886;
-0,140263025864514;
-0,137199875683965;
0,114843467111722;
0,414229602869115;
0,929881714799483;
1,42790585469242;
1,49528765594737;
1,15669376283128;
0,738903271348848;
0,455329274974378;
0,334434824821516;
0,36121051783818;
0,494896668875083;
0,637530514536421;
0,713892971772308;
0,712789571831958;
0,502888316275477;
0,0718253064046186;
-0,120672186430531;
0,0110506697447108;
0,0404755047097922;
0,121562865878293;
0,488471934772555;
0,677482233657764;
0,537799327369363;
0,483396087786834;
0,410417462471946;
0,076955837379591;
-0,106340957315291;
0,00581996553614656;
0,0371613176040128;
0,23771846767058;
0,893163408238187;
1,29814554678374;
1,18989106950624;
1,16351302676677;
0,955277622318611;
0,175841983054685;
-0,242612337763522;
0,0120983118877078;
0,0854476883123961;
0,188054064913353;
0,755823871963467;
1,0006393859905;
0,681622852809008;
0,484052903690536;
0,542316430414845;
0,742876103163587;
1,07261488895776;
1,23545675069352;
1,00352264473968;
0,510905748128183;
-0,00315555157998336;
-0,388122675209051;
-0,465301782064875;
-0,167401026697075;
0,1632258322191;
0,347305614544104;
0,666240062610548;
1,0108003017503;
0,983737042714122;
0,710308351524244;
0,52774609498062;
0,493370880454687;
0,449077962708128;
0,296191943612286;
0,126748537872594;
0,0115463239192426;
-0,0247542438100819;
0,00228347038739517;
0,00847288166610365;
0,116944674497648;
0,39683411411874;
0,502781710076021;
0,395855192062692;
0,402480530233983;
0,453175196681551;
0,387636014512292;
0,31617917940576;
0,316511660448347;
0,336992318270733;
0,321133550724868;
0,275025670924248;
0,262093109015564;
0,331924870460466;
0,480158162651172;
0,630896540506912;
0,670812583539497;
0,583593398721426;
0,453717124637252;
0,358977987335975;
0,314017262511877;
0,287508366332628;
0,283356777364677;
0,329761908601251;
0,391430973751728;
0,411058608176396;
0,395865919812543;
0,386126608071084;
0,402022622989566;
0,444164128241965;
0,498439670645353;
0,543610173767329;
0,568748762240132;
0,573434562611929;
0,553929865764862;
0,505406944967972;
0,443276768825984;
0,397412090119532;
0,377067789440055;
0,369236143578559;
0,36580432335777;
0,368658573131653;
0,375720774489765;
0,383351087002358;
0,396428121546078;
0,41690856721641;
0,435176905542391;
0,44549075944882;
0,45071962518267;
0,447089739195892;
0,435814027534335;
0,440689804134746;
0,471579547304904;
0,502130994783648;
0,510567975895362;
0,37506187724758;
0,058509237469444;
-0,0915620103958185;
0,00705991713740746;
0,0312504914846745;
0,0954128041842887;
0,375551309782484;
0,517613298354469;
0,424141110403291;
0,390425553749378;
0,308227477410299;
0,0437486357044288;
-0,0771612682072154;
0,00873564782763539;
0,0250401263632701;
0,142046587119974;
0,506403000998271;
0,616315556546035;
0,387348362014183;
0,303076719145855;
0,420453389091256;
0,551831619244936;
0,540875168187616;
0,396060874993967;
0,327309776673784;
0,324725875138689;
0,297145981672741;
0,296072659503473;
0,314335362485717;
0,305438104071089;
0,301880764385402;
0,329239975560195;
0,36569154621326;
0,39788658035286;
0,422619366627058;
0,445353362624678;
0,495099644468393;
0,557802078653727;
0,5661951420937;
0,527413945530332;
0,515334624411383;
0,556304171837078;
0,619860968446599;
0,62715012075756;
0,54811744922422;
0,510231410734387;
0,601139543278652;
0,693242192799359;
0,616865666843075;
0,408159008034285;
0,228815817154863;
0,105396988862145;
0,0208940570284662;
0,0282815270407204;
0,13345720916851;
0,191793246041147;
0,0630045134206037;
-0,0545097526493943;
-0,00590667927331685;
0,0228541023462848;
-0,136987763401001;
-0,427127477302186;
-0,467486774568686;
-0,167635870375286;
0,087256614656208;
0,246217816676125;
0,43842620158148;
0,6046482469927;
0,914256159116567;
1,53665209211497;
2,02023151491051;
2,01278022886361;
1,88839308919434;
1,58699888618779;
0,672837231507799;
-0,161519261679999;
-0,224076568131668;
0,059201849504308;
0,510297798893353;
1,19050872801196;
1,63775288027192;
1,57249226864681;
1,24868146219939;
0,883813349092045;
0,504778511342641;
0,219738269559843;
0,158258549068785;
0,272868846262481;
0,429087859231749;
0,555973391466684;
0,631917127756216;
0,645414747967676;
0,607307955150226;
0,548942560445118;
0,496174462353796;
0,458995619911277;
0,426604727277098;
0,380890138713393;
0,341945251814711;
0,345935717785054;
0,389431761404147;
0,466762300747846;
0,586617484479182;
0,73254694439193;
0,877440204047653;
0,983806672789183;
0,997628909680284;
0,938714686570523;
0,923974576381921;
0,984749357510685;
0,762322081267828;
0,121596063457315;
-0,18873757103606;
0,014742703325504;
0,0642514549185252;
0,206130047121132;
0,782344834214592;
1,00536962576794;
0,705986034706634;
0,568069461437145;
0,432719582062044;
0,0477062337208751;
-0,107347005785465;
0,0174822537847663;
0,0325003822844778;
0,190964470660743;
0,618261935123558;
0,541623034797052;
-0,0261824946740335;
-0,237871130371796;
-0,10605376082181;
-0,00635090282800628;
0,01736428879917;
-0,00137410896514743;
-0,00617330246656742;
0,0324896479775478;
0,0707074957620103;
0,0781322499324225;
0,261697160855367;
0,610324465375693;
0,534313005360925;
0,0349379362334761;
-0,131045986904666;
0,0308283396199159;
0,0355112238593498;
0,151310630844907;
0,561570438155483;
0,638026132343418;
0,331784655591929;
0,258483972784937;
0,383383588674636;
0,449235777589778;
0,514589850156026;
0,572997103611495;
0,554943590064382;
0,418702890760556;
0,21141109632373;
0,175012526623166;
0,37519400910775;
0,52660407199274;
0,499158956727696;
0,433345474872031;
0,387152290572656;
0,332567621862227;
0,322030441025143;
0,394116091999251;
0,467251901654774;
0,464237044712664;
0,417883356270168;
0,387458946559214;
0,373715109023279;
0,359910305252331;
0,36365912119449;
0,393040627839131;
0,414275950158943;
0,41130545654903;
0,404040125973981;
0,406456675574843;
0,426029019037088;
0,467421768808628;
0,511473662430637;
0,52218092175524;
0,488299412211592;
0,441899086670097;
0,423409305033568;
0,321892914723758;
0,0573606709444871;
-0,0801257578796711;
0,00393616487518385;
0,0282946458043131;
0,0946094503593451;
0,362885329883701;
0,492593092507962;
0,391658334996083;
0,360272798904965;
0,297179427049302;
0,0479564177152448;
-0,0757103844402637;
0,006745325668643;
0,0253401704898373;
0,0857548993474398;
0,339493816099331;
0,480264822782142;
0,418297351853126;
0,418246427565153;
0,46455751988757;
0,437069626642937;
0,403015720134972;
0,402570938555338;
0,404217732053587;
0,405293473236233;
0,396789528921421;
0,352414232169998;
0,295668922086383;
0,270703205992863;
0,287507543901964;
0,357378259731312;
0,501233635999842;
0,662531033305561;
0,703041878609975;
0,585633129172776;
0,428555807819611;
0,303570003496908;
0,197536911679123;
0,134464095819306;
0,0945152904010261;
0,0194125081900437;
-0,0239224324083758;
0,000300103245111915;
0,00882406984382515;
0,0371176578374442;
0,142249635572355;
0,218169439931297;
0,252417508830622;
0,342880699064405;
0,320460347908539;
0,061751330625581;
-0,0834970475575451;
0,00411093606221173;
0,0293685451096784;
0,100864297433915;
0,385815288813831;
0,541626204446872;
0,4699059936675;
0,419743974654183;
0,40056888911207;
0,413985120127501;
0,522452862348565;
0,644974720332291;
0,634048508991667;
0,434946648100511;
0,185551588944163;
0,0263374955906289;
-0,00379230273113535;
0,107339622972994;
0,192962493664035;
0,0662286086709239;
-0,0568520233664041;
-0,00598033272566151;
0,02370304990395;
0,137422588747648;
0,563451914441994;
0,981066683427624;
0,973916378422963;
0,479153732762869;
-0,0731976110893711;
-0,125058025805808;
0,0560935967019527;
0,0244891816432026;
-0,0307552794131058;
0,018928133364674;
0,0618874585450949;
0,0822515997906768;
0,27009118477514;
0,987082932086913;
1,41949024016431;
0,30349925625902;
-0,878567374650894;
-0,485993601484298;
0,328858059456348;
0,711770669102176;
1,02467714797025;
1,27830767794289;
1,27221808617062;
1,091315004944;
0,72105286334339;
0,109499339103872;
-0,172009605764007;
0,012512228458098;
0,0591643484505756;
0,203530057387858;
0,7572161479027;
0,935825891396827;
0,564981991142126;
0,359980929586238;
0,416915398453083;
0,532777910683785;
0,598053350592194;
0,543033378822382;
0,504482751878405;
0,521569474825914;
0,530828732994469;
0,557470945947544;
0,609970450779711;
0,649199180837491;
0,668820040208967;
0,694821595153089;
0,730454101193749;
0,752949525702634;
0,752920708434627;
0,743920707860295;
0,728730335276534;
0,692464777348234;
0,711703436650585;
0,886719908800835;
1,04567033678994;
0,980002917707158;
0,871606927447269;
0,934767665121577;
1,03544718819399;
1,00833753930279;
0,903510124588161;
0,805007520013391;
0,686767632366417;
0,556318757848199;
0,566415572554693;
0,801393709592012;
1,14246420115894;
1,37033713741253;
1,2771330468248;
0,866959633505899;
0,400009370382022;
0,0777402870306054;
-0,121190378767803;
-0,217202213929019;
-0,201396482717092;
-0,0525831655547576;
0,383086609945539;
0,890336382137715;
0,942009832205458;
0,719085296875338;
0,746277497396621;
0,826011041361825;
0,610609916346552;
0,232717373106978;
-0,0738544411679956;
-0,0977574110409713;
0,0363419676248614;
0,0244125543666425;
-0,0239170148743212;
-0,0521515595077915;
-0,0192819264247345;
0,397183536372225;
0,913835975816624;
0,953633513588919;
0,661635676404731;
0,423190375386703;
0,42529807960084;
0,536090883786722;
0,475247097699589;
0,332908901278811;
0,273999324352733;
0,249700285041736;
0,22994142864735;
0,239529091206398;
0,284295749637595;
0,352606352105061;
0,415581453101162;
0,446642445361099;
0,449253748266475;
0,328920192453599;
0,0512942676922477;
-0,0803373082403256;
0,00622139432406306;
0,0274062696987551;
-0,0139213446134493;
-0,00387389264872198;
0,00656511343729864;
-0,00137195854872674;
-0,00175904029776175;
0,0961907967785029;
0,337484826062496;
0,490230992550649;
0,472158285347478;
0,491548878540748;
0,538388455920347;
0,50179024763754;
0,431486440414635;
0,385997368412235;
0,369184700162178;
0,372459215566489;
0,378276818401734;
0,372915884618016;
0,360795844487525;
0,354514758739555;
0,360747373813123;
0,376397844061663;
0,401767236560358;
0,431872402365768;
0,450223591671588;
0,4616969302724;
0,479400895956536;
0,495393090158928;
0,506494518326513;
0,517952004203183;
0,524259531739202;
0,518971543422469;
0,50209628218983;
0,475622646132079;
0,444250429830938;
0,416690191299516;
0,398223519182893;
0,377911377145491;
0,346020976171998;
0,328983874776363;
0,355859148237134;
0,400040547515893;
0,421084098453757;
0,430877539173927;
0,446290237874848;
0,334241943212631;
0,0504382352570642;
-0,0819680238166066;
0,00722417297251202;
0,0275634321960797;
0,0490722101943962;
0,230066026917368;
0,374788671640944;
0,397764995815987;
0,429532162491105;
0,457116685218441;
0,449098141060632;
0,468498661208403;
0,504244360141836;
0,51541174253757;
0,519250666742141;
0,510719758213881;
0,465913077636466;
0,423762172245273;
0,424333099107373;
0,446343312378214;
0,455419042366975;
0,431753527156699;
0,388912213282396;
0,387547495111185;
0,462841787744611;
0,583225754508155;
0,706642395358462;
0,744726728362031;
0,614043350138568;
0,42168153031719;
0,274516125944092;
0,114745528395193;
-0,0145440870666333;
0,0147482189813181;
0,156301809417523;
0,294213115477737;
0,391544557140131;
0,471653333465267;
0,652429299453271;
0,817920766515958;
0,555605567074149;
0,0181378828153289;
-0,206309926009095;
-0,14154203403449;
-0,092562031989017;
-0,0318952978194563;
0,0252454995827321;
0,00409128471126072;
-0,0112142629712346;
-0,0267974729348;
-0,0711874695625049;
-0,0125686876871991;
0,174323747655696;
0,376441595611449;
0,523196601174417;
0,549329077815925;
0,439169222555253;
0,242090501997388;
0,075660727542561;
0,202425071121795;
0,640919457312084;
1,01594903140607;
1,18296343570741;
1,26172418075992;
0,940368230372481;
0,134444362827695;
-0,229529227341517;
0,0228465479842653;
0,0760556559508185;
0,0758485551025208;
0,403767674844456;
0,629463923987755;
0,607174002373311;
0,635896325610302;
0,514757604649401;
0,0799394310545598;
-0,129075607157881;
0,0118108239121603;
0,0431243641523839;
0,0981539888411398;
0,405513117249243;
0,560497573502665;
0,468514182740064;
0,495624942718739;
0,453594815011833;
0,0878140873235699;
-0,118869699935078;
0,00604142867632119;
0,0417066520131604;
0,151278184470193;
0,602742492014283;
0,8976007005657;
0,850925553667039;
0,87161628375483;
0,714869097013214;
0,119008704630009;
-0,181104547967578;
0,014099399404091;
0,0615489468908875;
0,204771743644534;
0,810477195027402;
1,15433735604573;
0,994218844585437;
0,906459781370937;
0,693189250367484;
0,100354428115022;
-0,171731562940026;
0,0177775802982021;
0,056522532345604;
0,139230585824069;
0,605891904596555;
0,886387374644167;
0,72181008123345;
0,571774857668036;
0,400951214903202;
0,0442867272797984;
-0,0985175162538073;
0,0156162894223983;
0,0300458369640865;
0,136971098106146;
0,595480815706471;
0,889320824923685;
0,627285342306942;
0,298824873436789;
0,190607519115414;
0,0520311415290641;
-0,0517788836184271;
-0,00278786825247141;
0,0205197235594018;
-0,00775392121761393;
-0,0040221268087661;
0,00443703440610751;
-0,000428230736513375;
-0,00139785688784967;
0,166583818026771;
0,531285875709466;
0,601511943698183;
0,322185342653163;
0,211380534206406;
0,198001517085965;
0,0346902903323136;
-0,0534351498304142;
0,00506608052062891;
0,0176609396860072;
0,098988004274806;
0,367429549765009;
0,502631184042164;
0,426181558995681;
0,412050570952176;
0,329818739880451;
0,0467944501267937;
-0,0827203325374715;
0,00944435155355938;
0,0268043042550736;
0,12260098784536;
0,46453075843977;
0,621804728385801;
0,485153075873483;
0,464193764265338;
0,418928993391593;
0,082964634379813;
-0,110170147555221;
0,00501672089783783;
0,0389018071449961;
0,0909296834619526;
0,370275496377947;
0,525506060267326;
0,451810289962822;
0,440717671526037;
0,472884187113659;
0,436344513396648;
0,405055131423926;
0,408208989012705;
0,415433173813874;
0,312650845979901;
0,0528396224235971;
-0,0770891470195918;
0,00461053267103441;
0,0268790927890039;
0,10707718431287;
0,406082915257124;
0,553571692983511;
0,450819096783444;
0,434163553754555;
0,372651488250255;
0,066271788137033;
-0,0961349105691047;
0,00656113533635617;
0,0330301884706064;
0,0856797152913055;
0,340208694044763;
0,461762374349463;
0,369483278147612;
0,36717185647179;
0,329266257791769;
0,0630404440759849;
-0,0859200642104138;
0,0044701197176342;
0,0301106332660774;
0,105046846119262;
0,416218128156217;
0,60044212280683;
0,514773174709172;
0,456521020524598;
0,457480519179226;
0,419564027064224;
0,384658110048551;
0,35366101964539;
0,296565514112182;
0,223204567847101;
0,156283737001179;
0,125949529420866;
0,162298687195449;
0,267350105086614;
0,400393908794314;
0,491086688430533;
0,510278728002614;
0,498353007282121;
0,499735858926219;
0,516749601054553;
0,523482126369061;
0,512169318131079;
0,495206219645944;
0,481556162647239;
0,499030580478827;
0,552908685386438;
0,572066657340089;
0,500259673222286;
0,394403168917168;
0,400538994561188;
0,537079564846538;
0,597889589353873;
0,497574952535349;
0,38595225595534;
0,380131095722406;
0,403884780584941;
0,278024907495842;
0,0742450704843297;
0,0404717979671923;
0,10175766619845;
0,0418866275967921;
-0,0329180073528969;
-0,00439430459247788;
0,014062858479578;
0,084690503085311;
0,167775102971683;
-0,105572271694161;
-0,486742754467103;
-0,4548757541271;
-0,192247932835977;
-0,00628576613030947;
0,0356340058337209;
-0,00709511014361698;
-0,0105805057883613;
0,260834151585935;
1,11556577385626;
2,00803892926902;
2,10973423719734;
1,87079456428825;
1,69358164257094;
1,06416414615647;
0,248162666014988;
-0,0792895708784109;
-0,0667970664348672;
0,112789733059209;
0,560255253376252;
1,10168978596931;
1,41665150471448;
1,36191540119236;
1,06625029382491;
0,787578895962086;
0,642058642923751;
0,579218249115147;
0,547757558049807;
0,550450917824338;
0,586042381022201;
0,624890736818964;
0,646185760494382;
0,652935387595947;
0,645067954396066;
0,605042958886715;
0,521880396466824;
0,424390551086999;
0,362232856057307;
0,479683760846419;
0,795952272180597;
0,961751252965734;
0,916171758305188;
0,933293128138974;
0,95821848062228;
0,877876538902785;
0,842162911848464;
0,923708218126848;
0,974771481755791;
0,895959968320225;
0,824921514676174;
0,986525303344142;
1,17314842776503;
1,00607305929252;
0,70661094158229;
0,737115534000674;
1,04863609553696;
1,1849908138677;
0,977982860452372;
0,619399143556628;
0,459278742332574;
0,685894095538512;
0,883405657552125;
0,822624240914758;
0,556375066687005;
0,0751857583304287;
-0,137885092083305;
0,0165581051000111;
0,0443673863528306;
0,0413902954831679;
0,337080108324989;
0,75387058594981;
0,935352631736317;
0,868901743629101;
0,718492449273974;
0,521149979440732;
0,339802414347793;
0,266123279901639;
0,276761770439099;
0,320970901485596;
0,375212752863161;
0,408018524218401;
0,435142947065332;
0,487556536776351;
0,518641287984795;
0,486393917161972;
0,441384948465217;
0,439386826400945;
0,46362934027625;
0,475687491470516;
0,463036492520191;
0,433795868763212;
0,398063593120305;
0,359632338922506;
0,366293112521218;
0,439788414063965;
0,462783672884541;
0,397294997478668;
0,349158125696553;
0,251147487564276;
0,0374527744277753;
-0,061382557768909;
0,00549649516761286;
0,0206090804279804;
-0,0107590785057161;
-0,00279150457517927;
0,00498917526078755;
-0,00109682728264876;
-0,00131408235914759;
0,107887184074763;
0,369262995879083;
0,503341034092985;
0,429248934538651;
0,409532344003253;
0,442828748731681;
0,413985376559337;
0,383201939797668;
0,392335247796903;
0,415643083297259;
0,32185093173131;
0,0554220465728929;
-0,0800101473310822;
0,0046894799601101;
0,0279201779719755;
-0,0135902699114471;
-0,00419551969208193;
0,00658219496355373;
-0,00126479916730427;
-0,00180999508815602;
0,00120771903604769;
0,000137492814025612;
-0,000486868950459005;
0,000155056556042887;
0,000108109624460706;
-0,000100396727069081;
3,62456438081649E-6;
3,41675206678737E-5;
-1,55996135878085E-5;
-5,61074152746671E-6;
0,0906304883647965;
0,32549871893056;
0,494692003432355;
0,528111642447304;
0,583478739434928;
0,598102981619353;
0,50345758153336;
0,427290534034547;
0,419747227982246;
0,411720708791484;
0,3705540158755;
0,328752901067354;
0,315467888823204;
0,329944294446589;
0,366929027834637;
0,301535968900262;
0,0569129226999686;
-0,0764751673598021;
0,0031637902915301;
0,0272259269017892;
0,113819262591463;
0,426385339581923;
0,581015115102398;
0,47933573225852;
0,472712150024803;
0,410278241554739;
0,0744685061908028;
-0,106016965157609;
0,00668990596714591;
0,0366625269092538;
0,107262054584986;
0,433659865762531;
0,65300375988693;
0,702841084288134;
0,843767870303928;
0,6812532326669;
0,0796814627853173;
-0,168891664649;
0,0255298297636322;
0,0520136182951535;
-0,0285871915484086;
0,0286754046476931;
0,132893709511922;
0,214574969422717;
0,254460359910551;
0,179027265638789;
0,0170024952911278;
-0,0421164076452719;
0,00706112463075514;
0,0127309944961699;
-0,0311801972489893;
-0,0453664611528037;
0,0314242980598198;
0,135728919736307;
0,193843189697824;
0,184176824526146;
0,0506695295507538;
-0,0494583194518434;
-0,00319105129794614;
0,0198503282325997;
0,492719181856864;
1,70757869660196;
2,13137757729684;
1,15746418110397;
0,396413896351602;
0,285624183182002;
0,0828624563927342;
-0,0833919997003244;
-0,00289292144578315;
0,0321786496276712;
0,288422273840067;
1,02579421368435;
1,36060236441417;
1,01078606286219;
0,827224447979973;
0,869754810262904;
0,739954182407618;
0,553739352961402;
0,463058534653951;
0,430828550973762;
0,312669542590745;
0,0517623612393731;
-0,076416711002491;
0,00467569759966385;
0,0266184989759691;
0,113717077102453;
0,454324381616566;
0,69207798864166;
0,67290001803308;
0,677058815762439;
0,540649714996352;
0,0882626689726053;
-0,135921915862414;
0,0107945025252822;
0,0461301350925698;
0,128109638114541;
0,530526752263727;
0,800369938304266;
0,805115782759881;
0,933679901249045;
1,027816200817;
0,827733207882154;
0,730518261008524;
0,935180223693694;
1,08307750259006;
1,04078417456194;
0,914173597345923;
0,709849035061985;
0,488987029175935;
0,410068929091216;
0,553979388741329;
0,806875329665546;
0,953656930334458;
0,926559546876444;
0,783365509928857;
0,551374665659964;
0,263018652876443;
-0,0123840796630504;
-0,151154436933173;
-0,0853704374952043;
0,0778524922319744;
0,232132713210957;
0,35249372002234;
0,630112278622329;
1,20745962144243;
1,49954356753979;
1,05192580157291;
0,334943816399301;
-0,0265637694696944;
0,141324170446351;
0,465153010088536;
0,486977720956922;
0,245261317676463;
0,166621360862025;
0,370353033794871;
0,550978783248957;
0,57193751285147;
0,525720324135181;
0,526913504487506;
0,592209987269407;
0,593562133131493;
0,467901745119035;
0,398038881354964;
0,516006186798004;
0,603661978331303;
0,488704137399599;
0,298762832389506;
0,161695582160567;
0,122478900701672;
0,232079683573188;
0,442875369272499;
0,58336943974266;
0,56157247048085;
0,47436324003719;
0,446954126801572;
0,477107753512909;
0,488748758517469;
0,454874438482867;
0,425763063741336;
0,44534821924064;
0,491274045092991;
0,526042221577342;
0,540619101376156;
0,531310133010937;
0,502437124273857;
0,478850592135632;
0,469681101498975;
0,462931935658558;
0,463743497302654;
0,483464060636436;
0,504672713891954;
0,493099117626787;
0,446741503527731;
0,407861298192728;
0,397035685185406;
0,390193891465143;
0,380575157838539;
0,385796460330705;
0,402090675864046;
0,41636530636622;
0,43388963826919;
0,445956000167183;
0,431893343979431;
0,408389933000346;
0,404204639035695;
0,421340112132581;
0,444520067476587;
0,461767346199002;
0,481339571944047;
0,497889848772612;
0,489992938349228;
0,469705423996798;
0,46783597081274;
0,511035717423672;
0,574402659375916;
0,56313053651669;
0,476607691703066;
0,437210730502532;
0,478012521080518;
0,521957316470288;
0,52262131702679;
0,482650745933637;
0,426459974735348;
0,396620460751661;
0,415144707976316;
0,33342040781311;
0,06080296916405;
-0,084063372686472;
0,00410823290139856;
0,0296623642178532;
0,0716387885419765;
0,285970730379312;
0,388284010161344;
0,307746518543108;
0,305695570524987;
0,360524346674927;
0,341801110642103;
0,309510491002649;
0,313405796179565;
0,332511360171846;
0,379380832839311;
0,450007065361342;
0,476743010718974;
0,450051926897332;
0,408415334073173;
0,392272998445831;
0,438187181786195;
0,477681246496337;
0,453770019697787;
0,406538791315187;
0,335674280841457;
0,212964541511954;
0,0817531143648778;
0,0364017982959715;
0,0975149822699048;
0,126827762345376;
0,0315322904128282;
-0,035489104774814;
4,578522298165E-5;
0,0131672348669607;
-0,023451743728879;
-0,0844920440630616;
-0,118555458006729;
-0,00798331725001185;
0,222048573334744;
0,280219819092091;
-0,00424838673684346;
-0,203496328800735;
-0,00989360960303735;
0,254460734546998;
0,543121220368691;
1,19753196076948;
1,94132232072746;
2,10223501631283;
1,70572134821;
0,934974918565936;
0,0379245270797758;
-0,20715133352828;
0,0509435660258158;
0,0558320127429023;
0,179821807828251;
0,774220622494202;
1,08214409352821;
0,859331775995549;
0,712563597883494;
0,696540675672423;
0,608699966579981;
0,56953345425543;
0,603294623688399;
0,61168510257185;
0,600201109202574;
0,597219237292399;
0,576198857866707;
0,533501735516685;
0,504409746001014;
0,373545607616896;
0,0637598532566018;
-0,0921482776857875;
0,00526905442886181;
0,0322359348056933;
0,170746060292823;
0,65778228100791;
0,97845879370584;
0,951886066741023;
1,00995909479899;
1,1306864563811;
1,11497905893598;
1,07085902394341;
1,07492289136192;
1,07687536462938;
1,0459550919737;
1,01108112476434;
1,03246102859245;
1,07157059622077;
0,954171924841977;
0,650154493413503;
0,372349339649821;
0,304400577341646;
0,391744227196413;
0,50042875756678;
0,702308808242832;
1,06849647803988;
1,40767156846451;
1,45552351001347;
1,14964270071361;
0,720379607163001;
0,315487251238699;
-0,162958836023888;
-0,540856012060923;
-0,493982077016439;
-0,194975664222664;
0,119377401614149;
0,533345165549874;
0,872829027824429;
0,865164082065037;
0,665003432600824;
0,591793903168442;
0,543059297018694;
0,20394488065998;
-0,176662674711129;
-0,142733922909879;
0,26527695256526;
0,725614105103759;
1,01914555449515;
1,05998438706879;
0,910365941900623;
0,741325413781307;
0,599804409618337;
0,460214527088805;
0,334964289871901;
0,217827742483727;
0,152827002522362;
0,19833489336442;
0,310201075238185;
0,403261389995973;
0,44715529255677;
0,451664551325797;
0,426296632095582;
0,396203143868869;
0,387404344525837;
0,391503403395568;
0,400313401704333;
0,417234110911523;
0,420989120715099;
0,389579744910756;
0,335972253442856;
0,294819224606525;
0,309520962556296;
0,412973767013796;
0,566277020039921;
0,654381615589117;
0,629055621082522;
0,564120911323919;
0,522599587320952;
0,513330630162104;
0,539003055706775;
0,576675290977479;
0,58293243858729;
0,550522535941813;
0,50340759331896;
0,461249921899955;
0,436559154301135;
0,436981889929246;
0,454276929000635;
0,464511060396268;
0,462230473654876;
0,459730681828052;
0,448026415838951;
0,421199782538461;
0,410054926785672;
0,441540489746081;
0,497288890934436;
0,536711836773847;
0,543428128616886;
0,527311697849445;
0,507099581604861;
0,506133571948608;
0,529970354261481;
0,552458989220559;
0,545943405930261;
0,504597646453144;
0,431796587595854;
0,349114002520782;
0,304785709033961;
0,334440025641837;
0,41373372101558;
0,440935710362662;
0,365185743677999;
0,29676907301333;
0,331774193199831;
0,41720021848346;
0,442768551785836;
0,37567442578259;
0,310461437408483;
0,324863070986651;
0,387381468272739;
0,457358188195055;
0,517587670954448;
0,519599311052304;
0,42229199521922;
0,304910814028255;
0,298684680612298;
0,378499216810931;
0,420836569474952;
0,404513669764017;
0,38032600589084;
0,373119027133021;
0,38335076613844;
0,409131671293843;
0,460498421539531;
0,524101838036364;
0,542237878781347;
0,482385689208861;
0,391011070089625;
0,387597408828972;
0,557634616929669;
0,812530247701241;
0,90092360514121;
0,716616228976902;
0,502578589271528;
0,406732487946361;
0,306793207344224;
0,184796011290156;
0,111265903708612;
0,115529327468499;
0,128573154387255;
0,0398347148350868;
-0,0362612008440571;
-0,00310864547939278;
0,0148463566722597;
0,100882771235016;
0,211326372035621;
-0,128913833462484;
-0,694510266935617;
-0,790025314399374;
-0,441326730039805;
-0,0353860277835862;
0,093764325081867;
-0,0143537247034575;
-0,0292708907932609;
0,517719172087371;
1,71449481078669;
2,29393573875344;
1,92392774480801;
1,73073781980374;
1,43610755857198;
0,611254910970016;
0,136371005202954;
0,199172645367089;
0,226295628490789;
0,361927759422783;
0,794659654927964;
1,10452897038749;
1,13892215056067;
1,14600643155693;
1,14023074285785;
0,990671069643826;
0,767796577786568;
0,579457765268536;
0,444261360226499;
0,402009690773739;
0,469030022266223;
0,575471401261673;
0,646066469150829;
0,653401486703636;
0,614136000533015;
0,571712466775999;
0,54600193756601;
0,528085459673369;
0,524609922544511;
0,398502680475233;
0,0686277962635749;
-0,0989381682957462;
0,00573020490098164;
0,0345595762477592;
0,125465151211311;
0,48956301469758;
0,698418642893553;
0,619906334908742;
0,630825043848487;
0,837694227699017;
1,0908886362671;
1,10536767763555;
0,873488692903655;
0,759785843340946;
0,814441978222925;
0,880191450270941;
0,937974421388997;
0,945678167678892;
0,840505878594756;
0,654694290700803;
0,516118664159451;
0,562605567533052;
0,737157676223818;
0,852302040176471;
0,852060321747838;
0,769673031864323;
0,623692898016408;
0,40439665275442;
0,0955786178531886;
-0,153875054326913;
0,00623506512196923;
0,485199857030436;
0,686705882036456;
0,624509692347185;
0,511478175190407;
0,161568179344423;
-0,00545499349814339;
0,389929656638536;
0,75344453042372;
0,64526857678218;
0,374607906577378;
0,367845879591517;
0,614957930879052;
0,775617043612762;
0,727846243076832;
0,596201489273164;
0,441913405185227;
0,321713157213002;
0,325134814079602;
0,416902460743571;
0,494266008689996;
0,51375183147315;
0,467795845829728;
0,363825436046005;
0,219327214236195;
0,0780158919036983;
0,0332555794386937;
0,122299268115315;
0,266309045599802;
0,396520272721796;
0,491183810687767;
0,521904151261845;
0,485248961099672;
0,41366597615439;
0,347532221349842;
0,328407405751603;
0,369991349941203;
0,449450404057654;
0,542428736564954;
0,607457522080898;
0,589958947065715;
0,500500418900187;
0,411527978305442;
0,381516173167359;
0,416047131328035;
0,479188918825863;
0,535997251909047;
0,56186421334736;
0,543048840826807;
0,504753489834862;
0,484946275903386;
0,485725757993316;
0,488306148205383;
0,483212176883601;
0,472490957127612;
0,461802621581388;
0,453352002107377;
0,444038061534968;
0,437193507349015;
0,442020400883063;
0,453559643997086;
0,462826940829286;
0,471658075982826;
0,477306943337777;
0,474472652548746;
0,473370064718748;
0,487366339110304;
0,506491651646841;
0,513994890147655;
0,509763014061448;
0,495074273457377;
0,476359987753591;
0,463848850816389;
0,456849331682764;
0,46019508550812;
0,476770679980727;
0,496497506643365;
0,512319882893102;
0,517156983710631;
0,378793151508016;
0,0578795340668589;
-0,0923278353166533;
0,00755752262689029;
0,0313217190253258;
0,112893495849742;
0,435561104961573;
0,595354638251817;
0,486387221018353;
0,468208362277215;
0,398511588563808;
0,0693087461916734;
-0,10244797186053;
0,0074684883914372;
0,0349982226613955;
0,11010836781293;
0,432330018385732;
0,596415512349018;
0,490932543062376;
0,47240703230066;
0,530240971015179;
0,517163907550028;
0,498084442517276;
0,499173309402975;
0,488479447459883;
0,483945285476051;
0,504701649185466;
0,51460120317278;
0,497501904147036;
0,483179285282561;
0,486936696606437;
0,507672406439759;
0,518713037636606;
0,50148490731025;
0,485047257756914;
0,48338243408145;
0,48426470812034;
0,486700253543532;
0,48866970867887;
0,483303954409834;
0,476573510305644;
0,476228611662198;
0,47865907340776;
0,480477685915239;
0,480256908034313;
0,474807408490356;
0,466041664780781;
0,462231753386852;
0,466208304108778;
0,473571753000022;
0,483869172820785;
0,496110237850491;
0,502304224333025;
0,499681907108995;
0,49660806174998;
0,499061358166896;
0,505126677963364;
0,514343869782652;
0,524925041827811;
0,526976283959502;
0,517752454446274;
0,506185483901647;
0,497317982109379;
0,494960339428588;
0,49919156005843;
0,497411654826785;
0,484461592098496;
0,473333847257218;
0,473668352733684;
0,481814587426649;
0,492730136580227;
0,503642466908081;
0,510439797544645;
0,511225210398685;
0,506255508281439;
0,498264432352325;
0,493121078727009;
0,491413540254006;
0,490957003228265;
0,489862423383262;
0,485263110756664;
0,481286063226475;
0,483152717373666;
0,485987456350236;
0,484179730437952;
0,483765665811334;
0,490676255358026;
0,497078078853887;
0,493705879720628;
0,48586725463111;
0,485400965745157;
0,489699368943154;
0,490176965607317;
0,490780349046794;
0,496872737468177;
0,508097322486701;
0,519745138910461;
0,520802895212097;
0,509849007277783;
0,498385177895631;
0,365796493402137;
0,0582746623922402;
-0,0895612844493876;
0,00652557327714058;
0,0307282620514167;
0,111367230315121;
0,430227088874166;
0,592556008027819;
0,485242004445213;
0,45579783971254;
0,506661075929586;
0,498254740569783;
0,487858983921561;
0,498760346180237;
0,497890216121473;
0,493846523087634;
0,498505743034229;
0,500895264568878;
0,502153486132606;
0,508844493995802;
0,513427819653919;
0,512107409981004;
0,509524761379111;
0,506719834754181;
0,503088937987628;
0,497794478937816;
0,492315781807654;
0,489620410803811;
0,491072319383949;
0,497073915675346;
0,500487774399991;
0,494931778300094;
0,487642292215873;
0,48489046380678;
0,483687871935681;
0,484839743471646;
0,493304930260668;
0,506175038546974;
0,511387791343376;
0,50488869738355;
0,500056042809763;
0,506281342788277;
0,516900145405372;
0,520711044541358;
0,514356197106679;
0,50626932571804;
0,500999287180729;
0,495312019106097;
0,488790678738107;
0,481921407237632;
0,477384578038928;
0,480366870852161;
0,490981739334221;
0,501587546442996;
0,504964924793526;
0,503307411249835;
0,502822793569532;
0,50561872960175;
0,509085336451115;
0,507390630228182;
0,500476765024732;
0,497632813977619;
0,501454931640405;
0,50524388649879;
0,504678282098612;
0,37181301075469;
0,0585850472772953;
-0,0909702002396531;
0,00686922694244214;
0,0311066798510572;
0,11252584696891;
0,434601223597015;
0,596232709946319;
0,486823410556381;
0,460050475986517;
0,383385535991722;
0,0634385658097398;
-0,097990967701138;
0,00822324598881582;
0,0330131142926076;
0,110935890611605;
0,433274395421281;
0,594943117423137;
0,483026433748833;
0,453169793078459;
0,50491672944347;
0,49807992477888;
0,492795292530049;
0,50626004994381;
0,502450126124928;
0,493841867052052;
0,491866213803853;
0,486533644818647;
0,483434054649895;
0,48781891649427;
0,491929089766326;
0,49126872589748;
0,486407717841563;
0,483866441540102;
0,487656076544829;
0,491785076285008;
0,493905215897279;
0,496622673073147;
0,500043079306855;
0,502228887372334;
0,37293265678523;
0,0599859989315672;
-0,0914859898515263;
0,00651302536770886;
0,0314509775065356;
0,113557034432582;
0,437471845271373;
0,600331165780307;
0,489963120277938;
0,458402083118767;
0,501976070294414;
0,486422549331557;
0,479629639865558;
0,499544433849637;
0,506122354456597;
0,504171508927902;
0,501794020499332;
0,4971111603882;
0,501475765740799;
0,514331787039918;
0,521391183751665;
0,51796758444384;
0,506049618554416;
0,493527260161928;
0,489933221972807;
0,492801395359457;
0,494244818676694;
0,493893921703677;
0,495725434610737;
0,496820575396059
