0,179905899228545;
0,706863957532204;
0,977177951496299;
0,806693856319675;
0,767758231146026;
0,81798221520919;
0,822903878790306;
0,831105830972619;
0,839485111162265;
0,849180485027237;
0,857621470012026;
0,859666635255853;
0,859931164394623;
0,862941190130792;
0,865477520194282;
0,867182472494109;
0,868220781014962;
0,865426596281458;
0,859621465650499;
0,852911707927153;
0,844305215141122;
0,836466506327151;
0,834116309204683;
0,834951351174799;
0,836874155931942;
0,842255957936743;
0,846351559309241;
0,843663447722549;
0,838637087367342;
0,836796455398215;
0,840365550151972;
0,848052123728868;
0,853550971545401;
0,854633335340438;
0,855788389193253;
0,858354295752126;
0,85974356666538;
0,858060913860904;
0,85300147882334;
0,845811765547472;
0,839394700550707;
0,836505629620535;
0,83679984468248;
0,838382342539163;
0,8392480424815;
0,838236779783658;
0,836594296360524;
0,837324313576014;
0,843219511246223;
0,851785538322382;
0,856372232081728;
0,856726527505256;
0,856990532838677;
0,857010693266753;
0,857792956349927;
0,859623196495212;
0,858345393836646;
0,85508366590305;
0,852980246393947;
0,850984752092996;
0,848503044919536;
0,846144224414173;
0,844399593380686;
0,844267500757785;
0,845698530058347;
0,845810482938451;
0,842013433539051;
0,836393593470216;
0,834505532043774;
0,837850228146319;
0,842677565807061;
0,846929058833888;
0,851126170246557;
0,854651613183695;
0,856675637365835;
0,86074654155473;
0,869136855344958;
0,876638576207927;
0,8794857635439;
0,877420450745893;
0,87088935010994;
0,862589889105193;
0,85413123882584;
0,847624236995149;
0,843983614797;
0,840147981543724;
0,835796022300944;
0,832290245725571;
0,83122197075861;
0,83514613439963;
0,843125892001065;
0,852025784075952;
0,857712899793672;
0,856170204977498;
0,849911270643289;
0,846249240203226;
0,847812494725678;
0,852068801966531;
0,856905283660131;
0,859992482649239;
0,859192565993553;
0,855163155789077;
0,850643119361139;
0,847203216572225;
0,844908528116705;
0,845758777913164;
0,848530808731182;
0,848002793554433;
0,845271473859682;
0,845817059192661;
0,850745359164498;
0,856715522119275;
0,860647118340977;
0,862246633622274;
0,861398868378877;
0,858514584738023;
0,85713827077935;
0,858381584450041;
0,858391100652787;
0,855962824918352;
0,852805645490023;
0,849065604702219;
0,84573034550034;
0,844486885714534;
0,84533225475983;
0,847704861249615;
0,850455197109966;
0,852178683917895;
0,853951663121708;
0,856531316605919;
0,856439823691106;
0,850804207834742;
0,842518963647547;
0,837828612936794;
0,840537380665968;
0,848945589658191;
0,857562007940514;
0,861904823146876;
0,862080351579263;
0,859740612520298;
0,854327640652801;
0,846934778585405;
0,84113471594849;
0,838543922612844;
0,838683736031932;
0,840163452895069;
0,842563818581479;
0,846395381898791;
0,851744013207047;
0,863825518779323;
0,887561657208023;
0,912684702495193;
0,92554957809671;
0,925729574007021;
0,918612582152993;
0,912386353025032;
0,919019150599016;
0,942021548985643;
0,969671172310066;
0,986931408978104;
0,995201106282611;
1,01577613028444;
1,06334118965804;
1,13055148930419;
1,20323002647697;
1,26490667333332;
1,29002030068214;
1,26185175342455;
1,20246624265809;
1,14879703609104;
1,11828167092919;
1,12475880786313;
1,16556220491172;
1,20608812425899;
1,22801787665583;
1,23482712454604;
1,20373104957766;
1,13303610236401;
1,08521234394389;
1,08338649175812;
1,07236787251949;
1,01742670550914;
0,929585114986377;
0,810498212192167;
0,666929225910495;
0,682835483051683;
0,941525218839186;
1,03069038509962;
0,806080014116088;
0,631107739343744;
0,547167757260814;
0,474461742012082;
0,500638309342365;
0,455199588582637;
0,181960735627612;
-0,0644829418603866;
-0,0831551974076249;
0,00680824110170271;
0,0615734524388027;
0,0846300114577879;
0,17241835184371;
0,357077155104835;
0,564832445925016;
0,723643913593486;
0,82079070880084;
0,905619090768204;
1,01120608887631;
1,08329104765961;
1,07549675862954;
1,02702493572887;
0,984044404209912;
0,948053875980435;
0,91703477649791;
0,881676204805257;
0,822104445258638;
0,764009473722057;
0,741346353546889;
0,733720677531725;
0,730221362558585;
0,73841149716619;
0,736655422432781;
0,723434655295858;
0,723881496977402;
0,741734092758316;
0,783121594480267;
0,85460836456923;
0,922104433209225;
0,947712723409331;
0,934183397276428;
0,913216033679768;
0,919093232756288;
0,952873936498776;
0,980327375690027;
0,978911525124572;
0,956728959097278;
0,926512174445673;
0,895353832281514;
0,870472935505311;
0,851928755496685;
0,832510735008959;
0,809473287397064;
0,784851834582803;
0,759678371741651;
0,735209305847213;
0,718276781422471;
0,71882287062756;
0,737125903501661;
0,763648651635373;
0,785452298942878;
0,794160059796525;
0,793764624965629;
0,793028602102971;
0,797363998598727;
0,805543838048301;
0,807596949074583;
0,797354563057805;
0,789944163087848;
0,797093351742186;
0,806798939217094;
0,80716025454876;
0,682791041390017;
0,384148032185869;
0,210808388591178;
0,258917826213291;
0,255822152960794;
0,227003562313055;
0,304114763319359;
0,326958540068367;
0,251287823590067;
0,215741521947481;
0,233881906536882;
0,299367369818684;
0,406002605644056;
0,497992320966596;
0,578288735123602;
0,555364659150384;
0,371451114546598;
0,323016038686454;
0,497392949929866;
0,609579259909159;
0,844391394046503;
1,38534950327827;
1,64565104301437;
1,48155829711737;
1,42900776468836;
1,49247925819899;
1,48078332075928;
1,48172388971423;
1,49944538914217;
1,48245230029921;
1,42908059420871;
1,32691797041457;
1,20932707626488;
1,12278327555648;
1,05625328465928;
1,09732227313058;
1,2703724472249;
1,29177935929986;
1,11771572242854;
1,02758453325886;
0,942399950733039;
0,709843582551872;
0,576636034247316;
0,637360846604453;
0,68529103432762;
0,684499893865344;
0,675560277735499;
0,641504740436396;
0,628895315050926;
0,664746957387509;
0,707850335763998;
0,738245411005596;
0,776791174865691;
0,834872051704048;
0,894133615949441;
0,930356654012751;
0,93420038171855;
0,906968959835583;
0,86222965389506;
0,82814676012004;
0,823579462403718;
0,834595334402216;
0,83038813928241;
0,797503830204903;
0,742997078165541;
0,683847475193629;
0,647207612804369;
0,652545334206629;
0,692679926365786;
0,752356768592872;
0,818462839880784;
0,867911825544511;
0,889104096649519;
0,897250994167597;
0,900552961971577;
0,892966958902885;
0,879311366204296;
0,863251451879297;
0,838956454662884;
0,812224551341997;
0,789175221145539;
0,762543532213482;
0,73769271344196;
0,728328499622501;
0,726583685163781;
0,72221354741226;
0,725905199347898;
0,746791475079759;
0,777425908976266;
0,808636353301743;
0,834277830776014;
0,845249508453212;
0,840347363242963;
0,833107076831067;
0,831319165360965;
0,83121186829143;
0,830600811123422;
0,824873948191202;
0,811241047506219;
0,796140939209762;
0,785871103998189;
0,785089150793542;
0,791239788683944;
0,791843414337685;
0,784412825809577;
0,779852800598048;
0,787874654407077;
0,808841256952511;
0,830556976937721;
0,842316212036157;
0,848585126506273;
0,850576411478657;
0,85850907803777;
0,916858291603462;
1,02262301684148;
1,09969405891875;
1,11714270176082;
1,10801607265074;
1,09639530361562;
1,10118765047754;
1,15069251845045;
1,2338274742531;
1,29351069299369;
1,28675498050094;
1,21860222829039;
1,11184646176731;
1,08225771739003;
1,23278781993064;
1,33424646610124;
1,22533329808299;
1,07797204975742;
0,954147132937937;
0,861810624091452;
0,849321401870058;
0,867494274398308;
0,773491833381579;
0,629212673478983;
0,753788212735191;
0,940670859132353;
0,878619031934248;
0,721245315617314;
0,463304620035962;
0,230791736465683;
0,200492910023459;
0,195574042688399;
0,237220021626455;
0,370449905013065;
0,352357053134885;
0,19673468548134;
0,151696229905544;
0,150765957424976;
0,0370189140672425;
-0,0411556363727948;
-0,000345104131618243;
0,0154740599327553;
-0,0064697454294505;
-0,00277273041431105;
0,00345824037844074;
-0,000462505924209643;
-0,0010355667806022;
0,000598160744249893;
0,000117543839575925;
-0,000261847974653011;
6,78959962426297E-5;
6,46343705961252E-5;
0,224694080326253;
0,777997732041067;
1,07548306104155;
0,940130116782949;
0,893751826122125;
0,944149439591135;
0,885426077740595;
0,813332302211787;
0,774182015648556;
0,739543429359213;
0,733379529223865;
0,762486261065295;
0,785674464907103;
0,78955815880601;
0,78990067731605;
0,792200870929017;
0,800781287242067;
0,813734890224546;
0,820887499382921;
0,826587458417356;
0,841348174882304;
0,861289486805848;
0,877009437127717;
0,883532548182332;
0,875087578963475;
0,853086224796337;
0,826970673609831;
0,798107957818425;
0,770726412631086;
0,756064630722722;
0,77309175712373;
0,816731198974983;
0,816703879538809;
0,768814438268922;
0,749901234991921;
0,728016381494749;
0,660323647067303;
0,634062934495504;
0,673344685612525;
0,696700195084427;
0,691305373875244;
0,68963313002205;
0,695761637146595;
0,699317427422633;
0,693409820421577;
0,681771419126278;
0,659779093444376;
0,617796978128716;
0,555317807769649;
0,472693618551857;
0,37637382375885;
0,284250002337062;
0,21286072446048;
0,173430948647949;
0,167759745630826;
0,173743903055471;
0,177096823019141;
0,192903307699468;
0,229260318062011;
0,302045150333305;
0,420848599798574;
0,543798780842954;
0,642094708454931;
0,732186019371752;
0,828381518481037;
0,938588222391855;
1,07114882920297;
1,1996536157372;
1,27257950276618;
1,29626170738708;
1,31492863060703;
1,32987393213971;
1,3312028141926;
1,3249314995685;
1,31106059425392;
1,29841369206908;
1,29259818391675;
1,27928530447923;
1,25792541124007;
1,248598606525;
1,26397644126158;
1,27906947653283;
1,25025147782885;
1,18051078197669;
1,1072026113271;
1,0451015455855;
0,991128611497231;
0,947664771624013;
0,910086058027384;
0,863859348531296;
0,815348104591806;
0,780331852603791;
0,749859055211485;
0,713034911255879;
0,669454327828874;
0,614367257778092;
0,568016163296508;
0,568774601965275;
0,618524813999142;
0,686937394346533;
0,740941177228172;
0,757584810202751;
0,735351351998531;
0,706260544069982;
0,708787118694434;
0,743431647595335;
0,793865946782547;
0,850312048100496;
0,899539911014544;
0,929249492693222;
0,925872160272526;
0,885515877905497;
0,834139361189582;
0,79948045714467;
0,785784189369687;
0,583053121043156;
0,0954329342392418;
-0,143289223899659;
0,00963569167969864;
0,049502816667617;
0,165501339419048;
0,64269605005179;
0,888893329254226;
0,746720027058255;
0,734367324009544;
0,620817465159596;
0,105676980426593;
-0,158911937485144;
0,0122069208489974;
0,054031345757435;
0,196412903919907;
0,758802270610455;
1,04357996959441;
0,856191088625791;
0,809070407072228;
0,890980938893644;
0,854850835453227;
0,816854295999791;
0,820985001420645;
0,810990673784456;
0,809362989709304;
0,836631427028426;
0,867192723288201;
0,897762204942765;
0,937276184149927;
0,717713761548181;
0,119746701355956;
-0,177676662952523;
0,0116492610459799;
0,0614758813626132;
0,215596359977853;
0,831181308944017;
1,14405003375547;
0,942798649075257;
0,890342182077726;
0,735219970901021;
0,121539108804415;
-0,187059664288414;
0,0153239442056206;
0,0632114261823455;
0,251223787632061;
0,973782266824251;
1,36221318816551;
1,12673771455592;
1,00166625556105;
0,786708130117866;
0,124252180428459;
-0,197808082042636;
0,0174853869617554;
0,0663445587992529;
0,0720974351464003;
0,358456859960074;
0,522386523868804;
0,443598448981376;
0,408706050360544;
0,358966042550485;
0,20948075739656;
0,112629293606515;
0,115883009796748;
0,156653599536875;
0,204738885284598;
0,212276124131523;
0,147117140544524;
0,103478740191729;
0,149109948035715;
0,152622104236754;
0,031766188925214;
-0,0403760290482751;
0,00131591042644054;
0,014482140654552;
0,188136549058516;
0,689106861425617;
1,0065425844728;
0,954492893734866;
0,975526023577114;
0,803519336011991;
0,137701201003812;
-0,20402414520766;
0,0144545033951857;
0,0699588198647758;
0,169287315609358;
0,675377950690621;
0,898328617200893;
0,668956667230117;
0,602791317820343;
0,701986515246607;
0,731713652762906;
0,773272034017418;
0,841729201565418;
0,872645275181433;
0,875663100547961;
0,888138963697205;
0,915402476932648;
0,937732918878551;
0,947343984488818;
0,948813377611635;
0,936946203262784;
0,915851802772074;
0,89550394978971;
0,871731072207002;
0,847615141534075;
0,83240735235209;
0,82150580923866;
0,812252544552926;
0,804418731558473;
0,792914775062518;
0,784217834160589;
0,786220180688585;
0,793818068688575;
0,800728562018148;
0,805873129653537;
0,807872102131647;
0,803704501022093;
0,795035459855141;
0,785188092005259;
0,77491090067809;
0,767764907739429;
0,762164000471238;
0,741014185302613;
0,692493569062615;
0,624797991435128;
0,549698704559263;
0,478951839813414;
0,41746896469229;
0,354504171560363;
0,294546249071673;
0,258563820640158;
0,244596312272766;
0,242624188071559;
0,255129503228178;
0,275105379223581;
0,307697461344042;
0,370847444602532;
0,438889741141417;
0,492672839734102;
0,571445670239133;
0,688545060623534;
0,80726292440922;
0,903193028392751;
0,972099496350989;
1,02204525875446;
1,08438916087525;
1,18955300543415;
1,32354491822664;
1,44112735352667;
1,50056200490537;
1,48143823627886;
1,42360840785115;
1,40260722469627;
1,4291901302453;
1,44811685158741;
1,41943065265031;
1,32690188501537;
1,18523135680414;
1,05485247279105;
0,965046450741629;
0,901744995575793;
0,862741976622919;
0,834747237297912;
0,800637734186069;
0,81190635405972;
0,885062317280185;
0,898414118545772;
0,829813733255227;
0,789378693872053;
0,766447412981518;
0,714620355474081;
0,681685432857882;
0,677132975588468;
0,657680303526387;
0,653724719630943;
0,695298777378938;
0,710758480271308;
0,674846401968154;
0,647825323069482;
0,662881008314524;
0,713822123607588;
0,745088817343758;
0,743157219153216;
0,766322196104959;
0,782740397648701;
0,740800501789654;
0,713217975516337;
0,743427477716737;
0,778090092086877;
0,774632599731204;
0,725824135161382;
0,694323813180216;
0,724663751726626;
0,768848646565623;
0,77525529293219;
0,728301975435788;
0,693668612236327;
0,723961783420467;
0,769390710831572;
0,591725011458492;
0,10242432943777;
-0,146547098877213;
0,00807918572894208;
0,0513818282223785;
0,194251460331509;
0,741453162702177;
1,02031322347043;
0,844569126752475;
0,799722900987078;
0,655622767927923;
0,104447851699011;
-0,166384994667764;
0,0150796605163485;
0,0555943192886227;
0,156770823277721;
0,633318377714454;
0,891357759297424;
0,763010775446824;
0,756630271913834;
0,639548255064557;
0,109992632074715;
-0,163766823615271;
0,0121345801858344;
0,0558778725509034;
0,179561765006552;
0,701673401124993;
0,964570527929862;
0,786997039921147;
0,742382533837094;
0,818526887115468;
0,785307387293963;
0,75388065587737;
0,77445444341141;
0,791911288184517;
0,80517531906554;
0,823418055017425;
0,833611491962542;
0,83766470578938;
0,845460374556149;
0,852131552156385;
0,85741924071322;
0,884656715897852;
0,937741218485967;
0,986938796462328;
0,973913704703048;
0,882971211549198;
0,853919389696087;
0,937850559784302;
0,998401780992159;
1,00114358760446;
0,985698796991254;
0,972077989754911;
0,983148574340493;
0,993706781235509;
0,969376775698856;
0,926094183027499;
0,903007556455979;
0,89691324956022;
0,885664880270662;
0,886901554927973;
0,894960325490829;
0,862805236068016;
0,783213684037368;
0,670492423081787;
0,524900055009413;
0,409861365902805;
0,421377294396276;
0,51722200784042;
0,56803192649191;
0,549784220035356;
0,488108914704807;
0,377299848001932;
0,271127021176933;
0,220181024581795;
0,192220108840227;
0,18385784573609;
0,204365842384273;
0,226247498618441;
0,26314469852768;
0,340384940133907;
0,443470233789306;
0,547349006876832;
0,63441412492251;
0,713306003827777;
0,798129452001209;
0,872867526238974;
0,913954146598881;
0,910814708326732;
0,877101792659163;
0,847713846898797;
0,837299023540044;
0,835681735870289;
0,836876174859244;
0,8439002129928;
0,852715017436584;
0,845412294010885;
0,820283005488852;
0,789560120187943;
0,7531018412591;
0,725920263148133;
0,726178987944549;
0,745866568524631;
0,780411245333784;
0,81770022088935;
0,829798862867261;
0,8208549847817;
0,820414935860299;
0,842436744408673;
0,882429065795917;
0,91964266081995;
0,934797091743179;
0,931247361428162;
0,912201628977003;
0,878912571923697;
0,849469465106481;
0,831288205480868;
0,813595157572543;
0,798541401715098;
0,791630720098087;
0,789275565143808;
0,794789410943447;
0,804342328228912;
0,802107712695737;
0,788269134923017;
0,776527182515756;
0,770387488484882;
0,768905831204896;
0,781542447885286;
0,80479372182783;
0,815998591624866;
0,800799869206789;
0,76141799681452;
0,718690201084576;
0,693014614999353;
0,680340658013414;
0,658379492567291;
0,603690379793154;
0,522544616271746;
0,451223574181763;
0,413436426972088;
0,405339104656917;
0,403214109820278;
0,383309403118796;
0,349750207223154;
0,242009010313639;
0,0358325260370826;
-0,0582413062717258;
0,00488110830663893;
0,0197305829712057;
0,0796692695750536;
0,315934003068545;
0,469932015974226;
0,465041944733776;
0,535336174071216;
0,663767980171375;
0,732172815218726;
0,797033125089992;
0,91076164521565;
1,04258600092615;
1,14714330779574;
1,20284605607918;
1,21545347288856;
1,21417212938399;
1,23371242475028;
1,24793405605323;
1,21443099895621;
1,1928627393105;
1,21665179683416;
1,24115733878473;
1,2667729247233;
1,29110312492607;
1,28954161379888;
1,25443261950959;
1,19591035243223;
1,18630058031347;
1,26514457572666;
1,31291441184188;
1,25642024376043;
1,18636606624365;
1,05429423054558;
0,796347338659286;
0,665314881038399;
0,718421687181312;
0,704897762275263;
0,669627364638123;
0,73276719841778;
0,762891349303006;
0,710569556659805;
0,671853225838826;
0,666871904525984;
0,662740980881967;
0,632884303579695;
0,590733377124419;
0,593093376205402;
0,636923768124667;
0,674502956739359;
0,694077896196099;
0,701688057264624;
0,702290838659236;
0,703276296909699;
0,698559192953808;
0,68036833010176;
0,657457177200657;
0,637692297475016;
0,64355889978553;
0,684658532734476;
0,695984533820405;
0,657667914447949;
0,631766507673331;
0,632619586936324;
0,657095625433834;
0,710805302434391;
0,767391669302062;
0,799373850217716;
0,763336065535278;
0,676887660149232;
0,678890499773505;
0,770107186319887;
0,810153357314044;
0,775437937936335;
0,720871272984821;
0,696747319996423;
0,702460775135263;
0,69428220570714;
0,680686277894534;
0,681547882564275;
0,68563036622656;
0,695954297464225;
0,719461735226989;
0,746046883471435;
0,768769696374511;
0,78040677276984;
0,772189834554114;
0,758200294664163;
0,758062289106418;
0,769413415601905;
0,778337577919169;
0,772436311109957;
0,758894538383366;
0,754083040835653;
0,755455754420061;
0,760889378612843;
0,771118899768451;
0,777569692629507;
0,771514934922734;
0,756800256120934;
0,756727406985442;
0,771972897586591;
0,778756504480015;
0,776161075431999;
0,771665948185661;
0,767117175259452;
0,765810414185273;
0,76141321013159;
0,756071237967167;
0,764595716723012;
0,772745005514956;
0,766674936888088;
0,75893846117162;
0,751361173462391;
0,745587409500488;
0,751908868203614;
0,789650852755732;
0,870196481501;
0,961810332610893;
1,03047396908642;
1,06489636881395;
1,05453287576627;
1,00261357525639;
0,9400818325933;
0,908398090992558;
0,922238931015427;
0,964503532658043;
1,01507089710115;
1,04196583169525;
1,0169402602079;
0,969759174936908;
0,946163919076834;
0,947786084393914;
0,948826079160267;
0,919169390985054;
0,856269627364216;
0,791808741384718;
0,748279647536804;
0,719848931214215;
0,679873821206107;
0,585291553259994;
0,430342816055736;
0,298482681617446;
0,258057999729874;
0,263782046945015;
0,266965340667855;
0,282474002524618;
0,300130350758852;
0,289851043989437;
0,255976186862773;
0,215911131894829;
0,199678826570439;
0,24046256853567;
0,322949169084146;
0,395975996940648;
0,447014919741449;
0,505065210057678;
0,581921921085892;
0,668078858811202;
0,745746515817651;
0,796988376126642;
0,821018373675393;
0,822685905490595;
0,810961137865089;
0,807158003309239;
0,826436267086065;
0,859802165905781;
0,885910070455207;
0,872648147107572;
0,820337632804473;
0,810137898248322;
0,860178439711751;
0,891825334137935;
0,848211050496952;
0,748455658315547;
0,717368153224063;
0,764491963266019;
0,770853019206812;
0,743362753243344;
0,732113885100212;
0,743822472758189;
0,76201687565585;
0,762043647387858;
0,788554537695125;
0,858776911460496;
0,878063463268589;
0,840351020077565;
0,834052718918966;
0,84407262114602;
0,832342323819455;
0,822790837002253;
0,817790642648274;
0,798707718101045;
0,773464434843026;
0,760644164869535;
0,765182483045124;
0,7776710921617;
0,779054872974057;
0,570647352720278;
0,0891127473862212;
-0,13911028302444;
0,0105876210887908;
0,0475465103514643;
0,156318423770245;
0,606977523916642;
0,818183558751246;
0,620995813413865;
0,520632273974451;
0,531139183665827;
0,46500563461642;
0,40410111660832;
0,374981280492414;
0,331285370797192;
0,284686181386724;
0,261261221113697;
0,255263933778225;
0,256347948574047;
0,269559577821194;
0,215098918666469;
0,0401651766224031;
-0,0541137712725334;
0,00218603572764117;
0,0193014310207869;
0,162772171387061;
0,598342011192236;
0,85117231077972;
0,772913196533773;
0,801807265656433;
0,954209330514288;
1,05119493587117;
1,13959011082837;
1,21436401546805;
1,23990496872381;
0,928053746099601;
0,155197896896065;
-0,228421977891526;
0,0141470982794703;
0,0794419407707769;
0,287568365419319;
1,10675710082519;
1,52411186605903;
1,24824100127633;
1,17294367107541;
0,979147137716126;
0,167910486906603;
-0,250514491921282;
0,0186613700995463;
0,0854387727407346;
0,279635866016207;
1,0988300891554;
1,52667784290461;
1,24459098638681;
1,10656132543373;
0,866688848407218;
0,129840390224481;
-0,217387133675445;
0,0219274810718429;
0,0717239916997976;
0,145326096242356;
0,613385136429386;
0,837910671855476;
0,650930725169588;
0,591707528780387;
0,494157591234024;
0,0830407442615661;
-0,126416589293459;
0,0101275611269673;
0,042799876985398;
0,154021567983456;
0,599181882057195;
0,841623783689084;
0,743343041457689;
0,777082623232164;
0,871047424668102;
0,790420572128679;
0,71142401881221;
0,724521395338576;
0,72475867914005;
0,71110937276641;
0,729127829898445;
0,755268784274781;
0,764130146860153;
0,762013130495314;
0,760299684221136;
0,760083315740023;
0,763433671101849;
0,777478565887115;
0,800807100810486;
0,803166580628617;
0,769236004572291;
0,752030262058502;
0,777787302293018;
0,804923424803183;
0,606069268845363;
0,100181986208598;
-0,149210507493055;
0,00975486239849716;
0,0516641887288377;
0,176329179654842;
0,68635072975781;
0,953720786011348;
0,794008648325385;
0,752853562841202;
0,62335528189516;
0,104353175946857;
-0,158926010476969;
0,0126305358657995;
0,0538672803423733;
0,190903974670858;
0,734851799055593;
0,995115089259984;
0,789341494572143;
0,730386584066986;
0,611326872275864;
0,102829428184339;
-0,156585089021187;
0,0125991244287911;
0,0529838247328488;
0,189978168135562;
0,740559107518458;
1,03306373386646;
0,872874535892789;
0,848198938562639;
0,714654500632066;
0,124292781773538;
-0,183137919697028;
0,0130564698481274;
0,0627111390151708;
0,26427578657153;
1,01795893459054;
1,43402695663195;
1,22962938305951;
1,18291610826455;
0,982533105465029;
0,169430723232951;
-0,250966682121678;
0,0180905559876202;
0,085873412644353;
0,263075993227865;
1,02106523488285;
1,36242228349702;
1,0293402454015;
0,908376056721095;
0,754091712448761;
0,123084752221662;
-0,193069370626538;
0,0170786309739581;
0,0646463507181751;
0,00603876153921798;
0,114639864403925;
0,18553442860554;
0,246059026844607;
0,446659578089251;
0,578152560382498;
0,446095928622032;
0,192859209781361;
0,0708064912166605;
0,161057812352645;
0,315202883077872;
0,356640615061295;
0,315203390685997;
0,344768598645323;
0,481940901952131;
0,664536893419136;
0,846500565146409;
1,00416097967222;
1,12546495675196;
1,19224900603232;
1,09964853469369;
0,886834820629429;
0,905491723970996;
1,14091280014472;
1,22267859184413;
1,11864795103644;
0,967447778787982;
0,889987709298522;
0,899925201455353;
0,867378296759602;
0,796167137540339;
0,753389561957005;
0,729254466582252;
0,722679022914867;
0,745805751247044;
0,785827720604423;
0,82301333606991;
0,848270731717759;
0,861715675384326;
0,869622647999907;
0,876893002736702;
0,88472472810639;
0,892028629118391;
0,902258917940481;
0,921999319410634;
0,941208276471834;
0,944583135361079;
0,931806430357933;
0,906380387089966;
0,877095311921525;
0,857678083074916;
0,849660707942184;
0,848273408813639;
0,852263103691887;
0,852658815412301;
0,836853600131977;
0,811682390462921;
0,791269417228602;
0,775998822595093;
0,768668432051356;
0,775801236195418;
0,795143063512144;
0,822028424681369;
0,848427720906422;
0,864119155829918;
0,863896437440334;
0,848016941410613;
0,828778906115954;
0,821833312635515;
0,822399914770694;
0,827637913534785;
0,840682943514435;
0,83809366937821;
0,821591093824444;
0,819023770592677;
0,791309721211311;
0,704285541202679;
0,624060702219181;
0,580424807653078;
0,526536157361724;
0,354047081863234;
0,0500567513748822;
-0,084112477524382;
0,00750796894263261;
0,0283255929501364;
0,0855942567033542;
0,338927334165454;
0,472384240690999;
0,409639712716672;
0,424812111237281;
0,368202958280544;
0,0653641367107609;
-0,0946979141157303;
0,00636491830953754;
0,0325884446640939;
0,179397490627372;
0,675535461206897;
0,956356360867652;
0,859429245189805;
0,904269121427278;
0,990459087915245;
0,830010467736964;
0,74258611621767;
0,872010009746947;
0,978475998905708;
1,14701336020293;
1,48558562509785;
1,65852783837453;
1,55711857459902;
1,45868275812656;
1,41283433548024;
1,3423534707385;
1,27904838101728;
1,21931252778766;
1,14541698732673;
0,814871835750033;
0,127771283983412;
-0,197794673605243;
0,0144077959693814;
0,0679172977285224;
0,217586566160335;
0,832993744212615;
1,09154297897336;
0,799391367482296;
0,696986330677296;
0,755548137159554;
0,665875420256762;
0,568218038758087;
0,532426032635975;
0,487862449810308;
0,441206003275377;
0,429752184926235;
0,461029339751451;
0,532399081110079;
0,629618569689212;
0,724715797407297;
0,802107148311973;
0,861951757850203;
0,888548216657609;
0,875618404462894;
0,844643535793343;
0,808850798531793;
0,77523173383158;
0,756766459411509;
0,748980352791127;
0,72644581366883;
0,692216966066093;
0,685568958960268;
0,718441533018652;
0,774826040293409;
0,847056491546739;
0,91160951594011;
0,934324467123385;
0,916780646172099;
0,882251489826826;
0,844731842379131;
0,818525893311614;
0,811497477822267;
0,811219745985173;
0,809139620802965;
0,807983488092356;
0,801687497567741;
0,784693980825544;
0,76597102637872;
0,760355326151487;
0,779962096227909;
0,824897464200014;
0,879306967329226;
0,921946489875118;
0,941965640110971;
0,911745439373633;
0,842400620115087;
0,847725981825139;
0,925374672010465;
0,952321825818604;
0,912230801392282;
0,846811351132261;
0,813609670653379;
0,824143053468126;
0,813341064225629;
0,787584492668071;
0,789699036028007;
0,807101047618427;
0,826012985459454;
0,853034806690442;
0,888022353931039;
0,91953211476853;
0,932453932975087;
0,925494593836828;
0,91984134585268;
0,6884141840302;
0,114962708666179;
-0,169761104142156;
0,0107473911263631;
0,0589271226067983;
0,178645767299698;
0,707815505504539;
1,0066372922053;
0,905964933336091;
0,954899246585438;
1,08809243284015;
1,06117216592764;
1,01564494209719;
1,04128076128409;
1,1066177397888;
1,18411215475077;
1,24131709710693;
1,25991977880492;
1,23278086227372;
1,16339502640624;
1,09633077665994;
1,05413852777751;
1,01604964422967;
0,991033169546481;
0,995640900866683;
0,993429911479339;
0,942155981995042;
0,856603993255656;
0,77145876221583;
0,713240867313517;
0,687999440390078;
0,641453030378788;
0,529007244493345;
0,392434990299564;
0,300948454279906;
0,279634270606997;
0,30838820636377;
0,365425844208859;
0,429069039549255;
0,468160562978959;
0,481715763983223;
0,477828084195093;
0,445825050043622;
0,402512426659893;
0,385876349713648;
0,402988982170529;
0,440185728480442;
0,498523617237599;
0,568409448282611;
0,619072580887292;
0,646795323074093;
0,671288197213313;
0,709767904980379;
0,780870627896646;
0,876867727514369;
0,952525103945652;
0,976920199599699;
0,959817828463333;
0,929141474645349;
0,908624662993182;
0,912070605727765;
0,936566946523959;
0,961065074583579;
0,97077107237453;
0,962300596098509;
0,937928430402746;
0,916996044581587;
0,917348720489724;
0,92731487375211;
0,928456517103108;
0,925330377837017;
0,925543467156007;
0,927364737001388;
0,932891624969533;
0,935272048666618;
0,919436664440697;
0,888937059776441;
0,858626444587689;
0,835825130344448;
0,823563892598013;
0,819478205108119;
0,817785398938555;
0,821709285451957;
0,834721041028928;
0,848513810620363;
0,856389163081245;
0,858528122918135;
0,857005783204576;
0,854171107517158;
0,845226678250614;
0,618489239083528;
0,0973991602472099;
-0,150924768190149;
0,0112189530904935;
0,0516987746208013;
0,136961135566271;
0,537142178621487;
0,700878099484122;
0,492862855008849;
0,403517149009511;
0,331525649882096;
0,0519426929982394;
-0,0848810001308914;
0,00842401996640003;
0,0280147907568984;
0,0737949806481845;
0,313279048639948;
0,471845022554745;
0,449942069450931;
0,474851784053019;
0,406542610518229;
0,0752915546730153;
-0,104488029103646;
0,00567049663062895;
0,0365597505087739;
0,250992932610517;
0,939095310624552;
1,35584246038857;
1,25012379041504;
1,26056504106243;
1,03498943055105;
0,173020562304416;
-0,262443016546968;
0,020247867528043;
0,0892665962064323;
0,293909781999744;
1,14485354710438;
1,5607405184753;
1,23809856973893;
1,1319112927279;
0,943499196176561;
0,160388085397273;
-0,241700805913593;
0,0187534854899682;
0,0820915918119223;
0,230084208737381;
0,896912575303265;
1,16916679903408;
0,825853750515148;
0,688433016498264;
0,750944240174396;
0,692949791641725;
0,652143365328748;
0,669558873509807;
0,648635442251472;
0,601532884844842;
0,573763320636207;
0,55788225758502;
0,549753366368859;
0,564134472218955;
0,437935297407572;
0,0773711969763445;
-0,109168355517641;
0,00572768299873323;
0,0383837631701314;
0,170549449176901;
0,646965756924994;
0,90600117718185;
0,779373058344429;
0,758713230333547;
0,83606163317704;
0,803743236379952;
0,756642121757271;
0,75663292476265;
0,765010833498191;
0,770765076210836;
0,782618183863154;
0,795270357160023;
0,802700037287235;
0,807022534570137;
0,811548572883056;
0,817891009090549;
0,830612899274907;
0,852470459413258;
0,874023785785042;
0,883103702335696;
0,877953397037275;
0,864216244412148;
0,847038957809965;
0,827190890263742;
0,802711661070835;
0,777223542292709;
0,762293560993687;
0,761886264677263;
0,766858415793705;
0,770363623621574;
0,772836507182478;
0,779874937245408;
0,798250563667047;
0,822609820235226;
0,841314499352143;
0,851919806653115;
0,856640749897376;
0,858127553195157;
0,859824514742611;
0,861652870866845;
0,859233481251238;
0,846465544469263;
0,82210465424289;
0,79411104903463;
0,797647868136593;
0,845934211322051;
0,863229472327191;
0,821640600316889;
0,788056824255146;
0,799673238478896;
0,852692148624253;
0,89721873476988;
0,906442157312666;
0,926380874466953;
0,968173341731621;
1,00621918735495;
1,02713532168093;
1,02223793808319;
1,00652677777534;
1,01014875819143;
1,03730641886755;
1,0725313453263;
1,09046889121017;
1,06176812349063;
0,998000809182042;
0,935822500802153;
0,889139569975065;
0,889073520804318;
0,987478821064864;
1,15147470523937;
1,26318256801779;
1,26187519601931;
1,16837856631094;
1,02415383750844;
0,89588821493131;
0,839458176840276;
0,828340191901957;
0,788690825005555;
0,697333554431496;
0,580339520815552;
0,452571451588115;
0,332358582720819;
0,270099627449017;
0,296819008679297;
0,393880635736637;
0,455319209678054;
0,369068325662449;
0,258247427341911;
0,288022193568718;
0,275483498843912;
0,0591834088400161;
-0,0725948824670865;
0,00143295302351876;
0,0264605603065795;
0,0210137927094054;
0,115314563598906;
0,197788865677148;
0,228495863538509;
0,301206735515951;
0,507329507849743;
0,817750309332876;
0,948862614486496;
0,858917207096975;
0,826126518948209;
0,860196401198461;
0,86071012165681;
0,862128048511334;
0,865823740482547;
0,844277180902086;
0,80883177010537;
0,787693994527677;
0,788255946590174;
0,791629257023319;
0,794194689057119;
0,596104807375921;
0,099345837327768;
-0,14711996743992;
0,00946176637366634;
0,0509986857841369;
0,178303085008099;
0,689068181884842;
0,949898694077436;
0,786960108314616;
0,761376529830401;
0,861736657472409;
0,861419490059159;
0,858159348132086;
0,880164040996705;
0,867898418722161;
0,832589343058478;
0,79948070045533;
0,773833899539599;
0,761106454394948;
0,752124144577257;
0,756970512087082;
0,787986600667559;
0,7916900925247;
0,759904329822446;
0,745933634710366;
0,71188824750834;
0,631821082311993;
0,59738806664696;
0,612839228123316;
0,588656012135031;
0,544500756941399;
0,525281294322324;
0,5060082552744;
0,476824071285206;
0,445393611218028;
0,310395007225939;
0,0442595549283442;
-0,0744710895824374;
0,00684524265623764;
0,0249678989935345;
0,0749906928155619;
0,301919569064624;
0,424392066614239;
0,356042376288769;
0,342103484647894;
0,396060531920769;
0,436237871879026;
0,504950274342056;
0,600595308857357;
0,683641090710564;
0,763847399194583;
0,872354162028405;
1,00201272327662;
1,12091976857908;
1,20487685041599;
1,2364390544007;
1,23905891215778;
1,26162768299772;
1,30739298534812;
1,35043684698837;
1,36683234513476;
1,33815748792027;
1,27460112970168;
1,20346991937243;
1,15841462939575;
1,17025289065446;
1,22017388680281;
1,25556219948228;
1,24430442424464;
1,18547318728954;
1,1108984518566;
1,06513964010609;
1,05943916350869;
1,06397668201071;
1,03975801499005;
0,969143614290835;
0,870499801268995;
0,786187792884716;
0,745296197876984;
0,731153999272477;
0,707446047745321;
0,666986495691582;
0,622024788935639;
0,587548306447802;
0,581412248155781;
0,593700379854238;
0,590446232922747;
0,567085674215443;
0,550735173283262;
0,55644148940755;
0,574860789969905;
0,585762301063692;
0,572022170686586;
0,550921866111777;
0,554515264883392;
0,614427401094299;
0,72922589496698;
0,787855674852422;
0,754782711156614;
0,743763660302775;
0,777285830796365;
0,80573411216402;
0,823496440540332;
0,831441050104621;
0,830730106546088;
0,826632774932339;
0,814611850925629;
0,786107167945921;
0,745920783045983;
0,716191142127172;
0,73650802931787;
0,800598439795504;
0,808220429913043;
0,744140561543176;
0,708680586940162;
0,733935707739931;
0,793057176371211;
0,837117269596573;
0,839143970817577;
0,835741834593541;
0,625557365660672;
0,102681954012062;
-0,154132005684023;
0,0104441705602556;
0,0532013750422369;
0,159605684228668;
0,6274010569595;
0,863369048862196;
0,705668179092068;
0,673909229337132;
0,75841074475097;
0,751492704159251;
0,742425860422124;
0,765908173449182;
0,778144529275154;
0,781226089132862;
0,780836206099042;
0,77301962143555;
0,763221232649704;
0,762630512170403;
0,777329555724761;
0,795676514188866;
0,802723604144921;
0,797522679034391;
0,794841703661494;
0,814087123952108;
0,853029390716569;
0,889339358524169;
0,91364345968299;
0,938261690248828;
0,968067516432767;
0,997288335726428;
1,03453603912995;
1,08739668374439;
1,13261229458201;
1,13571803036162;
1,09948973023567;
1,05084179159814;
1,00306155326279;
0,973868854262249;
1,00812341652544;
1,08574317092718;
1,08170077475445;
0,998229842461239;
0,964415887410328;
0,72855834036172;
0,121693264250516;
-0,180433102833757;
0,0118088350131156;
0,0624368133328533;
0,220476889404332;
0,832371921546594;
1,09759320901055;
0,830309310036684;
0,739473240106914;
0,741226341373589;
0,522711029876359;
0,345207986562666;
0,345320638699344;
0,369684773209709;
0,274692727775502;
0,0471401667867642;
-0,0671312745185707;
0,00340333885212593;
0,0236966959310025;
-0,0113348722079452;
-0,00364361043072485;
0,00555008339818093;
-0,00102878338203926;
-0,00154197263903666;
0,134993122781774;
0,453269610099729;
0,586929055244831;
0,45548709275365;
0,448426379895282;
0,594474781341518;
0,708488790562314;
0,788151815182279;
0,833401274221993;
0,818053879940447;
0,581372888860091;
0,0878134087281558;
-0,140390953283399;
0,0112711020344448;
0,0477652967562867;
-0,0244224471314044;
-0,00668368924618607;
0,0114701139778509;
-0,00242700476878956;
-0,0030607067822766;
0,223110785343625;
0,756487643537758;
1,00718455124652;
0,810654725992362;
0,731972536972712;
0,801495075386091;
0,795312408055992;
0,786093189488614;
0,800458437471199;
0,800197737968587;
0,795090429787585;
0,792494269964654;
0,793480238755047;
0,797743551272123;
0,798807771980912;
0,797280625083424;
0,784990904446777;
0,757260730984756;
0,734990186566352;
0,733120677019006;
0,741673130569759;
0,747324955334381;
0,745060978135269;
0,736837912504973;
0,727418127243844;
0,71810425324043;
0,710808311650288;
0,707215778694685;
0,705223027116918;
0,706135321290972;
0,527695766642151;
0,0868939984283951;
-0,129893660404066;
0,00862130818430928;
0,0449190032252426;
0,128131494619585;
0,497118763918185;
0,652957739615472;
0,47033188036063;
0,390297705121994;
0,4659412209636;
0,551371137716654;
0,562050008107868;
0,480906804322937;
0,419482875521884;
0,299367580345405;
0,0441058628195534;
-0,0730082150667412;
0,00668645120303502;
0,0244511907717327;
0,0241680179917068;
0,113967178745888;
0,136929051982239;
0,0781304794934035;
0,098946113329743;
0,356839520023421;
0,853985628819161;
1,17434598509186;
1,18519077720557;
1,25155684376409;
1,4011446742347;
1,48426492605419;
1,51864659468106;
1,50943605678952;
1,45522342398968;
1,38272701844795;
1,31520118158107;
1,28065914800301;
1,28224369653771;
1,28129001183201;
1,26433052409321;
1,24408983756234;
1,20579063541718;
1,14736381702306;
1,11760904865388;
1,13986583434307;
1,17219758913125;
1,17547533365278;
1,13902874724866;
1,06724550903398;
1,044694674418;
1,13812006949989;
1,20437725780144;
1,14207671511465;
1,05521411135705;
0,970288818060452;
0,853606764078224;
0,772773195778091;
0,748151241277607;
0,716983824998906;
0,507006544837289;
0,077417304065755;
-0,122439036058003;
0,00948008987388528;
0,0418125273337368;
0,14280124731938;
0,542743222434493;
0,7184134849781;
0,568366923154978;
0,576919861456056;
0,702877998116719;
0,723671968515823;
0,713587532957014;
0,72667696499166;
0,748956459910178;
0,788693205608067;
0,850117334366326;
0,917157389575999;
0,960130763011006;
0,960105784813368;
0,927196423262337;
0,875178333109948;
0,814147754124162;
0,764137827477625;
0,743143703282283;
0,752161194266088;
0,774590030335765;
0,791387979538199;
0,799401274806719;
0,806107946974102;
0,817246121598983;
0,837550929670912;
0,866936279025643;
0,896702249419202;
0,915190775968561;
0,915713041559009;
0,903083597812074;
0,882736635140417;
0,855651906389554;
0,831653546786303;
0,820613063224705;
0,818874553747862;
0,817433611828499;
0,808878478134267;
0,789071640704714;
0,764348173661858;
0,751717633679997;
0,758492633913144;
0,775069326483239;
0,793336809859447;
0,809823739296831;
0,823658584955673;
0,83942924678893;
0,855175881034369;
0,860609468521636;
0,852891506700292;
0,838173328539448;
0,82227040173918;
0,811779326256866;
0,808623746424128;
0,804051587849516;
0,794765781307622;
0,786974087207495;
0,788526463087744;
0,803984659663596;
0,816532765194302;
0,794292499692567;
0,733820006182813;
0,677746354161423;
0,658168160534672;
0,664456675608313;
0,706520768279771;
0,799805082294783;
0,901015084261444;
0,963227507099985;
0,987388482742671;
0,999461866359335;
1,02785074763068;
1,09535127081977;
1,19325526350784;
1,19320180721151;
1,03908974101811;
0,974465507212414;
1,09786614931676;
1,21208983689268;
1,2297974216247;
1,18750230167708;
1,15552095889154;
1,15996361046898;
1,14830481752111;
1,13681801727907;
1,16345245519056;
1,18113147344566;
1,16055858089351;
1,13851313302705;
1,05492196309821;
0,861223645735066;
0,730577178623528;
0,695878173463593;
0,578953639343758;
0,320782039910439;
0,026332877293952;
-0,0699232111442771;
0,0111965021365703;
0,0215471618736047;
0,112556256924818;
0,405159011366961;
0,480696935749606;
0,281895455736403;
0,227038424761661;
0,225570124792545;
0,0461168386909456;
-0,0612656946685143;
0,00321458179578897;
0,0213892390832741;
0,157442974485383;
0,584751318396676;
0,835681125256228;
0,754925510045374;
0,753235830879187;
0,623479669938054;
0,106398817910852;
-0,15875381983703;
0,0116613124606973;
0,0542389635981323;
0,181930620400903;
0,696131330953465;
0,929023621418126;
0,72703254424649;
0,689588774945659;
0,800005196278379;
0,804753589650226;
0,764040472865859;
0,741656151015526;
0,744620058824983;
0,562138219041487;
0,0933424471653814;
-0,138721404224414;
0,00905815261053858;
0,0480272370884076;
0,182020909047184;
0,701370488535432;
0,974860485860617;
0,816580548047809;
0,779568186245718;
0,881260394570234;
0,90118228916628;
0,877790233843121;
0,846570950620535;
0,81802873915408;
0,794716062339172;
0,769985662216174;
0,752969171540366;
0,745508979465145;
0,73748163711012;
0,728719537758365;
0,7246303884639;
0,721541474562963;
0,71564761334758;
0,70317654828256;
0,676372178725667;
0,638537491643492;
0,599309879808657;
0,559947695228483;
0,521118980108947;
0,48319951766044;
0,44467889554903;
0,413697204074809;
0,397305337365301;
0,387034229688296;
0,366024497268873;
0,325260711364743;
0,282584196216033;
0,267511470629129;
0,287647378756759;
0,323125098011625;
0,35440240912142;
0,390549786901199;
0,441196646120011;
0,500567880468082;
0,577335531291674;
0,673891658708951;
0,771519379838807;
0,871026387605228;
0,984206872353052;
1,10553031287246;
1,21474344166588;
1,28542237092258;
1,31953187475394;
1,34633523616335;
1,0188010375978;
0,170820997561792;
-0,251584129698887;
0,0158187876927495;
0,0873669321557548;
0,302912045931653;
1,17142746318185;
1,62177992124264;
1,35672832245448;
1,29948179950099;
1,06921143775051;
0,172170497654184;
-0,271458291612552;
0,023883791465657;
0,0910181761182128;
0,188673602435483;
0,779284011361547;
1,02922267671631;
0,724081582982683;
0,584382729541188;
0,470074817280159;
0,068659403758702;
-0,119635259076606;
0,0136347593012691;
0,0387247325396679;
0,0957861433117818;
0,41090675630783;
0,610567232484035;
0,560443526689284;
0,554946284859012;
0,450865253851052;
0,0750785789319686;
-0,114035891079568;
0,00877649756399527;
0,0388059953697288;
0,177212885966939;
0,669020219962576;
0,918301906544641;
0,764084888349813;
0,742212246229508;
0,827647986312665;
0,784900978949754;
0,746921864895386;
0,777517691532889;
0,800220403348468;
0,800058893794304;
0,776638172025192;
0,742609158494249;
0,732857920909955;
0,740452738752668;
0,750659411142084;
0,768724550171574;
0,790964059734796;
0,800479558437333;
0,793323991334624;
0,787264989799728;
0,788195521574657;
0,783528852138417;
0,774127975303692;
0,770603312583965;
0,774811520952816;
0,783744365021851;
0,789901506317213;
0,78640415927396;
0,779175978756596;
0,776871422344936;
0,780067389705674;
0,793620644470186;
0,824989750056301;
0,866173143217668;
0,864285283704587;
0,797563467949072;
0,770732622300401;
0,825900865953813;
0,874316100665616;
0,660943737359482;
0,110419206315134;
-0,162758275127705;
0,0101679751110516;
0,0565636690554329;
0,190805789688848;
0,727668626689779;
0,967145460662683;
0,73071107393757;
0,633794386101393;
0,510182611018668;
0,0766688915317977;
-0,129154141540609;
0,0134931878517676;
0,0423704826314499;
0,193399160268971;
0,717355900242577;
0,950614443510997;
0,760577662379334;
0,720688839010981;
0,793205762839582;
0,790896795343207;
0,815825228536619;
0,871119801217916;
0,920474594647826;
0,913299551340341;
0,821721855640176;
0,788223849970568;
0,867289875845996;
0,932591921075206;
1,07146270755418;
1,38477283144533;
1,56083012479394;
1,4527770087863;
1,30427796917649;
1,15661636347466;
0,974503411643687;
0,872096537945969;
0,861952747231732;
0,863813672693593;
0,834881361663097;
0,757060703583866;
0,648297086684489;
0,562483865280535;
0,531978466839435;
0,54591197951672;
0,565791068843012;
0,552069573543458;
0,502193111143306;
0,462012559751716;
0,342032516417981;
0,0609966123381845;
-0,0847381418588643;
0,00393122291485442;
0,0300382488775827;
0,120068277540747;
0,475618087223715;
0,71958400943599;
0,697017030058719;
0,67856349133205;
0,506420118854771;
0,0674214909319436;
-0,12376164777181;
0,0144926736368638;
0,0400396579990109;
0,154471058017088;
0,611021710450226;
0,87610691126826;
0,800620493293876;
0,84193401916007;
0,959888177352606;
0,945944512632669;
0,913943592350667;
0,929915953190819;
0,954062840816592;
0,985682894169091;
1,00745203387004;
0,982667327481065;
0,935941411380831;
0,907973694434332;
0,895417483714608;
0,889022759382268;
0,888544926503714;
0,880934261928776;
0,864421209813433;
0,854483580315114;
0,854550858784163;
0,860370249576443;
0,867562535860545;
0,860419359169659;
0,832845239509322;
0,812088319517714;
0,820374196056516;
0,843665582718149;
0,858520233091699;
0,854301442225895;
0,832271132106836;
0,812200464894126;
0,815972086283872;
0,832595936846155;
0,837248196619422;
0,822054047882137;
0,78665324061129;
0,734906401663238;
0,680093275698696;
0,63509793971627;
0,597861108186348;
0,555344995507997;
0,504461367298174;
0,449205123141728;
0,390012474980153;
0,333290475581219;
0,286269449120144;
0,249575844033742;
0,228391750380993;
0,231725121506686;
0,257565265942576;
0,286500548975402;
0,308515240223961;
0,33665662771898;
0,376833560553246;
0,434683667686301;
0,519517010898458;
0,613981229294768;
0,698444755248243;
0,66959812489896;
0,488821557549986;
0,446139451644452;
0,61702123340427;
0,724591832249626;
0,898501683226371;
1,29447851486082;
1,48941276478362;
1,38496353584309;
1,36591130696113;
1,42455808369461;
1,41057989156945;
1,39442027844191;
1,40496247105438;
1,39796495957958;
1,3545909359707;
1,28916815934556;
1,23815700254392;
1,22420320677717;
1,22791318316991;
1,21651106651919;
1,17075325082032;
1,09069583004256;
1,0072970258996;
0,955980818600051;
0,939556151683245;
0,93446409430065;
0,902700720701899;
0,826601542817648;
0,745103754512529;
0,703938330585781;
0,708793285062387;
0,7441407989027;
0,771960130436701;
0,757702156344238;
0,716658987090008;
0,678732865090524;
0,652344632928641;
0,645175537134039;
0,661261945732533;
0,682344201729133;
0,682407007883629;
0,657550165539627;
0,642552814499237;
0,660373417200094;
0,723469567572918;
0,823844507420797;
0,861919496070221;
0,819628383211182;
0,78329924750526;
0,781184214633339;
0,821388737838567;
0,850624442349027;
0,823934982618666;
0,785715664217946;
0,733132822413367;
0,675541794121857;
0,683437517025638;
0,736615772876766;
0,769105328014304;
0,754793566526429;
0,693589648266423;
0,67526224629456;
0,732503079275268;
0,773911520428153;
0,812862459001233;
0,880698718470228;
0,888595376311766;
0,833802611477671;
0,803867186252595;
0,593962297897589;
0,0936581623958595;
-0,145720097916135;
0,0111733099413196;
0,0497404670226588;
0,195321349211041;
0,739691469320835;
0,993575942957078;
0,790825326660551;
0,757631436731607;
0,651717590183926;
0,113446521088394;
-0,168111452480709;
0,0125005704414643;
0,0573046719238547;
0,182999621641027;
0,726728444533765;
1,03927837350968;
0,928265764636937;
0,937935704730413;
0,780556159027765;
0,130778282957847;
-0,198450402942435;
0,0154498740610841;
0,0674230604334573;
0,237321845489525;
0,910790313823459;
1,22372445183201;
0,956094388692947;
0,887688003031339;
0,757064812013553;
0,131599263570131;
-0,195172574217407;
0,0145339974165082;
0,0665229769047059;
0,241728302555278;
0,949716058593103;
1,34827883093866;
1,16194768665233;
1,09813950446181;
0,877389235826037;
0,135004769861658;
-0,221098614998639;
0,021289227812103;
0,0733671317982176;
0,162089579592432;
0,649687823029228;
0,803598027419135;
0,452740905659459;
0,265458007830123;
0,420602738927846;
0,69534089129411;
0,727771492887529;
0,462701604852299;
0,289120797232367;
0,279349176905072;
0,281719929319204;
0,292614235935337;
0,342093447507922;
0,403158254904276;
0,320332376387956;
0,0526163285108825;
-0,0793210024026217;
0,00556058359005905;
0,0272846234232348;
0,187076138390753;
0,685036651751932;
0,938789490659518;
0,79349732525403;
0,793690213917635;
0,943649236028732;
0,995544166679935;
0,99497216640865;
0,971730127176324;
0,903714293137415;
0,826842797701384;
0,785719566310711;
0,788567181995325;
0,816484047280485;
0,845830231110559;
0,641668870286179;
0,106914751338803;
-0,158372037004818;
0,0101993161867773;
0,0548928104143082;
0,202173451110257;
0,782512287901494;
1,09254006263289;
0,924222040830972;
0,890828668214195;
0,740201597694849;
0,124051725197887;
-0,188835265103551;
0,0150086520771792;
0,0640008976441852;
0,20543098106676;
0,802942579729797;
1,09937134821742;
0,887971761255314;
0,823826992904523;
0,897515208274407;
0,859060679207732;
0,820904813056943;
0,817459923055321;
0,799083791412209;
0,777726989118723;
0,757855465200477;
0,7247975209033;
0,67932230486087;
0,627252053851429;
0,577457155115861;
0,542029689223047;
0,519282200309736;
0,494835287593307;
0,462938456781435;
0,431973474967574;
0,414120968627778;
0,415634995942942;
0,42765663160547;
0,433126992325541;
0,427651799250738;
0,429709953896051;
0,457589334506507;
0,503222733019463;
0,553119831479202;
0,598576195981471;
0,628446002710693;
0,64932862738395;
0,683979539587163;
0,743796986829717;
0,753865918827371;
0,658053210240867;
0,610073694204493;
0,68540875888101;
0,757862401982553;
0,917904406978458;
1,26214931028732;
1,49826853487655;
1,53025020357886;
1,58897518328453;
1,23320255363295;
0,201680103153266;
-0,306404128730737;
0,0223769287787075;
0,104966390588941;
0,299972800251701;
1,1815618961572;
1,59016347046164;
1,1988449721557;
1,01580278274701;
0,812029981756311;
0,124358527987908;
-0,205817440102705;
0,0206383067183751;
0,0678968221686195;
0,106499352939013;
0,471042352853125;
0,641906202030678;
0,501237667477192;
0,488482045505876;
0,426818834671666;
0,0740660090304382;
-0,110246181329565;
0,00836975933672241;
0,0374993355538658;
0,211608916178686;
0,812151338466914;
1,18812774108611;
1,09781900943772;
1,08761923301234;
0,884384738928461;
0,149144423657589;
-0,223935078987294;
0,0165687994368942;
0,0764923146916605;
0,188749624160702;
0,744254514903255;
0,972370858084914;
0,710543513998072;
0,653871019824577;
0,772855799443211;
0,792699256647454;
0,820527930818057;
0,883374269805895;
0,916631788123629;
0,930971824460351;
0,944645541957592;
0,956650507052453;
0,974869449516736;
0,995699916606256;
0,747951292756937;
0,122313332073173;
-0,184035989900947;
0,0125352612304238;
0,0635022336799201;
0,171146097509395;
0,681542801753411;
0,941816977218463;
0,782751227525875;
0,771088387725925;
0,656149640817699;
0,112096102271987;
-0,168218275494573;
0,0128823099784421;
0,0572053978044103;
0,21553484293479;
0,831302093429015;
1,14711636489412;
0,945622839664669;
0,894217517517098;
1,00152674727075;
1,00800197391568;
1,00724704507763;
1,01388614188839;
0,982502558312906;
0,966592013253479;
0,99699781709507;
1,04944201058189;
1,0913078262099;
1,07841970696794;
1,00129973374605;
0,920857295437163;
0,897205523776414;
0,926124946203122;
0,98826113021991;
1,0662882177292;
1,09897843137743;
1,04986218032245;
0,975557553354124;
0,945369915861972;
0,978177735352363;
1,05907867658358;
1,14452515766929;
1,18109189465874;
1,14781968378147;
1,07144302898172;
0,99840125384639;
0,953387768186498;
0,9333909205487;
0,918776907360944;
0,668320688270521;
0,102353890121029;
-0,162744926207138;
0,0131468135373701;
0,0552925874102633;
0,122146802823467;
0,496068604547921;
0,663517371727243;
0,499938692124315;
0,431569470983141;
0,48740126825347;
0,548307798103357;
0,566211471706579;
0,513510968623308;
0,46183644913011;
0,319236393639485;
0,0412105618921989;
-0,0763466673008891;
0,00871618227510325;
0,0248506610985311;
0,0978027744810211;
0,37613490863534;
0,503785619869212;
0,398842805265872;
0,406923582136306;
0,53151121634806;
0,60916930657614;
0,667712079950351;
0,727645140835306;
0,765145298829466;
0,582965237936417;
0,0987771489090724;
-0,144146110572223;
0,00872472253254075;
0,0502018186327402;
0,190212786950499;
0,726729737642401;
0,993934728502503;
0,808573009556963;
0,767410022923571;
0,862230324765581;
0,844921927670759;
0,815872144485991;
0,823673283739762;
0,827144130850419;
0,815550850868699;
0,782014571188336;
0,755730393742471;
0,755388450618053;
0,753129698923286;
0,553893371321487;
0,0887997317263715;
-0,135562637915042;
0,00961500536836497;
0,0466292147164953;
0,157967957102995;
0,61684806734951;
0,858070426914522;
0,715700683435129;
0,678035031345178;
0,559136717401206;
0,0925996168049997;
-0,142341892360193;
0,0116303375551465;
0,0481113620031608;
0,15317843280558;
0,590161592110493;
0,775552744502182;
0,565889044707899;
0,484793147943297;
0,535851962082353;
0,519770197422257;
0,506186579776989;
0,507304240552003;
0,478998694747147;
0,440683614229413;
0,420764098820638;
0,431450045978972;
0,47879176267308;
0,544863793710203;
0,607026569133063;
0,655162513727934;
0,675624642505603;
0,6807034975621;
0,710339009823121;
0,776342341532526;
0,864722922614338;
0,957571464623062;
1,02818508699666;
1,06335833964463;
1,08041337270102;
1,10772432472923;
1,1583540729807;
1,21561405169516;
1,25256515930628;
1,2661279876973;
1,27668608799679;
1,29859120444669;
1,32098392114716;
1,32096222683165;
1,29444273685021;
1,26169049664716;
1,24546047111662;
1,2618724663072;
1,31434217955799;
1,38002177314898;
1,42720821123101;
1,4232104277994;
1,32972090974262;
1,16253458564678;
0,991877502014211;
0,843602289231265;
0,691736684407041;
0,520780774848544;
0,32808963830066;
0,126232044439882;
-0,0128283038048981;
-0,0111957900866779;
0,111635445797238;
0,275126723127991;
0,292816727408394;
0,0672146960941058;
-0,0781391657109742;
0,000270032177152915;
0,0290182129349049;
0,180870151859345;
0,68079971479358;
1,0003649491626;
0,937806820632894;
0,930884474756383;
0,980189829295758;
0,913572591429783;
0,838002376081698;
0,807166590701327;
0,785775380014601;
0,774659284681308;
0,779414811472124;
0,780931758090185;
0,765205810545156;
0,739315994124093;
0,715881143102125;
0,701994918033573;
0,708431209010433;
0,740714612400874;
0,781680001752023;
0,814980854307919;
0,839058256712774;
0,849312656919172;
0,84279483229626;
0,825571510661425;
0,804378135713581;
0,785400585385641;
0,771341518863922;
0,760945627786388;
0,755911306436351;
0,756607737842428;
0,758773268633212;
0,763048430070421;
0,772721971256874;
0,787903821566647;
0,807969788325513;
0,828469708740703;
0,843338152290557;
0,846447009882786;
0,833479199884552;
0,809445225364829;
0,78371750303029;
0,764053995169341;
0,756544456227989;
0,765133002195903;
0,787815002842934;
0,807887341176867;
0,799516721157541;
0,754962911745756;
0,700331228504908;
0,670198801102048;
0,67815853252941;
0,722969774432191;
0,790063311260628;
0,859114095656732;
0,677832601500084;
0,121786055833718;
-0,169283446905824;
0,00818938240276019;
0,0598181036797151;
0,216897177711259;
0,83646792186994;
1,16019179388062;
0,946671099755554;
0,853887763924328;
0,910095398413424;
0,891860218516375;
0,923983658816722;
1,01473491784328;
1,05569183032712;
1,02890896391264;
0,973200260949912;
0,927536464705957;
0,909306582757;
0,91514454035182;
0,919290269863529;
0,887454190568966;
0,835728239605326;
0,825182310738444;
0,864727363336075;
0,863703055518834;
0,744397823890117;
0,548197007289854;
0,376720421904856;
0,315810149026462;
0,387407875819382;
0,527636611770053;
0,658904952115488;
0,729566899109492;
0,696207765371868;
0,551501536536869;
0,356728277925899;
0,234330507857877;
0,263716228862314;
0,371380059996658;
0,436173060301673;
0,439851308508873;
0,43003980305642;
0,442343725925045;
0,486953805051231;
0,556581514424002;
0,640835855490882;
0,722482314029101;
0,788004647473011;
0,839416472859588;
0,875624826837949;
0,899696921013351;
0,919806867063193;
0,931619237488055;
0,925328731973735;
0,902569425817734;
0,884199879457378;
0,890847876220511;
0,912818763658243;
0,916682224133943;
0,891199355983259;
0,870848805277016;
0,887450156251197;
0,91650388389973;
0,916739766250455;
0,876426884449285;
0,825812028293934;
0,820349057156624;
0,837382574056616;
0,816959736949873;
0,7806767204316;
0,760067780906381;
0,75267972675805;
0,757972865012954;
0,767552029177076;
0,771935556388538;
0,775871309111752;
0,783395656270837;
0,791070518005463;
0,797593479223129;
0,794699318175035;
0,780108314890142;
0,777607625061102;
0,791342953135279;
0,799639003511172;
0,594733010072886;
0,0966813689331953;
-0,146015483137026;
0,0100252799326849;
0,0503575479544864;
0,159100919193193;
0,618910790386999;
0,837923188769338;
0,64932277695206;
0,566868491921893;
0,454178658955775;
0,0697198307456787;
-0,11494015071293;
0,0113721879007103;
0,0379907454334775;
0,0857817461442186;
0,362641609496073;
0,522099200731671;
0,466005394118573;
0,48497849329235;
0,418864282755307;
0,0757209354583586;
-0,107743192819893;
0,0066747256924063;
0,0373288817433876;
0,135317214158442;
0,535814592221424;
0,789441343581816;
0,754075827998105;
0,81589371264637;
1,04910922267215;
1,31786303521834;
1,43511569987875;
1,37047449766539;
1,34375111451883;
1,36679386160909;
1,35753616798347;
1,36272562452753;
1,37764260192256;
1,3679131027547;
1,00826562133826;
0,163777023359513;
-0,247221549234298;
0,0168647013663882;
0,0853196647405597;
0,222146237509885;
0,887913917089427;
1,21235589703583;
0,947019260725967;
0,8309210461157;
0,859597982801943;
0,762243323047706;
0,676750918901005;
0,647593893323243;
0,60852091111052;
0,426499041163858;
0,0653568189331784;
-0,102825072119576;
0,00777742144004062;
0,0352014325750827;
0,116687703850709;
0,468118583903012;
0,691882154371034;
0,670352056395792;
0,745077309433369;
0,652401912281815;
0,120722520289796;
-0,168176846708657;
0,00943087096751563;
0,0586945906498461;
0,183919142007401;
0,715654065869886;
0,978966788424262;
0,783600123860982;
0,722461397230109;
0,789594673161219;
0,754619484215304;
0,733390738310046;
0,773584728689776;
0,811376735370048;
0,833580826306214;
0,851000464180684;
0,855483221371001;
0,838072684769331;
0,814359021683864;
0,838227909413266;
0,899788412578554;
0,886726532632713;
0,82124603224289;
0,808147396701687;
0,833775660957078;
0,864495548299263;
0,857484018019525;
0,803035315234126;
0,768373152026131;
0,766783578673184;
0,775224984997979;
0,796182525018854;
0,82155803363006;
0,835826576506683;
0,623108789582679;
0,100611842410125;
-0,15299106044176;
0,0107965650594064;
0,0526332642925764;
0,18846469059643;
0,72929381273828;
1,01148068202559;
0,853130530063368;
0,83875497882765;
0,710784090033317;
0,122777524082544;
-0,182247440305857;
0,0133994585473251;
0,0622228641846981;
0,184623110952641;
0,723870123708139;
0,981882898312171;
0,775447991267394;
0,707660592080376;
0,799342652872822;
0,868631457916244;
0,949512699351058;
0,984511646504347;
0,954582585329137;
0,905750173836401;
0,884720125323339;
0,930118277418322;
0,98293045188393;
0,96276988341584;
0,907926400237174;
0,883094780067103;
0,89059971104276;
0,915870786834179;
0,938860305006235;
0,951312461727815;
0,995934506897415;
1,09337804203448;
1,17495445246963;
1,17241334310833;
1,08495087897225;
0,956442592711101;
0,850610638078838;
0,794161927882416;
0,763016616386617;
0,5533214069045;
0,0876694644857544;
-0,134864889471392;
0,00972116879026816;
0,0463372625524898;
0,0695154518205761;
0,319630773913594;
0,486374088281906;
0,462686241835828;
0,462734524830673;
0,354717258193692;
0,0482238370445273;
-0,0871468642591661;
0,00999491038441881;
0,0282730826040898;
0,0581194823063386;
0,263278047412589;
0,418124899712645;
0,456459886471688;
0,564055390061393;
0,702495520497233;
0,752586108570496;
0,736844951666654;
0,706895548502742;
0,721244344929286;
0,800590210961652;
0,875512721791635;
0,888784644501097;
0,856173341120562;
0,820772433197319;
0,817944133417709;
0,847791707967797;
0,874598340983064;
0,876300783408195;
0,864949825585844;
0,859881714820745;
0,856412354701752;
0,834972463026196;
0,808058963684933;
0,800811568123534;
0,813492357782534;
0,840335236217773;
0,866645995860421;
0,868809360448079;
0,845527362388407;
0,81497031843756;
0,791766305238045;
0,78362205456962;
0,796286687567108;
0,817616005772872;
0,814800388910599;
0,781955391785246;
0,743209931866235;
0,708676366459443;
0,682084972920877;
0,668501867099472;
0,65415684503187;
0,622713574092805;
0,575717367996606;
0,523470193542364;
0,475739377064912;
0,438841612652736;
0,415972427228516;
0,405852268260564;
0,402749166856687;
0,402553691337947;
0,404827377218255;
0,409762339108576;
0,415719480018286;
0,425674227240747;
0,445536421477273;
0,469728335919133;
0,495030249571181;
0,534823526727859;
0,601528593796268;
0,682936449345369;
0,742232024690339;
0,769504458336439;
0,798200273401033;
0,854296552044473;
0,938776919007892;
1,0342194138096;
1,11555889161126;
1,17385284408978;
1,21278499896534;
1,2376856894469;
1,26424896316015;
1,30666168362434;
1,36499454806193;
1,42622364902173;
1,46269622958726;
1,46685339661976;
1,45203669727926;
1,4129847066294;
1,34670167314637;
1,26388066591007;
1,16836123933649;
1,07530418845801;
1,004566181952;
0,948784733209301;
0,675710985733693;
0,103550430487252;
-0,163616105305781;
0,0127289548637351;
0,055833882515255;
0,186337542275137;
0,723809665020144;
0,976269735464878;
0,742032500749542;
0,629837767203669;
0,660212045010157;
0,602968388245341;
0,55750770692963;
0,558638208747537;
0,544880419046529;
0,523855354899029;
0,521611899359878;
0,541895630112152;
0,587295808880136;
0,651201552741209;
0,717606259468533;
0,778100522074755;
0,835864898695683;
0,885169063900494;
0,910842531892394;
0,921230092022844;
0,930248033240188;
0,929408714064205;
0,916048899824526;
0,896854650503591;
0,65234941770351;
0,101065225464886;
-0,159001411077633;
0,0124285853576457;
0,0542007598823653;
0,174962725673754;
0,689933515076746;
0,961338211608577;
0,801961234282481;
0,763446471409137;
0,835552624012959;
0,802995738894234;
0,786863465369038;
0,817797560934057;
0,821531199436466;
0,602626176645117;
0,0975694319560085;
-0,147404694497745;
0,0100082520809842;
0,0509033329863672;
0,1576951586611;
0,619053927749645;
0,857565394360239;
0,71545351584035;
0,696692139689649;
0,787734627533687;
0,791647028804712;
0,802506927894243;
0,846526991245454;
0,870573518590679;
0,878866166322838;
0,882957740158049;
0,876842128850169;
0,863768509461825;
0,84720981531663;
0,824254446120929;
0,803716900526477;
0,79734846477366;
0,798857685409224;
0,79372156850733;
0,780240814281647;
0,772697522275465;
0,783277874637476;
0,807000987928307;
0,827907933468354;
0,838262799974674;
0,844869702335135;
0,859488181852523;
0,88693059699132;
0,919750282925093;
0,941238104905142;
0,932374017108449;
0,907856238431385;
0,905845762289826;
0,919602908339804;
0,930026124049441;
0,946718967110117;
0,957472935673231;
0,930622155156851;
0,879363103851145;
0,86080396375158;
0,904261755397159;
1,00103940165369;
1,13145008256359;
1,24630703960344;
1,29267534033111;
1,25613185755666;
1,17129033583687;
1,11426545920365;
1,11828500259292;
1,14437006010161;
1,15794073506664;
1,13304509610043;
1,04486505131797;
0,916213087430994;
0,796939763159319;
0,701824353089323;
0,611833126909293;
0,516007208516631;
0,433592351205452;
0,397153244456129;
0,421633557951843;
0,504648422703432;
0,61594745247172;
0,678049552538989;
0,616316822678615;
0,444738663920012;
0,26632227514417;
0,167956828787876;
0,152507516069943;
0,170823285566561;
0,18014538519306;
0,191430734397322;
0,265118784720509;
0,405082548307453;
0,518510862500993;
0,564793385710557;
0,610926561245035;
0,697655732962955;
0,793883293222144;
0,860221707611067;
0,876066349246622;
0,849673953551892;
0,814989627915071;
0,803475637905416;
0,831255233804548;
0,886949649265583;
0,935107006542236;
0,949542256903594;
0,927625631096131;
0,890972108763548;
0,884039598362037;
0,923678236585692;
0,954004932821223;
0,930033928681442;
0,881600065220353;
0,856443419099952;
0,875038874148785;
0,9057589469284;
0,906093291650794;
0,875822696280946;
0,828151335787764;
0,787659082860599;
0,786239156387018;
0,820887851295279;
0,860814525491286;
0,877866664974666;
0,855551888241956;
0,807667649459268;
0,77471542932909;
0,572991355573468;
0,0954910712094144;
-0,14107450747564;
0,00889919577790458;
0,0489905402935564;
0,170405152323696;
0,652573906504483;
0,881010772921512;
0,696678737950157;
0,645212632044568;
0,536986713172452;
0,0870873171551025;
-0,137190215434043;
0,0122285814898473;
0,0459034479908531;
0,0962031598162439;
0,401397723146949;
0,549583112874887;
0,433991110784862;
0,404989176276424;
0,444564242380409;
0,412829500505746;
0,380225282131939;
0,376880199369798;
0,384595924583207;
0,419063634801154;
0,475605909097057;
0,52112662066081;
0,548032326552793;
0,587991688180837;
0,661677731373808;
0,759767436635383;
0,873000076280369;
0,982455143455666;
1,06768468628873;
1,13966345873017;
1,2174276039933;
1,2984443596863;
1,36392448372584;
1,39882056283123;
1,41422524839587;
1,43702992831057;
1,47154337070266;
1,48717533331189;
1,45624208028913;
1,39159265014852;
1,32847026677858;
1,29426175528666;
1,28556106154893;
1,2664613193107;
0,916922336574075;
0,140596290434932;
-0,222783584138092;
0,0176778250000873;
0,0758476908571131;
0,150608868776982;
0,604460526918831;
0,752174757529798;
0,471192111574174;
0,376534095250675;
0,417349580867786;
0,349846879419692;
0,298550266353491;
0,308905809438776;
0,327361025698759;
0,378894282016141;
0,480469614896541;
0,582407668114983;
0,659253916211984;
0,715890553525282;
0,737048561734639;
0,73580819516305;
0,754143388163077;
0,786407385619323;
0,80335309726165;
0,795396019361162;
0,755397256163995;
0,695079943715789;
0,647341865316128;
0,625140850773743;
0,622017188043829;
0,636624620444719;
0,665886246575883;
0,696106971091835;
0,722327068629103;
0,749501513396567;
0,774559490391503;
0,795675198045329;
0,816047899750326;
0,831261203697844;
0,834683040545974;
0,82658680161212;
0,810864233152305;
0,790717446736391;
0,769274390762778;
0,560707131123053;
0,0890521747559378;
-0,136872427909119;
0,00988099618458144;
0,0470139146492173;
0,156327478894461;
0,610451399227331;
0,848900102126718;
0,718264713113943;
0,707096334618464;
0,799487973568861;
0,795871815383471;
0,780819562556272;
0,787353279773492;
0,77470371780305;
0,750600477811905;
0,731140504778377;
0,712010176495373;
0,695061024626757;
0,700413488137085;
0,736818383321742;
0,776300842450613;
0,790699716184285;
0,778833613949098;
0,751967708748489;
0,738190440635349;
0,765450472628953;
0,82095566016379;
0,876766554448738;
0,917926353225445;
0,927295183241172;
0,910009195053364;
0,889976951151381;
0,87121751870765;
0,855840662311747;
0,631872037219004;
0,102459303108904;
-0,155085561998043;
0,0107330146166357;
0,0534493748815445;
0,225648136809437;
0,85512940077727;
1,18344013791288;
1,02463653488841;
1,07284239157757;
1,28214544197305;
1,29472085653858;
1,20090447077832;
1,13220097066825;
1,1060332149762;
1,10957721280846;
1,10970324499051;
1,09132438546743;
1,0655351915739;
1,02823246186563;
0,971352688567193;
0,898649325057903;
0,812622777907899;
0,736010225247196;
0,697089885430639;
0,666153654171062;
0,593904601197487;
0,496340827759709;
0,424829945809059;
0,397747374888599;
0,405378554029101;
0,434659895366857;
0,469442817584313;
0,501568166346601;
0,535655619034063;
0,560781241391723;
0,556138242516574;
0,530118512117879;
0,513049093436134;
0,520887675685409;
0,546949971665036;
0,572182449947833;
0,578737719908777;
0,572958263412455;
0,581658902861417;
0,617061809980452;
0,667250354236439;
0,718168503749137;
0,770648286113598;
0,82575954815453;
0,864946551457399;
0,868486610949262;
0,838532203568684;
0,803401837121104;
0,795908580552631;
0,813585921999394;
0,830411327208281;
0,83804931600198;
0,844146531697247;
0,848893463543135;
0,842790946502707;
0,820696974039278;
0,796506783663014;
0,797065564011725;
0,830394761139056;
0,644507055894191;
0,111923560750478;
-0,160446720949315;
0,00912447489012572;
0,0561063450583925;
0,183225467939471;
0,717539773072774;
1,0022149719527;
0,827570507119987;
0,754801683427632;
0,796390740114429;
0,738265514195896;
0,684137138600578;
0,678485656825528;
0,670607622760322;
0,66866830761792;
0,683119856429427;
0,688129656794182;
0,670266078295388;
0,640862532308358;
0,621446807141485;
0,616330192359526;
0,605198590503247;
0,574448823395128;
0,535867924793015;
0,540936719090536;
0,602964854971093;
0,624979567974934;
0,57320026325698;
0,528997715754184;
0,385290797964434;
0,0617491983804995;
-0,0944404794452022;
0,00677905260291561;
0,0324443179954138;
0,12207022555977;
0,471091917225844;
0,652062039109135;
0,541772793109528;
0,521985813599731;
0,44375405215696;
0,0787064027058488;
-0,114191755168732;
0,0077366405533857;
0,039267747977473;
0,167122424199652;
0,646701709928538;
0,937030266012078;
0,87412307621973;
0,922576281947015;
0,786103638410506;
0,139972231710425;
-0,201233937227384;
0,0128664465836478;
0,0695707842700888;
0,301763171987974;
1,14836894555062;
1,59105369104511;
1,31649604319848;
1,20850183730064;
0,970802717731455;
0,152788984682382;
-0,245505581305454;
0,0226178454871287;
0,0818935399726521;
0,23706255298584;
0,914578831611202;
1,16699816685076;
0,794876794721829;
0,641627097095744;
0,523359654326244;
0,0752560983115122;
-0,133365241760873;
0,0157780723123682;
0,0429072786139689;
0,123051016598768;
0,529554599629948;
0,814129068674902;
0,785668182961253;
0,794245680332189;
0,645776677942899;
0,109673226326594;
-0,163607071231748;
0,0118264428482124;
0,0560063420839566;
0,162813842751921;
0,654192619109427;
0,930194002643896;
0,806075835756432;
0,789674303309107;
0,654380757156207;
0,109092569650556;
-0,166596581864783;
0,0133126371183612;
0,056442076756637;
0,193544894389948;
0,751491012754531;
1,0280494464012;
0,829730951134585;
0,77624918441366;
0,650877835326086;
0,111321223421553;
-0,1667945064401;
0,0126840747261521;
0,0567629234158711;
0,17557102126826;
0,695183253222471;
0,972380933592264;
0,818977438290239;
0,786133580839849;
0,871941832788742;
0,866947134522312;
0,865908328937913;
0,892214211278527;
0,887863211164345;
0,863860281450746;
0,848541986771763;
0,837315876935597;
0,820825884947848;
0,810569537571615;
0,82150543749014;
0,846290013623004;
0,866414516973659;
0,866121349473275;
0,832194996036248;
0,766921117556424;
0,699496790225867;
0,670241999742298;
0,698496054877363;
0,777779227697052;
0,886256709913833;
0,975639480063945;
0,99849313356891;
0,968606676958694;
0,936687975514482;
0,943145043083253;
1,00725255954648;
1,10264347362571;
1,1996656113806;
1,29207027682805;
1,34558181867813;
1,33768547723564;
1,3007654521453;
1,28303498974982;
1,31726847526309;
1,36889610694073;
1,35483649641842;
1,25801969900049;
1,11990930911409;
0,988915327416044;
0,908914519201459;
0,829474235995841;
0,672650149138414;
0,489064236701467;
0,341883012376605;
0,229334968043777;
0,172236517216498;
0,195577660646306;
0,291448034763257;
0,409013181058662;
0,445580550787185;
0,329672710694747;
0,147031971313417;
0,0799071312056947;
0,171730530106816;
0,295897099963753;
0,341742033424641;
0,316401202147126;
0,318626972794482;
0,425339937783892;
0,593349093763334;
0,722205891757394;
0,781788712748344;
0,817066271113643;
0,863533071007288;
0,908785551849538;
0,914379813497995;
0,871069159446041;
0,815939151854009;
0,783262754230054;
0,7886285637798;
0,828589543333209;
0,867087234090951;
0,875661309284252;
0,866180898093501;
0,849513967145995;
0,83582000192586;
0,852511476431069;
0,877597633542618;
0,870803984230848;
0,846488521523915;
0,817552284208391;
0,784834245878907;
0,764667594696974;
0,769501506115004;
0,585715159697633;
0,100387467513246;
-0,145241947912579;
0,00852325972676037;
0,0506896646388237;
0,193668881476845;
0,729589713196367;
0,972686660822615;
0,754030423412398;
0,69769060761729;
0,722505421834648;
0,622943432288488;
0,703447610991126;
0,835915268186546;
0,769988791963831;
0,648015225265057;
0,490771935019293;
0,369126396527498;
0,376358137779348;
0,361119810905456;
0,228002823926908;
0,030606236008338;
-0,0521836825845992;
0,00437729346458538;
0,017760603783696;
0,106850090380227;
0,405447192452177;
0,58606732742983;
0,542770378287254;
0,55930793141508;
0,469569393072164;
0,081894018749999;
-0,119894931945629;
0,00823091779290668;
0,0412085032509318;
0,254777158097372;
0,955881725079434;
1,35516199662559;
1,19062795846157;
1,16131951912571;
0,967010900322987;
0,17043889003925;
-0,247188599121531;
0,0163583189257945;
0,0852230265915565;
0,282332237336808;
1,08559213462869;
1,46021311741932;
1,1384907755273;
1,03880001879854;
0,866591035754805;
0,143782806182078;
-0,221720363027055;
0,0185535727605401;
0,0747143288351405;
0,136924487323005;
0,573051869316014;
0,759314705665001;
0,560232638164255;
0,511740018384715;
0,435028757219589;
0,0690858233858564;
-0,111547723183339;
0,0107594438931466;
0,0369492569726497;
0,119443985218432;
0,477618699535436;
0,684494405311426;
0,621120801600214;
0,651143396984511;
0,557803738698416;
0,0986515260786987;
-0,143022117759297;
0,009545417287291;
0,0492610669686802;
0,182286170541941;
0,699383652013819;
0,955001174044458;
0,768243088921186;
0,71454740965916;
0,597253676016567;
0,100913472051992;
-0,153026627950402;
0,0121454440332755;
0,0518526576850181;
0,199027358844961;
0,762794462491708;
1,04288285034834;
0,848129236381934;
0,795665666430938;
0,87797766831284;
0,840865458319823;
0,785518037399678;
0,771735472378635;
0,763397362223576;
0,760674241030139;
0,771243372860094;
0,785468296836523;
0,790641052343636;
0,783020396926828;
0,77485541043075;
0,775231182636418;
0,775013882569855;
0,77338622882309;
0,785106646477646;
0,810230132961438;
0,842467632844466;
0,883278153590323;
0,91781543599803;
0,931195273486112;
0,935178433452111;
0,934606125660359;
0,898302140305217;
0,799516858159645;
0,67130418970845;
0,590638988384705;
0,622465290982181;
0,768763419110735;
0,941136521410178;
1,0088886408468;
0,87191825940271;
0,657628977301972;
0,700596288972049;
0,949818518271349;
1,03064943469645;
0,704224501122218;
0,0918051669840013;
-0,165474156365166;
0,0171502651424467;
0,0547266507993937;
0,235130209608696;
0,889590219936244;
1,18564882785352;
0,908073060602661;
0,814298247859418;
0,942541807389583;
0,968213565822457;
0,929610031260532;
0,937138868695655;
1,01270779453286;
1,07435664745342;
1,03091982831336;
0,844867476991217;
0,599684858686298;
0,47062062693353;
0,480964629046604;
0,546260880034578;
0,688765714849502;
0,919170065650578;
1,06874289691702;
0,913532914516442;
0,502870860032603;
0,17316206606455;
0,105053471472454;
0,159212468971412;
0,133259710678044;
0,0168588133178986;
-0,000227384485705379;
0,182883900428371;
0,426635357395787;
0,571883866322979;
0,627751280180725;
0,674538213274279;
0,739217661822366;
0,804485021665952;
0,626906051834884;
0,106630868167117;
-0,155722468732484;
0,00962072213354244;
0,0541252266054109;
0,178985510352222;
0,696253588981401;
0,964324306115079;
0,802724049853188;
0,771913038849984;
0,645982240568934;
0,109185380972845;
-0,165087319551073;
0,0128750964091054;
0,0560528306673135;
0,190576078605145;
0,759054516662727;
1,08633445948451;
0,931106461132146;
0,852389095986238;
0,671330466015899;
0,105883225804508;
-0,168774958062639;
0,0149695220389497;
0,0565851436924468;
0,182379581493092;
0,712290829620332;
0,980970646092829;
0,836747805779295;
0,859936407599685;
0,740868529089811;
0,127225767795216;
-0,190134805624293;
0,0143824830753711;
0,0647317873015657;
0,15924314693059;
0,645200483574511;
0,883365114765757;
0,689257269268082;
0,605904699832972;
0,630935551649083;
0,566883825654149;
0,524712901182021;
0,530315795511738;
0,517049212493454;
0,515058380829712;
0,551015820415952;
0,557877369713299;
0,524388403879455;
0,507375724690389;
0,497078996882973;
0,477725884353565;
0,479943720001371;
0,499214130829416;
0,509790733138825;
0,530684324668616;
0,585023842974212;
0,659397035388564;
0,739100366437946;
0,820620670850441;
0,653917979090105;
0,116119494464936;
-0,163716191739196;
0,00871214645802959;
0,0574871587015416;
0,216187685270017;
0,841751542496038;
1,21212781428883;
1,10409057547985;
1,13554672403222;
1,3032168254036;
1,34978632927144;
1,33363354334973;
1,31693367469978;
1,31727884548963;
1,31270719357809;
1,26735598571647;
1,19191501743581;
1,11995744548727;
1,04421298713053;
0,946557398854148;
0,865240435680092;
0,825283249384924;
0,79993667459889;
0,774716324371413;
0,750983857678124;
0,723509532987188;
0,698548410104677;
0,693530717715682;
0,702558903652679;
0,710826773904628;
0,725439204954265;
0,741987932831887;
0,738743668052002;
0,714466516544278;
0,686514609450761;
0,662217355861292;
0,640802662065406;
0,639582166033121;
0,673205430968168;
0,729125412582835;
0,788927172242869;
0,832299493295562;
0,843075300181161;
0,826281233894148;
0,797296578476464;
0,777302414213272;
0,783792924738044;
0,806545442391478;
0,822629328598362;
0,824803683675198;
0,819482426465478;
0,815697761276076;
0,821290322306693;
0,838603104198765;
0,860178590481319;
0,883340708745565;
0,908758798291818;
0,919012645132261;
0,905914265966727;
0,662227544511753;
0,105692175114755;
-0,161816857448966;
0,0115460764203247;
0,0556372141415244;
0,195128456714966;
0,749980879599515;
1,02143010517659;
0,829912783794024;
0,789715881128779;
0,660947712755144;
0,109713106838946;
-0,168833140956289;
0,0139722336604241;
0,0569697480321154;
0,172592463277103;
0,689890086489192;
0,976304684767239;
0,847793975731762;
0,837563902319748;
0,693952778920053;
0,114117746606357;
-0,176417652873588;
0,0146344072766136;
0,0595385944370943;
0,190733563964639;
0,750071119127017;
1,03764279831786;
0,859512165295087;
0,823776212628055;
0,918857023287959;
0,896694892762207;
0,858129320871617;
0,847471917430286;
0,825630614287966;
0,811613057018779;
0,813913964676853;
0,813376864870377;
0,814697340874863;
0,829384169424286;
0,845015034728398;
0,846800216296763;
0,840576766210108;
0,838537505400812;
0,846049690305028;
0,861333769072036;
0,87440648948562;
0,879075061836379;
0,879587129564162;
0,87388924759744;
0,859779294663014;
0,850587123555389;
0,852976109264043;
0,857821034859422;
0,86030493943687;
0,857289000665657;
0,843313997337936;
0,82530601873994;
0,815216671602588;
0,815341074396761;
0,823847386915845;
0,83720403174983;
0,850565962180568;
0,861516925381317;
0,866135659718874;
0,860654386954585;
0,849618197514135;
0,840148206657587;
0,832230977397201;
0,827036940090475;
0,830520493706384;
0,838657513783726;
0,840984940738869;
0,83838113718233;
0,839510720468444;
0,845831863939128;
0,851936303146481;
0,85324122127617;
0,850780479613069;
0,851463672421906;
0,854385955888876;
0,850808835294704;
0,838916428877908;
0,824058190330489;
0,817027563458671;
0,824384372324009;
0,835732013783434;
0,839035264737081;
0,839094420840822;
0,846578113930049;
0,862621255323471;
0,879634566086392;
0,885865472263287;
0,878831245328539;
0,868720848634252;
0,85801051746783;
0,846413366944683;
0,836475691610705;
0,823839576867802;
0,815670760312002;
0,820818231347468;
0,830001276667364;
0,839862341915396;
0,853042978857395;
0,863606076439254;
0,869098313944541;
0,873526552432251;
0,874629656727942;
0,86824057815673;
0,859954822310214;
0,636211461764897;
0,10301270744393;
-0,156102659786691;
0,0108424082868332;
0,0537840719617273;
0,193679933422329;
0,747717931281676;
1,03016328891611;
0,846607064777334;
0,798508389670467;
0,663659925980669;
0,111355461913957;
-0,169459974903438;
0,0134886534076797;
0,0574208205395204;
0,183736472897571;
0,720960912756396;
0,993897608981051;
0,816175066194766;
0,776957974412925;
0,866718208090005;
0,849841042013552;
0,829639351976768;
0,845890602452341;
0,845557274342731;
0,837444992381877;
0,837558533560387;
0,835711520222058;
0,831823474079766;
0,830481047372254;
0,82829545099691;
0,826186609205882;
0,827444786198907;
0,829832343206974;
0,832260474242692;
0,834124723488623;
0,832391839788143;
0,828783997060943;
0,827603568030509;
0,827928405737843;
0,614626520871041;
0,0992157843574534;
-0,150828674496895;
0,0106147157552407;
0,0519047629048837;
0,201197090037072;
0,752746234415957;
0,998023715296243;
0,788411053854999;
0,755692750195391;
0,640055893194661;
0,104995633005427;
-0,163646794718987;
0,0141443855086284;
0,0549484220760474;
0,186425878325226;
0,726859428657483;
0,998969122292838;
0,821679301352418;
0,784607333379313;
0,86966890731978;
0,844491735533477;
0,819839809834174;
0,832687147085591;
0,830845229323551;
0,825039127128973;
0,828506997529787;
0,830453477044149;
0,828147010787234;
0,825639519974005;
0,82763657421639;
0,829929384592338;
0,834616337832804;
0,849570560222735;
0,846422181392167;
0,823179867102225;
0,820961896251034;
0,836252861228414;
0,850024694448039;
0,853219406591541;
0,838166541186782;
0,82309258061175;
0,818392791430082;
0,812551367035787;
0,80694614054641;
0,807986178924577;
0,810047531889266;
0,811321944265036;
0,815350633085962;
0,817201391152673;
0,815036362516348;
0,815294356314923;
0,816989390233393;
0,818705527625242;
0,824183181236651;
0,831414161472333;
0,838695453884582;
0,845811841485172;
0,846552538576608;
0,837601337284819;
0,826703230208657;
0,822316688766214;
0,823472983886023;
0,825237880439731;
0,824495835441749;
0,821621330532197;
0,819197544122016;
0,815531266830176;
0,808497721221093;
0,801930740033436;
0,798795730024546;
0,798392514330918;
0,79981547268422;
0,801332180042511;
0,802874329838738;
0,806141206051107;
0,809823495161607;
0,813885688677303;
0,820827765784375;
0,827303791912937;
0,829347175288836;
0,830690618363995;
0,832499244628953;
0,83071082307799;
0,825949374680149;
0,820412011458581;
0,815038394559158;
0,813499119036354;
0,81734226420472;
0,821344549106061;
0,820761659552942;
0,817013947258798;
0,812360742338821;
0,807737617149382;
0,80525672352416
