-0,172122191047774;
0,855055024137713;
1,31533123142842;
1,12829086407977;
0,798076183463789;
-2,20804482049781;
-2,6848181714704;
-2,41010323448798;
-1,91337868446468;
-1,63640169397722;
-1,6409886723218;
-1,61455576332999;
-1,41413229523793;
-1,307455401576;
-1,35508906503826;
-1,41719409881333;
-1,47702844546184;
-1,67431554355284;
-2,04526436059211;
-2,30124438555367;
-2,34462538184693;
-2,4690758432475;
-2,69187792376702;
-2,6455456320468;
-2,23023962670502;
-1,76934882303578;
-1,47222837224306;
-1,22250117072088;
-0,914189814937288;
-0,551680820996768;
-0,144490313572402;
0,236232439664631;
0,584853978326744;
1,04298110184765;
1,57837800144697;
1,95618486656882;
2,07845609574281;
1,98695542479906;
1,81599830347158;
1,75429525787635;
1,66527394967711;
1,36811723597668;
1,21411803252369;
1,46472384530008;
1,92119311596901;
2,40942173914701;
2,78146991421005;
2,99957989449728;
3,15774765339063;
3,07895646364635;
2,74161943306625;
2,65096582544839;
2,96566492613558;
3,21366786983061;
3,0683289625211;
2,04001734735048;
0,248369326372997;
-0,478739549953908;
0,0567415648537949;
0,155190104487352;
0,605376956016309;
2,36142180813248;
3,2693201189631;
2,69468533088685;
2,43285788890252;
1,90690120019988;
0,283350650027806;
-0,477576386325118;
0,0488095416236801;
0,157308830534757;
0,487863694779964;
1,87211975850385;
2,48587448179909;
2,04072422714006;
2,10397184151939;
1,82471427156576;
0,312271494061776;
-0,466572125791796;
0,0348858960054739;
0,159076504869142;
0,198071080032909;
0,663398527583733;
-0,0265608987678359;
-1,96333836506313;
-3,29340832227689;
-2,71269818276745;
-0,482381424786759;
0,671079449736851;
-0,0311946051231007;
-0,237889089157845;
-0,908551943148639;
-3,14089961462721;
-3,42386696736643;
-1,47948528902027;
-0,980794667500599;
-1,72393351934179;
-1,92447512698092;
-1,8291295121512;
-1,70481975020372;
-1,38602554480068;
-1,05939703366002;
-0,960124513635449;
-0,963405321298491;
-0,723825765908249;
0,0137907054108507;
0,64756255247377;
0,304069161073853;
-0,212250311929588;
-0,0421889347581921;
0,0967593420222064;
0,42864994916787;
1,57629094918465;
2,14989672615452;
1,46697670538862;
0,886219238753584;
0,630416812736737;
0,104915719377522;
-0,162696382864059;
0,0141721293960754;
0,0545360346849769;
-0,249797917388888;
-0,669555595939828;
-0,571666211929656;
-0,036075846985409;
0,0506983464844618;
-0,160241084730696;
-0,0738680603128768;
0,0603289880396252;
0,00535338467755784;
-0,0243776087357972;
-0,954026218649273;
-3,35181655039351;
-4,69451840673153;
-4,15731600853583;
-3,96798532136789;
-3,14821543988296;
-0,489398397869124;
0,790953093991735;
-0,0729124440559785;
-0,263973976351301;
-0,753275959928786;
-3,07800824654241;
-4,43175415551715;
-3,88105646829147;
-3,80089939226878;
-3,2074051605866;
-0,592223449882564;
0,822743115860824;
-0,044560440038857;
-0,287959755260908;
-5,19296433066172;
-17,7111341977699;
-21,0358667431866;
-11,1926705322203;
-7,04246361797574;
-7,69467473854588;
-1,90564983760224;
2,21926452102419;
-0,0440820724782971;
-0,803328254354193;
-1,38914332899426;
-6,47599699036324;
-10,9983794469956;
-11,8977424803617;
-12,5660293103323;
-10,1506885000679;
-1,81731845253854;
2,55662906795411;
-0,137812807252217;
-0,896491885279459;
-2,38115643220444;
-9,60664045074543;
-13,2916550977975;
-10,2051859138824;
-8,90649752758283;
-10,8544187061929;
-13,0526752817935;
-15,7729887665292;
-18,0074754983542;
-18,3514628268212;
-17,9040692760887;
-17,0975691634311;
-14,7823966753769;
-12,0090975789035;
-11,405431384891;
-12,8697154211809;
-14,0719611959152;
-12,9844814297103;
-7,47737019221941;
1,98195226325501;
3,35431846730446;
-10,1213701504795;
-17,457493228141;
-7,47504292453401;
3,64485995688114;
6,189245256687;
1,79110937616845;
-1,70717380872168;
-0,118454236293938;
0,687605879771767;
-1,71116922411797;
-5,55638233474352;
-6,59846352937236;
-2,96199549743551;
-3,49558196870127;
-11,6409293393823;
-15,9884759773473;
-10,6405088995346;
-2,37536566989567;
4,65407027921204;
11,3105287458757;
14,4973901370475;
9,98958529837928;
-0,427625943773655;
-10,3379203156496;
-11,0563982836611;
-2,00187314635211;
2,87661804719252;
-0,193691676054675;
-0,988813625649196;
-3,28671388340667;
-11,7782277947991;
-13,2602768346463;
-5,66925926602501;
-1,54438114006954;
-1,55922907853142;
-1,9242759018972;
-3,53509127969851;
-5,96700096872435;
-7,8757005618657;
-8,3938870850609;
-7,58991223887443;
-5,33853262521882;
-1,35372783907946;
1,73157136578654;
1,74199880864841;
0,253430669356419;
-1,96645150419937;
-5,06992929157992;
-7,49201103037092;
-5,96342057939334;
-0,764720607698659;
-0,110602331027207;
-5,27796380243718;
-8,09737912248226;
-5,90121400342473;
-1,0099019588409;
1,40304743409268;
-0,0517102301587102;
-0,505083306592305;
-0,935844105648931;
-3,70127138561792;
-4,50476821652157;
-2,48373338418579;
-1,74444350291354;
-2,76670485537972;
-4,69175729164861;
-7,64056897886759;
-10,2006085509514;
-11,1361914055742;
-11,1262478773532;
-10,3521468532825;
-6,88505681972989;
-0,567156064051747;
4,9511092953404;
7,25803226232166;
7,71039774547528;
8,18651631901103;
8,84551508764146;
9,35024327973899;
9,82046505233255;
9,44605913819525;
7,66147902443462;
6,10822249567193;
6,10267029821803;
6,54785841896847;
5,28296832004644;
1,49367576517453;
-3,10041296712651;
-6,61971564714313;
-9,21152626076957;
-9,99858715325298;
-6,97491350844335;
-3,32042897362795;
-3,67564320287148;
-6,35637988282382;
-8,83420751671432;
-11,1477526470399;
-11,9838195503684;
-10,1839920903074;
-6,99023125964329;
-6,86632229005273;
-14,0237096267134;
-22,5242760471941;
-23,6653942165708;
-21,0157381539355;
-18,9744129037909;
-14,1828071787778;
-9,24397188251823;
-9,9360928350117;
-11,9149457113513;
-9,57092355977617;
-6,9415390250096;
-8,88772157144674;
-11,2732254895201;
-7,29064052786396;
-0,127405455544162;
1,59966306740681;
-0,459209463488074;
-0,402470277338212;
-0,136446894545241;
-1,00169921588361;
-1,02731558200298;
-3,76942286563593;
-10,5126600075467;
-10,6997378409851;
-1,56564209816326;
2,76843510816499;
-0,335319703206281;
-0,885988628842909;
-3,28612188134795;
-16,5732600029925;
-31,4663701174285;
-34,5539535974481;
-29,734792077768;
-25,2029743075721;
-18,0127872007362;
-6,39674263518275;
2,7472917538754;
7,26781190870032;
12,8063778115835;
20,2053033829425;
24,8166323270927;
25,2730986046244;
23,3008065932945;
19,8355161275012;
15,0698737714701;
9,26328476940378;
3,42186544278747;
-0,530746527901352;
2,9714948000573;
12,9407838549375;
13,2761854309311;
2,95287690809549;
-1,83275498817416;
-0,552724126861219;
0,0359309553942575;
0,00978354842250332;
0,0103141686264394;
-0,012103143618914;
2,79924827759777;
9,81647761058456;
13,7215930036645;
11,8247363254525;
10,5207501590388;
10,1052142832527;
7,71466509812607;
4,8681966312779;
3,55796356432865;
3,3149052035087;
4,25630364974206;
6,64517113183383;
6,36864294404976;
3,47222135608863;
2,79173981355699;
2,37536442628841;
0,172580639036539;
-0,603988844944798;
0,142128106571839;
0,162996756473676;
-2,13508829629988;
-6,61636710245734;
-8,20103024182255;
-6,16257508829891;
-5,62275086651677;
-8,8219250382083;
-13,9744206659035;
-14,2425280601012;
-9,60762023950945;
-7,75964339438782;
-10,3095012229606;
-14,1746984568136;
-13,8711808363073;
-9,65375589923894;
-7,87836638535746;
-1,41380885622054;
13,8973410447108;
18,1294898316569;
9,32714078349427;
6,97051617412482;
6,94017125427131;
0,977020212634049;
-1,8509742045393;
0,265650386838631;
0,572369240251443;
1,2377390427174;
1,91452423588386;
-6,08353045246877;
-15,5951263197591;
-13,4906969517241;
-5,19392383905544;
0,0986845266734151;
0,872318473762084;
-0,252757870161641;
-0,227586215080682;
0,925896896762682;
1,72998443975535;
0,103592608205389;
-3,22125506682306;
-5,52447766718147;
-6,88794895764136;
-7,76685428178386;
-7,74065794541798;
-6,93783679670261;
-6,09459684651083;
-6,2020609610524;
-7,67583122650092;
-9,27550912041971;
-8,83781980202734;
-6,051140970511;
-4,21225142565065;
-6,70113848577085;
-9,92715821044485;
-8,98479509179159;
-5,74631623838274;
-2,28035573698912;
0,345115740914071;
0,10994663829347;
-0,803956120531083;
0,0709244818051955;
0,854536979264328;
0,294379204915645;
-0,567675984690551;
-0,567890664863131;
0,223326707326378;
-1,72938834825032;
-7,95920543412107;
-11,6324752446514;
-10,2597092260485;
-9,26967650302334;
-6,8948151772896;
-0,898304204282821;
1,69630282757188;
-0,212122614664711;
-0,542460749682832;
-2,299922764747;
-9,23218490909489;
-13,7070528970015;
-12,7721849375209;
-12,1768993323549;
-11,8318025952587;
-10,5901690885237;
-11,2958240149425;
-13,0546453305902;
-12,9544261041998;
-10,631203261772;
-8,70671724104729;
-11,2539951029236;
-14,3661536501307;
-9,94924031457126;
-3,58434081134745;
-6,26469668107709;
-13,4077990228007;
-14,5496222718171;
-9,07236720126514;
-0,965335348265567;
4,26990013126326;
2,94586609080656;
-0,736200621652011;
-2,89266631198556;
-3,24475956406529;
-0,940652098828211;
0,90616769040623;
0,0563491559731372;
-0,361780698456326;
-0,949921778173331;
-3,94000747937165;
-5,51578945648939;
-2,51410478710201;
1,17689801957249;
1,39528844996587;
-0,121389967145446;
-0,316156163690412;
0,155147981990136;
0,050626792349492;
-2,92891231788912;
-12,2428892022915;
-23,8236520002131;
-30,925145438042;
-32,8878253296647;
-30,4911711467917;
-25,5172239681189;
-21,479453602014;
-19,4784794512397;
-17,3672854758574;
-12,9103463066688;
-6,87744097842312;
-1,76585170470416;
1,53812341654361;
3,06677236803287;
-0,00073178831765475;
-5,88416590183076;
-4,68505030904592;
2,07747696627674;
3,9307971639044;
0,566426651738428;
-2,54095811238017;
0,298918071713755;
9,81940511623128;
19,2292522394657;
17,6998736518376;
3,33603093360696;
-4,53058711944412;
0,2116898718322;
1,60093767481531;
2,16033896552149;
8,16851021068252;
6,60510403922809;
-3,814176868795;
-10,2706360479812;
-8,93921056492148;
-1,98363220405183;
2,25352305225525;
0,0390983949094331;
-0,861403004056899;
-2,20218366954033;
-7,18256869537427;
-5,55363075693909;
3,24260125812546;
8,12767756335568;
6,48676484706802;
1,27550767662223;
-1,58158988418537;
0,00977822160977297;
0,589642186396154;
0,222831001270817;
1,73910291847883;
3,20287340215834;
3,14839480674911;
2,27910350819115;
0,980834577571556;
-0,0738580437523757;
-0,175948595016466;
0,0774987494496128;
0,0336354235648957;
1,20054969328627;
4,1163435693455;
5,20719279440884;
3,85826234209601;
2,89732554941168;
1,36822166518221;
-2,35450779154062;
-7,54520159770607;
-12,6954510716582;
-15,4249554221629;
-11,3299598875422;
-1,45788500444965;
2,71347500788236;
-0,313565293011159;
-0,881431124095369;
-0,195805035749441;
-2,55148963826784;
-4,54794119809155;
-4,64178129990305;
-5,56720683774738;
-7,88205920301259;
-10,1489645817731;
-11,6499547364927;
-11,2612671730773;
-8,74318249434581;
-6,27545721029511;
-4,67146849371833;
-1,54435667665922;
3,80905266794791;
7,71674288076126;
7,4903270296403;
5,12846098652134;
3,09384848865707;
1,42748589442972;
0,267767203872299;
0,0708107609524717;
-0,720301325555201;
-3,28879245563949;
-5,72867710136636;
-6,39530136521947;
-5,69730289179541;
-3,40592593159965;
1,03812415763542;
6,35448199418666;
10,9321422452953;
14,7865136277269;
18,0957547759387;
20,6491245676419;
22,6333911078689;
23,3198215167818;
21,7684453195176;
19,2185818705531;
17,7033796220419;
18,1883984547014;
21,2882945305925;
26,6910711597058;
32,6166700592549;
36,1869379680101;
33,7825461115247;
25,1041361608477;
16,0059948585266;
13,1847810725146;
16,1363677608739;
19,0259951575734;
20,5352410326864;
22,4895153768193;
22,426292586431;
18,0526692024219;
12,2925956222092;
8,30988500176007;
4,33643688374884;
-2,77006667811831;
-10,9103690107943;
-16,38613515734;
-19,1043942756132;
-14,7242974411564;
-2,21780998592952;
3,63250371233064;
-0,332447565526113;
-1,2153842397111;
0,155089298838045;
-0,822484462855282;
0,338607387815473;
3,26723575167706;
3,12570632069921;
0,822804889451794;
-0,269966780319211;
-0,0574744001142417;
0,100723402951823;
-0,0187012887042263;
-1,40841292844034;
-4,54781541839331;
-5,76317397563841;
-4,55110101628053;
-5,0592797209771;
-5,07154180579047;
-1,13718828137808;
1,36325609258661;
-0,0217615849044172;
-0,498421537596833;
-0,816789776220022;
-2,82184747590129;
-2,10706113248699;
1,26853993692808;
2,00892779387105;
0,319418151520075;
-0,356311234082079;
0,0460614248481669;
0,105716583569821;
-0,060392670815898;
-1,66866582558598;
-5,61127006687957;
-7,37958995709591;
-5,40315262766119;
-3,92771697328992;
-4,50987517474874;
-6,06979846851872;
-6,66320759393717;
-5,46332398301255;
-4,16933054937327;
-5,58106076093109;
-10,7719211785572;
-15,3308067396366;
-16,9714073410054;
-18,3627518196488;
-14,3312965961434;
-2,23840974100594;
3,55252968634115;
-0,299719468408848;
-1,19938450598984;
0,863774815651881;
0,196647387565428;
-2,6449139834492;
-5,79080425052725;
-8,87019039402038;
-12,6957120819642;
-15,3428658916455;
-14,9701206293915;
-13,1202791149601;
-11,1129263952669;
-10,1639827243824;
-10,3472935383198;
-9,61392055274369;
-8,65888025962964;
-9,38960516609773;
-11,2231089964117;
-13,2484621363868;
-14,1894343565202;
-12,0791651719608;
-6,52364226573668;
1,42077627258919;
9,27410065430476;
12,3403686909423;
7,94173346238929;
-0,404703608986971;
-6,22184712198225;
-8,77914737642758;
-14,3175563348803;
-22,6221584541094;
-25,8235575604782;
-23,3070828588773;
-21,1385025274781;
-21,828796148087;
-21,2243306904767;
-13,3537613856242;
-0,242194369171372;
9,60942874096094;
12,9034314297522;
12,2537014627361;
9,4400569590553;
6,58757439059534;
6,46429968590398;
7,71666378729385;
7,62188713996962;
6,7652312383451;
7,32132666917898;
11,2187225236771;
18,3718143259111;
23,8464020513348;
20,7251986392128;
7,82471249223885;
-7,04439153145487;
-14,1827829325642;
-12,8632482553654;
-9,32416729787452;
-6,38219264140512;
-2,66727785568736;
2,11812269148583;
5,98143375281195;
8,33540644071232;
11,7873615604425;
16,5446358460393;
18,6021475789655;
16,5641335506276;
13,2941769994771;
10,5585578436555;
7,85108573863071;
5,79461590898253;
5,46287354501904;
5,2883438147665;
4,30599133199329;
4,81244226922525;
6,97892413472439;
7,83206881906088;
7,00690631763892;
6,20362191931851;
5,16004637589277;
3,15648991228226;
1,10153204600821;
-0,336744955029138;
-1,14575140303147;
-0,697369410432395;
0,969456417641805;
2,68440517760724;
3,70845729523854;
4,10350872805813;
4,18398295463979;
3,95637483434037;
3,29847248143658;
2,58380902845262;
2,40653366908526;
3,01787287989637;
3,61894203067266;
2,94961923848122;
1,77196871989046;
1,18893817282497;
0,368258820613204;
-0,312005982426446;
-0,0421582375515015;
0,135203571756007;
-1,05414598379082;
-3,34297650431055;
-4,28218261942462;
-3,95042659721458;
-4,41079878171147;
-4,21446745231678;
-2,77625622160338;
-2,39903251213722;
-2,44842481440924;
-0,554766063600515;
1,77615126530566;
2,23193688870171;
1,22799077472545;
-1,56010400086248;
-5,42558093917823;
-6,89355782587798;
-5,24085725857008;
-2,70008276284696;
-2,35839492459899;
-5,52369592087741;
-6,11441911929414;
-1,01552381409546;
1,65319472813492;
-0,181731300885172;
-0,535222269467249;
-0,101460632671158;
0,235742871221456;
4,60205129747271;
10,8024056308071;
12,8054405110294;
14,9136995486845;
22,9289558512094;
30,4353246100817;
34,6070068447566;
38,1217657612689;
28,2595841416903;
3,46176118900421;
-6,81390184140973;
0,882197748149963;
2,16988766828791;
-0,864690139428767;
4,59735827117704;
15,8869646982559;
24,131871264921;
28,8908564580528;
25,372699263512;
5,73809078953696;
-6,63558748575312;
-0,0183352274316205;
2,48635004405204;
-3,48061403974412;
-10,4447575415458;
-17,2644585617975;
-20,5277315713102;
-20,9561193988465;
-15,8141876573771;
-2,65422776933259;
3,92304468638034;
-0,254726413754355;
-1,35822534295471;
-2,31865327420658;
-9,93142727682378;
-13,498537915609;
-9,58966113977841;
-6,06506970978291;
-2,82411770567373;
0,435461497436474;
0,548153219455788;
-0,341098249537477;
-0,0588234749946873;
1,71706301868234;
4,34923566889087;
3,382136177677;
-0,141458133778833;
-0,742942247465133;
0,0491750328883161;
-0,0579291860783339;
-0,0552462597696483;
0,0535557419559783;
-0,00435113464525108;
-0,887282869789157;
-3,05063359882366;
-4,02929688289773;
-2,325777511958;
0,0245834306108318;
1,05641863860574;
0,396755201479463;
-0,327080545786818;
-0,0380155095123182;
0,137566209345805;
-0,63301170132117;
-2,42296087274545;
-4,25203071733257;
-5,0715309881745;
-5,64132144419087;
-6,63774324813224;
-7,14038089848384;
-6,70366920465804;
-6,35834643607515;
-6,51560575745133;
-6,77344313471696;
-7,64405236900386;
-9,31925513068648;
-10,1737643984361;
-9,12485266839356;
-6,80578221621226;
-3,74809831364852;
-0,59336453747611;
0,791348469793642;
-1,29903060315855;
-6,07788975311167;
-11,1050655521435;
-15,1728633798686;
-17,6507183043802;
-17,4676815035455;
-15,8836487663237;
-15,5008155314468;
-15,2476512101329;
-12,6218560747974;
-9,90060605747975;
-10,3644870435773;
-11,5020986999359;
-9,57981674515045;
-5,14781320097353;
-0,64161583607124;
1,85977870938234;
0,668875961445899;
-4,24324178585498;
-10,3864940973301;
-15,5823530788359;
-18,9184093689084;
-19,1773585912838;
-18,1338947620038;
-21,1853907864896;
-29,0897278306637;
-35,9829488242224;
-39,7573827525708;
-41,9747160671999;
-38,1246935202709;
-28,098905456748;
-23,5477880709366;
-27,6957965553114;
-30,3199246944513;
-25,2810742317534;
-17,146515240555;
-12,9093951392871;
-10,2962352802751;
-2,46516613283892;
7,20999808568613;
11,263001104093;
11,5700597989801;
12,0200742323537;
9,80508261775378;
3,71410643766261;
-1,67558777470559;
-3,81325515259779;
-4,25783170532395;
-3,88207314637395;
-2,30138538600345;
0,269230128054678;
3,96428860214602;
9,66901330772527;
16,7336965399331;
21,5986386108204;
20,9916428103413;
15,3757881607384;
6,44853151177035;
-4,21128985444055;
-12,6333515846208;
-15,037827363809;
-11,7418264543933;
-5,48759683543085;
0,567471979523866;
4,07114547092923;
5,58179714172039;
7,5661062081093;
11,3903264229073;
16,3563335105728;
20,3192184998299;
21,3788416796813;
19,5433413822394;
16,1516632159171;
12,2946864185435;
8,68866924947583;
6,18409708139664;
4,91443918030396;
3,92728321755151;
2,56268855082041;
0,756848007624891;
-1,45270250954001;
-3,38454885263494;
-4,01726689169419;
-3,4125978412945;
-2,21578576571429;
-0,683683296142165;
0,760813193548711;
2,12032564943718;
3,98800779682741;
5,99908534534249;
7,23955267520924;
7,34994749024449;
6,02449764026933;
3,00572438486505;
-0,802845022461316;
-3,75837068770769;
-5,8800945554307;
-8,13788467992408;
-9,542700640224;
-9,16152056647319;
-8,50509900563171;
-8,44233622303834;
-8,05163193016326;
-7,30953995063608;
-6,8849841684065;
-6,85740253495505;
-7,16866010109113;
-7,6498188399083;
-8,3302373945953;
-9,49291706013652;
-10,5952729709443;
-10,1535423992158;
-7,45338142336929;
-3,92418756971784;
-0,868278814830364;
1,98205038719087;
3,89653679668333;
3,73406779506704;
2,46784619668125;
1,47964169368758;
0,689970442361559;
-0,261587355319234;
-1,24457024041533;
-2,48945780845385;
-4,78590135905587;
-7,76658897039614;
-7,11254431704421;
-1,28548793537815;
1,82704793924115;
-0,112027359429296;
-0,633589008051844;
-0,675838471404392;
-2,70978526867945;
-2,09225844932345;
1,59878790259988;
3,57381652535743;
3,98822270191308;
6,32272749820652;
11,30671185509;
16,391499604241;
20,392424510716;
25,8622929504728;
33,7505165661827;
41,8109894746886;
47,7401840336576;
47,9752961340916;
40,1256465829305;
33,3037091451982;
38,9260320886508;
48,7909685400343;
48,6107324186699;
37,8648346818057;
27,8737696146518;
29,6235808325269;
33,4580672948949;
28,7933102389742;
24,14642218712;
21,1376907653997;
14,7748057838233;
7,60577680081864;
0,444767008963992;
-7,27207494647551;
-11,8034215275324;
-11,9943772523042;
-11,8200879244418;
-13,2002301753571;
-14,8655672903888;
-15,9350592629811;
-15,4275066514061;
-12,2902641614244;
-7,12201760645083;
-1,14666522767986;
4,97131763756494;
9,9523895937225;
11,6735640116613;
9,42643876355872;
5,59102236974664;
3,66921785459995;
3,60214345307493;
2,08779299568585;
-1,32568352784613;
-4,66385407376516;
-8,2528445491701;
-12,799961485607;
-16,2043735160683;
-15,7592799030359;
-12,0818441270199;
-8,29469169418475;
-5,48645102012802;
-2,74322671681454;
-0,292780806301483;
0,754818011674424;
-0,0754571570441482;
-1,92643770990646;
-2,93071971474276;
-2,69768763249941;
-2,93165945805066;
-4,26535703181256;
-5,50534757457177;
-6,2152003314048;
-6,73824212085645;
-6,69436096057426;
-6,10628528881925;
-5,83107664271663;
-5,89742151308633;
-5,90050167642283;
-6,09793215319058;
-6,73947915279757;
-7,80091684732622;
-9,51352749242103;
-12,5965570128833;
-17,1266905915992;
-20,2891400464926;
-17,9651061240875;
-9,93584235934578;
-2,86502233082454;
-5,48326960928861;
-15,8154474479065;
-22,315404789533;
-21,9476725879207;
-21,1908361676511;
-21,9755364007581;
-20,921619987802;
-17,0880137829775;
-12,0644549795982;
-5,8576578924221;
1,03846709234182;
5,20646518073709;
5,26022282190006;
3,80429401254368;
2,58991790397149;
0,916631143981807;
-1,54753667686612;
-3,56142825809935;
-3,15497710367533;
0,826962532356888;
5,36036491923406;
5,11236242130253;
0,698406578724605;
-3,21408122358995;
-4,52135620871556;
-1,92681902021342;
1,10676952113241;
-3,29594862691299;
-14,3429716529665;
-24,7604410563907;
-29,3309293501454;
-24,6895695019409;
-16,3199214909625;
-15,518584010382;
-18,631834228124;
-14,7722723693332;
-8,32074843178671;
-6,26444689982194;
-5,59530282251149;
-3,6955387008594;
-1,28746086571937;
-0,635017498367408;
-4,00036389155127;
-8,84690402846076;
-11,6388816589753;
-12,7312404565869;
-11,712632174062;
-6,80774719225507;
-0,290620381941496;
4,16900715435633;
7,6257450607931;
12,5580236789315;
17,8634573886086;
21,3545770604894;
22,6083869902865;
21,726666928344;
16,9881374113575;
4,96669247894393;
-14,5054661828668;
-34,0893129481488;
-42,5074504118085;
-35,797210763539;
-22,2057821115027;
-9,26002871524047;
1,89797083532038;
7,8022637766129;
8,07570885870697;
10,0761248973927;
16,2300666114146;
21,4940189018837;
23,2722753034818;
23,0290078794114;
22,0034698200571;
20,0007224240838;
16,9750812521373;
14,2061611052226;
12,6007404085883;
11,3393378127172;
9,93672122118027;
8,97934478620703;
8,12858075564689;
6,65223577157695;
5,4904899872527;
5,85161043958914;
7,01210969151368;
7,83716707601272;
8,28790171236466;
8,38669509359333;
8,16171102826026;
7,88346643240128;
7,49635871109893;
6,93247922161997;
6,17064472354894;
4,94906973289687;
3,18856420765632;
0,909238212615341;
-2,36594208250778;
-6,73610959075483;
-11,0403277174551;
-13,4612172929399;
-12,7504486741282;
-10,9231130291329;
-10,7536282465371;
-10,0862456256236;
-7,1136194675111;
-4,7239126327835;
-4,23298057309304;
-4,17449266937759;
-3,9088812439796;
-3,71463573935601;
-4,18514740049864;
-5,38647198221149;
-6,47350949440417;
-7,39453659586582;
-8,62231140336887;
-8,92816273455155;
-6,84114567144766;
-3,53535737104141;
-1,25725182732097;
-0,873339694927399;
-2,9162300795049;
-7,52152853238759;
-11,781466181073;
-11,3421474410612;
-6,18191618783442;
-0,412731729149661;
3,25292912513488;
4,01917415048732;
1,99997460028272;
0,493513463533112;
2,48526587075319;
5,11112976489832;
6,82707533780359;
10,9717485979904;
16,0717294126603;
18,6277994393988;
20,3700594542452;
22,485954133205;
24,0807326105839;
25,5352328592111;
27,2283092755048;
30,2109711185271;
34,3833170251167;
34,7319833498981;
27,7084166862827;
14,4938823501716;
-1,10360595329227;
-11,3054439873932;
-10,3546345675275;
-0,970928838723307;
10,4059961286503;
20,9501156849702;
27,6055561242101;
25,1209436437513;
16,4368756553314;
9,19564293230521;
4,35484601247635;
-0,0768782682942839;
-4,20561436283356;
-9,10115165413442;
-15,127970011995;
-18,5802173476381;
-16,9864406019655;
-12,7042507073478;
-8,34255142510689;
-4,83711044843522;
-3,49798383131641;
-4,33481895599004;
-5,1765055896811;
-5,2931893318683;
-5,20594393027496;
-3,38183072431449;
0,92545553587217;
3,39439414903533;
1,31016214087507;
-0,817007121317737;
0,58841994955347;
3,19878856886596;
4,1199928799129;
3,30781325282676;
1,61810664918886;
-0,918551020648268;
-4,04321417207867;
-7,01967333875812;
-9,42139607388593;
-10,5573460547335;
-9,8716676895487;
-8,0693120815593;
-6,55544269850757;
-6,06213332073058;
-6,06760106647444;
-6,18524804462349;
-6,88766788664603;
-8,08273629269112;
-9,20502334367717;
-10,0443215391611;
-10,2482261964948;
-9,55456360219284;
-8,68090013330267;
-8,97823031691094;
-10,2863636645283;
-10,4723592898824;
-9,14572596531232;
-8,02074658490085;
-6,99050235350955;
-5,3627077888574;
-4,03833372499277;
-3,08150443216168;
-2,02007253888691;
-1,94852985584173;
-3,70669785012003;
-6,10227198681488;
-7,32791538776988;
-6,93998635412456;
-5,68685829906944;
-4,36629190065925;
-3,18367206256527;
-1,17138494554715;
1,717925157223;
2,46901308934031;
-1,03321597577143;
-6,6103853083818;
-11,5648612939902;
-15,5093260501472;
-17,5560125988148;
-16,3038973661153;
-13,1069344181298;
-10,3138953096391;
-9,15031441639031;
-10,3449958144508;
-12,8457419140969;
-14,6312938073963;
-15,0503047546329;
-14,8789306865975;
-15,665003504541;
-17,7650422695535;
-20,1728098221726;
-22,1084556637239;
-22,8583516269614;
-23,0533975455121;
-24,9069489896881;
-28,4149676250022;
-31,1562555462506;
-32,1336864371408;
-30,6254178133666;
-25,6036742474117;
-19,7884420763837;
-17,1449347827719;
-17,4037064619278;
-16,5777675050604;
-11,7605851604802;
-4,51948054001365;
1,82623227084502;
5,89123181437417;
8,21694957513781;
8,84647211384476;
6,91064881616596;
3,56623532795041;
1,58518343640834;
3,05263478202545;
7,13996541896303;
9,4225356971948;
9,2150804606428;
10,6411851657744;
13,058304357454;
13,0196609792319;
11,959813711846;
12,0225453540601;
12,5786319064665;
13,7139269309848;
11,1759240273131;
2,00064315654149;
-2,84391862861734;
0,168606071230379;
0,989571107115618;
1,93073799997573;
7,65769868210458;
9,69117721685106;
7,11712087608019;
7,81685777032662;
7,47464666292517;
1,31997824314733;
-1,96723415145856;
0,158015595617613;
0,664229754164575;
-2,61703730921202;
-7,78734207091596;
-9,40821303527651;
-5,13680247515117;
-0,0572066432592766;
2,84888553115654;
3,14193325687163;
1,07686160523848;
-1,52308854599596;
-3,72124486949373;
-5,18923999169634;
-4,84430676362332;
-2,67158322311122;
-0,191761723056344;
2,40801092285632;
5,80380879046448;
8,90352613082062;
10,2831125639269;
10,258041913525;
9,91599124049314;
9,59942549342037;
9,01244449219999;
8,13389451153875;
7,32457448994776;
6,76834923521413;
6,36490873025266;
6,09977441810368;
5,57026380564422;
3,74842506457604;
0,761239662407456;
-1,65582706146963;
-2,2440883030554;
-1,32451514612903;
-0,0382503965606227;
0,924657886932488;
1,44459406198025;
1,12459028843615;
0,147840867308534;
0,0783784890111665;
0,754288454272842;
0,352364111057278;
-0,302501023189565;
-0,0380329979107373;
0,129708075779221;
-0,0418009601512995;
-0,58120685101301;
-1,77703939284394;
-2,5960982251105;
-3,34094278608749;
-4,4426867862188;
-4,44024530701676;
-4,77789381733437;
-6,85459671615851;
-6,6308583974459;
-2,79152712241905;
-1,30400218475718;
-4,47677718228879;
-7,00935123553407;
-6,03162605935698;
-2,86368730933146;
2,94516216949725;
10,806675303907;
17,0282108296497;
20,1201589568104;
22,1625355803588;
18,2726623010245;
3,80313639876044;
-4,63654034497529;
0,0435849137257665;
1,71636762051276;
6,33593938450072;
21,4669696346663;
21,5141376201219;
4,41862278986865;
-0,192385533513194;
8,83245324930077;
16,4781086943193;
21,554846127671;
24,6707252593408;
23,1739918463509;
17,2160295895665;
10,5810593673478;
5,83139526529247;
0,22241737841581;
-8,27424200086345;
-16,217863740966;
-21,9088841508736;
-25,8601026899973;
-25,8889046391062;
-21,9055454528099;
-18,0545168524854;
-16,1578107119921;
-14,5261949750723;
-13,1839112624845;
-13,0071937777933;
-12,8674974450516;
-11,7594435225854;
-8,71812217095918;
-3,7354967009697;
0,507174994608313;
2,78115589010194;
4,10683901446209;
4,90549456619641;
5,15882517010871;
4,66382306459584;
3,61380180862775;
2,6522471915163;
1,67867439167739;
0,311976704938707;
-0,629727478654029;
0,509844114939703;
3,66434716710102;
6,62789180883202;
8,14461205461675;
8,88174925117388;
9,09431697244172;
8,38321549880095;
7,335499692753;
6,93649790154437;
7,1410798020026;
7,18557851086861;
6,89024687320549;
6,9794734601339;
7,58907699703889;
7,49844539136033;
6,05762858985518;
4,32933192342639;
3,05050394718517;
1,57031931589775;
-0,308099477216513;
-1,99306393448088;
-3,53002525664952;
-5,02538085801384;
-5,96337283639681;
-6,45118929345921;
-7,195195402146;
-8,6339486840944;
-10,955190604922;
-13,28479788899;
-13,9888166451482;
-12,9670340594589;
-12,2505956342157;
-13,0554932776046;
-14,4207094514465;
-16,7579069717454;
-17,9356713410924;
-14,1937867674753;
-11,5384868967894;
-14,1970536096192;
-17,4174675406871;
-18,1698424637853;
-13,6126751378735;
-5,72226363545411;
-1,24249819381702;
-0,350536054570239;
-0,449009219915776;
-1,7536867042742;
-4,03771740404756;
-5,21738782331501;
-4,93641477850073;
-5,35452612158047;
-6,05911157531179;
-5,70551891776564;
-6,82381068750418;
-9,94151939343546;
-13,1079876051241;
-19,6462145181096;
-32,3279123129871;
-42,8748070030922;
-40,8999060536502;
-31,1929169119475;
-25,1273764471293;
-22,5432218860709;
-18,2131281367853;
-11,982546966991;
-6,76609212875637;
-4,99844732041064;
-6,9742225032043;
-10,6580555330325;
-12,8432333156084;
-12,5513052883366;
-10,3578015484869;
-5,59068859704905;
-0,279063217757777;
1,06762547076018;
-1,42069857899397;
-3,98961543098928;
-5,12011616774806;
-4,16520374665803;
0,864266461196137;
8,31269564591553;
12,9384805733063;
14,6724140066778;
17,1796459480393;
19,4234473463018;
18,1864460455592;
13,4770400166129;
7,22915796798257;
1,85005558974201;
-0,147881602021442;
1,47959643948912;
2,80886037448858;
-1,75493543212851;
-13,0568905160002;
-24,6295209554389;
-30,8119363292388;
-31,3227349600421;
-24,9970306351863;
-12,9916710404617;
-2,47316945697631;
3,60822706920237;
7,74607091034845;
10,0468846181868;
9,67133108551791;
7,59289834843946;
4,62480349678839;
1,3632365355331;
-1,93210966440006;
-5,13797789147549;
-6,26538472210729;
-4,11805080555624;
-1,03409320442043;
0,66760943316794;
1,36856512903648;
2,32872669016198;
3,58821892732863;
4,50824510074053;
4,87964601335713;
4,27882360011272;
3,14112475224476;
3,23845209738312;
4,47807004124568;
5,08314295666238;
4,43879656084455;
3,11166104647418;
1,87301565247759;
1,28465043958136;
1,37072341944857;
1,68205949341462;
2,12641705896983;
2,94121757646506;
4,15749441362065;
5,90152628016372;
8,17589319848228;
10,6888756216323;
11,6973431675472;
8,88442021906021;
5,63090632654275;
7,21164294558651;
11,0935110752645;
11,8974756316496;
10,0089481307361;
10,145488049692;
12,682089091405;
13,248320460897;
11,1695778966486;
9,476901500531;
10,4697403035076;
12,7603065590915;
13,0963575225981;
10,6376020544214;
7,28368967139412;
7,10942448405102;
10,0979513321288;
11,0501011366653;
10,3415852717485;
12,5917285552065;
16,5757317564822;
18,7023934125388;
19,5684592238943;
19,191952368838;
17,9010579686463;
21,4181744043022;
30,5287498855161;
37,823209376699;
39,7059055375164;
36,7564382913551;
29,5782086383258;
20,7877675805177;
12,1982329411045;
4,75579447616692;
2,0378964161323;
5,6613322945598;
12,9052162665436;
19,0055774962887;
20,3477816452062;
19,2952178573357;
18,8031060057184;
17,4738361223218;
15,7088442130201;
14,168008921035;
10,3666877217991;
3,83084931867022;
-3,71791754292457;
-11,153730249546;
-17,2248050639987;
-20,1813812008608;
-18,7061681611733;
-14,1955628199159;
-10,0082960930306;
-7,1288887930929;
-4,47971878639668;
-2,32938964110789;
-1,66877863630523;
-2,13790788409967;
-1,82184356663855;
0,808503787491805;
3,75045635046412;
3,96522625356045;
2,04457816302847;
0,476232788047483;
0,340919088995748;
0,196816413238351;
-1,16629289221521;
-1,3264207485894;
0,801552167045768;
2,2010148809953;
2,0198632736411;
1,66721904925439;
0,951041403157623;
-0,381898269362907;
-1,28011697962995;
-0,880435898491828;
0,00332721537773908;
0,0318273106869607;
-0,71899433755807;
-1,39213481879807;
-2,00768309742879;
-3,03740123954979;
-4,00372140521726;
-4,40983129384771;
-4,71346378711041;
-5,48664377247081;
-7,05931035949887;
-9,1268608217009;
-10,4725706344844;
-10,3013456776183;
-9,5025247509176;
-9,35832500454934;
-9,54703380756904;
-9,54977694605436;
-10,1588558788687;
-11,4106703611589;
-12,0618779677712;
-12,0665278661083;
-12,6360588276355;
-14,0818375510766;
-15,6530228309685;
-16,6916220550937;
-17,286609974515;
-18,0180968822595;
-18,9839320132965;
-20,1660858173806;
-22,2164976956902;
-25,0588836814397;
-26,616832964312;
-25,236279762754;
-21,9406051352803;
-17,8102261997067;
-13,0022101109604;
-7,81621037874633;
-1,85417294900762;
3,83083838537141;
6,61428262465726;
5,78668061018543;
1,49293012662393;
-5,59977977657262;
-11,6520230735493;
-12,3129653841406;
-8,94410182748636;
-5,12379787132435;
-0,97793390844998;
1,17492440321344;
0,0227215384382518;
-0,453628712719846;
-2,36209716508033;
-9,04116672334776;
-13,2746876756151;
-11,1759053476602;
-7,73241346844155;
-8,57740471521102;
-17,7988445437125;
-29,1002069634266;
-33,7289390182771;
-32,5611673466722;
-27,5241264814571;
-21,7978264581234;
-20,932827174811;
-23,5880233087504;
-23,0444230870278;
-18,245109728101;
-13,3231959679861;
-8,56341654593053;
-2,46064890578913;
1,37788090117605;
-0,39857975172613;
-4,21327578834811;
-6,24326317674158;
-7,35533988970599;
-7,071389060691;
-2,50227422044837;
5,56834289785591;
13,2796400775179;
18,7137934951473;
21,8434477056429;
22,8952294062842;
22,8143899449587;
23,0135420747406;
23,8300311372707;
23,2243870430497;
18,6296344524496;
11,1965841760656;
4,52222124343332;
-0,548939965381252;
-4,97688015109425;
-8,26436149751079;
-8,78663117169919;
-5,7182398356261;
-1,47014921421168;
1,12070337398848;
3,20398832415298;
6,41474715461054;
9,81327190029989;
12,3486845879099;
13,767561740576;
13,6597278869119;
11,9556041544693;
9,54124525276979;
7,27877849315164;
5,11225025666116;
2,46834598422212;
0,0274637273006149;
-0,50190187568714;
0,139173200021328;
0,12981316790776;
0,0671158007748567;
-0,0209635571747218;
-1,74846554986858;
-4,17030155651357;
-5,26124305531146;
-6,2256304612232;
-7,32469497736324;
-5,31452843978091;
-1,09971249208182;
1,15805284807602;
1,5627302738857;
1,23725076417068;
-0,717183174171735;
-4,2631999305962;
-8,25577477066151;
-12,2194097091037;
-14,9946352478451;
-14,6558763167821;
-12,2973049977388;
-10,3209657114514;
-8,71802839521883;
-7,68707021348898;
-8,27175238215747;
-9,14343532591817;
-7,80091679569067;
-3,86291766389942;
1,22269033941702;
5,63980388601388;
8,16805169537479;
8,95003911833597;
6,58965921835278;
2,18558063059969;
3,2702979046472;
8,54124072477148;
9,67983815944958;
8,26724441408777;
8,2997850919922;
8,83035668453078;
9,0309274657922;
9,30306301116005;
9,32749318955489;
8,55222109321703;
8,87806640813765;
11,4344498191276;
14,0029295694331;
16,5769930915009;
20,4206401610785;
24,6064896708633;
29,5977315036889;
36,430996826472;
36,3045213350963;
24,1113212926119;
19,50035892614;
29,8779102694496;
38,2151909572466;
31,7822993284242;
10,7072032148472;
1,28087638572511;
13,5860034146916;
22,5889884744939;
25,2404802934199;
29,6283489280728;
28,3242932075398;
21,3513717381002;
16,0491168243262;
10,5220479117246;
1,7558475087642;
-6,32180790249195;
-11,8557835362795;
-16,9648055489851;
-20,7590702565979;
-20,1736737730295;
-14,9208311109574;
-7,81692727252839;
-3,54200261911925;
-4,46009688141085;
-7,18382495726821;
-7,98382374732615;
-6,88800184706546;
-4,70306501419309;
-0,74205490121307;
5,23630322807402;
9,91010570527044;
10,13250173117;
7,73541474406901;
5,90621643653866;
5,67312504825168;
6,07906119404994;
6,00682873260538;
5,79633985414084;
4,89048627846057;
2,10925450791119;
-0,742800056298297;
-1,25172759172039;
-0,219792640010401;
0,876988963837137;
2,19536146561004;
3,47166231419666;
3,74993338485904;
3,2198172668577;
2,58389303240474;
2,36503551920073;
3,09718436102464;
3,79843693475619;
3,34021682260631;
2,69731327254775;
2,72237255473732;
2,8108153785472;
2,12872955759716;
0,858761147849031;
-0,285553415711673;
-1,62857685044476;
-3,42956849729943;
-4,68952609813269;
-4,9538627742506;
-3,67644953600564;
-0,638406141493287;
0,902408909596989;
-0,0446616013010702;
-0,318903402990868;
-1,19843881372328;
-4,52245382698936;
-6,04353438667273;
-4,81165852043477;
-4,68816174165757;
-5,2933744264748;
-5,29676178321613;
-6,89100837377782;
-11,4374421303061;
-16,7083374531253;
-16,1079711045928;
-7,57542381347772;
-4,1461237155964;
-11,4519587514706;
-17,7294322948708;
-24,2368248440905;
-36,5350594146584;
-40,8411817967866;
-33,3840997520804;
-27,5843465108032;
-24,0342254388672;
-17,8334473165081;
-11,9911958760966;
-8,17414084744723;
-5,48730307050457;
-4,04927356388189;
-3,46368536990669;
-2,91493148553188;
-3,17153134908271;
-5,11275433948626;
-7,0824997991409;
-7,26648147988849;
-6,53772877312239;
-7,78331009847552;
-13,0869883282626;
-19,0695348578005;
-20,3695544159428;
-18,6907118845343;
-19,7567209006742;
-24,8551050793539;
-31,7008778356502;
-38,5033409823794;
-43,1926247302661;
-42,7745527927028;
-38,2616738886324;
-35,3944462663438;
-35,5285968499141;
-33,8155525355589;
-27,976102786365;
-21,0025765742235;
-16,3576067764522;
-13,0432344823439;
-6,78992899653083;
2,86568807725283;
12,8856815091602;
19,4953383934462;
16,7905994777855;
5,9341311284812;
-1,48269259866039;
0,0440953061945145;
7,69685737204573;
14,3239195371046;
8,96063512353493;
-1,52507782454576;
-1,06911114772207;
11,8191345490071;
29,6873568699864;
35,8142730246004;
27,4653110869607;
21,8358489477898;
20,6074931624926;
16,982863957818;
12,1380992943102;
6,32606171548894;
-1,24970401155051;
-7,2032898643089;
-7,51238880335014;
-3,97684784406313;
-1,25350752883928;
0,624573908360759;
4,08110992391108;
8,3851797390928;
11,6406378489285;
13,9965637556596;
16,2548652528084;
18,1925336437229;
19,3838934478525;
19,7785888169895;
18,9979742526972;
16,9745542978313;
14,61745420719;
12,6532598420414;
11,0120823007572;
9,30017190226818;
7,4256436390666;
5,54490453873639;
3,44041670257126;
1,31612632632384;
-0,0669140712816478;
-0,772910927684226;
-0,973794659148074;
-0,71349484151628;
-0,849044153599024;
-1,43969104858819;
-1,42865929857971;
-0,588257748265109;
0,272461601922782;
0,324166475443485;
-0,133673764899843;
-0,504183438311172;
-1,35461899152929;
-2,62027023400783;
-3,16058706874316;
-3,04908977262343;
-3,03383829387028;
-3,00240689752997;
-2,59418209127911;
-1,86581698358181;
-1,31939316134869;
-1,47104511655698;
-2,01173589148955;
-2,45245287676536;
-3,06503510117542;
-2,86165155014289;
0,848125526458971;
7,97012327740772;
13,9282034706571;
14,0759723039495;
8,80484691186918;
2,77016956891938;
-1,30872613956262;
-3,43924029301263;
-4,59688656171851;
-8,33983366446561;
-14,9955294682055;
-17,8972619575877;
-14,1765049745073;
-8,95492485316601;
-6,06360485984643;
-3,84446778162946;
-4,67091450700877;
-11,2280282467258;
-12,5529666240413;
-5,97490544724074;
-2,54405234914734;
5,26577473677242;
25,0516385862971;
37,9246983901738;
36,7216981410481;
35,1770732625488;
32,8386038151255;
28,2372319641028;
31,1923572353623;
37,7119621739036;
37,2657269352285;
25,8509809440359;
8,02959013049136;
5,3797484742414;
19,5928680107787;
26,3407181774836;
17,5760194371389;
2,18254340285812;
-4,03252748000953;
0,417688415490306;
1,33689002228522;
-1,7381908960692;
-5,23129401775883;
-11,1256080282163;
-16,6302638116081;
-18,1480370750424;
-13,6519267739035;
-6,64695828361974;
-8,45763329065703;
-16,9025076904382;
-19,0365060801164;
-11,1652625613412;
2,25361377528471;
8,68671409983317;
6,04053335541457;
6,0573821951675;
7,32890116966216;
4,87659331293418;
4,19265027707927;
6,48718000773261;
7,54743106425803;
5,79441397487332;
2,06850907979639;
0,484659554848938;
1,18346630159017;
-0,545339326273117;
-2,2659222705962;
0,240386393188041;
2,6275116312839;
1,17137837284851;
-1,33927068181617;
-5,01827994472186;
-9,9667847423252;
-10,1274954109172;
-5,81942651494842;
-3,46713530785274;
-5,14524395756797;
-9,40805722670905;
-10,1806225560748;
-6,0172756805724;
-3,36197522497527;
-3,24166234179729;
-3,49916674965113;
-3,7761768485652;
-3,56932142079409;
-3,13007357184273;
-2,98287822505048;
-3,11970718466336;
-3,47252746843725;
-4,39358132224988;
-5,8008156474931;
-7,0597670064781;
-8,83567677013314;
-11,7890755832686;
-14,6979149614567;
-16,8185778561373;
-18,5548045685359;
-19,1935108948516;
-17,8790301439374;
-15,9694189447587;
-15,4673330329932;
-15,5487137556843;
-14,1058676578516;
-13,2763337051762;
-16,9191490223576;
-22,8235415429268;
-25,2075277281801;
-22,1944095240269;
-15,8841448614146;
-8,94939001796396;
-3,48748137029505;
-0,211833115552486;
2,24213166203631;
4,72689307682608;
6,11303858223341;
6,02219228678125;
6,01654693022526;
7,35024632998241;
7,89531011416583;
4,85050953873554;
0,744064406667988;
-0,889133938542899;
-2,61208341356058;
-7,89326891330352;
-14,2130973599393;
-17,5865953349296;
-13,677984680381;
-2,32783890745204;
3,36330466742777;
-0,189550710427351;
-1,17813110046596;
-6,46242075528031;
-24,8980086116367;
-34,9959012971717;
-26,2057294764813;
-16,7915013182954;
-10,1500306077121;
-0,945097734422543;
2,41032321780005;
-0,421287581548632;
-0,720252461093611;
-0,0930498369977016;
-1,51622222989104;
-2,30670302890321;
-3,32009634302911;
-5,58723314299383;
-4,87490466219383;
-0,622952241559239;
1,19941770804963;
-0,15515565917201;
-0,381266231430949;
2,63489104809169;
9,17273645772698;
14,2518990576004;
14,6475241693533;
15,3194620171164;
12,9929708053685;
2,54951106765829;
-3,35500385361734;
0,129825086198841;
1,19662644535439;
-5,90004661734412;
-17,9056514076705;
-20,5403488303663;
-9,80047671324204;
-0,668025715861404;
2,76875798010061;
3,95339495976449;
3,17389418084064;
4,95948392303621;
11,506216278035;
17,9145088831454;
20,8779995114349;
21,4412392769736;
20,6383617639212;
18,9430592087441;
17,1236812801593;
15,4117303629406;
13,6599756880998;
11,8889507931584;
10,1417504860735;
8,44997154129519;
6,91521429837718;
5,62969217089514;
4,21131862724548;
2,2381833131908;
0,0745147077390764;
-1,42407261468504;
-1,94046678292503;
-2,19396327681357;
-2,39819684140328;
-1,62878705913509;
-0,139748107999088;
0,371475260491873;
-0,0637904220230202;
-0,111993604812557;
-1,3955671960346;
-4,09302339742866;
-3,46392183870432;
-0,68432309787488;
-0,849852814042192;
-1,66613206675126;
-0,393650892569144;
0,479945282921248;
-0,0172083878124811;
-0,170339868209693;
0,658776166564393;
2,2446853691034;
2,96791678840862;
1,30167907849124;
-0,555563607255964;
0,122061897974156;
2,88775254740734;
5,64390170460645;
6,81956481221619;
6,48690025075063;
5,40651067748373;
3,53253890404756;
1,39573292855993;
0,124612343806753;
-0,700731751002823;
-1,39474994347559;
-1,24287256501249;
-1,35594154215247;
-3,00924929298852;
-4,7521500484767;
-3,97932923868906;
-0,676569354069132;
0,982028020244822;
-0,0574729394646113;
-0,342942005721641;
3,6285766559391;
12,7977235886789;
17,6656833115482;
11,6565642250724;
4,85824250309591;
6,45622671807816;
13,6948568501623;
16,9188123122013;
11,5501003577913;
5,18421215289809;
12,0924341563267;
31,8561053240198;
39,1601445357833;
29,6884842029922;
24,4135921902802;
27,1690035407533;
33,2017205742424;
35,5030545166154;
30,3831724877368;
25,4793487462256;
17,2675999763043;
2,13798763490507;
-4,13401459964902;
0,512427102884389;
1,32751733193268;
-1,3828333269983;
-1,87421144380499;
-0,948024114075282;
-0,00943806466217049;
0,393215033280213;
0,84182021526589;
0,861997059485966;
-0,173044450438773;
-0,965779959193942;
-0,845056794222316;
-0,812212754850059;
-1,24517773740814;
-1,94698326848977;
-3,5564934210342;
-5,09831423137255;
-4,13286838794446;
-1,47549690823844;
0,133769207091346;
0,548457622569347;
1,17625969993606;
2,04396940240181;
2,17426747321772;
1,60167356505918;
0,840464443424817;
-0,489251579872924;
-2,14790349061207;
-2,7997836960541;
-2,32529354695817;
-1,65652644408586;
-0,914248433499791;
0,12440312574366;
1,08136406808683;
1,46825275424788;
1,0944850601077;
-0,218173906141659;
-2,34324661315072;
-4,52689011453408;
-6,20475496000903;
-7,50040223800015;
-8,64846425861078;
-7,01550132891795;
-1,26952194765406;
1,76382194051752;
-0,0877282496386457;
-0,621846372524367;
-2,65143687041168;
-10,194579497791;
-15,1843763387987;
-15,8158746503835;
-17,9773376770179;
-17,9426169751956;
-12,5227201166536;
-5,31805610109534;
2,12488964748165;
6,24362219688562;
2,86744328710175;
-4,10840280612964;
-9,62339904665715;
-13,1593445860847;
-14,4680659396457;
-10,9953243262727;
-4,89430686202557;
-6,51405531664492;
-13,842264133549;
-15,3410937904155;
-9,8765745128905;
-1,4698579716123;
2,2869019922968;
-0,144101599293305;
-0,798655417334375;
-2,03364063665167;
-7,71156713434385;
-9,18050836048139;
-5,086065890282;
-4,16398820281285;
-11,2703625965364;
-25,6860165694821;
-37,8060425307409;
-44,1448285912641;
-50,0632196925202;
-51,8157233215641;
-47,3040941535733;
-41,661793636967;
-35,5598739140866;
-28,0732054866558;
-21,935450604126;
-18,0635240355277;
-14,317560041493;
-10,0729408261642;
-5,61400842780224;
-6,73135732386151;
-15,7821167494567;
-17,9781377475832;
-9,77812351110028;
-4,36864158783928;
-2,32106471881388;
0,763272381511182;
2,86212625708767;
3,48825908517917;
5,99610209275316;
7,73372903939672;
3,17374102952897;
0,129440487145371;
3,48291449406255;
7,01609594970049;
13,4991026839546;
24,7000511442695;
31,2391978797901;
30,0766561492295;
23,8071839122726;
17,6750086966345;
21,9742093634237;
30,9920262740963;
31,1339664081915;
23,4545727249673;
12,1912888862814;
3,91198580793794;
4,98283845954403;
7,4480828764089;
4,61443018918728;
2,49204421100674;
4,45211503324069;
6,93342670170667;
6,6403454552467;
4,22754832148128;
2,8070764672809;
2,92646591426769;
2,66731954628344;
1,50772473233901;
-0,0274473093032238;
-1,14269014269281;
-0,578037918444692;
0,376145703785076;
0,0910126613949854;
-0,178647645308492;
-0,0701311425141432;
-0,300925724331887;
-0,296299979330163;
0,788033353321347;
2,95659605912561;
3,56019656923033;
0,828654982944152;
-0,982085068611786;
0,0169541325565808;
0,357793164732304;
-0,552389303218015;
-2,17932935497823;
-5,21725596506621;
-8,42243351382087;
-9,93117592660282;
-7,42364953525991;
-1,12508271695675;
1,80131978361498;
-0,147318505001981;
-0,611396096346662;
-2,33649993429046;
-8,69756093502005;
-11,1364624026684;
-8,00895004858173;
-7,04750982043481;
-5,81075452580608;
-0,806265786859716;
1,47834621165067;
-0,186159454624364;
-0,470697968590383;
2,59764127311086;
8,7985473066428;
12,4755475308753;
9,49168052437492;
6,39343078393189;
5,03473280862088;
1,13887867077479;
-1,35128901227082;
0,0162129616464386;
0,496481704058762;
7,3587042807953;
27,8514224826273;
42,6013237192935;
40,2504757084257;
34,1050686642312;
25,5488396331693;
12,2227375135434;
6,83021927701624;
14,5165358305191;
24,5027898147098;
32,3809950155336;
41,37308463381;
44,8620543216095;
37,3945457469801;
27,6506530566132;
17,2795355207402;
2,41220726545776;
-4,12163208739436;
0,388945188180766;
1,3781355064891;
-4,45969546623512;
-12,9692773438159;
-16,1472809910082;
-11,5984678871929;
-8,89601558597561;
-7,25606903871838;
-1,28949571812498;
1,89467675081939;
-0,141294974061657;
-0,644993884570495;
1,02110839091089;
2,61907387250757;
2,76683150388298;
-0,295370218273955;
-4,04501270378177;
-3,76688380668842;
-0,35052856345744;
0,917269422128491;
-0,169571525853689;
-0,269275016402658;
-2,49443216079194;
-9,36885932642442;
-13,2361086720809;
-11,3837769026025;
-10,1153431660332;
-7,50840954817827;
-0,96701274803449;
1,85028234866096;
-0,237481792930839;
-0,588900870934034;
-0,0972592275252032;
-1,59718408932358;
-3,01045254286961;
-3,47340956520536;
-3,88206990552088;
-2,95970644814306;
-0,375007593630449;
0,72094161677347;
-0,091360077209919;
-0,230235206716515;
-1,29615541225232;
-4,41457045472574;
-4,90132371933579;
-2,87064204233826;
-3,31501928364008;
-5,16565013680781;
-5,23174511992845;
-3,81759352265102;
-2,93369947990904;
-3,68971866113715;
-5,98934004152261;
-7,32128151420362;
-2,90152938614797;
4,09451799550941;
6,67211660984206;
6,01859070775386;
3,37604280854637;
-2,07561189055996;
-7,53307928637049;
-10,4554627589734;
-10,3290246635699;
-8,75825699739051;
-9,27935174459672;
-12,5374933390382;
-15,0808366221607;
-14,6613107379112;
-12,9298821236186;
-11,5736526727509;
-9,59192989234601;
-6,47946728276548;
-4,80538300888118;
-6,62764484017507;
-10,0128405023814;
-12,5945409251346;
-14,8682788132317;
-17,4570103090765;
-19,5882047299437;
-19,6902361011455;
-16,2364466316226;
-11,5142486880381;
-9,48913345205797;
-9,51398342570845;
-9,57684248581465;
-9,59900076632269;
-8,23518303216889;
-4,08756139930864;
0,114573073232281;
0,800407500653397;
-0,280234673382199;
-0,182288854916877;
2,24634280921343;
7,45993615213196;
10,6104640045664;
8,61816809728342;
5,81323662993999;
3,37326508199664;
0,290537324195442;
-0,778919652284526;
0,137173606289265;
0,232999608369464;
3,37588236155222;
13,9579363854596;
23,7484209489112;
25,9586137432676;
26,3163533698276;
27,4373278536701;
25,9406083678771;
20,934876097186;
12,3532107493223;
-1,2204104710144;
-17,7983820649547;
-28,2614032073994;
-26,1909310677143;
-17,815463694244;
-11,1302364704095;
-5,25832357912582;
0,0767563700926474;
1,0791579250589;
-0,359279443734701;
-0,25210535314637;
4,27230188714734;
13,9337492831187;
18,2387052181026;
12,660792648388;
7,15622940677558;
4,08389419798607;
-0,166887264445166;
-5,35352436168296;
-11,1765955279468;
-15,912473624592;
-16,1014162159017;
-12,5928227095034;
-9,34394653804532;
-7,02367970354157;
-4,93637582752652;
-3,00612015904703;
-0,570048011784726;
0,712520691187668;
-0,0016206916977201;
-0,267504342809002;
-0,792573862058263;
-2,95983985554644;
-3,28944792910674;
-0,454072278888429;
1,5398022460312;
0,956039934602978;
-0,0859159356747401;
-0,173754552661016;
0,0827139918151902;
0,030378381668139;
-2,26155420510612;
-8,72847928822265;
-13,1269249435075;
-8,25659479050625;
1,3736188276833;
7,87821248126741;
9,02961489607831;
5,62811867307564;
-0,234523073019458;
-5,82626125398869;
-10,2172555834562;
-13,8912354434966;
-14,6314382618489;
-9,49647233053824;
-1,91134844488952;
-1,98266132602081;
-11,9866577130695;
-16,9448662587011;
-9,42797905977557;
-1,08233403220911;
2,40336182367101;
6,64873821241303;
13,4957331442996;
17,9297116174113;
18,53540948536;
14,361978300879;
3,00736372903708;
-3,6074266214823;
0,00534607568278616;
1,3491735894358;
6,95300987672057;
22,9751103012137;
24,8163207293628;
12,9028563334462;
12,8616568650008;
19,6100854746886;
24,5177965807777;
32,5619785956044;
39,6818187487443;
42,0662191383407;
40,8700409352045;
37,1353246745126;
33,8554271333024;
29,8211356783348;
21,9413793102831;
11,3207132606798;
0,992672296869957;
-2,41585786910685;
0,338509874115176;
0,767691236221886;
-7,79075323507011;
-24,6759057189233;
-30,3884467895144;
-20,1379577192409;
-14,4915794311677;
-11,6991075712817;
-1,89378993365133;
3,03688949628966;
-0,295612193980246;
-1,00366618008341;
-1,776006915503;
-6,73227349681798;
-6,41654367192994;
-0,709139718679079;
0,911263135619255;
0,671408277937018;
3,31967156708465;
5,68010717532436;
5,72504625271404;
5,49921660854787;
5,48557458959054;
3,10655595597246;
-2,55244304683624;
-8,93711800242319;
-13,3078791717283;
-14,6241346973428;
-13,4568846543039;
-11,6868046593066;
-10,7530297299942;
-10,1794649916362;
-9,08112751882436;
-7,67114037304461;
-6,17363285026452;
-3,99576119857984;
-1,09486159980379;
1,16146665400953;
1,5805190368016;
0,358874104528961;
-1,43706975617935;
-2,97440201366011;
-4,77137545259821;
-7,34789514370318;
-9,52844792105125;
-10,4337284342258;
-10,741868659674;
-8,17959962255195;
-1,39592864034112;
2,02616702763844;
-0,120312242629132;
-0,706574983872835;
-5,93780356458165;
-21,2539525801784;
-27,9050818073388;
-19,9514728764517;
-14,3593951528344;
-16,7002420676829;
-22,8088868269641;
-25,1473770905659;
-20,2815851219264;
-15,244466619636;
-12,1576053592561;
-8,03666752896864;
-3,94079351196131;
-1,99349723132637;
-2,29761809396909;
-4,83034185279501;
-7,4346991302448;
-5,58495152927784;
-1,71082975530949;
-1,8011898157711;
-2,69923193276776;
-0,0693961923574539;
1,023179064504;
-3,281040200149;
-8,6325048970685;
-8,01363463655785;
-0,755332989657694;
2,27326602028449;
-3,41413560740824;
-9,04433097592077;
-14,638985494647;
-24,3449936962511;
-27,8775614148573;
-20,6925639947572;
-14,2651210857909;
-11,4491136345072;
-7,99466289164985;
-6,21057171379035;
-6,01963103455779;
-4,07777175207084;
-2,51389834921928;
-3,13305324932215;
-2,87225639436008;
-0,828753558398544;
0,266753959269071;
-0,301340802199797;
-0,403515156361312;
0,152912747829589;
0,0988946865025022;
-0,0988658491655972;
5,6520387836672;
19,360589402731;
26,6274233663227;
24,6477861053365;
26,2582369747788;
28,8280491921224;
26,4416411051174;
22,2930170451328;
16,7367279911641;
8,84797953428024;
1,13836230259627;
-4,41590403000687;
-9,38265616458461;
-13,2516042867481;
-10,9432917329225;
-3,09398500029714;
2,75303912982401;
4,30909967693858;
5,18367182431366;
7,0609084332297;
9,7488936175467;
13,3210477865486;
16,5803050717063;
18,0001460500323;
17,9883084675125;
17,4499644924715;
16,3195395657502;
14,582972229051;
12,6484759194985;
10,7604767785483;
9,25923132322835;
8,3514986156028;
7,35685755539388;
5,52086054863918;
3,02119184199098;
3,02658017958242;
7,20374186385991;
8,92383347716647;
5,45132851353247;
2,46501393430274;
1,05022541892709;
-0,11811895140719;
-0,215616020796443;
0,115158560130447;
0,0311196279178205;
-3,91593280997774;
-12,5702206623904;
-14,9551745302601;
-9,37865939104223;
-7,19983553031546;
-8,57211377485046;
-8,430750658284;
-6,18620128041816;
-2,37169335342036;
0,152311415927163;
-0,456413930518094;
-2,32721368513155;
-3,48681881271043;
-3,27997079696591;
-1,61316102940091;
0,139123318354117;
0,347638126469402;
-0,145012676813053;
-0,0707543240632758;
0,0824356663107223;
0,409898308006527;
2,02208197576371;
4,69844668486785;
6,84588856095124;
7,29361318739243;
5,47692968342547;
1,76822711362792;
-1,383315746312;
-2,34126659612093;
-1,84580750396193;
-0,311504523534289;
2,02319863757858;
4,459858694886;
7,57064072430619;
12,2486854419899;
17,3863505499899;
21,6675112014341;
23,785260041721;
21,5929728798182;
14,9694464613398;
5,83983389640705;
-0,815455919417515;
1,20080008477421;
9,84814629060588;
17,3414374260101;
19,8518384992133;
20,0203558522356;
24,017098905279;
31,7277385782885;
34,3553056442279;
26,9620654614424;
19,1044223765599;
22,7863283262801;
32,4242319819239;
34,52394904001;
21,9044632927734;
1,75122131793146;
-4,96438968498365;
0,893843685590251;
1,4793635549241;
-3,75256222753832;
-9,44787678750471;
-11,3743969090637;
-8,75148157355407;
-7,14471020430736;
-5,48882656894202;
-0,732879986467897;
4,05187061813505;
5,70630640923108;
4,9587431643653;
2,81377931963741;
0,355731271513947;
2,05496202825947;
5,93242707475876;
5,60920152791472;
3,40995699694126;
1,91009836178054;
0,299229763889727;
-0,137343702571455;
0,204247018178123;
-0,186585206739908;
-0,270618189766679;
0,807543217114719;
1,36384897208517;
0,322199551244812;
-0,722415599297545;
-0,117140895923054;
1,74982632705935;
3,49235119888089;
4,20141771111608;
3,53616701747918;
1,76864984966644;
-0,167429735081294;
-1,42275270169002;
-1,65005208614099;
-1,60759395302651;
-2,52405132112288;
-3,83682652618994;
-4,42375011196293;
-4,23235383304399;
-2,84135061601283;
-0,347929802132868;
1,08086553085776;
-0,164313630679655;
-2,41531928990225;
-3,35465753150025;
-3,79030179119235;
-5,40731193693822;
-7,25789933471102;
-8,25870693780768;
-9,48700586596856;
-11,0115910928144;
-11,7152629376179;
-12,8059868253486;
-15,2436469231853;
-12,6508031332271;
-2,18485477457657;
3,18997625074075;
-0,207634862110249;
-1,10263412547246;
-4,11484886021477;
-16,210632616737;
-23,2792124196247;
-19,649254520931;
-15,8123415005641;
-11,0236239792528;
-3,68490648933596;
-2,50443339248569;
-7,03105958064765;
-9,21422282201148;
-8,88875891858792;
-9,50830299590085;
-12,3542445322217;
-17,5819168255564;
-23,2886579352195;
-27,2772708207317;
-28,9675304158595;
-28,759905877086;
-29,1262205486682;
-31,3769998542234;
-31,7088948542455;
-28,8498320637821;
-28,6928034440062;
-31,6564240724113;
-28,6831626875645;
-18,7203662663392;
-11,3041771521523;
-8,26421126107864;
-2,75058119997985;
5,41977294262091;
9,8952895154041;
9,26918471680297;
7,52009509998747;
6,44448196457775;
5,25289614323191;
5,66372433172895;
9,87870504727082;
15,627048386896;
18,9150893215311;
19,602606209229;
20,0356553863831;
19,6908615537622;
17,3006449656738;
15,9003728963553;
18,3340919632314;
16,0274885525126;
3,10367759535329;
-4,13660101805459;
0,176419416137034;
1,46819982707448;
-4,47608568280457;
-13,5974127314004;
-17,2882637740674;
-10,7700326363374;
-3,41617517721609;
-0,391988110969403;
2,48519133575436;
6,69713900033882;
10,152293371245;
12,0292607999982;
10,0393272194735;
4,26248531132149;
4,12620739937639;
10,2994454711386;
12,9286475577239;
9,79689108983924;
3,40518236311064;
-0,613878472937233;
0,0346607458196547;
-0,287973076326956;
-2,42869724635352;
-4,13363684075929;
-6,19184784448004;
-7,81788419438245;
-7,28727919798606;
-4,96693468794247;
-0,910912279247549;
4,34241181815621;
7,81889904434951;
8,35859640475673;
7,74334300646511;
7,16353377158531;
6,61200870144578;
5,80020196670681;
4,80716746476345;
3,82699871821224;
2,66979334948913;
1,57251261966424;
1,02227251616213;
1,301370449695;
2,39264511221502;
3,40680463424774;
3,57637964809331;
3,79492897310918;
6,26283107356778;
11,5618430848575;
16,2039263164043;
15,8449449254566;
10,33029211822;
3,86546174925026;
0,205316552241298;
-1,71695233103613;
-3,86071531474498;
-4,1213027646556;
-1,44323959632927;
1,34607077210161;
2,21209777924735;
0,388849692044714;
-2,75828655420466;
-3,2733496347546;
-2,37316108173664;
-5,55623005672486;
-10,5067241705177;
-9,43074624414557;
-0,196772776207641;
13,964257765043;
26,8894888736074;
34,0428490394147;
35,8275744238395;
30,7859259801372;
21,7244615811896;
18,2217581647972;
19,1354467180281;
19,7193628733612;
23,992610230993;
29,4275846478919;
28,1617059485985;
23,5054406363432;
22,6674567394478;
23,9299237162467;
22,6210583554694;
18,4730485781035;
12,3375340925809;
4,53207973427469;
-3,18324056488755;
-5,84548724009449;
-1,52068156341743;
1,66235586440923;
0,0109093946096986;
-0,621847348986278;
-3,19697240666306;
-12,6490670204305;
-19,5120458772963;
-18,8281565893959;
-18,3070609556794;
-14,346545650226;
-2,2661774208029;
3,60517782332504;
-0,317539579317018;
-1,20974107449818;
0,648885809238527;
-0,0875344140261584;
-0,666662588992201;
1,17712386936506;
2,97616674190333;
3,78198932716078;
4,76330342589354;
2,5031336649894;
-3,13179893935348;
-6,09448045336535;
-4,3462119580242;
-0,538569194276803;
1,00331336725538;
-0,107311901245985;
-0,330919848594818;
-0,22987624601121;
-0,933072292473006;
-0,269044376488227;
1,11065020770828;
0,307004467085539;
-2,18298171786819;
-4,08715942943032;
-4,88568398172692;
-5,704239535217;
-7,45944096349519;
-9,64120819707107;
-11,0256981182052;
-11,0598212134183;
-10,3784205132997;
-9,97375566589581;
-10,2576091327619;
-10,8692899941467;
-11,0014293892055;
-10,4433958923399;
-9,96968350435078;
-7,44847910380999;
-1,29632090799321;
1,84420010692764;
-0,0984468780219819;
-0,648052908032419;
-4,33578113864772;
-15,8203449830838;
-21,5727855927519;
-17,8501185168229;
-16,512542725249;
-13,0954196772604;
-1,90093839951776;
3,28897738096495;
-0,359503893660356;
-1,07271026784344;
-0,513969953033432;
-5,56197141895294;
-11,8956447423635;
-12,4418530779814;
-9,56294364145421;
-6,64494802184468;
-1,47617179801027;
1,68616868066656;
0,0233974621633905;
-0,641605681934279;
-2,33362040445855;
-9,16653281423469;
-14,1230697044636;
-15,2177883975033;
-18,5027106095635;
-16,3655863189698;
-2,93266526175622;
4,21350583538638;
-0,273908810815589;
-1,45398997544711;
-4,81789654419066;
-16,88778390628;
-17,7362763457568;
-4,81156970734103;
3,6487233840907;
5,13613628027728;
2,05729430985848;
-1,43645801573547;
-0,327708595200778;
0,679226084205336;
3,70423189546818;
13,3907400298214;
18,9627847580293;
16,316370874746;
15,0542974696419;
13,2177771857579;
7,36550337017654;
6,87905545649999;
13,2972070038308;
18,7008190137078;
15,8951077077111;
3,18960504198995;
-4,04124147914592;
0,0925836174605785;
1,4715343512349;
4,14732864811757;
14,2374468476795;
13,4812803671434;
-0,671835420536726;
-10,8533607244136;
-11,1307777631763;
-2,91760726291175;
2,93244073859202;
0,164517353822215;
-1,16757838217739;
-1,21881011698087;
-3,17658493492856;
1,18051619292215;
8,64610426260992;
8,74248565112816;
5,58277450139485;
5,00125448479591;
4,58252977751525;
2,90303158253433;
1,32585718466456;
0,51997708440575;
0,0768416503370256;
-0,107017714133335;
9,08756666786043E-5;
0,0407602561228299;
0,178475030027372;
0,695210561787607;
1,10690091947622;
1,21984131428285;
1,20673323749923;
0,647562838779008;
-0,249716690249625;
-0,408621164434391;
0,0773642077901646;
0,837612176136705;
2,15505940840827;
3,19489974825217;
3,11739713840169;
2,80618858335847;
3,05406840707925;
3,22694471611824;
2,56575997382709;
1,34533902015496;
0,174535843300859;
-0,698951055047539;
-0,823986619930724;
-0,15085810484328;
0,219155169668456;
-0,0164870807323326;
-0,0744269066799896;
-0,852338884094888;
-3,23920195422927;
-4,72707057768651;
-3,98201144796683;
-2,95625197356502;
-2,62235483189704;
-3,30341181670398;
-4,31436377526222;
-4,09351264439164;
-3,06234851078003;
-2,80389926414933;
-3,46709741818039;
-3,55516120069644;
-5,63447691296563;
-12,5571634400789;
-16,8135156620221;
-11,1608436294708;
-1,22851604677255;
4,28346231913679;
3,28618949631387;
-2,16238072339871;
-7,63555593765941;
-8,3807611249855;
-3,99850847826437;
3,47569530937744;
13,5909481928434;
24,2406711316216;
29,9203945958718;
27,8529970201355;
22,2347473339533;
19,1675212880291;
17,8827407386189;
15,2810259348524;
14,9060761594933;
18,4072353243705;
15,842088942238;
2,93591694346952;
-4,00292462172665;
0,180452738915893;
1,41893311812341;
7,10421068907975;
24,2402702929757;
26,3764021729439;
10,1390190311836;
1,55711119064241;
0,566894760881178;
-0,790336296962191;
-0,152820309825791;
0,389653081593507;
-0,115972172432016;
-1,98036776670741;
-4,98676722350087;
-3,09316545492341;
2,14406223595878;
2,84893603813287;
-1,13001420709579;
-5,11572535500682;
-3,1601164730225;
2,1892293910279;
2,85836278459448;
1,74443406634218;
3,8720333452884;
6,488723663741;
6,48402460044057;
3,99700302807074;
0,64951929962318;
-1,48888423380712;
-2,17403493821722;
-2,66594502317968;
-2,46070309002045;
-0,343550799683556;
2,98382827218084;
6,33704505514308;
9,11605912132087;
10,2500509767249;
9,57333226032465;
8,60394482526012;
8,14627748816258;
7,94399471979511;
7,46549929003933;
5,67112235418511;
2,76063919175609;
0,823888612451944;
0,653654745074342;
0,531084706191066;
-0,693334992355979;
-2,37744122054753;
-4,16328721898423;
-6,09512400468123;
-7,64455746759708;
-8,5594364723134;
-9,20569145481902;
-9,60228192414169;
-9,37073462169533;
-8,71856343496475;
-6,1595381938323;
-0,954458503566589;
1,49537027986696;
-0,11384511143543;
-0,511278429074611;
-3,89855740426345;
-14,690786064544;
-21,5211302810371;
-20,1098540736894;
-19,7313359390835;
-19,7175619800238;
-17,1811760346637;
-17,504138490882;
-20,4876440455311;
-21,067373296146;
-19,6109976367773;
-17,6321021474173;
-14,4634589788484;
-10,624978590303;
-6,75958988893755;
-7,46968773719635;
-15,2180055882361;
-17,5515015957596;
-10,544192107179;
-5,63963370414507;
-3,7032269997339;
-2,01131268086407;
-3,863239639824;
-9,03870530107281;
-13,9763762210179;
-12,2986502954979;
-2,28010331967641;
3,12896925241752;
-0,152069779238569;
-1,10361435142906;
-9,33657712462445;
-34,3572324155027;
-48,6976569256956;
-42,0597209970296;
-38,4185261744998;
-40,6800812863519;
-39,9962944044554;
-40,6300242855923;
-42,5736495161737;
-41,2072251611927;
-32,8254650577019;
-16,0434770532862;
-5,67782832238082;
-7,58974623270692;
-7,049572683903;
-3,24561969058599;
-2,21364714776998;
-1,05899779144971;
2,02172910290784;
5,78070379666817;
8,85811143061281;
11,4345947843893;
14,7161390901576;
17,7619405455659;
18,9457671951368;
16,7106658433295;
12,3159483325338;
12,9375654974867;
17,9747846748441;
19,5234664756473;
11,4243970818026;
-7,57330263853291;
-20,1775814761194;
-16,2508087787766;
-10,569405814325;
-9,43063152473335;
-10,6707300589624;
-15,1086007058151;
-16,6962946511607;
-12,2759071505228;
-6,2319984486857;
-0,699248868188525;
1,36326562017625;
-0,14115375514572;
-0,454162335916328;
3,56155779625715;
10,6926411447658;
12,0469145494567;
6,59645585145337;
3,1599988158895;
0,686091724699095;
-3,7095485753299;
-6,56261765032533;
-7,86792195232967;
-10,1641484409028;
-9,08601638201113;
-1,67834714926325;
2,35080488494684;
-0,137557141712808;
-0,817649191416092;
2,08144254074789;
5,50599706337761;
5,83967702078264;
3,21418813153691;
2,28312828913059;
2,41945628154064;
0,893666304595074;
-1,20032918255948;
-3,10747252612041;
-5,89477617629597;
-9,26953015537347;
-11,0917889577926;
-9,42788644628157;
-4,49013475709325;
0,67531895243019;
-0,436951578056234;
-8,93774810605706;
-11,861659178911;
-4,49105880626129;
1,58111962189054;
6,58115123290876;
15,9924667106054;
19,8740207410406;
15,2190510874832;
12,3773758719705;
11,5991893882437;
7,88334512338188;
3,13840743910115;
1,5295647719869;
4,28460560354673;
7,70343330511468;
7,55757214103842;
5,24294103062864;
4,01356018972093;
2,96542338319842;
0,802717837285676;
-0,446441019015565;
-0,0537604209319388;
0,174144937495204;
-0,0527146702037226;
5,38575492596722;
21,7585139261022;
38,1528731319601;
42,4923819299325;
34,9440148054411;
22,5052724304917;
21,2343701161262;
34,7901403445668;
43,690783114031;
35,7001140629558;
27,5959314353533;
38,2599439750878;
47,1747089184933;
37,2068982531556;
29,6265760353875;
23,6443604406708;
4,43288395889587;
-6,14920019513578;
0,348722354146394;
2,14279721081359;
-9,41166051506633;
-27,9765467897551;
-33,5868960660944;
-23,0906087442388;
-16,8740765806907;
-12,0268116526485;
-1,2077919076672;
2,94069536278489;
-0,510981290491324;
-0,87739276321583;
-1,21947536708151;
-6,31647425655442;
-10,1601298711899;
-10,9216770484858;
-12,0081484169632;
-9,33994456630259;
-1,27989685817681;
2,29251554592934;
-0,257675890351579;
-0,746157743906051;
-4,44108694831021;
-15,6229672063768;
-18,5357909673073;
-10,1599706913528;
-5,23332662741787;
-3,67785890880955;
-0,350919539072823;
0,921362136210668;
-0,176780953556993;
-0,266817685518819;
-1,74033480074147;
-6,51757988397043;
-8,80807419721319;
-6,90906516671791;
-5,50785392843152;
-4,90505772147093;
-3,85551577990356;
-3,30280027417511;
-3,12622455120678;
-2,83430616103689;
-3,18681380649124;
-4,44931603562314;
-5,54258941744069;
-5,95669421808137;
-6,01460424403;
-5,46661973542427;
-4,25135102670329;
-3,25583873073476;
-2,84891089081703;
-3,21340542842227;
-5,29866556349382;
-9,36244776026019;
-14,8687726410334;
-21,1161117438669;
-26,3864110789062;
-29,4551299274748;
-30,7681007838976;
-30,1597828721311;
-27,2969180152138;
-23,1810665742027;
-18,7639306849631;
-14,9840299749654;
-12,0767194570512;
-8,53150867314598;
-4,45075452491835;
-2,11633712155906;
-1,90338980932736;
-1,425556135516;
1,13916524984922;
4,38088055361167;
5,94855923372768;
5,79984835300559;
5,10076923204745;
4,43596377570658;
4,04485729052473;
3,86315917492623;
2,71794685625465;
-0,668094248119518;
-6,10015389550438;
-12,372395414892;
-16,7196741489991;
-17,0335502173795;
-14,9831800887575;
-11,9359133630031;
-10,7138558156399;
-17,5028516198848;
-29,2388292929226;
-36,352644787936;
-38,0810673247866;
-36,7799051681526;
-31,9028834553725;
-24,2769395892426;
-16,9488956457888;
-14,0243418644679;
-13,9520076211384;
-11,5372129650063;
-8,57868913996975;
-8,84121590335476;
-10,3243899139176;
-9,28884766005889;
-4,9828710856355;
0,507028640355496;
5,20949946873757;
9,14789980820562;
12,8656677535785;
16,0600703781297;
17,8383345120425;
17,5877933339021;
17,2416091820484;
19,7462841363493;
23,9765242510319;
25,0805861493068;
18,8505314717162;
6,50653790185495;
-4,36263433598109;
-8,47134107322258;
-7,64161288856296;
-3,52538646512263;
3,46320499161509;
8,75254932846554;
9,22367832573586;
8,91473305247905;
11,4839080618575;
15,232467497707;
18,016197591044;
19,1233702325313;
17,9008001322758;
15,4639909072145;
13,6976343573143;
12,0464415064965;
9,48512688640486;
6,51213833306549;
3,36815054258464;
0,289004035330311;
-1,70514088127167;
-2,12244216138789;
-1,52376406474724;
-0,875406891107636;
-0,302584503238473;
0,860983128092637;
2,10464552523959;
1,99082503993578;
0,413849049824164;
-1,79101198937967;
-4,0042422307386;
-5,12449166174041;
-4,33167804815179;
-2,37317870592017;
-0,922987670566327;
-1,71736021669323;
-4,21730040425605;
-4,60644051647562;
-1,13626321959537;
2,59515553857574;
2,88647879925105;
0,823638810605875;
-0,333606365657689;
-0,0605475394429187;
0,129292748934029;
-0,03031372981867;
-2,96800197783732;
-8,64662242776516;
-7,14713126682709;
1,4260915512858;
4,1619994350432;
0,871803831037087;
-0,59053106252734;
0,0505209071912783;
0,170835492591745;
-0,0866769668576496;
-5,33888861876709;
-16,4968588445954;
-16,462724518257;
-1,80505528765439;
11,2980097014564;
8,47212180413218;
-12,5630479948841;
-20,2228388822501;
-2,07131708722322;
12,8162116629789;
21,4468791929853;
32,2544669766059;
35,8310206680444;
33,8793137191629;
38,8302128990625;
35,9551923643617;
8,13131159185134;
-9,48245925098287;
0,0197998685433631;
3,53037884360671;
2,58632328958281;
9,02488991092257;
2,68619761052458;
-12,0222930797269;
-14,9675257179853;
-16,6859433573932;
-26,7293933409382;
-35,9284725429297;
-39,1892530485655;
-37,746271846625;
-32,8616890889017;
-24,9196341365106;
-15,0547182617398;
-6,75794139670025;
-1,95179271260472;
0,953268692921335;
2,10591518670892;
-0,459124328241923;
-5,87918095990536;
-10,1798688256336;
-10,159408254218;
-6,7740792355564;
-4,21961006668336;
-3,16364898790478;
-1,0228700745109;
1,57040918269677;
2,81186432464334;
3,22919858865726;
3,71627360894592;
4,70440913142954;
6,05146704437101;
6,46642908726488;
5,38943673613528;
4,33325513238587;
4,46038680349658;
4,81667002375273;
4,23265314453384;
2,78343702303271;
0,966766117902342;
-0,894227447245196;
-2,52594018179445;
-3,35874420273581;
-2,70246552454979;
-0,828932115839789;
0,886166141738476;
1,4290081649892;
1,21001697756163;
1,22652727172395;
1,61203295320782;
1,44975299021141;
-0,519508249785271;
-4,63632667478795;
-9,03740924334812;
-11,1044821796889;
-10,5184329513655;
-8,85109395918833;
-6,4827063197617;
-2,79770768417473;
0,582233368922437;
0,810992051088365;
-2,06946423414725;
-5,83308346054688;
-9,31126462794692;
-12,5556382525476;
-15,7586680512333;
-18,8924714969399;
-21,3578520036567;
-22,5920964160664;
-22,5568749946937;
-20,5339435751679;
-16,4584621676861;
-13,0918131403924;
-12,3635787592756;
-13,0730342632755;
-15,040003983053;
-19,0603381660533;
-23,6793741014935;
-27,747081534076;
-32,1549886212507;
-37,4631146478894;
-42,331240973981;
-44,2808589895975;
-41,9911782046126;
-33,6093812550144;
-19,1296209627645;
-8,26717320637607;
-7,24650055178259;
-7,2696463796627;
-4,36229599867208;
-2,54620716060189;
0,263214670038691;
5,76028325831689;
11,0890244684701;
14,2943449872124;
15,2696679417253;
14,3307867889185;
12,1658940037864;
11,1104278659209;
11,8996375546991;
12,8304843547265;
15,0011222912813;
20,5009973312639;
26,2806775781584;
26,3633441460968;
20,2476751205706;
13,9343354799983;
11,0504761708751;
8,08943363261354;
-1,36476099434174;
-17,4771706535878;
-29,5964214252498;
-29,1602545967482;
-21,0351157391093;
-12,2467166047548;
-4,50195654601936;
-0,203598046277131;
0,204671002519922;
0,272142762371224;
1,93403078288497;
5,16508707138123;
8,86777409567124;
11,1428055821958;
12,0885879991095;
12,7307389009543;
12,1643353985874;
9,50135897162937;
5,79789429142127;
2,45168329119393;
-0,00872678679524812;
-1,76905216469601;
-3,02959381345244;
-3,59479022249279;
-3,70408699956583;
-3,84912389394299;
-3,81489482966197;
-3,46545921592159;
-3,35981256419349;
-3,68576055870003;
-3,93427517364682;
-3,78670050848314;
-3,17438646960214;
-2,35686741483678;
-1,88788181367457;
-1,43627413564896;
-0,607880698964276;
-0,083721895735415;
-0,0750578794745981;
0,12266211603416;
0,692789390936676;
1,2598904814247;
1,76490753778122;
1,77642864056543;
0,956392927389058;
0,502622598147245;
1,92521990414114;
4,93655161642165;
3,53724117593702;
-6,78453878425701;
-11,4845902872404;
2,24897271412345;
17,1667942624802;
18,3169123894937;
13,4495606724448;
5,59208461073879;
-8,046336074956;
-21,8579625860028;
-28,7917019621869;
-27,1401531191073;
-19,4380258129408;
-9,96334131035087;
-0,820948542475782;
8,95783714236916;
19,7405929598531;
29,6411767490247;
36,2084432783752;
30,3102059927341;
12,9890724968455;
12,3762678800894;
30,4392427910414;
38,6269967483303;
35,1783936242245;
32,80845249104;
37,2478872884438;
47,1833250542201;
54,5652435045062;
42,4332361109262;
7,16371353648837;
-10,497658508221;
0,649238387858952;
3,64971241747782;
-1,26036710936184;
-1,69913069595662;
-8,40765912583972;
-17,4538584346862;
-18,3435729783009;
-12,4606501866668;
-2,28966367376574;
2,99195876031036;
-0,0598291911501166;
-1,09853188428519;
-2,10043185085353;
-8,43922997970197;
-11,4282936913365;
-9,19177061416701;
-9,2238883557784;
-10,2626736587418;
-8,81688462837494;
-6,50450313159089;
-3,74307399866968;
-0,00953461825903741;
3,05404533451531;
4,42446648158412;
4,51460465150344;
2,72023009757626;
-0,173645638554971;
-1,63059090168805;
-2,24552673782775;
-3,85932159795241;
-5,23849026217073;
-5,26581494690853;
-5,28313566914574;
-6,35223036424162;
-7,68447175332987;
-7,80037877622892;
-6,21164513598537;
-3,89600688634649;
-2,21310915404594;
-2,00237812352864;
-3,29155755666927;
-4,90092558037846;
-5,6373884335396;
-5,88788838172128;
-6,49659650298546;
-7,34082370778436;
-8,00377736576106;
-8,36567956744139;
-8,45099601118772;
-8,69594184679136;
-9,60960628094327;
-11,3204079348397;
-13,5894199062341;
-15,4700878341389;
-16,304715173653;
-16,5386961745865;
-16,4318436845202;
-15,9499313319445;
-15,493580595544;
-15,4978039205714;
-16,5774541434067;
-18,9262423591249;
-20,8763731852792;
-20,763268199178;
-19,358261979703;
-17,9431797348583;
-16,0619970280469;
-12,9802724338606;
-9,6596535650059;
-7,41726276305847;
-5,87340486557293;
-4,81594755665058;
-5,19036639352221;
-6,15010925756026;
-5,70941208376968;
-4,15403426193679;
-3,07456761557293;
-3,64934441046853;
-5,63634277007925;
-6,11694156478139;
-4,22224705993286;
-2,89222540065655;
-7,78592040873112;
-21,4884712290278;
-34,0668558338851;
-40,1273259714205;
-44,5811004020181;
-40,133645780952;
-26,2601291803996;
-26,1300204719234;
-40,8750779111422;
-47,2284908870185;
-35,4104855177198;
-12,5776723464595;
-2,47187430553411;
-8,93565663104051;
-8,50802354572731;
-1,22071238351687;
0,758320749215177;
-0,180898613929999;
-0,146705126186471;
0,118293473957982;
0,346808430254051;
2,45536689430048;
8,28546010792516;
17,0843618680661;
25,6204822451546;
22,653687994234;
4,23234957268099;
-5,78405303474195;
0,27829954357448;
2,04072329959205;
2,63500805686558;
9,25184052302798;
6,04685926584369;
-4,39506906092806;
-4,01363029368553;
1,61323918650301;
1,19139632193176;
-0,79917953660377;
-0,132017631324045;
0,346217184415069;
1,92764043033773;
6,58741117067564;
8,74505696693759;
8,671555986973;
12,4733729451976;
12,4092153478535;
2,36125321974204;
-3,28484501228437;
0,201595100918365;
1,13620419035261;
-0,591248674727818;
-1,37439920319374;
-4,34896808813997;
-8,01429758888932;
-8,79848181128885;
-8,25735155966117;
-8,06593009472801;
-7,3804354973702;
-6,08789765302175;
-4,51512459466687;
-2,16874666152306;
0,499980788933453;
2,06231181041157;
2,51564877680938;
3,03836979355884;
3,71785696411525;
3,47558526100082;
1,70578921287864;
-1,2427094539788;
-3,86920236293596;
-4,62632524902823;
-4,08961222908251;
-3,44413340892722;
-3,00863844310851;
-3,29591069090335;
-4,13417843908784;
-4,45336394270049;
-3,80528584735974;
-2,52939476121007;
-1,3258817476021;
-0,697792719545022;
-0,538190793831557;
-0,286735012928257;
0,423960096448433;
1,3864413993064;
2,16544315332324;
2,44786180519973;
2,55873747753947;
2,91589012084335;
3,14298491595508;
3,13531659724786;
3,32375676766575;
3,41124893472346;
2,87201939882435;
2,10864357668101;
1,91521508184539;
2,39293020760516;
2,67297272748202;
2,07961532580426;
1,2813464005428;
1,15141272371753;
1,56123651808067;
1,84193056698558;
1,43007180209025;
0,689355590841841;
0,626025028794974;
1,1608871457478;
1,58505307588651;
2,06493698988797;
2,96867033729818;
4,01230629283976;
4,64822122091343;
4,65451063805952;
4,08868519433806;
3,0576549088402;
1,58791103330882;
0,0960725157780689;
-0,336746072658395;
0,0644663338473868;
0,0994139346208569;
0,444025335533349;
1,71122469674873;
2,31627471259113;
1,94237235746712;
1,82186101503878;
1,36625320239228;
0,15063357851666;
-0,332587815414406;
0,0515315929550887;
0,102054855138886;
0,614336972721314;
2,34563189526384;
3,32665110282066;
2,99705573111754;
3,07593796227138;
2,61239073300488;
0,462083992771307;
-0,669497205936575;
0,0444894960484098;
0,230690058730403;
0,95601508406143;
3,44313839900558;
3,99425485834157;
1,79042876396314;
0,420217330298736;
0,194591482046312;
-0,0571355568433988;
-0,0531505794887747;
0,0438247436100119;
0,000337382013471257;
-0,721348538105149;
-2,5852784699114;
-3,88400955950713;
-3,58751012368193;
-3,00989121128776;
-1,99961965050134;
-0,21256506526235;
0,474986006004365;
-0,0719509194920886;
-0,146843133364536;
0,253025679276159;
0,78044525681056;
1,46021383885614;
1,8205802937984;
2,0214153355642;
1,94455813998441;
1,1723841528992;
1,02961221812471;
1,80859764610986;
2,1878893154503;
2,69122909501389;
3,86495086352586;
4,5807171723058;
4,52818737982429;
4,52572057567523;
4,68150022262472;
4,6249782001995;
4,39014049762193;
4,03896503218299;
3,41087021317006;
2,56657510158398;
2,03119533115088;
2,11621750162878;
2,30912426934195;
2,08620062034684;
1,78569929202865;
1,87571255082327;
2,12770510929875;
2,12977040621512;
1,92705570396119;
1,59189526740027;
0,941628895644666;
0,254462018507384;
0,060228320893771;
0,126361813684141;
0,0343425789126908;
-0,0431894976127817;
0,00333165235563618;
0,014360213691453;
-0,00726309574085772;
-0,370563978702811;
-1,27160967492007;
-1,63592690507382;
-0,942798842558231;
-0,438728979076975;
-0,913333254573912;
-1,60450575823861;
-1,60021800065859;
-1,25896433456402;
-1,38160396283887;
-1,75293505105731;
-1,74913264784682;
-1,27221321437685;
-0,669654736151269;
-0,285807349310768;
-0,0454756798990599;
0,180579614133806;
0,330908087287983;
0,476324829099636;
0,643599941935513;
0,759508515656069;
0,839279937689105;
0,780010695320868;
0,44866314856896;
0,0821882292259777;
0,187885573928539;
0,752900448999397;
0,924206020663269;
0,434042304830039;
0,0346711785307492;
0,187881211470765;
0,424857842959807;
-0,0696606077979903;
-0,747417745242033;
-0,562783423206608;
0,108907730512647;
0,737991657718208;
0,894624565645987;
-0,0379909383649166;
-1,06733628047332;
-0,572771358642494;
0,714348283600339;
1,03210413235109;
0,615098837964094;
0,757133979056434;
0,987997649836827;
0,281214783092312;
-0,286488610707145;
-0,00886145475900936;
0,110120761240227;
0,103312770619334;
0,478545796836608;
0,652113471041798;
0,413639719081248;
0,306030140031832;
0,272744330777023;
0,0469455918138018;
-0,0731200822246349;
0,00705207992553651;
0,024127450279683;
0,420412277441315;
1,5520641865639;
2,30865683455254;
2,23673014137583;
2,18160415249306;
2,08943907239135;
1,78378764415767;
1,76109856571499;
1,97887020531692;
1,98579007630998;
1,7618484816199;
1,60347431971506;
1,55766030300677;
1,4478947400012;
1,27291249655724;
0,969996894047061;
0,38784407800745;
-0,169546409495658;
-0,382989515735006;
-0,542715676711672;
-0,987725403530663;
-1,58450213634808;
-1,97636800526949;
-2,01440863432112;
-1,80140989365985;
-1,38445179082962;
-0,88564356505262;
-0,669494538281979;
-0,859554308224711;
-1,13763782309248;
-1,26391141727733;
-1,46290405843241;
-1,849531099917;
-1,94106818304918;
-1,69631072186684;
-1,73213554011683;
-2,01731629770677;
-2,16303420999322;
-2,20163882533012;
-2,07831581656194
