2,44968767206201;
2,59882041812275;
2,19686477892743;
1,47696689634467;
0,885403548706672;
-2,26898527464052;
-1,56168220828761;
-0,587905174040725;
0,451499037261164;
1,24352714012853;
1,23595014735092;
0,257729852811161;
-0,322570747467238;
0,00791321584119227;
0,116978856227999;
0,668639884773335;
2,34572996298072;
2,95589990553486;
2,1083143393611;
1,73027297073898;
1,28567783936051;
0,124504663515401;
-0,313646413896976;
0,0561548566144576;
0,0928678678608544;
0,0952183922371836;
0,384906152638498;
0,298915698999202;
0,302680641867947;
1,22018657255937;
1,60529717918345;
0,370497329370916;
-0,446088145026666;
0,0108553849061615;
0,161030058294801;
0,1588818894065;
0,835521927393589;
1,30378480131482;
1,00106939461164;
0,65990446170183;
0,591606372227767;
0,535189478580465;
0,772583112603177;
1,6393556062755;
2,54943691493158;
2,57622397899285;
1,69882669845463;
0,874532279865563;
0,830958047280799;
1,28454533727871;
1,65399013424947;
1,8575601138323;
2,01540821103469;
2,04696991599868;
1,79977939720178;
1,30673574717392;
0,709819953077652;
0,0158700037369209;
-0,642821934059848;
-0,981065214900472;
-0,943283506384961;
-0,567764565062569;
0,0300875161804301;
0,424185204269375;
0,284060440141479;
-0,0387942997263195;
0,115880779115478;
0,823397351134255;
1,74200538069386;
2,79814300582859;
3,90759585293578;
4,65371810482345;
4,83055423820838;
4,7119847595898;
4,59523009538686;
4,57919057477775;
4,65221065649643;
4,55479277260772;
3,97739792568599;
3,00495574564577;
1,89630407960625;
0,865868414097792;
0,297291899647927;
0,518803295225964;
1,1474466821838;
1,3994056467548;
1,10179150291026;
0,492907015295513;
-0,257620402999836;
-0,779837897179031;
-0,715602628899603;
-0,145174660372767;
0,474619253507585;
0,592016193093783;
0,113105139930838;
-0,290748957678709;
-0,111180278458933;
0,166723208123827;
0,129717507332163;
0,233491608051599;
0,74396187682374;
1,23676253608371;
1,4270065392054;
1,47458922076198;
1,51555212407602;
1,50033011186822;
1,402912985289;
1,21823916005867;
1,05119919663331;
1,21531741308962;
1,53858293897435;
1,38036959095648;
0,665530740800859;
-0,168974490976227;
-0,69604212365622;
-0,73659440998746;
-0,465457220639487;
-0,0929898192889534;
0,269907675839517;
0,619205857828952;
0,984486817578572;
1,16256063526898;
0,972281404301754;
0,743383631307288;
0,977107678191601;
1,53358174793328;
1,77352309991681;
1,35186458903467;
0,468924518604028;
-0,41540001867756;
-0,906382589197659;
-0,725589471055563;
0,0502586878282972;
0,696571742122752;
0,523159460347103;
-0,194828123614599;
-0,668819561098307;
-0,684384281660962;
-0,509541999368748;
-0,193025265206104;
0,443275977353864;
1,32239206237635;
1,96161248283144;
2,08964528096601;
2,02006096059359;
2,09372966003915;
2,32228860217569;
2,18672206372151;
0,813868679040024;
-1,37389451659949;
-2,64885660518886;
-2,78872176666435;
-3,11927156453794;
-3,51119666006827;
-2,85932178347823;
-2,00496146815521;
-2,80394554364339;
-5,71729511657041;
-10,3799049744236;
-15,7470347111623;
-18,6353331681272;
-15,7512061518776;
-7,32381495619595;
3,00552076629884;
11,2067502538764;
18,0637561728699;
27,2301403821174;
33,9410032573894;
29,490247940509;
18,0788832367506;
9,75882786779253;
1,65831106440776;
-14,2572522007232;
-31,738229418751;
-36,4539550520543;
-24,9607914970855;
-4,62946404701558;
16,8443680490911;
34,1611407172115;
40,0452420099583;
30,7624206570675;
14,7285588911677;
0,933274776958273;
-9,21206203163301;
-14,6385924391195;
-14,8536212242562;
-12,3203423943208;
-8,0567555199114;
-4,28243579322311;
-9,57229008579727;
-16,522709147113;
-6,33441612846576;
4,99382378334238;
0,719320086851335;
-2,16494077686752;
-30,1389231334426;
-76,286599182699;
-20,5059583630987;
100,779332261351;
123,334802919688;
74,1868290265156;
40,5865548709576;
14,8369099395281;
1,94194065897914;
25,1820532948635;
72,3543488118693;
120,525620346679;
152,522150966303;
145,344505573965;
94,1825448232354;
29,5105323202526;
-14,6578980080698;
-29,4740783715177;
-21,6203267954851;
6,42551464244425;
52,410114821133;
98,6324911297625;
121,764080354304;
115,54704275681;
89,3530181798856;
55,9030375172177;
28,0166135736621;
15,9344452040255;
21,6175386327863;
36,1113426475207;
46,2864291764339;
46,207257963028;
39,028294039296;
28,684275207214;
15,5691514961279;
1,49356656422838;
-8,05985354044873;
-10,5418623738611;
-9,24449158357474;
-7,06399942009624;
-5,26457072393521;
-6,46490342499073;
-10,0683708162602;
-12,2054030576573;
-13,2419653110789;
-16,1712642194849;
-21,6204254162715;
-28,0364759526105;
-32,0173761790403;
-32,1420117562784;
-22,2204504918548;
-8,25932786053634;
-18,0791330373081;
-36,9836155255684;
-34,2273682994959;
-20,4940215145637;
-4,15286804738278;
4,85899828646343;
0,100572012265998;
-1,87372179339337;
1,71826277064324;
5,4028061620975;
12,4765544564133;
21,7773442102184;
28,0128718703096;
22,2641561655174;
3,63868174409175;
-5,50583752444424;
0,390033243205933;
1,8923002393338;
-0,292163035449548;
0,162013492661698;
-3,99912221907782;
-10,8569711386985;
-13,131010331662;
-9,83823008422427;
-1,93362303314924;
2,42185188647147;
-0,0285487358070146;
-0,896168639134976;
-2,0924931697726;
-8,86611682904277;
-14,8052917541931;
-18,398486922732;
-25,9516729146577;
-25,5144470896578;
-5,77018559274355;
6,76013178571568;
-0,0320396064268862;
-2,50799597250456;
-11,272339183737;
-39,55207879202;
-48,4140726046745;
-33,3489091877233;
-33,6612412886419;
-32,8207295104609;
-6,37605445221222;
8,74382304658652;
-0,510235443457296;
-3,03454849654638;
-21,5985426397224;
-74,3863675211087;
-86,3036270524723;
-45,1489868004531;
-32,8273189625772;
-37,5667744209028;
-9,40627932372948;
10,7072331661257;
-0,0982965131230642;
-3,92988401435303;
3,28117762246799;
4,77927460335347;
14,527615293932;
50,1435106827406;
81,1886779775789;
58,7700233124281;
4,34155202717188;
-13,3220415950027;
2,55022196446689;
3,90255576051903;
18,4170143084229;
69,8241606348506;
67,6156940012373;
-27,5314244556597;
-108,927182579763;
-116,136905630404;
-83,6853551994731;
-40,5564688703549;
-7,02505585969464;
6,60608056760771;
8,98553346016968;
6,83349002111776;
7,2906846434446;
17,1622941745216;
23,1670594450896;
12,4006194747071;
-1,99891430177438;
-5,37492726305229;
-0,192477490592523;
5,43684983118154;
6,3660804330729;
1,86788334500898;
-5,14164101628886;
-11,3035785280499;
-15,1923815926796;
-16,8282818347742;
-16,2784340174961;
-13,3621360801115;
-8,30516569439405;
-2,57072415488443;
1,68163629553926;
3,31362481582911;
3,14248198608875;
3,24656586368725;
4,66632409858852;
6,28625066893131;
6,77328422799877;
6,09942839568497;
5,26462290002346;
5,3329332381895;
5,78939730648655;
5,4127611643433;
4,8163408478481;
4,8370617250141;
4,3392808268562;
2,34237653501954;
-0,298806134101101;
-2,20453005171573;
-2,64187226810797;
-1,69762231570182;
-0,439638077514417;
-0,0477592013932881;
-0,267716430361761;
-0,141638238503238;
0,732493857896375;
2,15316503722645;
2,3392206726838;
-0,741372084345349;
-5,32160349107715;
-6,60876211740739;
-2,6137512229546;
2,99830617010839;
5,70267535155432;
8,29454867994048;
17,1969131331432;
23,8987374325806;
11,6699680831248;
-9,7558375551546;
-18,5482457059798;
-20,5930417469832;
-29,6951654329674;
-44,045655229542;
-56,3019848194143;
-53,6780166482647;
-24,7248556458383;
8,10234853436763;
8,96760082963008;
-4,2597716148787;
-1,77964491680679;
2,31914851860755;
-3,53745904347432;
-10,7734701477492;
-7,52861637477824;
10,757186741047;
32,3184841459158;
41,7147819509469;
33,0081362507626;
11,8575823511903;
-10,3489191937955;
-30,7019764465769;
-36,0895205514453;
-10,2978349807342;
9,92636973606408;
0,645330821910926;
-3,97958564622503;
1,46615873959968;
0,795881102536139;
-0,853781918732462;
0,0746044961949208;
0,272243510541345;
-0,140551634577683;
-0,0378967144957545;
0,065831821204663;
-0,0141037830478042;
-0,0174922541492736;
0,0123398813852155;
0,00104893065537241;
-0,00482552186402484;
0,00164836018721968;
0,00102479042870444;
25,1636512034536;
86,7618757888294;
111,4008414939;
67,0164721903486;
19,4090444147102;
-8,49281025739774;
-27,9837096480339;
-27,6034849008427;
-9,37112739433082;
9,60296837084908;
20,9823037389354;
25,2427163601678;
23,8330291039412;
17,5655022681391;
6,92700168143162;
-7,69978242209958;
-23,2840117339613;
-34,9818426873269;
-41,277283255657;
-42,3325895132482;
-34,6871697171124;
-24,4091584982481;
-29,2106780102848;
-42,6147457246809;
-43,931411838874;
-34,8363948864889;
-26,2293924524456;
-24,1297978259832;
-23,8133427190035;
-15,8769612675949;
-11,0775634345082;
-21,6510743816521;
-30,146309227916;
-23,6090003399128;
-13,7149760372794;
-12,0142198181432;
-21,539836723738;
-27,6712075040156;
-18,2242453338069;
-3,77203790862007;
-2,22084899877453;
-19,6544709305103;
-30,2333544909188;
-18,091832849152;
-2,87393222877335;
5,25840710282659;
5,95596928409235;
-0,713305037095193;
-6,2266086923886;
-6,61935529803795;
-4,84236421804098;
-2,48514373115693;
-0,292216255396959;
0,440801116116632;
-1,03017877179855;
-3,96363360729928;
-7,20118990646435;
-9,76925602843731;
-10,9372027313388;
-12,6493713346854;
-16,192807501399;
-17,9207861297346;
-15,961575662907;
-12,6868445540873;
-9,24735483103449;
-6,64189653885084;
-6,86030943057262;
-10,0379497189057;
-14,6856417667803;
-19,0711136295599;
-22,0940813095986;
-23,8418413027558;
-24,2944040453097;
-23,3237764351519;
-21,985483046431;
-22,1912377509392;
-23,5089772844224;
-20,9609678800441;
-12,8221276689562;
-4,73485059662406;
0,530035788430558;
4,43000611775375;
2,79395889658698;
-11,1166058308633;
-31,3191319142665;
-43,2397408097738;
-46,5855289671124;
-43,1678261348142;
-17,2272310104142;
23,3513574577828;
32,1764266128724;
-3,0253497175306;
-41,2996690230985;
-51,4584034680633;
-27,7061759648207;
18,697980193158;
56,1185466044606;
64,7939494861199;
51,9947406916518;
25,700370186118;
-6,62038767470938;
-26,413078162203;
-20,6000382651819;
5,75128696756613;
35,9801471021927;
58,0553062763015;
77,1665054791472;
98,0555394387489;
104,863523169562;
76,5927515700452;
10,5260662028442;
-59,751172867219;
-77,5991384567875;
-37,051839146843;
12,1824248763771;
28,9809651467247;
8,52927926918825;
-8,25372598346372;
-0,464702660724976;
3,26938507889082;
-1,04033785255076;
1,37448713866332;
7,40394407721545;
11,3410926403865;
12,3305923044234;
8,53226635360184;
0,992575257374516;
-2,0158447571591;
0,264628880420159;
0,641623452925462;
0,513575032123143;
1,99368111957676;
0,344897449996073;
-3,27606227649623;
-3,90019687205723;
-2,37066437958049;
-0,461708624019043;
0,53924050994767;
0,0169330961405297;
-0,211226212930714;
-1,12891699859409;
-3,75095432856239;
-3,50951856577;
-0,0430275218357991;
-0,224293529411965;
-10,3338118469534;
-30,5224971214438;
-47,2881816488601;
-52,034207632705;
-54,33528439429;
-42,6577724035891;
-7,07950382399318;
10,7091851849367;
-0,794217951072149;
-3,65998432511272;
7,44107080173595;
21,0386616960604;
25,6241077594061;
7,91379986447072;
-19,8712289285403;
-26,8799027338149;
-5,97008514325675;
7,29339722883014;
-0,178675609907768;
-2,63702239404928;
-24,6245614071558;
-88,4191188824706;
-122,29793834344;
-107,050694717903;
-93,6565822310676;
-56,4020312221612;
1,31922005038508;
12,4214061509036;
-4,55129044666955;
-2,68626739814387;
5,08008754497377;
-3,63663641144845;
-30,3925217027066;
-41,1934451794556;
-10,3102627027179;
18,500210143021;
8,08887266902563;
-6,4799046371999;
-0,712828882392358;
2,68923239328307;
0,714587933699444;
-2,33383407988695;
-21,1104884978504;
-39,9906340838963;
-28,9768145132719;
-3,79356625351654;
4,16908192342564;
-0,645299071031842;
-1,17240468928557;
0,714230497824248;
15,1452164221042;
50,5291673471459;
68,2070301383286;
58,8291735429824;
56,1152949626562;
52,372140785236;
34,1947149842402;
17,094911880755;
6,47967893398797;
-2,81817983075347;
-9,63493071531772;
-11,2775383998702;
-8,58900176316526;
-3,07993924374792;
3,57351579632374;
8,05644171142305;
7,66037022308342;
1,05051019731946;
-11,827852224487;
-26,2798741037932;
-36,2534336548283;
-38,7904722393982;
-33,8051938955502;
-26,683357702663;
-23,3258485860855;
-21,8917562251937;
-17,4604512167147;
-9,64126955889037;
-2,41087084535264;
0,299976577580075;
-0,967672239673101;
-2,14901727742414;
-1,52411056074256;
-0,211614999143234;
1,59948857256891;
4,4834645937686;
8,54749737276048;
13,119824710424;
17,034668279092;
21,0246900838586;
27,7094348082409;
36,8172467769918;
43,9579043121449;
46,4127954817007;
45,5424250217935;
42,43552884011;
37,2777588021739;
31,8685139628141;
28,4147240049198;
29,2285431892396;
35,8086026622595;
44,5379274651889;
48,3682634842812;
43,1065300252077;
29,3080731653866;
10,0918197001394;
-9,83889534380042;
-25,329094159333;
-36,9446746246686;
-46,7000566760793;
-50,1301067130728;
-48,5034489460939;
-50,5102161800967;
-55,9938838893367;
-60,0044856161155;
-62,9336346968178;
-64,7152714260007;
-62,8645910843402;
-56,6557518470413;
-46,8362136162323;
-35,9648516187975;
-28,5293954324285;
-27,8530165404978;
-31,7544759982711;
-35,077302187806;
-35,0173065418446;
-30,5512818476303;
-27,5103776175292;
-31,152799735415;
-35,4553081519494;
-39,6315311847087;
-47,4325080727479;
-46,3848462517244;
-22,2080515132401;
11,0833112061934;
20,7504287601643;
3,85809981261586;
-5,68747948459482;
0,487555313781496;
1,90026814353038;
1,40904084969574;
12,5022769167307;
27,5982098013437;
30,092634938611;
20,9376613086063;
10,5834340888032;
1,28924364558404;
-2,33913990287474;
0,21064198102493;
0,792446974021406;
50,0872362271778;
159,792100066929;
174,277118839429;
47,3393270361935;
-91,6512438505053;
-129,637535491603;
-34,25185106676;
36,4575525132568;
0,700445421487877;
-13,8533643999204;
41,0102973363526;
115,355865786883;
117,950841475481;
38,439500757448;
-18,3186885173191;
-22,0919131568985;
-5,15814393065171;
5,48422271805452;
0,253636364852291;
-2,1691940542389;
5,59375292208739;
16,6050030141991;
19,9147838130032;
12,2230282690708;
4,71491272615965;
1,36903972142317;
-0,285720642523388;
-0,234951758348021;
0,179063789888914;
0,0118220152714931;
-0,370990025692565;
-0,269397394699904;
1,6265946079229;
4,19597216258683;
5,39258185740194;
4,32093129832913;
0,855949731496213;
-1,08733601146106;
0,023369407655126;
0,396946873609613;
1,42956292575892;
6,56839269134949;
12,2798700556415;
15,3507352013297;
18,12064739585;
15,5126030822694;
3,02201816463181;
-3,97984591168608;
0,14936353563698;
1,42229750433435;
0,692564472718117;
2,6887894904015;
-0,0385805691698465;
-5,38870397628679;
-4,41828270430588;
-0,0690758932896467;
-0,457054472359481;
-6,58351626375954;
-13,1075052402536;
-19,9217556868986;
-32,9324384344192;
-49,2016475861612;
-56,9886824015253;
-49,0879670789367;
-32,4476411538714;
-16,4913501958178;
-2,08497004121631;
3,61356600200968;
-0,278065933087744;
-1,24626636259751;
-12,6312261604446;
-39,3800929410794;
-36,1521904383707;
-3,09940157173411;
10,8709679187807;
11,0571280810052;
17,5663757931046;
17,9502360405561;
3,11558950382437;
-23,6563553496755;
-54,9798581818529;
-88,7866955055562;
-135,504097827186;
-177,991353601029;
-161,223272323389;
-70,2534144098842;
39,3002597874606;
101,870321011338;
107,995323261077;
93,6882060989283;
71,2485891428767;
33,8991167342364;
1,45103218696362;
-1,19566202119951;
24,1106251846269;
65,8860124708062;
117,01395496504;
156,667427227518;
156,399256589804;
111,601450287717;
45,0440843346863;
-11,4551246934997;
-39,3159762418125;
-39,7930879802208;
-16,1019669985942;
27,982590922653;
75,1494643327271;
104,531602996426;
109,482914561429;
95,9064628959735;
70,8511161061562;
40,4598136471796;
13,1783235094953;
-4,70988887658791;
-13,471728980725;
-13,9795434925376;
-4,15582531968859;
14,8068221314091;
35,2974938054342;
49,4858037357634;
54,1940959589356;
48,0214253235512;
31,2230345345488;
9,62955342358753;
-8,00042668261522;
-15,6437557720615;
-12,8042141864129;
-4,83058743970507;
1,55054947804236;
3,85481412698457;
3,72218201337329;
3,30066566311163;
3,67013812911781;
4,5830023531045;
4,59432987758098;
3,34888420702834;
2,40037639438694;
2,69242090678255;
3,67224336435799;
4,67164994294548;
5,5605189262413;
6,35840499616315;
6,76232813893976;
6,84040908183597;
7,63070054862528;
9,77094942012884;
12,4572306596389;
14,412886714571;
15,5156568526408;
16,2375554641592;
15,3161802683498;
11,627770158537;
7,41871227086792;
5,82829660739471;
7,7159143335208;
11,1192314266902;
11,768590671674;
8,24663198829525;
5,52726814806153;
7,53254653947137;
17,3447237646174;
34,0474730906244;
42,7845945450461;
40,5346349416235;
39,7345390230429;
29,6785213135776;
4,037786498294;
-7,26528143486075;
0,819910084851848;
2,36380006523709;
-4,38464126427423;
-10,1987216460229;
-10,7731716663945;
-6,9330946781509;
-6,68268564407682;
-10,1199348407275;
-11,5311673551674;
-9,42198916205568;
-6,82816245404167;
-7,23815504573652;
-20,5613868598551;
-52,9625788332968;
-78,9891061399838;
-83,1718767938781;
-86,1734851533068;
-69,1641684352907;
-12,2172471522576;
17,4757192644379;
-1,04086519294688;
-6,08240522983539;
-3,24361997481991;
-21,3346977691193;
-37,8422747438641;
-49,7669387902999;
-72,0691687113711;
-66,0206487026809;
-11,6469903851253;
17,0005054950297;
-1,18405093990596;
-5,83141748090091;
-17,2126817981797;
-74,7791670278506;
-124,08344559455;
-133,411254649652;
-122,213828383204;
-70,5246834882099;
-0,176563154561916;
15,1706653250366;
-4,7123059771668;
-3,6687161611285;
-5,57735230454371;
-31,9150695002265;
-42,0691729432079;
-18,6777454519686;
6,76910774018394;
5,57257941574852;
-26,760584018067;
-44,9387194384297;
-19,823132489069;
8,35042581370036;
2,58763945706581;
-48,7190982134309;
-98,0038032885539;
-69,972912547533;
9,97049360555504;
45,7920335724858;
12,5081654392861;
-13,4375512430546;
-0,0970479969774933;
5,01962996931485;
-10,4661101017782;
-26,6705070855417;
-22,6164856078627;
2,82212195815083;
23,0290764944406;
21,9511298374276;
4,32080841661509;
-5,56735130730178;
0,155451812690026;
2,01525401771938;
-0,439105971331589;
0,968726962536264;
1,52370225011598;
0,732034647952101;
2,82016771822019;
4,80481511135754;
2,48782830004978;
-0,185273207023763;
0,782569002565637;
3,42629974793912;
5,67456645644014;
6,8491939939571;
7,09692261560824;
7,13949989584978;
7,13052173455352;
5,42001302080654;
1,01046884342272;
-1,34591629242548;
0,0455830009037991;
0,484491101955577;
-5,52342334835888;
-19,3625557583685;
-27,7254551651566;
-22,0386367876216;
-12,1744631772781;
-4,22664942792043;
0,614186027110007;
0,702278938060864;
-0,426490892076015;
-0,0846013102926618;
-1,52596173900206;
-5,65151177769161;
-5,8196100403562;
1,47345824326839;
11,3840028805618;
13,212858973429;
2,94240841487812;
-3,57256102072624;
0,0773097907952783;
1,29658416259618;
-10,027944737837;
-32,1333454747351;
-39,38306202567;
-24,3920870200184;
-16,7253716522351;
-26,2366185140329;
-36,6379595122481;
-34,9709059737715;
-24,1264708937777;
-18,4860890020569;
-22,1778310959752;
-23,9497990712507;
-19,515487562697;
-17,6915859850456;
-20,4816712577794;
-23,5928202199102;
-30,845117189637;
-47,0179375436504;
-66,1814532430997;
-82,6749071335303;
-104,13456231752;
-129,757962065729;
-127,135121098994;
-60,613686671044;
53,9209897570212;
150,275000862382;
188,240038184102;
180,032862489202;
140,655541065862;
84,6665261644713;
44,4257927428075;
43,8335766121637;
84,5353127979801;
146,116265405505;
178,806416151675;
149,606451126152;
86,3460331642722;
31,2702841129713;
-2,90937203014408;
-14,6127636977197;
0,2963234731058;
34,9256336956707;
68,66251816048;
85,4696204242247;
83,3144658406761;
54,0455668843238;
5,68675821404022;
-12,5097352627782;
1,77990912434038;
3,92885986728545;
-6,19747359349747;
-10,1251910887736;
-1,50454564386802;
14,2951049908753;
22,8533420359376;
17,9360374037255;
3,09508958067872;
-4,40503785387261;
0,227548323452688;
1,5523928120152;
-8,30250620710993;
-27,7199732235876;
-40,6871557689468;
-39,0937244756833;
-36,6244939235709;
-27,4618711367407;
-4,13063871225006;
6,79100879497772;
-0,631768115240749;
-2,26713385441515;
-6,18328273290395;
-24,6298002832226;
-33,1842552179806;
-25,6514563014554;
-23,0596475859445;
-26,2752246491373;
-27,8984608416681;
-27,8288665598645;
-26,2330041652548;
-24,7987716120669;
-16,1088550741363;
6,01068754387494;
23,5915558225009;
27,753907732721;
32,3033343270051;
28,01385451227;
4,98322897773217;
-7,18254070850354;
0,46708953203192;
2,47933762067831;
7,66554305159214;
28,5042036309059;
34,8308006237054;
21,4191673525405;
16,565149331508;
14,4768431255474;
2,25448781396647;
-3,77878249997378;
0,415346370959991;
1,22716532752352;
6,08784493845998;
23,1402666793225;
31,0830503142834;
21,1646855412149;
10,1503602506607;
3,3204458040798;
-0,703358776110454;
-0,525100647705037;
0,412845073112288;
0,0227669011507544;
-7,69652795217695;
-30,1126163595165;
-51,793215440406;
-57,4173794682884;
-58,0265234660291;
-45,492677237777;
-8,19930840086337;
11,443840195683;
-0,586374219557629;
-4,02678621546882;
-7,39115695762647;
-29,3145351623059;
-34,8170168022377;
-16,4140165725967;
-7,25558321765473;
-16,52311313131;
-31,5440901318471;
-31,8369574714115;
-16,6797262778398;
-8,23363745463122;
-27,0107921815472;
-69,7859330695728;
-82,5554605465963;
-48,6679850256589;
-22,1274574217061;
-14,9255985574881;
-3,49401265789565;
3,92253494867106;
0,0497531064890437;
-1,48649069177506;
0,314383346805457;
-4,9085581753806;
-13,377102955443;
-7,55931270485435;
10,6761628998156;
15,2772405425219;
2,39710752837079;
-4,01810509452265;
0,448277759940966;
1,30107007031482;
-16,7441726471669;
-37,8997589670845;
12,5578883509842;
123,974926252412;
177,798365305627;
121,316167208293;
13,3079007838415;
-27,617061035737;
3,49882165439731;
8,87965898211715;
-7,08918990962526;
8,35122110527574;
55,2750498332416;
85,4025295280296;
62,7281476606288;
17,5908919178792;
6,51202205870034;
50,3891811464433;
87,6091808674584;
63,6187170407625;
24,2108599138584;
21,9807286328411;
43,598456226498;
54,0963435101272;
47,0650271312906;
28,6175117255394;
3,3175917502856;
-6,59518288650383;
0,796602772068446;
2,1351600757062;
-3,71602592329484;
-8,30917478622706;
-8,35382783539309;
-3,93845154288551;
-0,807540651049069;
-0,00939603957910714;
0,238449289770291;
-0,0156908571504622;
-0,090988452515868;
0,045716386352966;
-0,731992963170487;
-3,06112561500269;
-4,95011299307642;
-3,80773669370549;
-0,404976131159737;
1,681382361016;
0,653444335197624;
-0,551976368690421;
-0,0516484092937137;
0,225842928109552;
-1,89850452736298;
-6,12559560099353;
-6,6627622389848;
-1,18255683260083;
4,2317348826324;
4,75662296045758;
1,03424588006451;
-1,23418592596322;
0,00840588653240776;
0,457486235992087;
6,73301835865075;
20,0692920822416;
19,3389518326761;
6,96273868774175;
-1,96439466298488;
-9,47776655797516;
-5,97894849348442;
3,20202195858854;
1,20707826884555;
-1,71074760783268;
-8,58341376307583;
-27,3225508081549;
-27,3028586093229;
-0,711477354572854;
16,3816032301418;
11,5456272264471;
0,669296224379939;
-2,48541907759713;
0,502397227121532;
0,720634010624547;
-9,62823569458534;
-25,2668390732177;
-17,5792049286321;
4,38534439278576;
-2,92470627480878;
-41,5722056467836;
-97,5012794491136;
-162,090189721814;
-177,136091906527;
-80,3874386473997;
67,6496683288218;
147,27997932298;
135,040588880659;
77,6367081682246;
14,8646126481841;
-22,0942953370965;
-10,8551973067537;
51,8445337803664;
137,976265345255;
194,727237626253;
193,771072259604;
155,481532434218;
108,091506694072;
56,1101507601267;
2,43823634514997;
-23,8144787086098;
-8,12719739345603;
7,53426663972131;
0,419551913348536;
-2,96249970297779;
22,447368845543;
70,3211222958051;
80,7342787006196;
42,7290872040758;
18,2824351309351;
33,1483827816078;
70,6212233409005;
78,3562525105976;
43,3727640436266;
18,8970045631558;
15,4515954006149;
15,7750845467134;
18,9311045332689;
20,1855076484738;
17,1789943711026;
12,3468002763876;
5,55073062911457;
-2,44583465851496;
-8,4693968407379;
-10,4849885216469;
-8,80439720154971;
-5,24903239061824;
-2,25338214959939;
-0,731271355930557;
0,680147052955088;
0,219106860251139;
-3,75936030392887;
-4,49781968051183;
-0,572013792803932;
1,4510273940085;
1,96205128940457;
2,02760765544877;
-0,319441030302915;
-3,03547825459353;
-3,65884346665145;
-1,77038832585354;
1,16010478744956;
0,580996032614083;
-2,97921950721196;
-4,02227297269629;
-5,05160025414689;
-9,00366471619578;
-8,84044185159614;
-4,63999954956666;
-4,97241162161862;
-5,94983792619229;
-1,34985504168916;
1,67320396192849;
-0,0615303260798056;
-0,594224854728007;
2,79946595251142;
9,43279299701206;
14,6696516297352;
16,2123141002205;
16,9029514008704;
12,3382320360077;
1,46580284688126;
-2,97562693156791;
0,404787428036869;
0,938900544550919;
-1,29397102029056;
-2,43179177878153;
-2,46668761970825;
-3,32085034659492;
-8,35902563441179;
-10,8945718090407;
-3,03170054520582;
3,07971514967139;
0,114329921833594;
-1,19430346529881;
-7,49245357303263;
-26,4738259468307;
-35,2896130830522;
-30,2433680983997;
-33,6303786468492;
-30,7336916185221;
-5,6300823436192;
8,01336526067752;
-0,520721447628428;
-2,76239408449842;
-2,05938829423673;
-12,7375341094156;
-23,1329782797938;
-29,5803296782875;
-47,1940101828262;
-52,8336963598628;
-14,318184115039;
14,5417557007468;
0,61952502688134;
-5,68506497417213;
-4,24335835875341;
-15,7477786700935;
-3,21106899619426;
41,0813879272107;
74,4166728512541;
62,4310236189297;
10,8578480758001;
-15,480628789054;
0,841652490411009;
5,43242596260855;
2,07138962101957;
17,5237099078629;
28,0025828428529;
14,0337229331871;
-7,85160326931717;
6,42968907600584;
54,1712575172526;
49,8184211652775;
1,92696233875974;
-12,1278841454017;
12,717629995061;
71,0486660196305;
112,300112226923;
101,32295066161;
83,0088265917317;
45,9763469176506;
-14,303620162119;
-35,2066113250466;
-12,7054655681278;
10,1989453587393;
22,7941652633733;
30,3527954836402;
32,507111975344;
30,5104579523983;
28,5803428703114;
29,0432450438468;
31,0844628615678;
32,9303934914044;
32,7008178698447;
29,3622097192637;
25,9976817345101;
25,7894994940624;
26,4896102226518;
25,3238098781991;
22,3024832008204;
21,0038369351649;
24,7282380197042;
27,6889489498268;
25,3602689687339;
21,8353180823535;
13,4342122569557;
-2,76586151036079;
-11,5030164638931;
-7,05508269950687;
-1,39121639270077;
1,24308045720436;
1,12497689270632;
-0,472041694704453;
-0,272001082314521;
0,29277803059438;
0,568189604692228;
0,969282969322994;
-1,44486168758645;
-5,41085005532348;
-5,42677313654067;
-0,850909871290727;
5,68588418284892;
12,0345653377636;
15,2030013689959;
12,3472321752377;
3,12436203865576;
-10,0450471714329;
-25,4249800446169;
-44,5605127423277;
-65,4367314230588;
-80,4672937300626;
-87,6258821538534;
-93,1438962211831;
-96,5800070002362;
-83,7843268388365;
-54,4273966088578;
-32,1909187148359;
-26,6295125105057;
-23,2182602274656;
-13,0467472885611;
-3,78908394081569;
-4,44556221333147;
-12,5956789372934;
-19,2240715150636;
-17,9841696890973;
-10,529184958805;
-5,6930715392615;
-10,4894661644878;
-24,1778739909589;
-40,8388991058978;
-62,1701972784247;
-103,516102886484;
-156,314659640762;
-173,709631106077;
-130,068078793209;
-48,5531096897318;
26,4173898901661;
64,3792610346297;
70,8666108839029;
61,8984161233908;
40,2733678117644;
14,4612465358108;
4,96246273782922;
23,514598383728;
67,3733155435845;
126,884194750256;
178,532040551665;
184,724931859745;
131,536846797247;
57,111438487598;
10,189354959595;
-2,63955672588572;
1,52207759468371;
18,9589700769958;
47,5070024714056;
51,7438365124501;
11,6007012460393;
-13,869842612476;
0,200174686173624;
5,08148361888571;
6,16053402582573;
25,0777117918321;
29,4935722822392;
17,0916329897819;
17,8280136915441;
18,2905257760846;
3,06693099368942;
-4,86500304663306;
0,484979084283543;
1,59938595631728;
-5,84645581963115;
-20,5041456992553;
-36,6095932807332;
-48,0850504750019;
-59,6816598366142;
-69,4004608223545;
-69,8944903042776;
-63,8927912335701;
-56,0108981341449;
-45,1992805471093;
-31,8804062801159;
-21,0348043291213;
-15,5234344318681;
-13,4873748478436;
-13,1169234995737;
-13,8902085234923;
-15,1201552863573;
-16,5060825715451;
-16,7609002528954;
-13,8194944070172;
-8,08318060747024;
-1,39089909024819;
5,96642836888507;
14,1885411526599;
22,431772948056;
21,0282163693735;
4,4538273599913;
-5,47213754385025;
0,0963423801325792;
2,00172584639586;
11,7197683628125;
42,8850164240937;
57,8498685824718;
44,9203293019586;
38,4308937560219;
30,6419685450418;
4,7940916358568;
-7,78196737874743;
0,744923021742515;
2,58243918708198;
3,62576958467235;
16,908791531597;
24,51831715458;
21,3740476650369;
21,4368422436545;
17,6410469133572;
2,72336202870732;
-4,46065466784651;
0,43304961880076;
1,47815482216754;
-1,58649270904742;
-3,85625648988714;
-6,6831313808712;
-8,2299108076384;
-8,40049348215312;
-11,4402126360914;
-19,5332039822135;
-28,1947145356237;
-30,5166804799536;
-29,0230452894777;
-31,6917221855683;
-38,7911167140087;
-47,5118968834041;
-57,2825168245433;
-65,5980974052362;
-51,7089015627238;
-8,71492573375694;
12,851048586727;
-0,831234965713452;
-4,4499571130738;
-8,15387799801025;
-31,2537321186322;
-39,148328110173;
-37,7844096228111;
-61,2289531374175;
-84,7268577014602;
-77,0108955129372;
-52,576672661188;
-37,1147455165338;
-28,6676600649075;
-8,07878139006865;
13,2737013461096;
2,92620072669191;
-36,1924146881049;
-75,7856051522832;
-73,9934641685323;
-15,6678806232289;
19,34763361479;
-0,394101503122802;
-7,05103154224779;
7,93584580235023;
14,8670381656834;
9,72394646099419;
-2,54929648587619;
-2,51616800468877;
12,4926564009515;
10,200225950366;
-4,55877017171889;
-2,37411834499293;
2,71902300320132;
2,38568260377926;
-6,85949335454109;
-43,2853099510387;
-65,5591332613505;
-28,0593233556381;
30,2339805937091;
67,0264891328025;
82,1073809619165;
75,4265728360488;
47,8677678137669;
13,5022337858792;
-11,9759088999475;
-20,5768098763355;
-12,1888704171985;
6,69611029376408;
26,0151077346346;
37,6884975825762;
39,2173073511675;
32,015778840596;
19,7480673020477;
8,06812479595965;
1,26858763166906;
-0,587747541799472;
-0,118809111306654;
-0,278297713967918;
-2,33573869325869;
-4,69630191776213;
-4,87771876108963;
-2,13454170426342;
2,20529422553697;
5,99414823740639;
7,44979722240816;
5,92362779577103;
2,3980477639675;
-1,54028287468635;
-4,95638668420212;
-7,09553460109532;
-6,6189565836975;
-2,23784519774709;
5,34353885163161;
12,8313643297802;
17,4235877133598;
18,938204874404;
15,6956213883319;
4,47773730999335;
-6,01558012864733;
-3,49067919090374;
2,26747443640431;
0,502105677336544;
-1,04971150327651;
-4,02235081985728;
-18,4609302014767;
-37,2135631804321;
-43,9396548128144;
-32,7263332266312;
-15,3734453021059;
-10,3100406693754;
-20,2973484411328;
-31,0210699395885;
-30,0221541812658;
-19,6995190503623;
-9,34749496352448;
-2,99147822717823;
-0,613318954027341;
-1,83710825257579;
-6,45701495669853;
-15,1728650622725;
-30,8700265974745;
-58,0836017535894;
-99,7391674075305;
-105,785214881979;
-38,1192479767277;
-4,37344833254516;
-58,1081102077173;
-109,609115735777;
-58,6179758383086;
105,401419352218;
166,820798223826;
60,0521508775021;
2,33272729871902;
14,5932873304885;
4,08070448614811;
-5,50194086827732;
0,633193184433056;
1,72541024929926;
28,8589247993112;
91,5929277708976;
93,9840587683414;
31,5340750046581;
5,09588282712276;
8,57887890194504;
1,01036379154735;
-2,73813497864017;
0,67143693594351;
0,710448572960389;
10,5005254671585;
33,994442547757;
34,7209979708823;
10,368766024167;
-3,04219803195941;
-8,75699106184807;
-20,329669246765;
-28,7959354857234;
-29,1908816367624;
-23,0350832988527;
-10,2344840209263;
6,84479919518157;
22,3560067492574;
31,2246872615067;
29,7723931218071;
16,393909140745;
0,356874792029435;
-3,43577882352696;
0,909813826006986;
0,903894534960371;
-2,61933309592912;
-5,85164799214693;
-6,05714892068948;
-4,27686023174438;
-4,85749148502082;
-6,22998530279994;
-6,30449671802964;
-5,22258053186022;
-4,36433145772603;
-5,13351555446757;
-2,13688003854574;
5,73006513241139;
7,42871463453468;
3,020112529371;
2,22195097187322;
2,45893147920175;
0,20782854284298;
-0,652987540818172;
0,150840436032809;
0,176650302588975;
2,76830084585119;
9,91147102824775;
13,4437662970776;
11,3175697537693;
10,3431725168265;
7,70675923009412;
0,871878790849639;
-1,88597415216544;
0,287044280397309;
0,580701514006787;
-1,06360286393331;
-2,10519106185876;
-0,807328240837513;
3,53670724224656;
8,39477313178958;
8,40526672134651;
1,80104894442687;
-2,20150547883234;
0,0379457707612077;
0,805268583604429;
4,89243605103077;
18,0666642650287;
24,5643921709516;
17,4221533438793;
8,67143699396846;
2,36594816028785;
-0,987964257403876;
-0,274835535601905;
0,442160394040256;
-0,0836911710232622;
-2,69445854830673;
-8,35270362195936;
-9,74608648385945;
-4,52449228955916;
-0,647953722073526;
-1,02261968345735;
-5,70700057107029;
-15,0888400552472;
-24,9983832259108;
-33,9533789585992;
-45,6695399739737;
-58,6855309893669;
-68,8582767590135;
-77,9260640165233;
-85,4293761152936;
-86,9760003290794;
-84,6248875394809;
-78,1740983316203;
-60,2564747120144;
-39,1788959233134;
-35,3953578089892;
-51,739742019124;
-74,4901124547409;
-88,2800293473453;
-88,0688420989651;
-74,8092506137526;
-57,3620448736272;
-64,9482694496145;
-89,1976600391101;
-91,2472541636351;
-91,9246703906863;
-119,639567964936;
-135,308680221882;
-103,621683879284;
-52,6037296052028;
-16,9979405875687;
0,3115065123174;
2,93765227406979;
-0,870184271727763;
-0,754295012858434;
-1,77982958329729;
3,08811774140634;
49,5849410688738;
128,315893533382;
175,510883921078;
132,103192299113;
24,4434841906607;
17,3674712629541;
130,368461578611;
186,71272185577;
106,269840371393;
-39,5302354446861;
-54,3975798297513;
64,8232255376638;
105,445550428167;
55,6034201556877;
6,05933281621267;
-11,1583002221581;
0,754956076346649;
3,92951158484301;
-3,06405860912973;
0,382407013087207;
15,6967486433125;
31,4749651223329;
36,1426166083113;
32,9210238400015;
28,599183977609;
23,9925431078188;
19,7469717252528;
16,2963540064958;
10,1728153729467;
1,09276661686623;
-2,34596716428394;
0,320571118016502;
0,742932185484248;
0,224665209282819;
2,43407923200024;
3,85667393612357;
1,85638538838261;
-1,8434617540511;
-4,69529206369967;
-5,37860947320021;
-4,30219806654411;
-2,7400310349962;
-1,45617866888317;
0,317509907841676;
4,21344912294932;
8,87899093034139;
10,8936611267975;
8,65885302675297;
0,51749315540673;
-12,7616253068626;
-26,0132928953262;
-37,5849134898779;
-46,7084692804112;
-48,9698940866596;
-44,2272724171639;
-35,3359123160166;
-28,8593787742318;
-37,2600494540592;
-40,502381053449;
-10,814712170817;
11,1811102941544;
0,387487679489878;
-4,33088269483689;
-15,8893907038739;
-59,0756703084564;
-78,1983733311438;
-51,4242406990206;
-22,8869882694264;
-4,27085767930427;
4,08780073592196;
0,0853263753857487;
-1,53299776494824;
0,618786989554549;
12,5866348576215;
36,883162375963;
31,9827611617407;
-11,0385206924322;
-47,8862546837464;
-48,0487334231978;
-10,9656549014897;
12,5325615696523;
0,0958797088734425;
-4,72408174317515;
1,63399187909101;
3,23346263199788;
18,5802036822006;
59,9139953249223;
117,379509214048;
171,112388871725;
193,083917210306;
164,297049310535;
93,4432656943211;
13,5793730787214;
-41,3294753958358;
-60,6277387576232;
-49,8487556300868;
-15,64507104121;
30,6509777878868;
70,9580140233648;
92,2590085204884;
95,6213097311397;
87,1253230772494;
69,0558200482634;
45,0844745509943;
22,1081073816758;
5,71772063043503;
-1,6148476149347;
-3,02011609059279;
-4,96581077575578;
-7,84538470668792;
-7,96686953350799;
-8,24074427236533;
-13,8733015307272;
-22,8114348170081;
-30,9323855454761;
-37,9663309095549;
-42,965636978815;
-43,7143940406827;
-40,8089096081014;
-35,7456360903934;
-29,6176563524765;
-24,1439858831573;
-19,5982423085684;
-15,1691780129689;
-10,9541200087871;
-7,72938095980866;
-7,18804709218396;
-9,52333317728731;
-8,62634649955431;
-1,56030977114105;
2,22716515226647;
-0,141852058967547;
-0,769665531368971;
-2,82614819181972;
-10,0302939855921;
-11,2886162275061;
-4,79104459859795;
-0,880044422509506;
1,01400894092993;
4,94425159247917;
8,41515778570685;
9,82014408352495;
9,67804850975498;
8,23112000806201;
6,61853199737333;
6,62110406855882;
9,41982329358553;
14,9976456990098;
14,8743838446192;
3,26564549701554;
-3,94401183861633;
0,0618497823416441;
1,44398409574462;
5,5036369515077;
21,8182067917322;
32,9722794105661;
31,2221402305016;
29,9905766943054;
23,0474930823341;
3,49264700336029;
-5,72214877472353;
0,532392721479103;
1,90958321557288;
-1,01842520156261;
0,201345589497787;
1,75044366705392;
-0,122617927141958;
-4,26990162662307;
-7,5750144353771;
-9,15783505565111;
-11,6679913320477;
-16,9316028190973;
-22,6873569034248;
-26,1437385010313;
-27,3050565732236;
-26,9658702641179;
-25,7147424449344;
-24,2604336697714;
-22,3203153887567;
-19,1491616998262;
-15,250574484274;
-11,9950478036053;
-9,83430114246045;
-8,12463508332275;
-6,28975546414938;
-4,08120428059847;
-1,53752009426091;
-0,871079246727498;
-6,23613296976817;
-15,1677132440967;
-20,9295936416217;
-30,0232927820253;
-53,4055536891843;
-82,3043875284964;
-97,3471021594003;
-92,797899718659;
-80,1779450378429;
-73,4922788053953;
-65,4046745777582;
-31,2050798386938;
24,6645551803763;
59,9357210314575;
42,6646266209857;
-16,9209020419107;
-75,8781164316394;
-96,2941024842675;
-75,7204063078227;
-37,0134525402204;
-5,57286294102659;
3,84069431479322;
-0,193697370662471;
-1,194408365133;
0,554939477700276;
4,38520115800407;
18,3972125866934;
43,3702548790664;
82,724048518461;
135,495362898977;
172,537297068898;
177,046040533771;
157,420780415794;
90,8010418727703;
-27,3718398059775;
-117,157577352649;
-123,496382901798;
-78,9815781754991;
-21,6510304202323;
31,8213044807668;
67,3932937094952;
78,7130976625516;
67,9544971317457;
42,7267433775006;
15,0885445282715;
-4,00056948463978;
-10,8628019133197;
-8,42791530636816;
-1,33245165959686;
7,1308670863667;
14,8832543898346;
20,4190236429865;
22,6214297387152;
21,1230589843121;
16,3409215862831;
8,81079089096703;
0,571329158705321;
-4,37796946612524;
-3,93355831013736;
0,233281185889455;
5,32276076738782;
9,36433010298482;
10,8442525349603;
9,37677581877259;
6,79253743051354;
4,34288271236183;
1,95658379586913;
0,933499375415127;
1,92753955700735;
3,64455494008329;
5,33001159970553;
7,49530158211281;
11,8475983352556;
20,2606152534548;
31,2606664195677;
38,0533386717103;
34,7858452870653;
22,4419876193567;
4,40858786236111;
-16,0839260114448;
-36,7820242498375;
-55,7647821025304;
-64,8766657252586;
-61,4239039647955;
-56,5154538087523;
-52,559294633813;
-44,8134635432954;
-40,3801174027904;
-44,2885305489052;
-50,3483151108435;
-53,9115240071802;
-53,034347599662;
-43,0797162295174;
-22,9897362927171;
0,590301251532317;
18,0205182632412;
20,6513509443703;
9,17340575760158;
-6,10734493155985;
-19,3851440673686;
-21,3201111247911;
-5,14715520136153;
5,75730932138676;
0,0479144854046282;
-2,16624607613015;
-10,4099484500778;
-43,158389703544;
-72,6797644495935;
-83,2526640918966;
-102,20263634284;
-49,9868060829153;
121,656523769768;
174,471645737452;
47,9192755923474;
-12,0220070241739;
20,642868281778;
52,0574158870805;
96,9975569535847;
145,278334315902;
153,478965722833;
117,975052327382;
63,1336268450745;
9,35073395311096;
-31,035334976347;
-54,8374835294474;
-66,1549697748934;
-66,6441158778037;
-53,9090058572119;
-29,5342856374438;
-2,99213607625927;
9,97449998572822;
3,71990662387732;
-3,22608961339046;
-0,268315559364719;
1,3061849682094;
1,8518498482784;
6,76905827703016;
6,54622683844416;
-1,86707935517838;
-10,3775213602601;
-11,7497163985931;
-3,10538051437319;
3,18297492371476;
0,13394372960881;
-1,24503100668561;
-5,14269483979032;
-18,8813341650905;
-24,1931582906727;
-13,8288387597968;
-4,25058784852469;
-0,509157907661258;
0,693406192208975;
-0,00305453254894456;
-0,262042368244002;
0,113512984047903;
1,44669551089825;
3,71466084666612;
1,80439596143124;
-4,19718222930113;
-8,07383998630951;
-4,51241971478909;
6,00538147704534;
8,80188656858254;
-0,0973300198537766;
-5,26069532377396;
-0,795156250100006;
7,11531403157511;
7,69531216668656;
-0,135997268159792;
-4,83412240545022;
-3,31498936336788;
-0,344361292362219;
0,710685956468882;
-0,0783648611387176;
-0,235136169439289;
3,9628668662788;
14,6304026239285;
23,7192288828526;
25,7293475621537;
26,640728848674;
31,9901133976193;
40,083353567589;
40,529123102503;
32,5445587997131;
26,5659820696981;
23,1649033134392;
20,7388994517205;
20,6447517885802;
19,8732886938496;
16,6470817292184;
10,1545579140291;
1,15407973651352;
-2,33263854409653;
0,288044063005018;
0,75263452122069;
1,45321985261302;
4,12581535992663;
-0,557292946929406;
-10,4308715722564;
-15,3615492787795;
-12,8150994179397;
-4,49876101859492;
-3,00582861797267;
-13,4854500215499;
-21,606450032971;
-23,8241357962566;
-28,7627405016364;
-37,7191835575921;
-47,3339889394118;
-57,1534798553627;
-48,0605869924653;
-8,98386797118269;
12,2387407910184;
-0,569739767942329;
-4,32749853548498;
-14,5415723466795;
-55,7162289078554;
-74,5199644184901;
-53,7447421424649;
-39,2674416130428;
-49,7105994252788;
-76,0641722324167;
-87,7564347345363;
-79,976797668605;
-76,5370295932739;
-52,9780639616449;
5,19516447009685;
48,1183504129371;
36,7993453146307;
-15,0386361144334;
-76,3677924858195;
-117,641076813095;
-113,669951437142;
-69,3424491778144;
-16,2314161318565;
16,94096304487;
19,0515898409527;
8,48250921166704;
21,3912936158259;
78,9442097034717;
165,233630863957;
228,737573676591;
230,187008367639;
186,163896443761;
111,537043599694;
73,1700243775031;
173,469962233468;
262,768028425272;
195,850900672345;
95,3144736933339;
44,5733310587071;
66,3326012640866;
109,752540993338;
77,1934579307869;
18,3122341007161;
20,1011012451136;
81,3295910159089;
112,83013971767;
70,4691260906603;
20,0514105793718;
3,54233108558988;
19,1553419722528;
40,9321167761773;
40,8647473144668;
31,8940763800506;
25,7347935269314;
17,2669530637565;
8,84143717042375;
3,61402527342369;
0,355413307527631;
-1,1805255557388;
-0,589280875924819;
1,55314226866167;
4,66977095086364;
8,41019747843787;
8,19131885193361;
1,53866676088076;
-0,982550776078974;
4,70832604027978;
9,33766683276165;
11,4812777901347;
14,1454585017503;
16,6803940460573;
19,1005357417159;
20,2459096968669;
16,8433220510836;
7,65608730287332;
-3,87408407913294;
-13,6492898444975;
-21,2007258423919;
-24,4284327479412;
-22,2601525761262;
-22,98955165779;
-29,7169918656022;
-29,8820256991488;
-15,4352743970393;
0,611420463427925;
3,02359919809489;
-1,13426992764327;
-0,654989696305314;
-5,15110047963849;
-23,4055350200931;
-41,542290158922;
-49,2494875583562;
-52,7903863303383;
-40,6666062196722;
-6,51845683737501;
10,0583166407727;
-0,767249757271387;
-3,43260893201622;
-33,5775867842314;
-130,761486435803;
-193,366778496101;
-139,922722941259;
-28,0968848989353;
9,80303745730867;
-107,129835696587;
-208,564726051392;
-143,559585201511;
-20,9176398040529;
53,8615704152114;
64,6125624767839;
68,4775243561987;
129,430468899593;
205,251515759378;
190,174010764963;
74,3444367558562;
37,6300412585544;
135,458094010292;
214,235317504601;
161,089683838488;
-10,0180504440354;
-89,08362502477;
-9,19738760249959;
40,5659623421862;
12,171782670048;
-35,895002851372;
-51,0656739849531;
-11,8446599278645;
27,5153967516404;
23,822904305389;
-19,5899990240184;
-46,9764282509839;
-31,5763984245086;
-16,787410784383;
-12,1405108066215;
-3,52167321609556;
0,687243638260281;
-1,40134723838745;
-2,40916721367539;
-2,53986033751615;
-5,53042519008717;
-9,74921405432029;
-13,4762245894478;
-18,0155225558292;
-16,1222052588516;
-3,11206652265678;
4,16345914961457;
-0,183052388388524;
-1,47522714531069;
-0,371953870876016;
-2,09497172952005;
0,424070049158035;
7,00093242976896;
10,8696327273841;
8,03949314159018;
-0,461609042593281;
-1,53711384363165;
6,97053480042663;
11,622427631513;
11,1682788572715;
10,4516537242016;
11,6594192559496;
16,1022966607948;
21,8246926740635;
21,772042918307;
12,6799190973635;
8,79382577204811;
16,2196172588327;
22,8401955061209;
29,5931349373279;
39,9143732696306;
42,8317245247021;
38,1450050493827;
34,6931137264605;
23,7009184313737;
2,63970089102157;
-5,605485596691;
0,788025589375969;
1,7608330561984;
0,415336016972791;
3,94614303684037;
4,19863945752404;
1,57697507962887;
2,34987379587826;
4,15375521414637;
4,35911935874032;
3,04221473986389;
1,85985955690822;
2,65109695478798;
-3,19955554387086;
-19,6539519749265;
-28,1869996820885;
-23,5913321334248;
-22,2577184583823;
-24,2385589052419;
-23,0362454190915;
-22,8032409295267;
-24,08801054378;
-24,0514014933176;
-26,8113559406112;
-32,8040146422018;
-30,2370156131836;
-18,1254799386672;
-9,23594145951647;
-14,0122999188366;
-30,3015602203344;
-33,4566519710753;
-18,0430297065621;
-8,06641542591638;
-16,799033739687;
-39,8267612444219;
-49,4005121167708;
-38,129123077087;
-40,263387673788;
-63,4911927460212;
-79,619934528916;
-70,5774755033935;
-46,6480858057642;
-29,1072312354407;
-22,4315146116399;
-14,9056040717117;
4,53041942903636;
28,9840107896481;
31,1880628560568;
-3,22697617433014;
-55,1104845329377;
-95,4017982305291;
-101,580582836488;
-66,2514162252829;
-15,2285206922384;
12,072535169278;
0,0283337214636457;
-30,3585789837685;
-35,9547853538958;
-3,73834086279585;
44,7065993690186;
99,9620920540387;
146,713123125489;
153,384272035118;
119,905832969341;
63,2464981260827;
-19,6656322374981;
-109,259575674858;
-151,688869104797;
-130,544932340136;
-80,6556498203192;
-27,8736970522781;
23,2497628167558;
60,4332299194756;
71,1601029135072;
59,222096196832;
35,1187370304953;
8,20912425883332;
-12,0867297981319;
-19,9206241903354;
-17,372284514033;
-11,1425710524228;
-5,96558690309519;
-3,04931512671049;
-2,09411646576003;
-1,75206159574885;
0,598132616751418;
6,9684244513604;
15,4706815925297;
21,2315500403523;
21,9235833114894;
18,554835102001;
12,4443551427959;
5,42194997240535;
0,191412319400217;
-1,20249734635522;
1,56070298565662;
6,73838139508931;
11,3990857814902;
13,7120980518927;
15,0964923000231;
19,3672084759546;
27,0079823378252;
33,4533741391957;
33,6869082435678;
23,9485248488222;
4,99061957744237;
-13,9414839157696;
-24,7846574761183;
-30,6329829640511;
-34,5744829096273;
-36,4080850890335;
-37,1430262668996;
-31,5836235498643;
-23,4202085229562;
-27,3761455618139;
-40,323657082984;
-47,4280550543147;
-43,8021627369224;
-32,3022252456368;
-14,3955410188594;
9,05999782973751;
31,4045181928982;
43,877967642315;
43,3174262356302;
32,2822587963376;
10,056008996791;
-26,8678610861845;
-72,5181196330184;
-111,16112241163;
-109,451418484343;
-43,3902015080532;
45,1309478087338;
93,8936810488781;
93,5779421722496;
65,9765800551841;
32,4628232077324;
15,2850478786344;
28,8587796077587;
60,6479758654269;
69,3220018585867;
38,361944167268;
12,322646711821;
27,8922867901606;
43,2272312050397;
13,3771666364742;
-12,5373254931073;
-0,838836946155901;
5,0191946834997;
7,80050214381101;
32,944460242951;
47,8765671279198;
35,4557388555886;
20,5143887627356;
9,02355987137146;
-3,89852902558943;
-11,9017736916444;
-11,7970669095234;
-6,24307376168397;
1,34819568713117;
8,26245572365425;
12,6510044266235;
13,5817149057259;
10,794383510914;
4,96976908817906;
-1,76869872473674;
-6,75975470185116;
-7,68289272054566;
-4,14017451852532;
0,743999063292073;
2,7980223219108;
0,850400564681451;
-2,84395860151476;
-5,93901448440192;
-7,90441511735141;
-8,78085573094473;
-9,06527089280332;
-9,65176396167917;
-10,2964927166398;
-9,72562780353424;
-7,36467072929177;
-4,30207555434782;
-1,93284008594762;
-0,312793798421646;
1,42617548575627;
4,06702360090135;
6,78106009002303;
7,17222892477197;
4,9943953079103;
3,19930885300725;
4,09121535891192;
6,80832537485969;
8,47346799916662;
7,19222263610662;
3,95003637061018;
1,81668068656675;
3,38812725078094;
7,41902752168962;
8,62862915498482;
3,34458542357927;
-5,51338380433263;
-11,0923976926024;
-8,10560177944523;
4,38916115713189;
19,4197835555232;
28,0451573380177;
32,4532470419636;
38,0009182353374;
41,3352493919956;
38,3886152688984;
28,7601206467858;
12,3686577424725;
-7,28888111160437;
-24,1787297099948;
-38,3674956112229;
-53,605290989855;
-67,5038627909698;
-75,3087137910058;
-79,756875893927;
-75,4199404909625;
-59,1521969589295;
-58,5858394908598;
-76,030994890946;
-82,7891772234989;
-74,3295847248703;
-53,8437854017236;
-36,2688672339895;
-36,8600966023887;
-41,0587920036738;
-39,0693947335141;
-39,2034641685929;
-46,3855392611525;
-57,0827280471631;
-64,2031621459216;
-48,2494505124669;
-7,10102844530486;
11,7597587430733;
-1,07677675173957;
-3,93878647854816;
-3,84807806042724;
-11,5284089213216;
9,43839867307882;
48,9880317569486;
52,310917256263;
20,2367286067331;
-13,7772035634091;
-37,7954871324338;
-47,9348850953741;
-46,2824138391328;
-43,3147658155677;
-46,5535450035457;
-54,7024890617893;
-48,4075495239827;
-5,32156572611037;
60,135056069237;
135,717322871245;
221,296073602637;
259,31298725151;
212,570953967826;
130,538841275067;
33,1756980961979;
-96,6404963238438;
-191,274775700296;
-170,576590371299;
-72,8476293145825;
4,57015888931172;
12,9478665726719;
-5,30054691010313;
-2,65883926416204;
10,000167278336;
13,720138493099;
-7,69530272090463;
-36,8244315276066;
-36,8452155450157;
-19,4033166006784;
-4,89471958638367;
8,56362924146811;
18,2837923247596;
21,0729430964814;
13,4567656973692;
-1,33759162426723;
1,39968486871658;
19,0688290049431;
23,4411905910641;
14,5395958141509;
2,50626232539666;
-3,30663776404779;
0,033077264747327;
1,23450780307781;
2,38612933628547;
10,3687738135029;
15,9884283247329;
14,7639604529623;
13,1803205967189;
11,8208204471252;
12,1389273995325;
20,7114204589704;
33,5351018495942;
40,2641016382909;
39,5326056498208;
33,6779159529558;
23,0190179699883;
8,63861724660982;
-8,19624779835565;
-23,6029901551231;
-32,1580124562021;
-35,8783453339436;
-40,1594911997906;
-43,1252785318219;
-46,9800682874666;
-61,1573747531522;
-82,8649856779836;
-99,0326064230054;
-101,015676174049;
-88,1581974287865;
-67,8298104641032;
-49,3299276197378;
-37,0424973815157;
-30,946539825611;
-27,675974139754;
-24,4451332903039;
-25,7570156485978;
-41,406645689755;
-72,2144912171192;
-109,335037739954;
-140,49174693582;
-128,635552902688;
-45,3637618854914;
65,8863971952573;
139,805734189561;
156,995614112823;
134,57087005975;
96,0571386829725;
50,9895643135323;
10,6455523993053;
1,92166567115052;
33,7912807390793;
84,6945100739836;
128,852557701668;
112,499864093741;
27,2633793834912;
5,7159407841014;
84,477811135071;
139,392791441485;
107,654381260199;
18,1076406254882;
-26,0600858372065;
1,34472516582203;
9,19616670683021;
4,2691969908592;
29,0876430283545;
44,7612120486745;
36,1295500223642;
32,392434975017;
33,9325805943285;
28,7018751943314;
21,1381447817967;
14,0868382344954;
4,84715675867847;
-5,42516901541946;
-11,9314727762794;
-12,6473982046821;
-8,78414775038966;
-1,40950106454041;
7,39470247113599;
14,2934686814274;
17,7103115506056;
17,7955034455385;
15,3287145980864;
12,6432162384182;
13,2963303218016;
17,0017924422835;
18,329592612516;
15,3753970047332;
9,17896250347104;
1,07816923846073;
-2,0997596291717;
0,240558306424273;
0,686093465303105;
1,84941896863022;
6,52311812764749;
5,80676850916874;
-1,1403457892654;
-5,94524849897136;
-5,86994511217081;
-1,51589220308882;
1,53725564456461;
0,082479131616442;
-0,610664276768688;
-0,452931142151089;
-0,242248590827389;
5,31076457860171;
14,3899930341481;
20,3378611762496;
16,9747963588742;
3,20020138654792;
-4,28717102054813;
0,169291226774871;
1,53038896111577;
0,81548134303251;
4,38036063068052;
5,26231644247512;
2,99581767097106;
3,44525735584387;
4,67040094838678;
4,73822091646469;
5,93881537540399;
7,97477139375208;
8,36710232392416;
6,18913391309871;
2,67157623463712;
-1,31295569173074;
-6,6821743898454;
-13,2848771816066;
-18,7240044558539;
-22,1450713052655;
-25,1686914046889;
-27,6468047400889;
-28,7099210722385;
-30,8030904528022;
-35,6048418676618;
-42,0009125358388;
-49,8359128289767;
-58,5831788310536;
-65,9405559729693;
-68,9594374953638;
-65,8106336757249;
-57,7844570865082;
-46,4202509658593;
-33,5362187160175;
-24,0431241397653;
-22,5442403259954;
-27,5057215522587;
-31,6536261389051;
-35,8541694704713;
-51,1885147243428;
-74,2171229069082;
-85,7902727215254;
-80,9372893830867;
-72,5780234172235;
-75,4350674183256;
-94,7481566827708;
-111,468203374486;
-101,948393397238;
-81,8036403393305;
-82,8750240124729;
-103,871646044966;
-124,186541828422;
-125,473926893257;
-96,0978638028195;
-45,6339319339619;
1,40428262805365;
24,9508126746813;
18,1723942570851;
-6,93059883183058;
-17,0592815784991;
25,6274558151911;
118,739174013348;
206,920626588105;
243,40770987644;
233,957935479532;
173,972699811541;
26,0566918584534;
-149,262937076284;
-215,722163524169;
-158,842852864216;
-53,2547511084359;
60,9122855746859;
145,11259224655;
165,18161381474;
133,579578595674;
75,0912568623419;
6,55511738134789;
-46,2128013083509;
-63,8294479312823;
-51,0770301323282;
-23,0586309219115;
7,02981792194311;
28,5214874677014;
36,1424879941083;
31,6929436255853;
20,298851335439;
7,98889534563535;
0,0397311058730769;
-2,32424412710695;
-0,841972082019982;
2,87544234386243;
7,42346654133802;
11,6989806185911;
15,2420298633864;
18,6566538813872;
23,8006515269439;
29,9764765642975;
31,9157980225353;
27,1432813113333;
20,8898674238282;
19,1860515828143;
22,5975700689662;
29,9591583792652;
41,10071096421;
48,833470690255;
41,1514934299233;
19,9665775144608;
-3,24272759860409;
-25,9219671837846;
-44,5528247132785;
-50,1311130981185;
-44,526892579901;
-37,5799311085889;
-26,1138615288537;
-4,69778436252391;
6,31741886261563;
-0,195067339823436;
-2,28753240654147;
-10,1886161149999;
-35,0415248145537;
-37,4308777526271;
-10,0426519090871;
7,33133635846233;
11,686602968815;
19,5710359988456;
28,2212707068947;
30,5616908661695;
22,5190909247631;
7,62253280432437;
-1,69378464378314;
-1,04315316543472;
0,887439174734007;
0,0230780346800654;
-2,51449517443221;
-14,8560775150943;
-47,6629258710182;
-99,4160319446432;
-144,736536720825;
-105,049741815519;
15,8971351617749;
50,9525235242422;
-5,54215440381809;
0,793092714820529;
56,1051978376388;
89,7040272515062;
110,428338372645;
118,725058363958;
104,696769178027;
78,1082875190839;
48,4905247239082;
14,6641815542712;
-22,3985274870438;
-53,8460136340019;
-70,1851502700791;
-69,2757821147303;
-55,3522407475205;
-34,6639754199495;
-13,6402660819364;
3,15107709800296;
14,1852052603381;
19,0026415942621;
17,0106585630283;
9,56023201849097;
0,608743633198458;
-5,3610283131996;
-6,39372731925873;
-4,18113716094591;
-1,238733573453;
0,713721292029414;
0,79671856208341;
-0,448138243768654;
-2,35213669748654;
-5,24499170665543;
-8,89021232243899;
-11,8233576065343;
-12,9794159682863;
-11,9693692328893;
-8,73595585353643;
-4,37718261268599;
0,0246465759988159;
4,73875191904438;
9,18912354913269;
11,5660932845997;
8,46314557186813;
1,3859124379193;
1,8104043999682;
9,58244510503945;
12,4975556947021;
9,62781564912338;
5,10885389681696;
1,61102682941565;
2,14784391776084;
6,98429139180699;
9,60834651713344;
3,05576549622229;
-2,74224283751751;
-0,2468719716347;
1,12711586688854;
12,5763778627205;
47,1146645981641;
71,5754273184426;
67,5628397708269;
60,0833191407263;
43,011219907233;
6,06427002842276;
-10,4684180772102;
1,06355176811543;
3,4601163405088;
2,86156119335935;
14,2136340457891;
16,4500938209307;
6,31182271009352;
1,14734388121017;
5,14838332295017;
14,2008764559683;
15,5251002448086;
6,72240570733126;
1,30120726398867;
-5,03880370670568;
-19,8196976472889;
-30,2621410565493;
-31,2936508023138;
-31,8321641910189;
-32,2664278955162;
-31,671739056741;
-33,2050158690718;
-35,1298350200735;
-34,8325184203349;
-32,5691850567266;
-29,5744599104432;
-28,3071347352161;
-30,9310454767016;
-36,4940277831513;
-38,1652184386918;
-31,5231100833791;
-26,6003847358293;
-30,779294121969;
-37,1918062402638;
-37,3148717064343;
-33,1630386048711;
-41,5212046170557;
-62,5293265178809;
-77,3465846827267;
-69,6646538458916;
-39,8318173903061;
-33,439207211752;
-62,5605750837648;
-80,3619947608607;
-90,8980084595363;
-114,424820807727;
-123,553952674005;
-107,501211443015;
-92,3886716535189;
-97,0704007333651;
-115,002515951087;
-121,808022131081;
-107,917880348768;
-92,852041726503;
-59,4900751937472;
23,34010314405;
88,9945915416743;
90,9121750378666;
88,3108663485753;
81,7713217717523;
49,1667689257452;
53,2722089670077;
92,686602492911;
100,899863320215;
121,950655958003;
161,992105250916;
75,7540696921862;
-101,419575385455;
-163,046268116195;
-101,418622516303;
-15,9907216543843;
68,7391445250901;
130,276891610038;
144,20479437063;
115,324301268523;
55,8223115182584;
-12,346750153986;
-57,6270991825827;
-64,59972762665;
-37,5227993096572;
-1,52996865418195;
8,03474715983611;
-1,88023079742308;
-2,21747387210305;
10,274890606466;
26,3277425544417;
24,8346256717725;
7,38456099691571;
2,25287445204988;
13,7217738233751;
27,4096206727636;
23,8492796506589;
7,30297047306822;
2,65467125075581;
9,3634001913158;
14,7672285443731;
13,3550826806221;
10,0823584666794;
14,3289312420791;
15,4447130171244;
3,37720161432817;
-4,17407399709102;
0,115490101650368;
1,50377766739581;
-8,23234081451597;
-30,0839059181145;
-48,740631896074;
-49,6114495890712;
-45,5782740404254;
-34,604252125615;
-6,21417839734798;
8,70730567789092;
-0,457025967367721;
-3,05897378382402;
16,8321488527494;
46,3081195372633;
37,1097346006268;
-15,5622028520697;
-57,145609415341;
-54,4841867174144;
-11,6350861051465;
14,0102250127343;
-0,112431864770476;
-5,18940803690843;
-12,2137950327938;
-52,7880574147505;
-87,9675872801938;
-109,152511153994;
-149,136369609;
-134,428105120334;
-22,7576742074427;
34,6835473744342;
-2,85392602445712;
-11,7004751621705;
38,1911459613244;
101,965991487739;
107,038386971997;
65,0051740404065;
74,8766370823007;
87,1394165165311;
21,4617267117895;
-24,2045905392709;
0,0138838366704545;
8,99293259091549;
-1,94664559143964;
-4,63429203882218;
-27,6710900618984;
-58,0311792627372;
-56,2889639047612;
-27,7284572051775;
-0,304823520837852;
5,51590622991053;
-1,49439848087673;
-1,44674972435042;
8,64080060389493;
22,2335152336814;
19,0799065350906;
-0,615676808927913;
-11,3549588000216;
-12,895258198183;
-15,3354171311455;
-16,6595746687293;
-17,2451694835866;
-19,9277366151547;
-22,8072000812721;
-21,6310810307783;
-16,0753800631503;
-10,2035839587795;
-6,68390797093774;
-4,96785778606429;
-4,75880921083055;
-6,32676193560422;
-9,9443158266692;
-16,4565874838388;
-23,895004689385;
-28,0060652726256;
-28,3701258105547;
-26,7442449055004;
-23,5205237091707;
-19,9877797246516;
-17,4154724207133;
-15,1892370408701;
-13,185082633034;
-12,1091646660266;
-11,5544989088404;
-10,6693171264723;
-9,90274538119042;
-10,4146368968035;
-11,9310806941398;
-12,7627778603316;
-12,0454915867622;
-9,78877345833569;
-5,39412521383973;
0,94828765802161;
7,44979224198067;
13,360559679925;
18,9082821370281;
22,9122845250734;
24,3164897476918;
24,4469834192087;
23,9695234420173;
21,2237084197062;
16,5224211046831;
11,9964115919621;
7,94536693807389;
3,98757988016533;
0,837972232321067;
-0,105865464462475;
2,15096605608884;
6,96896595458624;
12,5057750760478;
16,5377367175629;
16,598244536969;
11,9792372805305;
4,50786690363113;
-2,99491984914854;
-8,00551067172203;
-10,0547396264971;
-10,2485530781863;
-9,22547588652963;
-7,15302932974897;
-4,21450323161724;
-1,14033170315026;
0,603970189144807;
0,332362724022215;
-1,83880904823159;
-6,81034182414003;
-15,0410340704056;
-25,0144979483852;
-34,9253346676076;
-43,1089287457599;
-48,4641332403918;
-51,5462901980426;
-53,7788994880253;
-56,2477554370038;
-54,8717702907638;
-42,0656632504414;
-26,0086944951459;
-24,8299581108619;
-24,8535542996433;
-5,87686305544264;
6,81499399906323;
-0,0559195647933141;
-2,51134601751129;
-20,5193459056966;
-59,3664398936262;
-41,9751373056871;
14,6047761166844;
12,6554705646578;
-30,1316049534279;
-60,8188786482464;
-73,3800536970713;
-60,0211088544449;
-30,5710252944841;
-12,6499753748766;
-14,1929978762719;
-28,1487369413328;
-44,1396555873753;
-40,0892004437705;
8,4170278086965;
94,1535939786349;
165,929218397886;
185,392429252325;
174,990556662058;
123,035628197251;
-1,88169610185955;
-94,0379079240824;
-67,3847973082423;
-2,43490457782097;
23,6291562357783;
9,30069681862491;
-7,01050143067838;
-1,20642413359238;
3,12973207995658;
-9,7944147501301;
-30,7776054263984;
-35,2493465481641;
-14,3065214113725;
9,10678735441496;
15,8931203886719;
4,57703797729215;
-4,45014124320094;
-0,256472230609001;
1,76738351677664;
0,224498907321127;
1,81110145602346;
1,17529911873848;
-1,72155124737802;
-1,73464192723569;
-0,473357915966439;
0,260896388657353;
1,33065467974308;
1,61047211941112;
0,930921259109882;
2,10150085456132;
6,1580152869722;
10,7194316065339;
14,6167133529403;
18,7963530984145;
22,6177843158811;
24,239520026941;
23,0145914825371;
20,7329651992561;
21,2208631153788;
24,6912655547095;
26,8622782484848;
26,5445344696271;
23,7233454391522;
14,6513175665102;
1,06686863429899;
-8,74074755889298;
-15,1037862002046;
-24,8823645577697;
-35,7995039356861;
-39,3026708119493;
-34,6068615924724;
-32,9142369885236;
-33,6772878624346;
-19,9803554549196;
-2,76018166101114;
-6,11100416606981;
-22,3412794750423;
-34,053251594492;
-35,4613455613243;
-26,7033571458431;
-11,3997755708293;
7,46536326958477;
28,5331977430131;
47,8525105847547;
39,6425053047795;
-1,11622566120346;
-8,90675177007545;
29,9112891456249;
53,3836310224264;
-7,7331460906868;
-167,996002811497;
-247,473297635548;
-140,251321402929;
-12,1239687648019;
38,103772238741;
52,5579203261023;
50,4049389491087;
31,7641594092447;
7,29059447384584;
-7,40082320505197;
0,56132248839137;
31,3290274894501;
74,8350804352471;
117,274512863742;
134,386766119623;
110,857108490684;
61,5863647422111;
9,73613260294267;
-29,839875335487;
-49,5578356446235;
-51,7890441521002;
-42,5652866920483;
-24,7999439028946;
-1,81361511504938;
20,2779691232539;
35,0830594190421;
39,5861661474949;
35,7004788106029;
27,907022693327;
20,1816791096394;
13,973001348326;
7,70148419640348;
-0,52982157012201;
-9,61362441897712;
-15,5914252892341;
-15,3887015410341;
-10,3520656522504;
-5,15986668566475;
-3,6301960564393;
-6,62214321699119;
-12,2403685010241;
-17,1087397507779;
-18,8562020534898;
-17,9044803328313;
-16,3567855156434;
-15,2892275816274;
-14,7183177032034;
-15,0873998155629;
-16,4454439737158;
-17,8980374892795;
-18,6966317101991;
-18,6736094221098;
-17,770401862641;
-15,7553444171257;
-13,1334525127792;
-11,4960159781855;
-11,9375432204552;
-13,4382902970632;
-14,0127642934547;
-13,5270659462642;
-12,3280569724696;
-9,38016227676995;
-4,51709982264548;
1,38916968743061;
7,50411660465283;
12,258836471448;
14,4079055615126;
14,2989043772109;
12,8819106130819;
8,52252217595488;
1,13231076481314;
-2,00778343621457;
0,201585502281243;
0,666747761929621;
-0,356867323142514;
-0,0865759965229143;
0,162961132236782;
-0,0374604913474666;
-0,0422371919815807;
5,3489491390718;
17,6669752775963;
22,9841250194128;
19,9355975021808;
21,9267906077778;
25,6332580201203;
24,5876921392755;
22,5376715358699;
20,8817819149731;
17,0159039609551;
8,44139911579947;
-3,92242392589049;
-14,1544330521308;
-17,3340857997137;
-14,4072239833706;
-8,85573450601771;
-4,20485175356047;
-3,84072771058053;
-8,54208310266956;
-15,6819049085169;
-22,2352567261805;
-27,3782989346946;
-31,8420962195247;
-35,8204373754194;
-38,668982432898;
-29,7107867409498;
-4,9535349246019;
7,34567487301279;
-0,478249154811915;
-2,54337540508842;
-7,30962676563088;
-24,86556279102;
-21,611943612089;
0,846536512873083;
0,300480158044274;
-12,3548277855008;
-5,24670933580528;
4,28874159896597;
0,432901256391866;
-1,76344857376717;
-15,4932201383134;
-40,1667461190709;
-11,3024222948434;
51,8688468591715;
56,6843272522044;
1,94617387054312;
-43,2140842409117;
-12,9310233948581;
53,1124794768234;
56,8249316737084;
25,0874841245982;
21,948368709644;
30,581004582579;
39,8483139683724;
76,5672329145399;
138,643416876114;
188,779099510248;
203,07409843741;
173,019473131772;
79,3306369699198;
-68,8435310121018;
-185,351960372334;
-195,95509836969;
-124,145721795773;
-25,4119740498466;
36,2394556042544;
18,0192247732686;
-12,9341922083303;
-2,17431694099697;
5,69614605239112;
-7,50761787961554;
-25,5103661105215;
-38,5657614737568;
-32,3370346272677;
-10,1929367075831;
12,2952477254209;
29,3070503059682;
38,3930469750653;
37,275472830378;
28,0928710454589;
13,7359183253037;
0,277200782785674;
-2,79746335989631;
0,724595275535081;
0,746062419241603;
-0,11031220646312;
3,3168780258834;
9,4961215872062;
14,475822808538;
16,8720923549419;
18,5114559619222;
19,5789371064567;
19,2105513654342;
17,0655394813496;
11,5403754735492;
3,9784668823991;
0,978174951320512;
4,55232753593752;
10,3686383033233;
17,0592341866904;
20,931594246441;
11,6931673635892;
-12,1068881139084;
-35,0066687484303;
-43,6368299117994;
-43,9630996605455;
-44,4025617752064;
-43,7939591866146;
-44,0963952046147;
-44,7418281567751;
-31,1447762906405;
-3,7407263824292;
7,32181178376325;
-0,895291699472749;
-2,36085417507269;
0,910689102609558;
2,78056986703686;
14,3269011076288;
30,4619659005537;
38,4462056857436;
40,0167356484076;
34,6342162441654;
12,8857618587097;
-27,1023229545989;
-75,8531668651286;
-124,056494663831;
-148,233667303742;
-108,192684907898;
-9,70710721150335;
86,2057877952141;
131,297732889448;
119,683960966802;
76,6730736348921;
38,7379495271116;
25,8241615282178;
37,6146776288985;
71,1966352957014;
108,554430818013;
119,100027109373;
100,900596775352;
79,9823079344673;
70,968220451126;
60,0821845412658;
33,0675071598035;
3,48020244477528;
-9,5928543446126;
-5,96799964553347;
7,03056419900245;
23,2697782681948;
34,1912079967425;
32,7272419794032;
21,1184396429486;
8,51642907723672;
1,20326002457933;
-0,92604445202824;
-0,758207098155976;
0,290080332788865;
3,63870792472939;
10,5081055348545;
18,2809750893307;
22,1007281646587;
19,9999955760809;
13,9969011878928;
6,32900523588143;
-1,81716414788377;
-9,26717439905319;
-14,894775068711;
-15,7958846212128;
-10,3499983141283;
-3,17029352249714;
1,15526662569789;
3,07791688971972;
3,2971315544612;
0,977266957262437;
-3,63153431608011;
-5,84042677979944;
-1,77928806194464;
1,67792365382858;
0,110715017530942;
-0,671466659887852;
-0,582714896189097;
-2,93847894495739;
-4,97881213301045;
-5,46844560655514;
-6,9172369247221;
-9,08791886030088;
-10,1580841824518;
-9,09794111124093;
-5,81382472366078;
-2,39236147654893;
0,407370770027518;
4,25121211151355;
8,37803204376535;
10,7188495512503;
11,4701106771332;
11,6828793731472;
12,207142088783;
13,2896512124303;
14,3291224177433;
15,0443911514194;
15,729670084978;
16,2538800769966;
14,3811875924477;
8,15764522112437;
-0,430552391169409;
-5,00352495749988;
-1,83312016397011;
1,55803014759732;
0,155512831616364;
-0,643725646871791;
-2,49459725881651;
-10,1072832454589;
-16,491471991626;
-17,3827738566718;
-18,8806230105355;
-16,2868456685541;
-3,25156449715508;
4,20923570739561;
-0,141369233582933;
-1,51074296021142;
-7,93786858062809;
-28,9032553754791;
-38,3173657802446;
-29,8450974903971;
-28,0517377253361;
-24,332884830579;
-4,36535016455728;
6,30608806693397;
-0,429007250990745;
-2,16642875323715;
-7,49337972238407;
-29,6609483289217;
-40,9472944582757;
-30,1180557020003;
-23,2335444672344;
-19,7531766138038;
-4,31749899308265;
5,22029331051167;
-0,0802504368976496;
-1,91246504255698;
-16,9269911325433;
-60,864131258468;
-75,8922605315496;
-32,4409244165635;
13,9580181338301;
22,3025102688109;
4,0761758634043;
-5,86734150541483;
0,412019407473535;
2,00745692165787;
-27,4273106767133;
-79,9472455669973;
-75,9676248095895;
-18,3511219693929;
1,56006082075304;
-7,80894168527283;
-2,73252002578118;
2,89752081627671;
-0,0804030426585726;
-1,02189153296357;
61,8277194222335;
199,047198340975;
195,668012341524;
-27,9593456958383;
-214,704805434342;
-181,098413345;
-20,6275159771373;
43,0129465607307;
-5,93305655600716;
-13,5562309599932;
50,0243615599075;
130,347396418119;
118,776174463419;
11,2444968524247;
-50,98226486834;
-38,3260178475255;
-5,65355098325832;
8,62096894171364;
-0,434129161856393;
-3,06733680482288;
10,0950739402615;
27,2554771881078;
27,331681649774;
12,181470934568;
8,45176406087511;
18,7645287020522;
28,9725533904195;
25,1677105421737;
12,2182959036569;
9,24657553828043;
8,54844764215793;
-1,32502029768649;
-1,46584105685023;
17,4009568486107;
35,3598148979031;
39,2266383823027;
29,7375487400382;
11,2522532974155;
-6,94707849577902;
-18,8460892758025;
-25,4379513601092;
-27,4719930815501;
-26,8738080949453;
-31,43150139786;
-41,7030408879105;
-45,2051756954106;
-44,3065499588317;
-57,56522420384;
-78,5710024694369;
-79,2824258248399;
-50,4438162466304;
-8,26909225233727;
23,7996017199057;
32,2555551298898;
18,5227283581052;
-0,44086757449764;
-4,28937714760917;
1,33691160643357;
1,06230379659225;
-0,935616722203415;
-34,5449773034241;
-115,738670065607;
-138,979002390477;
-56,9000727647513;
42,8583893070066;
117,057643059464;
152,607649694157;
131,860882608304;
75,9175367530772;
14,5009255832409;
-26,8195748435532;
-26,0736523120611;
16,5395734862884;
75,3472138379462;
119,702248706033;
136,742165586168;
128,107125542751;
99,0012580105118;
58,7431215956032;
19,4326530406888;
-7,90981569389587;
-16,6561749820345;
-8,90721167644077;
5,44000005754974;
16,3066963578403;
18,8944190395523;
12,6622772180505;
-0,129106759126259;
-13,4395001494274;
-19,319746878031;
-13,3938894440559;
2,06893581677254;
21,0202485723468;
37,9828938324008;
48,4555656736063;
48,3274928597825;
35,811887223579;
13,4765972864233;
-12,779538313566;
-36,4455154173074;
-49,8089406692542;
-46,8650896586861;
-32,1396894130093;
-17,1817409071784;
-8,55705522838403;
-5,88611684630848;
-6,32911792071034;
-8,34216998620781;
-11,7500693010695;
-14,4914377086531;
-10,9074325382778;
-1,39016706849192;
2,62787044833166;
-0,316500542587069;
-0,847442217217827;
-1,7343799553882;
-7,72073772203991;
-11,3529509204981;
-9,31193849558514;
-6,22180924413794;
-2,26002990761148;
3,72195228927796;
9,8517096607634;
14,5225972767304;
17,5602623778491;
20,1796917511956;
23,3744281980363;
26,6877222534453;
29,3841598848492;
29,8785826875396;
20,673670116527;
2,46148291945504;
-4,89755395203964;
0,624974501841378;
1,56638953175803;
3,94562939439913;
20,5231170824176;
39,9369976555871;
48,3685701237121;
44,7588364252568;
26,2551003746361;
1,32300620394274;
-5,76220611707034;
1,29006240599283;
1,61126601864832;
-10,0725185949516;
-31,1795608957683;
-42,4846819140699;
-36,3404498361711;
-31,650849741743;
-30,7637452771969;
-28,2896324432755;
-29,2837581778706;
-33,5532045865597;
-36,2481560469659;
-36,0523965866994;
-34,4472735905852;
-34,3716250524025;
-39,0726781254154;
-50,0986144385841;
-65,7302556505819;
-77,0368187704685;
-73,8811784194047;
-59,1356132338844;
-41,81680645507;
-23,9120058625413;
-6,34267413420947;
-2,6752777613497;
-25,5480668246046;
-54,7507951368628;
-48,0349163317958;
-6,75960548074068;
11,8476045422026;
-1,28357037301418;
-3,87569020981134;
-20,3460597439304;
-65,1159984727561;
-54,0143948082732;
14,0590361970865;
44,5188925808951;
29,7200586836373;
11,6661247953507;
16,0180571460871;
57,9819245413352;
131,44195564332;
209,85544709883;
234,892987758733;
181,990124964564;
100,714534523986;
0,639830074894228;
-79,3494842653565;
-39,368127876581;
26,5431899795758;
5,75031823684517;
-12,2985736758224;
37,1590693205078;
115,119734208234;
126,6688659377;
50,7103503217909;
-19,0022620780387;
-51,6189602304625;
-65,4041083547198;
-54,9463529337438;
-28,4774068090872;
-2,49745476684218;
17,6969812658525;
29,880431411396;
32,1828173409535;
26,2599005775813;
16,2196516249435;
7,03833480608535;
0,817375919156995;
-3,82829689227813;
-6,9030366317789;
-6,7486062900611;
-3,09177574248474;
1,91488510815091;
5,43203123491479;
9,33453460527413;
19,3846459204035;
35,271127889349;
49,0413602471606;
54,8195422000897;
51,8069210840192;
41,0423325024789;
23,5895798360219;
0,41528432223856;
-20,6661375795431;
-29,7906717039966;
-29,6615135950492;
-26,321693616654;
-16,0391432505114;
5,95117718607895;
27,0380519269794;
21,659468140378;
-1,85691285235299;
-6,80644390793368;
2,32846768509353;
1,63132304145415;
-1,54059929908882;
3,48279561806575;
15,0110254554371;
24,0989278612884;
17,402682036577;
-7,55945568624185;
-21,3044592506345;
5,24082981457041;
31,9371220002917;
18,3945546720526;
-10,8880185252654;
-45,9640603047405;
-51,1637984941537;
45,9663186383083;
173,771238315245;
206,416664717807;
167,73441960308;
115,321624972826;
45,9174403729085;
-24,3202032137657;
-46,1436455876481;
1,1428224092664;
87,9157545778118;
162,906814634581;
183,620871056672;
140,6017378563;
64,0815349090071;
-5,77123556402117;
-49,3386797745655;
-66,4068775103282;
-59,0771578363698;
-26,1845108143085;
26,0964088804799;
75,8352324682363;
99,8791280903298;
97,3665002180613;
64,7603742600541;
8,24694083422583;
-15,2424417483656;
1,67427213395198;
4,99832681611602;
-4,30733250190511;
-4,96545560743764;
-1,43770005445311;
3,43137750739458;
8,93736614808557;
7,701534080261;
-2,37507574394548;
-5,13460565230402;
3,79672655527497;
10,1399475455723;
11,9951300875049;
13,0423259194155;
11,702039348854;
7,66032086307921;
1,3006466174414;
0,0422443118568041;
9,65517018453378;
15,0350019794036;
7,83797262320028;
-0,0170141416944276;
-6,93188549135426;
-14,2369414952538;
-11,5519748131452;
0,398811209735674;
8,16252004324001;
6,70618362072977;
0,864974386374285;
-1,58025522637426;
0,16981275732536;
0,519812715362258;
0,358257904856139;
1,82642528838305;
2,45438125417208;
3,67713146376331;
8,46314036322025;
10,3516616703225;
4,08674838655629;
-0,313646578789155;
3,75897327893403;
9,45616629722945;
14,3611069680682;
19,6470709094163;
21,8508858185161;
21,6523397815138;
22,9135890883513;
18,0210220173068;
2,9063356606999;
-4,48821187756794;
0,350389300488337;
1,52719207201732;
4,68240139674106;
17,7344856839695;
21,7893447832918;
12,4996160968766;
7,28419404459517;
10,8896479831205;
18,4839414514482;
20,0375100337869;
12,8452845417299;
7,78136913028264;
1,83468568055177;
-12,7520775945868;
-27,5168252242914;
-40,8841103513766;
-59,1990319104431;
-54,5419107192464;
-10,5822555697227;
14,1187278791555;
-0,615884698850689;
-5,00383121218948;
-12,567475362925;
-48,0195888005021;
-63,0449378715185;
-50,4165154529959;
-50,1627476148459;
-40,8001166352668;
-5,33172575597955;
10,1637481707895;
-1,32114064195852;
-3,22416000128014;
-21,785648281596;
-81,0015702014994;
-102,812604519391;
-47,5590763149364;
15,4087655093886;
30,3353867162638;
6,20192453372935;
-8,32181127441782;
0,479996822069847;
2,88380738753133;
-18,624588576502;
-53,0180201363574;
-56,0142243193637;
-27,3686736583099;
1,25537441656263;
22,2111409179584;
12,6628356137788;
-7,56710986310872;
-2,22340344594094;
3,76226485705516;
21,7732402988363;
42,7266313401442;
-28,9684567020548;
-132,051639281443;
-119,46360822736;
-39,3035156673167;
4,74934491278513;
5,33114727822411;
-2,86788711019043;
-0,860523209776376;
-0,469645329481082;
-10,1559615014721;
-21,1021162004607;
-21,9008061582318;
-12,0533438280437;
-2,00097838788093;
1,11707287676541;
-0,00433965317386824;
-0,35601229466888;
0,144447017394817;
7,34513734774571;
23,912335155091;
29,3721963533112;
19,556518127877;
14,7676319587947;
11,6422772748483;
1,56062822145474;
-2,95375598428761;
0,391346845845164;
0,932095704425768;
1,59976548453213;
7,41549346228618;
10,9362671305527;
9,53197813909884;
8,35374917827474;
5,82125840617167;
0,579061509419298;
-1,38987969659464;
0,23033347923985;
0,420675874084221;
1,3201209795879;
5,82387863600513;
9,14186518992554;
8,6380180358271;
7,7227449944663;
7,88084601445022;
8,16087546929123;
8,25065666124977;
8,24039251711222;
8,05939238804202;
5,73253667212125;
0,823223532163111;
-1,38273858401379;
0,128221749134598;
0,462861226822486;
1,60698059629275;
6,56164654451304;
9,86673776216076;
9,36630992709509;
9,32883548029884;
8,88543115165972;
5,84719101383567;
3,46010205752407;
2,93568053302158;
2,44043395321467;
3,34063354741135;
6,10551858764745;
7,21360888182784;
5,32377991320318;
2,85921748399836;
1,94303872110565;
2,67496497706477;
3,36961930280191;
2,67425475662506;
1,6751130840258;
1,88271263201903;
2,89186795285601;
3,32083932131278;
2,61432186483285;
1,71807250424062;
2,16428399245004;
3,55550094201214;
3,70845930440015;
2,67893916323021;
2,14833706224592;
1,5414529094732;
0,195719433846097;
-0,37640339331888;
0,0479438309394747;
0,120068490998696;
0,160999910566942;
0,659351881937061;
0,677706607311473;
0,391883333293602;
0,754334751790128;
0,911617797793876;
0,168516606488247;
-0,249826314354608;
0,0218101879500453;
0,0832967602299408;
0,291972132484697;
1,05352983944683;
1,09285933362866;
0,0707358284037943;
-0,733591304844161;
-0,708752217646221;
-0,140076670198185;
0,178038482380457;
-0,00378771048091195;
-0,0650219766214686;
0,775932737956652;
2,09267717257944;
1,69876476774864;
0,690282787830355;
2,034815776577;
2,95094580859487;
0,708242009529852;
-0,836970323878344;
0,0182757879841979;
0,302601649398186;
-0,364603234750717;
-0,69246584002213;
-0,420094477156403;
0,0415302146399705;
0,20004208116597;
0,227810147632373;
0,120895017866449;
-0,0654049824827423;
-0,0260626281303774;
0,0358253242592859;
0,0782824928107471;
0,133265458593765;
-0,339341386741896;
-1,29957979396766;
-1,98389187604018;
-1,67278141713025;
-0,325731376627891;
0,419179597404707;
-0,0104052037411802;
-0,152460443649101;
-1,6483127115064;
-6,20294270582328;
-9,13687610491926;
-7,82352181633963;
-5,65877079300945;
-3,68454242855961;
-1,56346016181667;
-0,539489983427026;
-0,570179625082534;
-0,586287789764404;
-0,32374581621711;
0,0663925968076954;
0,642838126308864;
1,03831353915356;
0,709582436609789;
0,0610651345347983;
-0,0244841179842964;
0,603126093135066;
1,07790376225152;
0,708595484625611;
0,868483234458443;
2,87520147791423;
4,55752569528018;
4,1423335952522;
3,02235737989225;
2,48691580939775;
3,06438025775136;
4,15879720808423;
4,20158939581676;
3,14568079981165;
2,35829774798578;
2,3972120498975;
2,07044138990349;
1,06187415923777;
0,903500776034004;
1,90915806429564;
2,66361656037487;
2,07355795662622;
0,972994501385878;
0,938493351168167;
0,879540824641349;
-1,1445440283251;
-3,14639025783682;
-2,60195940577765;
-0,934714861752073;
-0,377309246183464;
-1,43489863464723;
-2,81560732770059;
-2,59967571982042;
-1,05920689175296;
0,086602968132787;
0,407871813956437;
0,330629444478277;
0,116398794316355;
0,278076733744303;
1,17721591943781;
2,16627917832155;
2,32626174191405;
1,88961092771505;
1,86953042831672;
2,42088046466186;
2,9334601223017;
3,2333484115043;
3,37949101117317;
3,27307734618833;
2,27197419626051;
0,320645058733274;
-0,543575701210484;
0,0506241214084525;
0,181999465641808;
0,478521642702147;
1,88071721572832;
2,40505521101736;
1,57855208290226;
1,11456878197996;
0,811570963648703;
0,0800457750738059;
-0,200361130317764;
0,0362050903165172;
0,0591043285643654;
0,579345171490889;
2,01433720932642;
2,46481192038477;
1,64471695496957;
1,48468701217281;
1,45656941597129;
0,326078164741239;
-0,392208505650115;
0,00686226400893135;
0,143109991635967;
0,675561158394756;
2,42486028909916;
3,29002563962474;
3,13618662376777;
4,00042012270861;
4,56250118175011;
3,20592467633695;
2,25469728779483;
3,18555328047092;
4,36464001130464;
4,09569706532601;
1,83905191263098;
-0,445419469612057;
-0,968689610417826;
-0,759976414648285;
-0,444888641961916;
0,126166572135005;
0,624124912988426;
0,926834655851128;
1,18225552948346;
1,52007921182998;
1,79815069605136;
1,67090394265592;
1,01215866292005;
0,10927472627688;
-0,462529931223496;
-0,424132470510744;
-0,0249161314785466;
0,583907017045926;
1,22626483079002;
1,40731358202169;
1,13480355980578;
0,920837919870319;
0,904074923950293;
0,921332186328523
