0,322368116899213;
1,16135366981957;
1,49017252676353;
0,88601550583601;
0,331412987523961;
1,66727179120205;
1,30023226834175;
1,28941497800607;
1,63599610293262;
1,93944289016308;
2,26948320172165;
2,54696254977825;
2,53824701831976;
2,52919098228618;
2,64400382986547;
2,60360145385228;
2,42415314633386;
2,32073663083586;
2,21533523110513;
1,92806446898942;
1,63256335479199;
1,53036472571409;
1,51455027556243;
1,59322182283;
1,88562151851056;
2,30199788020964;
2,72383780731669;
3,03703631051887;
3,10571715542969;
3,06115340732777;
3,04419684819497;
2,841534976184;
2,45853621571012;
2,19760399368885;
2,02133443941971;
1,90579365916239;
2,00860185969931;
2,09612155718438;
1,96169901295486;
1,77901175683664;
1,63241041859938;
1,59779967688233;
1,7663443748553;
1,98985104378146;
2,13472225828556;
2,20019787248811;
2,21808632476536;
2,20335049493037;
2,06341347825235;
1,78676760092765;
1,59663642681732;
1,55652771860046;
1,52843658284237;
1,59187482115676;
1,6438486573637;
1,33384913951075;
0,899249044555619;
0,840827652304212;
1,06943114409916;
1,27668532028162;
1,42850845798752;
1,51500696055255;
1,52070305927887;
1,56843221389701;
1,67474110611295;
1,74581637511777;
1,77683250460567;
1,73276606446203;
1,58822617293149;
1,48856361624519;
1,63502096977553;
1,9103603301112;
1,81483059334121;
1,26339261378639;
0,765584263248006;
0,516639605271215;
0,309382668173577;
0,134729512314317;
0,121360846455044;
0,247735109255906;
0,458801315096603;
0,809740580427203;
1,29901316266249;
1,77600099143797;
2,13309313017905;
2,31960707976701;
2,37750353670444;
2,44916859808928;
2,49049064298351;
2,48019516610618;
2,57052368066288;
2,63408846095128;
2,46382815830998;
2,20090464706415;
1,99751303636466;
1,8100448771191;
1,63269536039029;
1,57272874665817;
1,72210412932518;
2,0043849852297;
2,22481087709215;
2,29548855950114;
2,3438033191135;
2,52067524043819;
2,72352871255469;
2,77217231226006;
2,69953931540665;
2,56839643257608;
2,41325209625898;
2,48380428876977;
2,96869889771232;
3,6537399378174;
4,19259161535231;
4,36701457905744;
4,1592577942872;
3,80676620542302;
3,64112939638468;
3,69129631296627;
3,65599735405151;
3,4587206007491;
3,23379063809041;
2,97838446849463;
2,79467596349131;
2,72708436170239;
2,52669672189267;
2,20097840745961;
2,06764675651504;
2,17762617771116;
2,43569766158203;
2,92606557556868;
3,43160110612828;
3,47119398997997;
3,14085888476718;
2,88454676323863;
2,71680326599596;
2,4444146105893;
2,13602222465869;
1,96009075586908;
1,96595522484886;
2,12274323037096;
2,29057153698119;
2,25660417366534;
2,02998249899571;
1,87557123265638;
1,89166721274338;
1,99554587252797;
2,21191059447233;
2,40492678231722;
2,24736652563674;
1,59590785652189;
0,582901285083898;
-0,0129504497634799;
0,84591212106936;
2,93033123611788;
5,2187796694534;
7,78051984186134;
10,6469062221562;
11,7131111513473;
9,34651634293466;
5,56569562913827;
3,31348641080835;
3,56588565130043;
6,38046918602183;
10,9153653219781;
15,0094827468206;
17,063142226002;
17,1317800945575;
15,8562929761626;
13,7311938726968;
11,6520333962365;
10,317530428677;
8,52871086064717;
4,72921817258605;
-0,441442784496858;
-5,74835370837633;
-10,4967776650269;
-12,6396787945461;
-10,9142788061068;
-8,46332078986946;
-8,34863940864523;
-9,36345991049041;
-10,4086631889886;
-11,1537813838319;
-8,72615388844202;
-2,23122197525776;
-0,099797392642647;
-8,06782441615228;
-13,7850767759195;
-8,71611763239357;
-1,25895174529081;
3,86189078218086;
6,29403476372659;
2,70437403830769;
-5,28002398597025;
-11,0098943617982;
-10,5344935309474;
-5,11998426098527;
-0,263117565059506;
0,693415944184588;
2,20218418282626;
9,09291354770428;
17,8306809180136;
21,703562200628;
19,1953422617697;
12,9253792595181;
6,62910371394859;
3,28575587709455;
2,35755109078019;
2,39987605018101;
4,25868362101644;
7,49719940869736;
8,79701678925647;
6,41536581189127;
1,51622402966638;
-4,11755547763654;
-7,86215377722391;
-6,91009201123942;
-1,36046623288713;
5,72241835244202;
11,4141493632286;
13,9827493012802;
12,1429762688016;
6,30285920631989;
-0,834249026999481;
-6,40254578066912;
-8,91888496208078;
-8,40887793886563;
-6,17389535621959;
-3,38190824834903;
0,0547279547699865;
3,70651779603581;
5,69398232242298;
5,21615526677472;
3,34256788308766;
1,16183973304038;
-0,590412970769443;
-1,10384258195219;
-0,0475525946021118;
2,13165388616667;
4,50485450076325;
5,93748816940943;
5,92545380235089;
4,95734895687358;
3,9214689449826;
3,70920652554048;
4,57993770605052;
5,94423245946127;
6,96738107741136;
7,02642731228256;
6,36441618389305;
6,41118848915638;
7,98124798340705;
9,76419958415398;
10,0342343979707;
8,37148555308291;
6,63348336018509;
7,52506305910773;
9,82665496365083;
10,1780809278846;
8,28779058703836;
2,13665750550243;
-8,13841228886527;
-12,4650250892934;
-10,5210003968088;
-12,481924633281;
-14,4863702069702;
-10,6907068667695;
-8,29171802558014;
-10,9176470367043;
-13,8695238569348;
-18,5221312887246;
-26,8573203021146;
-29,988674372685;
-25,4855401976661;
-22,0727122009594;
-23,2999176768031;
-27,3012276979253;
-28,8686279396856;
-25,6758658278906;
-22,4102788540123;
-21,8627327186407;
-23,3968150504135;
-25,7918409334433;
-29,3149039539171;
-34,9584159878546;
-35,6487802776179;
-26,5499631799397;
-22,1019984241766;
-29,3387571570695;
-36,3234612085198;
-31,6967957529432;
-13,0549470086435;
0,868734420861672;
-0,314276314280919;
-0,690838265424078;
-0,372204077200971;
-6,74438068487033;
-7,21528914582776;
-0,073053398942282;
2,22438708933443;
1,43856601919088;
2,67724234120035;
4,1186275623977;
4,39416130032164;
3,73187554547992;
3,02101332698621;
2,75430182762501;
3,66681246352078;
4,53337718143734;
3,83774601818081;
3,92434376973778;
5,15786931513675;
4,27792986766094;
1,77521031878278;
1,23210553416853;
2,94086568127172;
4,20623432643322;
3,26589638894905;
1,01083461811555;
-0,525781604994047;
-1,02609794318506;
-1,13047801050197;
-0,476705691334243;
0,997937654742869;
2,57403170473335;
3,6673665797107;
3,42143341471498;
1,51790183328997;
-0,663611569105711;
-1,8042627693755;
-2,24531978317533;
-2,18066769442654;
-0,807319034272514;
1,15544895775657;
1,91721458259612;
1,34461383991403;
-0,195424097657003;
-2,44795170853665;
-4,05300924644655;
-4,43996233092362;
-4,50264845621996;
-4,24033376531751;
-3,28699605685425;
-2,36843617623053;
-1,93165902065141;
-1,76241650144857;
-1,931395166835;
-1,99255293254536;
-1,03891064300675;
0,572701745240139;
1,68207466754701;
2,0743684441259;
2,21643267733328;
2,20837460742566;
2,24078967972209;
2,78788891028581;
3,60556207984716;
3,99083842990011;
3,59661489114267;
2,48854145501276;
1,18125302285479;
0,15360022270079;
-0,450615493544366;
-0,465105943166865;
0,148028283144993;
1,408246672777;
3,59455679462155;
6,36698813538237;
8,76607806797919;
10,365858886069;
10,8696807629188;
10,3903993811944;
10,2547216990008;
10,8616220804216;
11,1521922581812;
11,4594217758475;
13,6422095646253;
17,9560492099431;
22,5470150657804;
26,0264982198782;
27,3252490258437;
25,2885759558006;
21,5002979702381;
19,3412459320761;
19,4852393654631;
18,5090350476101;
16,8438749245774;
19,3769782341296;
21,5790014886357;
19,5645182695816;
17,5919086855648;
15,2811312397792;
13,7871088052404;
14,2376574553743;
12,3072210383236;
14,7328240466278;
23,7283307823285;
21,0869311500169;
11,051928257754;
10,5916285191466;
16,60882897678;
27,6961075281053;
34,0263016939439;
26,2136292585118;
17,8479308976581;
19,9450899347501;
29,3184746131369;
33,0970626137836;
25,8779080159782;
18,3423290295721;
11,9364919089025;
1,82251732734597;
-2,89514398510596;
0,230488720787075;
0,985484117872036;
-0,503089921078297;
-0,138236425562537;
0,236512447433349;
-0,0498956630566251;
-0,0631737597112114;
0,0441968014863299;
0,00394267672150251;
-0,0173610031497583;
0,00587034680557184;
0,00371208240618215;
2,38580617497306;
9,20779960435445;
13,9563355813535;
10,5147951797064;
3,85955797826004;
-0,0313163982715767;
-0,398431707034913;
2,3310776067172;
6,412043141599;
8,7572470049208;
7,92582633630897;
4,51316004844474;
0,311588113803854;
-2,15526333524479;
-1,55240640322249;
1,4112798003605;
4,56003192264784;
5,69046864253257;
4,61127736431116;
2,525902216082;
0,545863069595798;
-0,452226094571854;
-0,497549609018926;
-0,181996342325502;
0,524630733179402;
1,72682348571478;
3,01437777963196;
3,80403946994497;
3,56269258353434;
2,53982722762134;
2,08403190199519;
2,87056076949438;
3,8052364372189;
3,60255195108602;
2,52441042031477;
2,52493055632679;
4,3217426591317;
5,46005065675639;
4,50571181586438;
2,60139293303844;
0,183432147342562;
-2,47410582752579;
-3,63532686854798;
-1,9177216384322;
1,61134425631211;
4,68195533275701;
6,05415440797542;
5,03451486839282;
0,829578250848246;
-6,31076409549905;
-14,1635578807378;
-19,8348256270335;
-22,2518489133698;
-22,5073569020335;
-22,2971923836137;
-23,0939860405268;
-25,9112230049367;
-29,7236547879848;
-31,8900398742568;
-31,8836991894969;
-30,1042798629944;
-25,580513824971;
-19,9984508042829;
-17,1412234392424;
-16,6736776764303;
-15,9715838027813;
-15,7450335880561;
-17,5762629130224;
-20,5236612054747;
-23,2884828341773;
-25,1467052403419;
-25,9782087997076;
-26,6287451268927;
-26,8152273646062;
-25,7885311674507;
-24,3782586273728;
-22,306106341648;
-17,8352824094287;
-10,5551650455247;
-0,874715758216594;
9,88137101363116;
19,116475366643;
24,9693314181504;
26,7046756845182;
24,9587899120373;
22,6137014897572;
21,4717661679264;
19,4548269997738;
14,8484868741471;
9,64481707171811;
6,17436770975726;
5,02572940247362;
6,93194818594775;
11,4687296208856;
15,1495338494254;
15,4476600596495;
14,0654976622434;
13,5424470967926;
13,3422747813134;
11,5040145534995;
7,99224204967467;
4,29431721125074;
2,00373626810314;
1,97456220461122;
2,82857368920161;
2,04758497452968;
-0,269214556577096;
-0,957651987268669;
1,40962796607743;
4,16082263774646;
4,95704121812036;
4,45433063980677;
3,62066120785739;
2,39321791393679;
0,804087477052417;
-0,324895909372242;
-0,268700620752861;
0,146905185785624;
0,0468255571139032;
-0,0738652115204581;
1,17503804320107;
4,10953315859886;
5,82382828380912;
5,27861808076633;
4,90892176905151;
3,75820787507535;
0,578963368530496;
-0,933373581427845;
0,0830050879432798;
0,31317695003101;
-0,512152858713926;
-1,50531614067622;
-2,56879798673067;
-2,92831097306104;
-2,40840698049034;
-1,57376741092612;
-0,817799545142059;
-0,0555868874493756;
0,97722746579776;
2,24570847171251;
3,80859262447751;
5,55734095337106;
7,25933533256375;
9,58920925782689;
12,5028636401235;
10,6225724945146;
1,87206920667492;
-2,68766358183534;
0,16379231497996;
0,933681805337197;
3,44988299332544;
13,6573863923284;
19,8662253796426;
17,8372254648708;
18,0632996727337;
15,7340308695009;
3,09203431745398;
-4,08298654279041;
0,166902808701405;
1,45173479162572;
5,89391428821057;
19,7352989633156;
19,9825892628918;
6,58918177257589;
4,49064652715719;
7,38162649923993;
1,68513017418202;
-2,19654473032613;
0,141603377345848;
0,74986673932994;
1,42071494385117;
4,92629723029322;
3,60678316863616;
-2,85005135934949;
-6,06926017964445;
-5,19447673025395;
-3,58020008836361;
-1,44588305073748;
1,41987324689583;
2,74192067242685;
0,10691910675855;
-3,55823596856772;
-2,54216364234377;
1,74497271449067;
3,01542052116093;
0,926250185908539;
-0,411121836433847;
-0,0702620207800127;
0,161818626023565;
-0,040627634976834;
3,1346303647917;
10,1517090984723;
11,0379856398925;
4,24576672856103;
-0,225453677764069;
-0,811948779448499;
-0,388743742904175;
0,213008693929755;
0,0867202981996439;
-0,118017580372971;
-2,01510154374012;
-6,66002914904291;
-8,23217714013323;
-5,32534450843066;
-2,90320196258105;
-0,571814704535978;
2,79725170252751;
5,01740029533384;
5,81771706138603;
6,07220282509123;
5,48235355517621;
4,08074592026758;
2,71130494176391;
1,48387903429301;
-0,0286118900712219;
-1,28928980300974;
-1,46578564209529;
-1,42131699997428;
-2,33457951019092;
-3,31771790078524;
-3,07317305205116;
-1,79168194536372;
-0,250526100126749;
1,26150955660145;
2,7851482689251;
3,74306497252363;
3,35225944460153;
1,89625118031204;
0,11906974043568;
-1,47674545591125;
-2,31339986838759;
-1,93546074617555;
-0,622998024450005;
0,725999592430283;
1,64624434530297;
1,99129601813594;
1,17513276955484;
-0,871931930243947;
-3,22895726321405;
-5,20082214467952;
-6,56380867902929;
-7,24912822167249;
-7,74361032138607;
-8,70952443189659;
-10,5079180841243;
-13,1332804540076;
-15,7170842345814;
-17,4411239192459;
-19,0894599292282;
-21,2856442539267;
-22,3344423112721;
-21,3156073269371;
-20,247856934038;
-19,9705828547637;
-19,2407561449142;
-18,141596227652;
-17,0805416816623;
-16,0023332699147;
-16,2167778889043;
-18,3540122868686;
-20,281721425318;
-20,1058399279117;
-18,4016869324494;
-16,5342882172202;
-16,0024345650971;
-17,9084879039208;
-20,9443457717225;
-22,2108483972144;
-19,7861941238859;
-14,2199140690235;
-8,81483224301648;
-6,24132018112256;
-4,84918001513341;
-2,18916329256955;
1,35716406749542;
5,40549982105906;
9,45978806620215;
11,3966418775524;
11,0515705070268;
10,5054806653988;
10,0594236568222;
9,60814274764594;
10,3972317024923;
11,3038934269328;
10,7730159602746;
9,56472372926207;
8,39061603534081;
8,78461599794155;
11,0590386147769;
12,5529972059705;
11,1619199925996;
8,37428395274772;
8,41611321580489;
11,1887242792849;
12,6344865369575;
11,6278145174817;
9,91211925930742;
9,2835664177945;
9,36235100761922;
8,85726634243006;
8,61781082561353;
9,53700679781168;
10,0120398643505;
9,26951908076519;
8,62470982249037;
8,90896993031125;
10,0230613276419;
10,5547957065347;
10,4166415747773;
11,109108966057;
11,4806297178866;
10,5133961002992;
9,87634904496257;
10,4566742858896;
11,3445559853065;
8,66491487274384;
1,35229026022997;
-2,13571747811679;
0,174633398299544;
0,723882292860675;
0,830307087266442;
3,29643296952883;
2,64190877667382;
-1,10979260045706;
-2,3371914883752;
-1,25216812744766;
-0,171451226460335;
0,252970378703199;
-0,00321524216170488;
-0,0951914311234474;
0,583069969500744;
1,75801838419203;
2,0024312414518;
1,17665085547218;
0,723542154867257;
0,496367035260576;
0,0261533661669011;
-0,120138791077553;
0,0303737353115473;
0,0316676729700118;
0,763660831322688;
2,55689880468859;
2,87517551358472;
1,07452836820383;
-0,395062015847689;
-1,27107758620927;
-1,62603768394795;
0,324797968435426;
3,77283151627361;
6,17800452488747;
7,19678367863043;
7,28188097099249;
7,00871655178502;
7,4436229249694;
8,76137051895173;
10,6925422043438;
13,202064051174;
15,3045233255281;
16,1991397641332;
16,8696541065734;
16,4299042697565;
14,0767694462712;
13,9029609585384;
16,3162413242963;
17,3439756983677;
20,7410545754828;
28,9623110286028;
32,3131591112195;
28,0196410674176;
24,1899102794625;
22,3148769848264;
20,3656014996689;
19,2414274501577;
20,5122980480188;
24,1927736863681;
27,3525253102833;
28,5757509963573;
29,5561529583358;
29,8292523556408;
27,748498067848;
25,5155265008521;
25,9261174199091;
27,2538108437086;
25,5108198678606;
19,1065527039504;
9,63869964586672;
0,691035206200821;
-3,60140988856309;
-3,20480870685904;
-3,17965544018411;
-5,52493233189536;
-7,14825613556082;
-6,57005349011945;
-3,37617039580761;
3,57195819908818;
11,4616808687944;
15,1228397781383;
12,9246829507986;
5,81695414041971;
-3,72718411867344;
-10,2287373662794;
-10,1337802880104;
-6,25823725628337;
-1,7361110010609;
3,98100077740034;
9,34407287109802;
9,53730078578748;
3,31352331369775;
-5,31867608114279;
-11,6289985366133;
-13,0706818140539;
-9,78284266372247;
-3,97047342772053;
1,90470169434781;
5,94014853403277;
6,32527155444429;
2,74111213879059;
-2,20692600016828;
-5,68956739728704;
-6,72015202915514;
-4,77959781765953;
-0,49991966573568;
3,73352361799561;
6,16547786767343;
6,19285013297063;
3,93482680784538;
0,618643345832974;
-2,47517488145387;
-4,17952972067164;
-3,14480778750889;
0,502848212523428;
5,01147574016175;
8,73121519903377;
10,3163445227196;
8,8977770553904;
5,43185762719114;
2,00034557405573;
-0,0381084017762122;
-0,278766974511418;
0,860204440073198;
2,43994555986521;
4,00537578271991;
5,32724754827143;
5,5654284239614;
4,69405532044736;
3,85586652184232;
3,5059648248862;
3,87531490502021;
5,54066907814911;
7,73635668833103;
8,49385737393953;
7,14649938292482;
4,68985138234551;
2,21143691564695;
0,688719816360171;
0,469721218219399;
0,439004745550736;
-0,592235534178063;
-2,47089416376247;
-4,22912814048474;
-3,80839989342355;
-0,698800031464572;
0,971726808125077;
-0,051772900339284;
-0,340635855737143;
-4,61317460289627;
-16,5569807994625;
-22,743422619327;
-18,8885967380609;
-18,4298460760052;
-23,4123904838493;
-27,5623498390776;
-30,388792854059;
-32,9008892691189;
-34,8156733353579;
-35,5083938083163;
-34,8768946036438;
-33,0459279633276;
-30,1903163656554;
-27,0286726906283;
-27,4679658987374;
-33,1759195729852;
-35,162300491387;
-30,13876348647;
-26,2615327726943;
-19,8688183223299;
-4,60523573293683;
7,81670226747043;
11,7898214285609;
16,2661839898865;
14,3571401205889;
1,05514225404219;
-0,813959949158915;
12,4574884136977;
19,2024174554127;
16,0890162965339;
9,73477190988728;
6,54253357122533;
9,3941563477273;
11,6398053641435;
10,4318789508822;
8,40819871552835;
7,91495521392401;
9,47995154997471;
11,0860936271874;
11,5338507819643;
11,0782816994063;
9,62713044484869;
7,95414677133983;
6,90351424026733;
5,8118246214398;
4,81333147738718;
4,68224382479579;
5,11115227520147;
5,63760997731698;
5,8109656407163;
5,02562017786747;
3,66300727294445;
3,07550444955813;
4,38249045647828;
6,26555854817105;
5,638505330628;
3,41944358114998;
2,93199993864632;
4,53355534601171;
6,09578445472122;
5,52209371637355;
4,80033371365586;
6,12565454479071;
7,6104780928089;
7,38562766808671;
5,41300743634709;
4,58511947323527;
6,22328149756153;
7,65103969476386;
8,00549046425806;
7,21230240127312;
5,49383199948034;
4,71086306662906;
4,90125774005497;
4,69890037861902;
4,32276254736639;
4,63215909950746;
5,54880548027892;
6,97245526277207;
8,57122457902873;
9,1936193511135;
8,54834082868384;
7,30986805888387;
5,91753206620595;
6,01367398174861;
8,37148144682702;
9,32013006309143;
7,35511018725432;
5,61216986491741;
5,31393859855791;
5,98491447092956;
6,75847422015419;
6,07316723196401;
4,07788653339895;
3,4091282476671;
5,54564269267701;
7,28830663496188;
6,059841196499;
3,88683219774704;
1,55071626067165;
-1,16251521786302;
-1,50339213299436;
0,616154805441762;
2,20997032996246;
1,82451084844658;
-0,642006552761843;
-1,66811752576887;
0,476283285287328;
2,3308856775092;
2,48356058189282;
3,21936936763449;
9,21983832984044;
19,6621305731555;
26,2102683229993;
25,5367062971305;
20,3234860246478;
12,5652975598784;
4,65755635544035;
0,41150305668822;
1,60092714877419;
6,3592564135;
11,8648931162029;
15,725685287634;
15,8407411966849;
12,8068525873061;
10,3444720282983;
11,7276815347552;
17,7153212380868;
26,610210055332;
34,939855986703;
39,1347877792295;
37,4545818710625;
30,983868880507;
22,6954669866496;
14,6478421217071;
6,74489555004665;
0,0744833072677996;
-1,43873985191353;
3,0224700350647;
8,88814788182413;
13,1674927051153;
15,4912739994684;
14,1571657302854;
9,45852190005948;
4,52283466672915;
0,406183174480754;
-3,0313781139773;
-5,03882440475473;
-5,79920296744272;
-5,84505409524867;
-4,52238052451585;
-1,4268848104503;
2,36041686591447;
4,70796379394223;
3,4962483081985;
-1,67876574906011;
-8,21735296485751;
-11,7047517890471;
-9,88653531813;
-4,8846335188102;
-0,0901862064567922;
2,57091039072378;
1,97899075567974;
-1,49442995200907;
-3,87836910179293;
-1,28419986033546;
2,76509673187427;
2,3138681195102;
-1,7024203519351;
-4,70239650585369;
-3,89749722019141;
-0,138183274151911;
2,89988995444548;
3,4924329741332;
1,15749077620213;
-2,60633559721732;
-1,69720508430301;
2,92532981185266;
4,062634434401;
3,45948770775804;
5,7257030709422;
8,48318078448409;
8,14337697196848;
4,88092709926562;
0,718827656149441;
-2,43225448156618;
-3,74509619555745;
-3,13509909823993;
-0,760623926313962;
2,00752878205817;
3,97625470512676;
5,33934918575572;
5,73228155256144;
4,41198021700089;
1,92669834297109;
-0,0732761096313238;
-0,358163369444968;
0,129185533102971;
0,0806227880942783;
0,273926907468862;
1,19036059650928;
1,75670071860942;
2,15750165437805;
3,30966093769419;
4,6037595544284;
5,11041664318088;
4,18373417582418;
1,25662138502809;
-2,9502149992791;
-6,55630671078697;
-8,51602656872574;
-9,60218618044021;
-11,0466028021609;
-12,8904141455193;
-10,5696165890133;
-1,94135118234916;
2,66049206290041;
-0,121866844218803;
-0,942521907532989;
-7,18133730197449;
-27,1461905831524;
-40,6373020908004;
-40,1803402327966;
-42,7857304468962;
-47,9362893262967;
-47,8083642917174;
-45,5513314861161;
-43,4485817991756;
-41,3209495194353;
-29,683116473217;
-4,62896340972878;
7,22538036820507;
-0,54726811267877;
-2,47106868080268;
-8,10543021840819;
-30,8935265695953;
-40,3368476874896;
-28,6498180107888;
-21,2073725427854;
-14,4433555356731;
-1,1161878367097;
3,44341580149417;
-0,703764568624288;
-0,983308468777899;
6,0355756020057;
20,2101670594357;
31,1175559732475;
30,2164286967813;
24,9753786664263;
15,6783828403114;
1,54255271775089;
-3,63654945147902;
0,565885329016951;
1,12035606109869;
2,69474292241858;
11,8612052151016;
17,2201462656463;
14,3116992939384;
11,855796305117;
8,58848732141899;
1,15976257012314;
-2,11129579304561;
0,24604455812501;
0,683198903916971;
1,54363868375835;
7,18666116255364;
11,8881521178545;
12,6124565489568;
13,4160701476795;
11,5626574491153;
3,75937429990738;
-0,561460929614191;
2,15289015792858;
3,56329448836938;
2,88837533170449;
3,36529782380296;
3,84607698231499;
3,67393145300405;
3,2163165474514;
2,39891470834316;
1,66605725553539;
1,60106964744335;
1,94274594734637;
2,13565325109108;
2,00341371090835;
1,73804555146173;
1,66367991227106;
1,89850664752535;
2,13072902679707;
1,56271110068875;
0,203448654755219;
-0,375118966730614;
0,0427455451674102;
0,122092263928515;
-0,965145957349214;
-2,92119955180646;
-3,35694556070086;
-1,89574062593008;
-1,13982147278877;
-0,997732991537194;
-0,206740232625687;
0,267189201189171;
-0,0108624719721485;
-0,0947877818208981;
-0,93583016613338;
-3,07884707321491;
-3,3758698334969;
-1,42401908284539;
-0,568069263130037;
-0,718082025542732;
-0,204642932744146;
0,213845844873403;
0,0033012845274801;
-0,0805822114157745;
-1,63502097884144;
-5,65169291626737;
-7,20269611983261;
-4,24931939499148;
-0,732030311158107;
1,11102620121459;
0,677003424944845;
-0,394802205784869;
-0,120203148896679;
0,197795164026711;
1,99536796489367;
8,17838969856018;
14,9434489117376;
17,9341001948291;
17,4068560119585;
11,2194692748719;
1,03765939446938;
-2,57115883847181;
0,414880668661164;
0,786578206952722;
-0,317672496849299;
0,0948314643861038;
-0,876511789516428;
-2,42308903348941;
-0,638140864131877;
2,06306768725467;
1,0278440236853;
-0,743463451881871;
-0,120519073612884;
0,325286970401141;
3,81937959534456;
14,7046428198267;
23,2153026560013;
21,3396339460361;
13,1920127771106;
0,408809687082617;
-14,7834401749078;
-22,8053069993862;
-17,1570579778252;
-5,1919004438268;
-0,380757791032912;
-2,93422806184601;
-1,69136975450351;
7,9767209874523;
19,4080300928254;
23,6490324123214;
18,685176706856;
9,8406783722081;
3,16410977349814;
0,315711238748862;
4,90934160650337;
15,4529313598179;
14,6461803377296;
2,80849132760971;
-1,32394339372304;
0,623151331464658;
-0,443558390187276;
-3,44096777073992;
-6,05524033747382;
-7,42249996217788;
-6,80061512597583;
-3,97570980233003;
-0,477667974215197;
1,64550810753867;
1,35916533749248;
-1,50465253225302;
-5,55438965744023;
-8,30246388480175;
-8,40648164360869;
-6,20076134413391;
-2,6415675633667;
0,871517250653404;
2,70082086803545;
2,25612549269555;
0,383047324749738;
-1,78932406469696;
-3,61120608171775;
-4,36830062573161;
-3,31495407133063;
-0,701965600714841;
2,14145894366686;
3,71183381762405;
3,72880333526331;
3,04161971695891;
2,09017583751004;
1,34053966985696;
1,52523351298062;
2,53323594494993;
3,73275493642807;
4,61983891174176;
5,07598177221805;
5,30794889656531;
5,29434405074134;
5,07870832237972;
5,00180438311842;
5,07126893576226;
4,90325297546087;
4,45190335631886;
4,14626193321675;
3,90114882073712;
3,84413271797315;
4,51316181647956;
4,79795396092719;
4,18012727713029;
3,75760176285928;
2,3074504658372;
-1,12341502605166;
-3,68630831446809;
-4,33976643249366;
-4,87989088184917;
-3,91102457399712;
-0,575452685581286;
0,972606945335219;
-0,0985297782760198;
-0,320961236156778;
-2,38398674128832;
-8,97573362648827;
-13,2087655275969;
-12,7751381402398;
-12,9447306256943;
-10,0844302001393;
-1,46610349940129;
2,49819962213421;
-0,255953041003024;
-0,823424202515698;
-6,35328067820095;
-23,3446880927111;
-31,9264734249565;
-25,8906836298335;
-23,0539793399724;
-25,3526054122881;
-26,5107511344669;
-27,0102022307085;
-26,3235407300037;
-24,6994955980735;
-21,9879277195855;
-16,2205129883007;
-10,6193887698545;
-9,41260890414738;
-9,23279270116429;
-5,89559125435295;
-0,844442975848649;
3,30965544771503;
6,42815804996867;
8,85426548547491;
7,48450694993318;
1,31146245176285;
-1,88570852890576;
0,113992446075827;
0,655734663902067;
2,90404316819822;
10,593601368407;
13,93999218292;
11,590406654407;
12,4567951352734;
14,9468628424623;
15,8245599778052;
17,1159957438758;
18,4083628632144;
19,2263808888571;
20,6395172332944;
22,9480392992206;
26,5480963891845;
30,7732563116805;
33,097618973332;
32,6094382498175;
29,6598901513605;
23,8575633948385;
16,629236469454;
11,0288012388983;
8,43798982188527;
8,39810305658112;
9,73509886730832;
11,6899127040022;
14,145593126992;
16,2876779814957;
16,6084298284754;
14,8385600197692;
12,5738948763052;
10,4501207102643;
7,38354984469138;
3,81230067400619;
1,32589502013514;
0,0355925673235291;
-0,649360209870757;
-0,837997264613544;
-0,60082390545364;
0,0174509837243862;
1,48034663085001;
4,05473228478153;
6,82316122158623;
8,61626846417833;
8,85406065909226;
7,12837430283352;
3,96176156821044;
1,19600269673525;
0,0481754964975256;
-0,0084786391216718;
0,134821670558114;
0,536572805763335;
0,994237911580922;
0,566255420783615;
-0,139374468417028;
0,00321944533113925;
0,638582640824082;
0,31021111220648;
-2,07161456922875;
-4,46925128567731;
-5,26700702000173;
-5,6997048780429;
-5,40578790739354;
-3,8190980618348;
-2,45496367134714;
-2,44434034394229;
-3,76398940131252;
-5,88459562789018;
-7,90525317665914;
-8,93186561437362;
-8,65346357654555;
-7,23046915863938;
-4,16568731436828;
-0,305574891019056;
0,92131530148818;
-0,168416312818492;
-0,274179119224276;
-0,302806111392599;
-0,709569172789659;
1,99347247701703;
7,11999222447168;
10,0491976135642;
10,5620606961377;
11,1137116169237;
12,3075756879086;
14,9087055656816;
19,9253079140647;
25,3112482886247;
27,30425074504;
24,003463299741;
15,9148064766405;
6,00811827105624;
-1,3274706517199;
-2,28356320325543;
4,21350698814023;
14,7653473044547;
25,4464533658941;
34,6424825122536;
38,76179228368;
34,1913957455178;
24,0934006938976;
13,7512486576769;
3,97146139123275;
-5,01311352634315;
-11,3361195139493;
-14,3602688159958;
-13,6111207465906;
-8,19571827766088;
-0,904079983811852;
2,4123852517962;
0,493009590561431;
-1,76868572573273;
-1,13203579616094;
0,495514466523782;
0,461553941693992;
-1,73677386171254;
-5,26324235813799;
-8,39069305372754;
-9,15330633884767;
-7,62668388279933;
-5,32083133680847;
-2,90910203929485;
-1,45707421731996;
-2,14073974697885;
-4,28199583826999;
-6,72245730589226;
-8,49235945681647;
-8,57107387755496;
-7,16736246963888;
-4,95550922991109;
-2,06062294718496;
0,407702808282576;
0,724606614321322;
-0,695727933416047;
-2,12433077877229;
-3,57637371554517;
-5,54673191015866;
-6,94096216285314;
-6,95416876509146;
-6,28087428949874;
-5,42308447233247;
-4,19230435073841;
-2,96594676680079;
-2,13800563851019;
-1,26386964597803;
-0,430399161660137;
-0,507470952808699;
-1,51647719892139;
-2,60871635199984;
-3,28893818344617;
-3,58233455030231;
-3,65654690432362;
-3,42226057461478;
-2,30613635817693;
-0,21848389908438;
1,91873451876475;
3,30721574005069;
3,69782009968766;
3,06433043297458;
1,86985238142454;
0,740501980802892;
-0,261542680424585;
-0,788033933192961;
-0,289958454357213;
0,240058565053296;
0,0280933213308647;
-0,101146337537304;
0,205516718708658;
0,614388177168247;
0,644414052068058;
-0,00759772681219251;
-0,803811739370191;
-0,841231923762075;
-0,129544668037229;
0,216109062166279;
-0,0227476126988475;
-0,0707281528210613;
1,50642301830052;
5,24983339342753;
7,21908084829948;
5,14186332969483;
2,2083821614381;
0,368333153434295;
-0,267255182753318;
-0,00780322641019754;
0,0964929746420398;
-0,0373626272575444;
-4,73094237229552;
-16,2293097482964;
-22,6294646518582;
-21,5655707337082;
-25,1073698012822;
-23,092520381338;
-4,55475537779163;
6,03815807208468;
-0,264287624991047;
-2,13783920472998;
-4,90040421348038;
-19,2161314754808;
-24,281172054877;
-14,2620339060638;
-7,61791797320481;
-4,99918274823232;
-0,393970759118254;
1,22810063729979;
-0,261297519188238;
-0,344985961196695;
2,51989117689237;
7,68713796070795;
9,4243717255795;
5,62996838922866;
1,71192558017696;
-0,600320546543195;
-0,982595557366022;
1,33167752142734;
3,71553489011712;
5,07978744726795;
7,06705799645214;
9,35213610974686;
10,6816774021779;
11,6650836719204;
12,856247548092;
10,0422797554924;
1,63337220593454;
-2,49162705126811;
0,183980266230696;
0,85278081359974;
1,65407261134219;
6,81181970161274;
8,81999871749713;
5,7871651151312;
4,43439795363823;
5,13671684292922;
5,56083740148296;
5,9937038676244;
5,84099604900593;
4,78964984161415;
3,58616970658432;
2,33954051373976;
1,22081666209365;
0,970424629032126;
1,53155516839579;
2,11522526341294;
2,49072725126416;
3,02724728054523;
3,83373888064176;
4,5222840887315;
4,90115521183502;
5,45412896743859;
6,44569511444949;
7,08300360197037;
6,55194752735909;
5,06569615783413;
3,22244351979227;
1,54624707334514;
0,673832847526458;
0,627835484786559;
0,685487809271715;
0,62075546765371;
0,634433948811902;
0,619233047104641;
0,604320595999249;
0,640132023212278;
0,436469344300146;
0,265342587158705;
0,834163631792279;
1,91061655340563;
2,75058388919609;
3,24979147683857;
3,52486493980273;
3,64140057722126;
4,18075027895818;
4,64764990590991;
3,77361297973899;
3,01979682102816;
3,60520566323354;
4,38518493828059;
5,87489550221428;
8,30482941211619;
10,0600945585377;
11,9133285180477;
14,9746552285841;
17,0216546074492;
16,2909641281553;
14,3519310987128;
13,8235750005444;
15,6755782017367;
19,2038734411757;
23,2646275073181;
26,3729958692118;
27,8186404959608;
28,365130834517;
28,1156416467623;
27,5145709350425;
29,9863368572115;
38,0418633859568;
48,16841824007;
54,1753870980762;
53,6376327070871;
46,5142714153971;
33,428001787315;
19,4362069600667;
10,0780533912098;
5,3019365028264;
3,92594162943562;
5,71891003511297;
9,15362955958285;
13,7330532138634;
18,4901025253189;
18,9528574729956;
12,6069744688663;
2,37599561595019;
0,408136301426326;
14,2043084806403;
22,8320315559827;
12,9256064054378;
0,797161322736081;
-3,69260297723929;
-1,7805156117511;
1,14671881310022;
0,296949198627075;
-0,554844146638474;
1,49083029022979;
4,77073137305899;
4,13641435915921;
-3,09606775246071;
-9,25463363752326;
-8,36256175260944;
-5,7276771085326;
-5,55912407519558;
-4,27958057401547;
0,0568048413205302;
4,60014342477945;
6,90963198267767;
6,43471597424546;
3,6873713139114;
0,231421435795522;
-1,89235422739975;
-1,53565764078425;
0,495483758154087;
1,78351578616465;
1,08646154674925;
-0,0214674553903166;
-0,14247545172446;
0,0732562632025432;
0,0190163748901742;
-0,03385459107573;
1,09137143355686;
3,87005486276298;
5,49525843875539;
4,74092857440262;
4,00120737171375;
3,58658370909248;
2,24178436992536;
0,339412659437351;
-0,925876831619149;
-1,20308005736286;
-0,957014327299903;
-0,103310241519;
1,41897833637783;
2,70277790320618;
3,30427058417997;
2,57489525071838;
0,549039792809894;
0,537777989409862;
2,73745290947585;
3,61920815485697;
2,39084096215839;
0,00693007210973987;
-0,833944280136061;
1,06128801102936;
3,03770492395061;
4,21637831999681;
5,15761945887427;
4,99968728998268;
3,12992264969583;
0,220183282003651;
-1,57583484442955;
-0,674714992875922;
0,514458043082582;
0,0763351616808576;
-0,223070898937714;
-2,38064689410876;
-8,87786169762048;
-14,0033243538775;
-15,6726037046101;
-19,294857039753;
-24,7302159655247;
-28,9739733692846;
-32,8956282157802;
-37,5193930143013;
-41,2292722354166;
-41,419268353867;
-36,9010062476264;
-28,8018312276887;
-20,7727030339644;
-17,3717969566833;
-20,7135471507875;
-28,9684302727105;
-37,7473744195357;
-43,7856417452979;
-46,2607370502367;
-44,2411313666641;
-37,7759659487667;
-29,4420737186156;
-20,8200214490067;
-12,1855185684082;
-5,63927011936933;
-2,99571264246768;
-3,03509133047553;
-4,10388029867553;
-5,49503053341283;
-5,58954132458295;
-2,66913406601292;
2,42000820517623;
6,98255797564083;
9,22782886536902;
9,3040297840181;
9,24402160372746;
10,7607801938098;
12,4250852804987;
12,0374351810851;
9,2666791192694;
4,17329427210987;
-1,94583544778455;
-6,12186603186227;
-8,00996141658145;
-10,0419647351506;
-11,8637267137455;
-9,94481298292745;
-3,48551523964287;
4,00870000976317;
3,2482534626921;
-8,74244320396324;
-13,5066907603476;
-3,49417455873554;
5,34033279928338;
5,19669564485449;
-1,13909389523656;
-5,72595179071172;
-3,52034247820405;
0,794861590641655;
5,19029759813445;
9,71774962435675;
11,6661473140657;
10,8933996680987;
9,89425695922998;
9,46606206566076;
8,30619988292917;
5,74503410611724;
2,90102368234116;
1,08186513012242;
2,57403214673813;
7,10928860962219;
7,4632956565086;
2,80201739500462;
0,48165790018048;
4,33565000312866;
12,9471178791324;
16,6663404088776;
11,9443904155994;
7,76906841118554;
5,0087848135897;
0,547279688646546;
-1,21350609513377;
0,187668667341288;
0,372700860348568;
-0,390631519366602;
-0,230422314545647;
1,08438054973539;
3,10190575288225;
4,60604311991286;
4,98859734402172;
4,50000651276492;
3,50299599681668;
2,56358775685232;
2,38170285782669;
3,20759668972972;
4,5109234783411;
5,49237874424266;
5,79582847796202;
5,50771870578383;
5,00858106056523;
4,76604594781502;
5,00734572244972;
6,02950553264641;
7,79568277178182;
9,27563121007026;
9,75347499889978;
9,83012371398557;
10,1753122249786;
11,1478116577917;
13,6551340578986;
17,6175324670117;
20,8492265184321;
21,2112290894323;
18,4203412450114;
14,5238419395674;
13,1117412420184;
16,9074977273052;
25,2283636782539;
33,6500802793582;
31,4849578179538;
16,8511908229125;
12,3671737694563;
25,3171073082534;
35,3033830246747;
27,4498146317746;
4,62949809736875;
-6,71136544338109;
0,376061065318819;
2,35306138711086;
1,59732899340423;
11,2229181997259;
23,0157858140367;
29,9737264925171;
34,0547310181543;
27,3574301585412;
7,51515970906228;
-2,61077254100709;
3,76942472924899;
8,96563168891664;
7,51850702988249;
1,91594804456827;
-1,89066083628168;
-0,140027186121906;
0,770423040441204;
-0,27921876639047;
-0,155894929610739;
0,164387042291238;
-0,0134171553729248;
-0,0528149458817778;
1,630310880946;
5,41526074877781;
7,17029540032191;
5,96163005114482;
5,37667895690542;
5,20993269177215;
4,29783975364073;
3,45747157795282;
3,24680779878346;
4,1290070185137;
4,09308082962447;
0,987778167840736;
-1,1000816050223;
-0,0120494946062925;
0,415346448973809;
-0,172740927135621;
-0,074796336213602;
0,0926525049500347;
-0,012209817850875;
-0,0278207979240012;
-1,45805491266395;
-4,9107906463247;
-6,19669594804358;
-4,2782531893429;
-2,75929424003104;
-1,54043420792846;
0,241591149115247;
1,17134357506486;
1,09831067759398;
1,05374284362629;
0,914838609469222;
0,406356313472031;
0,592395307691061;
1,2247821924346;
1,21565541764276;
1,56901200950899;
2,79949557287564;
3,27359897908252;
2,41790850313774;
1,34105114083538;
0,546453218244312;
0,1432263071295;
0,820764684745704;
2,83986237117464;
5,11992322404455;
6,26393795579107;
5,80230723055926;
4,3013869915914;
2,88511432854539;
2,22511592579293;
1,56692735263794;
0,262474029986529;
-0,384920162501777;
0,0232696904083843;
0,134145568480197;
1,15560692767712;
3,62074352923555;
3,38762695738838;
0,488274886994066;
-0,693360984528422;
0,858208251113078;
3,52525587546947;
3,42463502357385;
0,523930510742274;
-0,724176687481088;
-0,36231230715584;
-0,104917406944963;
0,0640138446500027;
0,0276985997906985;
-0,0370824048188878;
-4,06319479502062;
-14,5881102187477;
-20,6967398868144;
-16,7405873000857;
-12,3601907136582;
-14,9472180771109;
-24,7605185170273;
-34,2737454622065;
-38,6793919668395;
-42,469803537655;
-46,6656539653687;
-49,6514571202158;
-52,3957059414335;
-55,6591375270977;
-58,802683439823;
-60,0772559491295;
-58,2631293788699;
-54,0520708657293;
-48,7710744154398;
-42,5659726829261;
-35,7791007548965;
-30,7287429454522;
-28,4664300018653;
-26,6020526541005;
-23,293053701659;
-18,7642753736774;
-13,582034200958;
-9,22580083794698;
-6,85207842277873;
-4,97468872529784;
-5,86803857933241;
-11,5252294132847;
-12,3616980063357;
-6,63546760934872;
-3,89283687882146;
-0,530758030344171;
8,19455193857981;
13,6953977179623;
11,5510138816825;
5,68270965390275;
0,0463679040046165;
-1,27843292956645;
0,339679955424083;
0,340539031716826;
-0,267873294307815;
-0,170824810078733;
0,137536314366734;
1,82089821449815;
4,20277035674766;
4,61929594356188;
3,17948036556241;
1,75829357809659;
1,2670218261615;
1,96843678831581;
3,59532416798045;
5,2224345962094;
5,85875270377516;
5,05267019883269;
3,31542104518893;
1,4234059339489;
-0,587454059091134;
-2,45121499071916;
-3,33155962814698;
-3,23738704711476;
-2,47639525844387;
-0,573227702341258;
2,45933599067965;
5,4595303861837;
7,66527997719713;
9,26235798598165;
10,1736153474884;
9,80243901084411;
7,71751085082688;
4,45711500064369;
1,69607789328583;
0,295599015920271;
-0,523405372522299;
-1,32543582028252;
-1,8495054273028;
-1,69184345480563;
-0,738466853692844;
0,540291557550608;
1,53948919679725;
2,06326276451561;
2,41025953393424;
2,9265923070644;
3,36809788985156;
3,44437492764283;
3,18701545563918;
2,36706637065723;
1,18831832518381;
0,945160448916977;
2,22671449817785;
3,80421731856916;
4,66604474412821;
5,1775565582075;
5,80405389681989;
6,56594725785552;
7,22090694364229;
7,61918928491414;
8,00709997835317;
8,41727234210277;
8,89222432857918;
10,1462088000099;
12,3900952313845;
14,2439020288273;
14,7461564943623;
14,9965644138438;
15,9686946779444;
17,8316695835277;
21,2365018400546;
25,8517925132638;
30,2263306307168;
34,0581955657256;
37,1390189300036;
38,1751037680174;
37,1575940108446;
34,9234207679567;
30,88178441666;
24,9506441798984;
24,5418943259621;
34,1245873417538;
38,5787643797602;
30,8185668995489;
23,6161091924148;
18,5528288821775;
12,7286786800616;
12,3689746054136;
15,7435671438728;
16,0570124625578;
14,0750554688629;
12,6505787869337;
13,4267270366134;
15,4180173676035;
15,8031835182154;
8,02287465287939;
-10,2848949607172;
-20,033887098775;
-11,6368520918138;
-0,225159741639761;
4,807699287277;
2,2833475430171;
-1,52199279639555;
-0,355190684516464;
0,718441150232744;
-2,72547575100884;
-8,96930923048673;
-9,62412945858501;
0,00282832560134889;
10,1883366283651;
9,78613238555999;
1,29319665778842;
-2,41730132289435;
0,298978473328368;
0,774200501853151;
1,93488829876303;
8,4287838340582;
12,4476070996599;
10,1989647352135;
7,24874619872737;
4,30502501828595;
0,34604579196777;
-0,984874828317938;
0,180191017903492;
0,291912467637452;
0,679295231610277;
3,40867590719379;
5,93665539213944;
6,1505444682464;
4,82087462235117;
3,334944458751;
3,48697072854688;
5,35140649401133;
6,30584439513826;
4,9736718344662;
2,34583266949584;
0,0506734972752081;
-0,463664065048591;
0,114208366815086;
0,126789022122668;
1,41995527794918;
4,83041277935209;
5,34211241431146;
2,36326831667958;
1,29726365825953;
2,32480448584805;
2,30783035231301;
0,738733477115762;
-0,934828149083977;
-1,46022738355962;
-1,2506803639137;
-0,64614031507172;
0,857255021084051;
2,41788439347453;
2,54638674181037;
1,2922017414328;
-0,68783418362319;
-2,94737349060457;
-4,61845237608293;
-5,19830962984941;
-5,11356128156152;
-4,71013818210112;
-4,02483169619164;
-3,34671962518283;
-3,30113334303288;
-4,44003580461219;
-6,6489427329494;
-9,1535541097793;
-11,2635009719488;
-12,8948962840099;
-14,0624306641201;
-14,5927316450921;
-14,6079251803028;
-13,8745940040499;
-11,9231563897235;
-9,59649268975396;
-8,25012413668579;
-7,89764683393597;
-7,38081327292569;
-6,34920268888804;
-6,07307093285739;
-7,01814958713402;
-8,1231657502134;
-9,56224288874761;
-12,2698149501936;
-15,7711993128484;
-19,4934687270716;
-22,3899364566829;
-22,6947798885554;
-21,2796625388366;
-15,1736273458439;
-2,4185698583897;
3,70166240728967;
-0,262394820891866;
-1,27368953860793;
-7,36586875552023;
-26,5020041053365;
-33,1758836465176;
-20,5327503128848;
-13,0694674122027;
-10,4990573823482;
-1,84687579039372;
2,74505007715616;
-0,214497941835354;
-0,930035662890986;
-1,14043216461426;
-5,83322282528593;
-9,7167525340254;
-10,0902189539538;
-9,53468105307692;
-6,32137039522263;
-0,550796049079767;
1,46281133927733;
-0,25619966111345;
-0,43809775531327;
1,81929109922679;
6,67217236544665;
12,4769851588153;
15,7279272001233;
16,9514588488025;
13,0221741345338;
2,11474367174206;
-3,2337152053744;
0,241547553295622;
1,10545393173969;
1,96675414235182;
8,73846473507404;
13,14235616093;
12,4273940269265;
12,9633713993053;
13,2133423290539;
10,646676741156;
10,1755737158093;
12,7019301373416;
13,9488213798995;
11,188355579388;
4,98451945331067;
1,51524965821614;
2,20888253115538;
1,85688815255684;
1,51982002371062;
3,15868243973168;
4,25053490045892;
4,16722440386612;
3,95066698112712;
3,28291712536865;
1,76894730122511;
-0,142715683291784;
-2,07170321629197;
-3,54596872232288;
-3,98283155754744;
-3,53732052413476;
-2,66279228353417;
-1,37859241609207;
0,112797858626081;
1,38565127946432;
2,37625353163683;
2,7772219851143;
2,12293120447222;
0,79579430957601;
0,396106169543202;
1,91536639506343;
3,12032498981055;
2,17498312616559;
0,646978099356921;
-0,131631389016351;
-0,16645626681823;
0,0661783812688231;
0,0394187374198996;
-0,041296248979279;
-2,03901155999315;
-7,19144922513787;
-10,2326551575772;
-8,55737607693551;
-5,50531323829262;
-2,06114830564376;
0,420214315277994;
0,329082056334076;
-0,251163501153242;
-0,0174777027844195;
5,89960403617922;
16,7038464128827;
15,7813352435394;
7,37588954437545;
8,98416492906269;
15,5420240465818;
22,6851829642877;
31,1024383878386;
36,7376217594597;
40,0819726923044;
37,0551146433735;
26,6013006834546;
25,8833963365556;
36,8873690480421;
41,9763902272863;
35,5198978351366;
20,2428196255255;
5,15148627083504;
-5,48066014350047;
-16,4946460118585;
-20,2528873355483;
-8,8268924768375;
10,23819258122;
28,2520163723;
43,236809241806;
51,3900436222898;
45,9666812141688;
28,6256881513802;
10,4127406352582;
-1,85476260714734;
-9,7293988671462;
-13,3679567808397;
-10,2448472941728;
-1,63696314688388;
9,14315585746011;
13,1271753173865;
3,69462059999087;
-3,7033423642195;
-0,159647522351116;
1,44617993601183;
5,76258075950039;
21,1118280534557;
26,4845774915505;
12,5810987215224;
-2,14091062085969;
-6,71235261885129;
-2,21297658988178;
1,94553211775526;
0,188251786784877;
-0,804682343846683;
1,35365867771465;
3,83627251259475;
4,2557415458583;
1,47284481162069;
-2,76120523407678;
-6,67637754072513;
-8,94632689524257;
-8,14161395951556;
-4,29396594249237;
0,212392950265381;
1,74897319901507;
-1,22985674430767;
-6,36911813524691;
-9,51071385846153;
-8,71181475364638;
-5,58270942475696;
-2,45065500760433;
-0,43874520570371;
0,45254737111557;
1,07324134421004;
1,37637096977191;
0,669875203682189;
-0,186722025233424;
-0,524710719388886;
-0,871376487522716;
-0,741186297293462;
0,346636293772645;
1,32788768309269;
1,489054502453;
1,19728596256579;
0,683838232744751;
0,447355814635875;
1,33433937482235;
2,97388318101684;
3,76796974702781;
2,68180761202066;
0,548944538037318;
-1,01917534597787;
-1,87394743365014;
-2,88657013379863;
-4,05254174256546;
-4,93695983672574;
-5,94757812832507;
-7,5619602754354;
-9,15503821002887;
-9,84591259151907;
-9,84078748574054;
-10,0840321388623;
-11,0771105232141;
-12,5303014692491;
-13,9502129880564;
-15,0119193927457;
-15,3394093476602;
-14,8127542880085;
-13,6153455215577;
-11,4131688117219;
-7,95403775220008;
-3,9629620111035;
-0,544211091526243;
1,34360240284951;
-1,03055823575936;
-6,69790356851559;
-6,42230869932269;
-0,238909931629975;
2,13397389921107;
-2,31802340608779;
-10,8940412492179;
-14,5922311522069;
-9,95583637210916;
-6,04778202722721;
-5,63085873470277;
-4,79360713505476;
-3,46757660193189;
-2,49656508677804;
-1,40147321028446;
-0,52824369817137;
-0,100302141779694;
0,677151469211961;
1,89223763686614;
3,55562490837863;
6,13004969041752;
8,19616169443366;
7,5783674004488;
5,30929119910449;
4,45427455553432;
5,55351832762219;
6,60503199694494;
6,6410359459087;
5,77378414098535;
3,4322532473425;
0,55496940619935;
-0,450456176322353;
-0,539716078630358;
-1,69764902516242;
-1,71709980168123;
0,718321928958083;
2,82402903271993;
3,68338465898349;
4,82201336936704;
6,82981350685335;
7,23173325434988;
3,82672661480061;
2,1244621781582;
4,93227468870278;
7,36725041442906;
7,1234930877091;
3,1780343368385;
-1,862748549292;
-3,71625773957001;
-3,61665008350248;
-1,58929078437451;
1,53085683892846;
0,307824658458569;
-3,78393676748211;
-4,40037113202998;
0,26898391086915;
7,37481078573584;
9,35144581755943;
5,64041438986408;
3,52231169877005;
4,76802799035803;
7,57010931491892;
8,36909598660437;
5,8718083830602;
3,79208937719579;
3,8643446639479;
5,75386427780371;
7,77234567975834;
8,02898686503142;
7,41902221324552;
5,21859318596803;
0,747197058780182;
-1,26636291308678;
0,122045575587874;
0,421620694053998;
0,0371415888382781;
0,881749910982262;
1,61368414157137;
1,91703443561839;
2,46571269612009;
2,02688235662452;
0,255775550330685;
-0,502354032206049;
0,0679884153162198;
0,158241299457809;
1,93115697246542;
6,23197067098202;
6,39542816236962;
2,53095482771381;
3,08045822307624;
5,18771501642071;
1,68330920173413;
-1,55533211367964;
-0,10425131381461;
0,621431368840205;
1,75454956046171;
5,70524618615412;
6,59695616531282;
6,90422267039896;
13,4240848361592;
14,8575014786136;
3,13003704144436;
-3,99348466571175;
0,148555823822136;
1,42243523388104;
0,619107004679008;
2,85074988567868;
1,26710385347819;
-2,80567980695362;
-2,17245432946746;
0,227547836939673;
0,292138746305484;
-0,199152817439791;
-0,0210715771458599;
0,0797168432671231;
5,89379799363432;
19,56410185541;
23,3753405086687;
12,5828481501663;
4,64907663953929;
8,19743590674331;
19,5452690548559;
22,8139816500982;
12,7851422152706;
4,77013843807207;
0,711432409006676;
-1,41942870948081;
6,13124409372639;
13,5025144855552;
6,52769406441448;
-2,9086079151169;
-1,95601526480185;
1,31803504624448;
0,227945251584625;
-0,577391094932477;
2,14859996977036;
6,35480425163686;
6,10760859685647;
1,1021518849598;
-1,78631987936785;
-1,65150146118807;
-1,0191593867252;
0,22894642051756;
1,24139995768489;
1,14166771204899;
0,778379150495182;
0,185163002020774;
-1,23257026354062;
-2,76820217418818;
-2,89889846912676;
-1,30010201190684;
0,18062224886467;
0,221150131900269;
-0,130648793047555;
-0,0280310170474639;
1,79750752514078;
5,21492566172628;
5,06175329281676;
1,6438446333178;
0,964315596046308;
1,58955432335522;
0,359079383183097;
-0,471376880378933;
0,0311552888748663;
0,160621390940499;
0,459725975636519;
1,70566284267284;
1,98598900289829;
1,02503227784375;
0,8503476923059;
1,44460925302825;
1,62531070280631;
1,33702987146137;
0,842956579931612;
0,028190587685751;
-1,10178888566138;
-1,97745126068771;
-2,50391872100742;
-3,53121586999359;
-5,0151478192118;
-6,15563659637556;
-7,51075732491315;
-10,0391987497816;
-13,4441390253161;
-16,8828849266026;
-19,7624772485655;
-21,9113464349905;
-23,2321102831151;
-23,4045276336366;
-22,3682023894706;
-20,1985848623014;
-16,7368512639093;
-11,9070851987313;
-6,51171131713512;
-2,68064121987885;
-1,90809084733089;
-3,54841560679944;
-6,83996527377037;
-11,2737007470214;
-14,7587839775163;
-12,4577687974231;
-5,05686898001744;
-4,23259606472547;
-11,5486161067697;
-15,6149244982159;
-11,4651557549437;
-1,44072825611343;
6,21530925940978;
8,5482742465175;
11,3839602412051;
10,454923636177;
1,83292574559297;
-2,70189991972712;
0,197958478486606;
0,922168082813166;
-3,0099608350763;
-8,1596568143442;
-8,64025412606443;
-4,47966139114158;
-2,75846535002843;
-2,60230728151978;
-0,510503123078395;
0,702763174391389;
-0,0438370695180247;
-0,242371957189928;
-1,16115800841836;
-4,08821780472663;
-4,70296609689078;
-1,49169102911467;
2,5495444260199;
4,22857717128971;
1,38384559214546;
-1,22833303524793;
-0,112701751285767;
0,505244301234692;
5,18022567610492;
18,0042051017436;
23,1336323720679;
15,0062660542628;
7,46025814583831;
3,10809567361791;
-0,369619805840129;
-0,606107696838783;
0,330793574877934;
0,0855094934940166;
0,770438580700282;
3,48952863454954;
5,34959613486046;
4,94673448782838;
4,09660031685402;
3,54112081534687;
3,35506452752577;
3,73481716925848;
3,7155244823702;
2,96734774774893;
2,67444223995408;
3,56201146281833;
5,26175236718637;
7,20208251973481;
8,7728893443011;
6,99714306128888;
1,12682255157941;
-1,7395166842744;
0,134920547623718;
0,592387005018276;
-0,214680049775309;
0,260459434956299;
0,926140329826377;
1,6786625341363;
3,32423903085759;
3,64444665691342;
0,859040106385009;
-0,98529134147184;
0,00124582453405091;
0,3665024025858;
3,67551660978941;
13,1678685758539;
18,3527656490405;
16,0917810955323;
15,7242885000248;
17,8213250129121;
18,8944552342298;
18,8636731522651;
17,644294125051;
16,7306419197569;
17,6858825618756;
19,670194150553;
21,0782694395325;
21,3976327362485;
21,0427906126623;
20,5083201752284;
20,911283476289;
23,8172974352178;
28,8037040406481;
32,3490498685785;
31,1955248296059;
26,7275126345122;
23,027008573699;
21,8103187599104;
22,5941724748384;
24,6175649240545;
26,0963504633075;
24,9626196404778;
21,1394060864034;
15,8045317672792;
9,5658500643089;
3,06975574573896;
-2,81339317721156;
-7,80300933848781;
-11,133599476909;
-9,00792135140006;
-1,37502421394603;
2,22283475027759;
-0,19602181411125;
-0,747001110838591;
2,21757821460549;
6,72010160343117;
10,1111664607261;
11,6800686015489;
14,0400778588972;
13,7794244846468;
8,69449727945243;
7,25326330361586;
11,8460916009235;
15,0385161733849;
11,4651122344709;
1,92587037579031;
-2,80324644368417;
0,160386131480875;
0,981370489524884;
0,684100237796635;
3,28282723476716;
2,99488072580947;
-0,388093358520515;
0,640129168202829;
6,31760216061056;
10,1575353050728;
9,32053255929677;
6,52758820912007;
4,46607709645102;
2,39830406663829;
0,0926269630074736;
-0,522600456717577;
0,127579417324784;
0,14156745242973;
0,381973550458829;
1,41796386413468;
1,00982598059758;
-1,06920374711785;
-2,54460199523629;
-1,77314263965647;
0,943657752303212;
1,5401688794229;
-1,05395589945594;
-2,75039331356452;
-2,14539924557673;
-0,549074775084474;
-0,454109692623235;
-2,58449473930308;
-4,35044283771658;
-3,62178634379815;
-0,654868393676611;
0,901928574570084;
-0,0405181543539732;
-0,320165790083383;
-1,31116043072016;
-4,56293634407532;
-5,06891214060865;
-2,14203027460867;
-0,692786809815118;
-0,575277019356575;
-0,0137138097990671;
0,158231135521288;
-0,0531666099405272;
-0,0352778722446178;
-1,25395105961762;
-4,3547385367348;
-5,85063491245058;
-5,17487887389488;
-5,56310698501437;
-6,74336086543702;
-7,76716316722597;
-9,35174518489232;
-10,7829957556509;
-10,7401576452765;
-8,70771646507143;
-4,81998271469525;
0,328507755488465;
6,73418099772733;
13,7459496803194;
17,7053124179267;
16,0396950115812;
11,3590949511849;
6,50386341461528;
1,21884361859233;
-3,88243922809174;
-7,11295695095094;
-9,1185732157109;
-11,4976821888156;
-14,1302692288689;
-16,2809811782821;
-17,9918993236668;
-19,369435393021;
-20,1523538190423;
-20,0364827858718;
-18,6684626770488;
-16,0914431591073;
-13,3071978012295;
-11,5523130320962;
-11,4619708525069;
-12,7619234907946;
-13,6695306267902;
-11,9163462296173;
-7,16029311414636;
-1,21659968100841;
3,23478625156026;
3,85533857268603;
-0,206709425184161;
-8,50247232036246;
-18,5263506947273;
-25,4759048296374;
-27,0896665963806;
-24,8462190448826;
-19,6612135159084;
-12,548343289086;
-5,6794538258282;
0,75335618721732;
7,20488364721677;
10,9814261032586;
9,7678444460771;
5,02316995583136;
0,22449159974586;
-1,02816254494863;
0,216018850777771;
0,296332553934693;
1,81076866875052;
7,25417342895039;
10,8134867542246;
10,2882304197606;
10,6321493495379;
12,048410677303;
12,2170128850801;
11,8165937356938;
10,4091168092723;
6,37273417815186;
1,02737545602307;
-2,31060877874676;
-2,27508868568866;
-0,0124149810546184;
2,81591961684308;
5,65659586089929;
8,44176439309878;
9,98309590305504;
9,30920136526082;
7,28983050436342;
4,96391997369729;
2,62901585932081;
0,588631590319877;
-1,0793054548311;
-2,41165388922626;
-3,31360242489714;
-3,90516723169713;
-4,01189281592637;
-3,01489972158086;
-1,14419987977644;
0,544762514173024;
1,65903499754356;
2,22691033298109;
1,93973268238146;
0,899611827261202;
-0,0848157014263836;
-0,18094466716385;
0,918729137319412;
2,77328729517614;
4,64131993222132;
6,38243688014614;
8,25644280994402;
9,92029647334274;
11,3390051033294;
13,5351077985314;
16,5326357328577;
18,8945870428459;
20,1066844078034;
20,9235326517825;
21,7993294686236;
23,048958667291;
25,0191059293936;
27,496318845097;
30,8240495560961;
35,6586257051702;
29,615589970832;
5,52452874462232;
-7,51465237357426;
0,340311332830667;
2,66212585297521;
7,25976829034858;
27,2434290101245;
33,478956237994;
20,7214325152511;
16,3114459954273;
18,8297448758781;
16,6808848318447;
12,444132982546;
6,56307604747476;
-0,734132326727445;
-4,79741209499696;
-2,87117971358742;
4,17105619413794;
14,2980475363227;
24,3303792780994;
28,93336723457;
23,7504645490797;
11,4909454484686;
-0,334187223857939;
-8,08437296178879;
-12,0577740248086;
-12,7743990329754;
-11,9401178615202;
-9,76307882677814;
-3,0554599487849;
7,26345279743858;
13,8777987646421;
12,7568113454371;
6,59302009444057;
-1,65461565228454;
-8,88506343488799;
-10,0709636472112;
-5,39802444194199;
-1,42724222187099;
-1,96392301052077;
-5,57767970431558;
-8,97928897180087;
-8,20357109084322;
-1,46390551135664;
7,59805695013143;
12,7158204407264;
11,3856231485558;
7,02272322889337;
4,08453212158851;
3,17944383306081;
3,29328312341738;
4,84302984438659;
7,47577746942743;
8,86544703697482;
7,40461497140538;
3,73037671394898;
-0,47725514751269;
-3,63968017039396;
-4,79577741231024;
-4,202266154637;
-1,91511162801407;
0,172391975870109;
-2,00914302795521;
-5,35798775690941;
-4,60204834709832;
-1,58604692582226;
0,114110373688355;
-1,99574077741883;
-5,07152205291308;
-4,3483431478668;
-1,91876350167278;
-0,201162309512084;
1,23295378385082;
1,51189428391959;
-0,0387290480269996;
-2,45282695582265;
-4,3726858835428;
-4,78752284441219;
-3,68863096088143;
-2,0209248670464;
-1,63606128160507;
-3,65455112656754;
-5,1625046927226;
-3,82105783199573;
-1,82674922560136;
-0,622489837846043;
0,068869654535924;
0,115906506781275;
-0,0609098035188783;
-0,0176054276986252;
-0,49599732458912;
-1,84530159001771;
-2,57243506154169;
-2,26231425819152;
-2,25076766085814;
-1,89058247758307;
-0,325309113850824;
0,484662309520386;
-0,0361209860105993;
-0,16525978410698;
-2,28650103616039;
-7,79179886227566;
-9,67673384264033;
-6,55490506567565;
-5,45646093385929;
-4,98423641904883;
-1,05230256901841;
1,32135441602974;
-0,0382929852349669;
-0,475984189927668;
-1,86126027420432;
-7,25334654440016;
-10,7198280199208;
-10,1006594911011;
-9,86261378156251;
-15,4662965350914;
-28,8009536547149;
-36,4832300749736;
-32,663660770053;
-29,6915788830411;
-30,3276227343928;
-31,2859968597763;
-32,7821362368272;
-32,9152714845887;
-30,9675113640427;
-21,6821219862469;
-3,27945461337927;
5,22716130781423;
-0,413454304776551;
-1,78146212924092;
-1,56332768278288;
-7,98654951217123;
-10,9113317390807;
-7,92955943630919;
-6,73239938890192;
-4,94699434426555;
1,02561227287466;
7,26599716128963;
10,9312116326132;
11,8531083434936;
8,11430202147489;
0,897704219903948;
-1,89904064192801;
0,260750423396359;
0,599936769687907;
2,80649596033327;
9,83210995174229;
10,9210169729524;
5,52113324719406;
4,66080413942207;
5,22341270678164;
1,07869662537688;
-1,44756308524907;
0,0865481085221179;
0,499876646913067;
2,52420033964657;
9,68444209075311;
14,0849352379614;
12,738787227092;
11,6977038889446;
10,7095056997036;
7,6294717291643;
4,17675571592074;
1,03835105287815;
-1,51256691002568;
-2,77552643311998;
-3,28916414212992;
-3,37289383294512;
-2,33507382954152;
-0,723526628633835;
0,0105799572674617;
-1,01608049861055;
-2,98784079674003;
-2,88104057567992;
-0,698751208740962;
0,157838774314027;
-0,355534775618464;
-0,355173830638174;
-0,0518197661655393;
0,12916968525635;
0,837605848914292;
2,42479232673859;
4,56521797663201;
6,58772454561612;
7,68785697557484;
5,83814788141131;
0,908120900980252;
-1,42597125449658;
0,111423168672379;
0,486013541464569;
1,65017953285535;
6,45536443369046;
9,17546024704724;
8,48266463511217;
9,20146540999919;
7,82988761342061;
1,28514506896862;
-1,99457697967882;
0,168492082060866;
0,671676163894298;
2,31345379347063;
9,17624948178572;
12,8011590260879;
10,3659181942346;
9,79949662094381;
13,0959252421854;
16,2382253289004;
15,3612188722309;
11,743594224553;
11,735362014981;
15,7616467811659;
17,408173540814;
14,5776644137422;
11,5523518520612;
12,1103831338075;
20,2371417057956;
33,3420654912577;
38,7463825830966;
39,0525681965549;
46,4983879060899;
55,1862916787217;
55,4716286779078;
46,3365916692296;
29,1757126507028;
9,35072764094175;
-6,69879596955837;
-15,2566474198425;
-13,3316427452944;
-0,963879756219722;
15,3750160897625;
19,3441154861341;
4,44910912708405;
-5,26544464725147;
0,0738311792589943;
1,92780546043445;
0,138447173946981;
1,66082505885409;
-0,794352092224663;
-6,77714358301157;
-9,46175344127047;
-7,66925433692655;
-1,74241197572818;
1,93688709866726;
0,0486349046405384;
-0,746934951806571;
2,12456454124531;
6,44244387382309;
8,85426345749882;
9,24074720003645;
10,8661242838191;
11,6147506651036;
7,43114772979577;
-0,350262758477311;
-6,16367832398304;
-6,58606969075776;
-3,68541324188221;
-1,1849124469565;
-1,15823074183937;
-2,44453489410128;
-1,22875896584861;
3,20316924459622;
6,25358306137607;
4,78565964865593;
1,01744663243859;
-1,97389463982852;
-3,40892772221357;
-3,80979433401726;
-3,82792416308454;
-3,33040954247579;
-1,2488973623827;
2,07455617143951;
3,65662337261202;
1,92615799858258;
-1,16166479525858;
-3,47419792521647;
-4,36776123665227;
-3,75337915016505;
-1,44671556895409;
1,78792633055401;
3,82347771359802;
3,97497118522081;
2,79196763538479;
0,211043266825731;
-2,52290526235986;
-3,78830649338675;
-4,19199397754452;
-4,5415159610042;
-4,32954905867595;
-3,01156425277776;
-1,02140120047116;
0,298257761488849;
0,218451853653861;
-0,954944536168801;
-3,05072204475269;
-5,74996109456297;
-8,42451042538558;
-11,3027749787144;
-15,3767235832125;
-21,3045287950516;
-28,6043171817248;
-35,358630064899;
-39,4356811592634;
-39,9988990599741;
-36,9936799555839;
-30,559820363068;
-22,22940593461;
-14,745324426646;
-10,1707994723764;
-9,09819100655487;
-10,9312537908448;
-15,2502466306113;
-22,0647622757205;
-29,8588422352279;
-35,9086689766919;
-38,5187925610425;
-37,0598636936733;
-31,6090902091212;
-23,9862557664595;
-16,7916497862263;
-10,6377427578616;
-4,95774036547896;
-1,04621724079794;
0,392853137686691;
1,79517029379939;
3,79266255387531;
3,92730447615128;
1,5481608633669;
-1,8267023695426;
-4,69458749894984;
-5,74508557701763;
-3,82531073018524;
-0,312553128462784;
0,870648983918281;
-0,155388591954034;
-0,259935995613664;
2,46389094926656;
7,6247036094186;
9,16365603724177;
5,48652260885205;
2,66875575738317;
1,7020609343133;
0,911347951784678;
0,693363570335212;
0,31132990303041;
-0,550912766021008;
-0,256135282060022;
1,97003216942797;
4,58639220029505;
5,58222016077545;
4,28619816346266;
1,81880332639904;
-0,098466393853038;
-0,988853241737813;
-1,3306555014598;
-1,63974876097503;
-2,51566200321903;
-3,81472511913129;
-4,72638125309698;
-4,97697627748523;
-4,37466426047404;
-2,41893522696965;
-0,0830790090349167;
0,512803975726216;
-0,124790217510909;
-0,139582986211998;
2,1683977359259;
7,20570165943589;
9,76448155852002;
7,6989923723134;
5,96029367975051;
6,41109416863278;
7,86103054406395;
8,72144611996799;
7,78581337565126;
6,31322271232719;
4,16540993778321;
0,612092744102198;
-0,997490136333656;
0,0831178693743362;
0,338290288193036;
2,8033217237589;
10,1875618348947;
13,8172126237207;
11,0443435744262;
9,73586033513947;
10,5135489150981;
10,4884170055473;
10,5759176222021;
10,7372486042289;
10,0539018579996;
9,16791902420759;
9,15873905548437;
9,99176082767636;
11,2112003341166;
13,0496608124776;
15,5396236022156;
17,3883051091541;
17,2569784679211;
15,4014097101701;
13,267961222613;
11,878826017283;
11,554310367362;
13,0925564735882;
16,1773459258396;
17,5904297532694;
15,0087043909679;
9,79781997926746;
4,15345981591736;
-1,07117978325222;
-5,33693463996903;
-6,6785904389832;
-2,9502446559712;
4,47540842245846;
12,2661634388798;
19,2596927451;
24,1147152710721;
23,4907051166047;
17,6556809399602;
12,3752978835555;
11,8803319409994;
15,7233862874962;
22,633849939525;
30,9042884682795;
36,4949313181359;
35,806019241673;
28,9186760193815;
18,9078730175136;
10,3592296751345;
7,28836241895412;
9,8039013459646;
13,9232370746351;
16,6259677290837;
19,0358899018436;
21,6143652334007;
21,7152941682165;
19,0244319904931;
16,989079657699;
18,0740303743602;
21,3509375781095;
25,1301429839606;
29,5107312434281;
34,0576667210205;
35,0550907935462;
28,2828133766984;
14,0776908754141;
-2,49594572094392;
-14,416074348511;
-16,0908987920114;
-9,35149278753991;
-3,13954346918805;
-4,00672356002029;
-9,08918623163295;
-9,29520724794011;
-1,28749189541628;
7,61001811234885;
10,0556136957711;
6,38865936690232;
0,0280648567742847;
-6,51515855464222;
-10,3808840943046;
-9,52813054469154;
-5,84178671224838;
-2,69775412238005;
-1,04647649529479;
-0,914516532392314;
-2,87562491002586;
-6,20458971748017;
-8,62828393933965;
-8,58243934430252;
-6,1897832737663;
-3,97254823146342;
-5,3860421217725;
-8,61751580607625;
-8,87215417016375;
-6,07317196236645;
-2,78333065551157;
-1,09910674286418;
-1,68376853828737;
-2,3222378465988;
-1,44907121223336;
-0,263084875513393;
0,125411536098336;
-0,0209803847900803;
-0,106342264316609;
-0,0446353705167945;
-0,10853539565503;
-0,355534062885927;
-0,175756955046629;
0,949464059790955;
2,22759143465812;
1,99692608591377;
0,286843264327545;
-0,498167180360652;
0,0541540906200464;
0,162712045980457;
0,628702285521872;
2,73108404248668;
4,34722739145707;
3,65979324628751;
1,77077238709688;
0,223791766000484;
-0,2176716778671;
0,0256550277502789;
0,0644031149329215;
-0,0357427323754188;
-0,915535403544226;
-3,69991412394495;
-6,98683274569196;
-9,55984006615247;
-12,5276243943949;
-15,8481011061479;
-18,3290246069778;
-19,8377145911367;
-21,1912229429176;
-22,7995830777908;
-23,9144995665205;
-24,2393300293274;
-23,9124577714138;
-21,6824529028711;
-17,1970135808474;
-12,4654207468898;
-8,94613286546308;
-7,22184922689825;
-7,89800142932521;
-10,5814523181826;
-13,8976549212988;
-16,3548995051917;
-17,491272787959;
-18,6014448064699;
-20,8477494166946;
-22,8470731113297;
-22,6137883921698;
-21,259255073233;
-20,7626768261506;
-20,0499622053853;
-17,2658142651982;
-12,9230815828988;
-8,71543540702674;
-5,74286548853127;
-4,28351651715259;
-2,88637814180542;
-0,451515366488674;
0,701891640169605;
-0,0522218520053105;
-0,240485166782197;
-3,5990735096723;
-12,331196365749;
-14,260822993599;
-4,72327329266034;
5,11941246785949;
12,1007933313224;
18,9912384299111;
23,0976685661937;
22,6949153310899;
19,6254660622135;
15,226121165058;
10,9952664952556;
9,40698907097979;
9,74309081595819;
8,90276449136569;
7,03228706087766;
6,06591267754261;
5,3312493897605;
3,52791563756285;
1,26370981935787;
-0,565298630217787;
-1,33443578163;
-0,264001714402649;
1,96041038628317;
3,32998066095931;
3,0502496351592;
1,88353213448462;
1,11796408040803;
1,76390900376044;
3,22623876183559;
4,04041492940283;
3,82876197497723;
2,86658532867214;
1,6934353339451;
1,51230330984226;
2,87346889395842;
5,01951554329404;
7,11754456965603;
8,57254958357908;
8,91447381684584;
6,37402579716765;
0,928202467820423;
-1,53270728073459;
0,134396937909077;
0,516641487631851;
1,00352441952789;
4,17799908265812;
5,49801703745462;
3,94205644603185;
3,64605947532709;
4,68507644900659;
5,56206756123039;
6,72183403244458;
8,1094684926708;
9,31618421884969;
10,2134361055495;
10,5942179949922;
10,7963867156002;
11,3957256194446;
11,9231389513724;
11,966092809644;
12,2006256548695;
12,9073518154954;
14,0387222789661;
16,4007669101725;
20,257733365397;
23,5457743558301;
23,3222071361967;
19,1775175849667;
13,9423356789;
10,8373321214976;
11,3664106255542;
15,4429429517791;
20,9879783588115;
24,4313942505796;
18,4346682578776;
2,7586737271706;
-4,48451879118643;
0,387252252285061;
1,5126685451636;
5,25915948903925;
21,6082132225188;
33,0065307125715;
31,943720482996;
31,7824987342745;
33,550190574396;
33,3260598065842;
34,436033168559;
35,8622308621478;
33,309306614567;
26,9544953413819;
18,797775380167;
9,53356503852108;
1,47302491253409;
-2,32493355388527;
-2,65037658916406;
-3,13143857526732;
-5,48604707948175;
-8,37875300292697;
-9,30917463464303;
-6,93135131227664;
-2,27780083608644;
3,40407594956675;
10,4903569939908;
17,9663002203383;
21,9757180470741;
20,533229900622;
15,9020058415894;
10,9566245463333;
6,65661908500636;
2,68617490213544;
-1,39972177926074;
-4,81024403364588;
-5,29915171043371;
-1,28433624972488;
5,04672427524458;
7,98450404785883;
5,43285344600848;
2,31705085454556;
2,49590281073067;
3,91716406070458;
3,50251467472267;
1,01142437734131;
-1,17025941583213;
-0,618644684256424;
2,09139939050803;
4,44536091762331;
4,95658753348912;
3,69638400387909;
1,45100622091148;
-1,1506961772562;
-3,49601356671266;
-4,3644077781693;
-3,10967550172673;
-0,565924862331822;
1,86831835120087;
2,51469308019903;
0,334585651847099;
-3,26034772370563;
-5,51022702286924;
-4,2562614433999;
-0,527819638734967;
1,01644430646285;
-0,124489600186387;
-0,327147815008857;
1,44451757668405;
3,37851442611025;
1,53411733160426;
-2,36836862635134;
-1,87724263031732;
1,55908319048103;
3,30844849548709;
3,40118130460674;
2,77896839874833;
2,07141624937439;
2,21173912658725;
2,52300938437459;
1,85941807408767;
0,746842467170702;
-0,12839787556926;
-1,02771138741772;
-1,77429869298881;
-1,99087933657729;
-2,95281668492749;
-5,46512385705479;
-6,0295640854298;
-2,63564347795746;
-0,692816427322046;
-3,05721664090416;
-5,90387476412482;
-5,33882155477402;
-1,0381143307586;
1,36638141127536;
-0,0503066435002926;
-0,488839981566471;
-1,42595012451873;
-5,37370185323972;
-7,58321687524397;
-8,49850758622132;
-13,1551631222988;
-13,4987332165835;
-2,89131606548548;
3,59674345072104;
-0,0967250307637142;
-1,29845309314189;
-5,96501892875167;
-21,6465811944748;
-28,1687669626108;
-20,8435105519262;
-17,8333901143242;
-14,3018565386312;
-2,10191914191922;
3,61185841306588;
-0,393193774602272;
-1,17813548051028;
-6,47872477254228;
-23,8049177273301;
-30,86462742837;
-22,0312320251964;
-17,2946438431329;
-13,219163315424;
-1,70920195735105;
3,31372633804948;
-0,447695517841913;
-1,04303550981295;
3,15650263519196;
9,39461576301892;
12,8472930716859;
10,3663368399697;
8,8364219067128;
8,32329448430153;
2,24003925429015;
-2,27662260723169;
-0,0992391954054669;
0,891426796071615;
14,2998900293556;
47,3575824379993;
53,3936133534797;
20,0904520410529;
-4,7331140719863;
-6,82669320371623;
-1,41560728775745;
1,65393729795473;
0,0266891478854105;
-0,633320611095464;
1,69409357714791;
5,33288965447455;
7,22362148355731;
5,04464064438925;
0,5310019794381;
-2,60376927072797;
-1,32776975364722;
0,874301273196104;
0,201938974355954;
-0,410586545395195;
-2,83960442112399;
-9,27009564295108;
-10,4325792468411;
-4,75631436029251;
-2,07038108941377;
-2,10172671558949;
-0,413531351521408;
0,598809037394455;
-0,0529132687567462;
-0,198745541291491;
0,501245389501852;
1,33620170211794;
1,45123073372583;
0,526729469228108;
-0,644434243021872;
-1,69994800059222;
-2,42443745357843;
-2,69668186400543;
-2,83706614419203;
-2,49652570210688;
-0,989659044800575;
1,71734670763639;
5,15509628409057;
8,27346542651905;
10,0066673885452;
10,6003190495204;
10,7466828033602;
10,0613646814421;
8,38791129515064;
7,14137821411397;
7,82324215448474;
10,6782133421549;
14,9618375040278;
19,1970298660979;
21,9609845018803;
22,6209844995031;
21,1101997023619;
18,8099455395942;
18,0700269624166;
18,8761496193143;
19,2209209962474;
18,4726464617183;
16,967266527521;
14,4551561744875;
11,5897698598242;
10,9754548046383;
14,5324309932996;
20,3815937023416;
24,1858289072514;
22,7979031219208;
15,2044799766714;
2,31545983432835;
-12,5790370075083;
-24,3993827489229;
-28,8664678667353;
-25,7071531130934;
-18,4068149761884;
-10,133640656074;
-1,32647783804467;
8,02067690434462;
15,0688206699356;
16,4922414773761;
13,1829984410315;
8,16262064362863;
1,93245998063773;
-6,97649387404645;
-16,9256542614403;
-21,2560056573509;
-16,559552172573;
-8,57673733325925;
-4,01155009312981;
-3,2333543669834;
-2,63309022494915;
1,44340780603427;
8,20995216821346;
11,8969132674145;
9,12160524390248;
2,77965333693123;
-1,75636758151137;
-1,77959262154775;
0,466839819308814;
0,717220819713571;
-2,59831113778681;
-6,7754761673154;
-8,22923062359095;
-7,24097157988709;
-6,48089520526388;
-6,1863417825724;
-4,8645542802237;
-3,30515632544795;
-4,0776584441464;
-6,53183411532987;
-6,84515385364114;
-4,64086166973161;
-3,15353464635994;
-2,64254470471627;
-0,81729014718625;
1,01119401500632;
0,425312989021739;
-1,17681311062241;
-1,57206979272296;
-0,437194895657052;
0,421087908610611;
0,029837324287958;
-0,170219874508695;
-0,222257966740443;
-1,10117982580259;
-1,91313635877706;
-1,31777614396928;
1,02979119984527;
2,25467787562106;
-0,495355545750661;
-2,84589346836521;
-1,30369565849927;
1,38098200865385;
2,05148490274727;
-0,699479741293858;
-3,02084278369245;
-2,63998502615243;
-3,88006614704097;
-5,00931331575926;
-1,43112650600932;
1,42853448921559;
0,061033123411402;
-0,557199670987507;
-8,68958098012699;
-30,1648747966432;
-39,6308874971791;
-29,9433497832687;
-25,3999992306218;
-20,7967963786507;
-3,50895289977867;
5,33532015904304;
-0,428929957025727;
-1,80522883896043;
-5,33229887394885;
-21,7852396963993;
-32,3552206790132;
-30,9021016925537;
-32,3309637580337;
-26,6353479838776;
-4,40220725007914;
6,73379121398041;
-0,530726686072562;
-2,28603686919545;
-3,03041151978939;
-12,1656797970849;
-11,0840860842598;
2,9577540886637;
11,8422741122659;
9,97437519748613;
1,88674778563438;
-2,45807236390518;
0,0615634418769565;
0,895027488050685;
2,92413905597824;
10,8603748997158;
13,5856764822379;
7,87070800337063;
3,40859874760078;
1,4199891227244;
-0,218901578806976;
-0,282235639765623;
0,17530623623797;
0,0301730276744627;
2,5531184682946;
8,75337121992015;
11,2847415818682;
9,42243556426954;
10,1960146399422;
9,14971287934607;
1,62099036164147;
-2,36987860295872;
0,169173678107136;
0,810672921220199;
0,621238325943042;
3,20440080795219;
4,14064825365481;
2,65462003197764;
2,77215641553654;
2,98632359071375;
0,673948452628053;
-0,816761884949095;
0,0190835648793364;
0,295542342507766;
1,71381364483922;
6,50024865426834;
9,30984954110097;
7,80236527127144;
6,41828046904797;
5,85429496786662;
4,97066334677368;
5,04186769037019;
5,95994905212631;
6,52584172969791;
6,85663321971211;
7,04373339378295;
6,66242097516196;
6,41843903220331;
7,33486904052733;
9,09231160463401;
10,6256954883973;
11,0392068944378;
10,1979031630136;
9,16828974597484;
9,32384887468126;
11,0956544143587;
13,8522970440464;
16,4210761467354;
17,7902063004295;
17,6939476920462;
16,0610515709442;
13,283987776157;
12,0175854573521;
15,7466119955824;
24,8204752509421;
35,8500573111442;
44,0579807078848;
44,9889675010648;
37,4754220540063;
29,7710914764584;
33,3990255099278;
43,8138613909025;
45,884990520966;
37,1991539389602;
21,0376759784548;
1,91981084647096;
-4,66833787507145;
0,700639434206358;
1,45652693466744;
3,85249811013589;
15,2912122447857;
18,6689775408777;
11,110790126909;
9,45135304536293;
14,9320465838748;
17,5041228550118;
12,2349762959173;
3,38837306005107;
-1,31578494169406;
-1,39764624264196;
1,10827760868936;
7,13337907964533;
17,1259904575705;
29,2317698319624;
39,2419452478806;
41,0556010755643;
32,1784669017784;
17,634833386345;
2,83155248596832;
-12,4856490696842;
-26,8914544600969;
-28,686210870866;
-10,2737996179704;
8,43359499957392;
-0,83498917225775;
-30,8604693115835;
-43,826671755658;
-22,0405630212784;
7,89069102772351;
13,9421028928986;
2,39017295226165;
-3,23337875922957;
-1,520227063455;
-2,78189091506903;
-4,62755054323241;
-1,37406099389989;
1,37268451007618;
0,0477103116569333;
-0,529165036898632;
1,07248867110864;
1,25188847208966;
-3,52877914895715;
-8,97956017535339;
-7,79812953493691;
-2,58156261553436;
0,402072799340741;
0,341187168066535;
-0,221201318258947;
-0,038857551101316;
0,492476510863723;
-0,112342332756095;
-3,65134910653367;
-6,15827372108637;
-2,40819094914209;
2,44075411861036;
1,47462751180642;
-0,953209937358631;
-0,20915509346363;
0,439766948407372;
2,24807573535019;
8,639164855087;
13,0871318840088;
10,2330818146556;
3,82295383376052;
-1,02637305065653;
-1,19818795190025;
0,548660430269091;
0,246453091660079;
-0,30622590509614;
-0,359907698076995;
-0,792296101020607;
0,449974167874062;
3,40346618925892;
4,70374416802951;
3,24122241229198;
0,455962147892425;
-2,46160248030458;
-5,11270917716897;
-7,43452474587524;
-6,34075824939677;
-1,00194223089876;
-0,113734289242961;
-5,31362962738013;
-8,22676972717572;
-8,57122458558628;
-9,12276416060404;
-9,27917295272478;
-10,1031646834406;
-12,1277275588799;
-14,1643428393578;
-16,0773496747914;
-17,8851469018535;
-18,9838219457215;
-19,829663924618;
-15,4615807825247;
-2,76511204095359;
3,86507807213099;
-0,194346977872912;
-1,36238675500099;
-4,96508324816697;
-18,9237184603362;
-25,6091190345345;
-20,0543433110807;
-18,1301245041422;
-20,197936753515;
-19,7836508463659;
-18,6277703986535;
-17,3343443378783;
-14,738126015046;
-11,4922064107512;
-7,58886694073338;
-2,11115611364145;
3,04753470304284;
6,10941916399844;
7,77352038819734;
7,02656647447219;
3,56284412932495;
0,667571729903848;
-0,572458566151915;
-1,60223112919957;
-1,01372023752858;
2,58886114665805;
5,98002408969792;
5,8609483300656;
3,5751770270772;
1,99400857828658;
2,14474490385844;
3,91770524370986;
6,24220613413488;
7,16081436849682;
6,37945136949831;
5,39284585266019;
4,82496526863869;
5,08952949084537;
6,87646302407801;
9,14860686127213;
10,5242139483342;
10,8940306518518;
9,72740750362578;
6,49992425197184;
2,29899746460423;
-1,33299927342185;
-3,52013057450802;
-3,65291486936567;
-1,51232995269374;
2,04149438275525;
5,56716969254146;
7,99886972334834;
8,69508827380367;
7,86292632899543;
6,64449978147244;
5,9385953856844;
5,86990687471775;
5,88973849643336;
4,14168642284995;
0,522193427021477;
-0,988195986770795;
0,117006845564341;
0,319869128991919;
1,07418813070627;
4,14081718907338;
5,12636010720643;
2,81185870745315;
1,63858383323174;
1,72725787606185;
0,497887125620446;
-0,494650064349572;
-0,0217101236864108;
0,193139284709163;
0,911482320896056;
2,95328330771791;
2,9473590772317;
0,724057718414795;
-0,0200980135946192;
0,412550833536199;
0,160811040189344;
-0,148093566952352;
-0,00556787757064283;
0,0566247359456391;
0,238702275188833;
0,563904261299584;
-0,11967082820759;
-1,32694639771589;
-1,26564154784323;
-0,0555119758653502;
1,26391254670245;
2,51703865914778;
3,82115077800891;
4,80793560698276;
4,9761162953999;
4,29139610234338;
3,05474385827477;
1,94466491514892;
1,55982144680375;
1,63962662244113;
1,70664650122042;
1,76377411212338;
1,79996566805087;
1,56694970648302;
1,15568889478793;
1,08945618993441;
1,433841418416;
1,61152552294063;
1,43603650690848;
1,0588097085716;
0,407535109574258;
-0,0981851568182806;
0,0211923900627743;
0,180692177665266;
0,100064081967908;
0,527369825825837;
1,36227191646474;
1,80037490515367;
1,97690707922621;
2,08425502548581;
1,74087063022606;
1,29385851062292;
1,44958277181718;
1,90275705450395;
2,03776754173688;
2,01278609749801;
2,1309644435311;
2,2342578913966;
2,23008204387241;
2,3057622885467;
2,50500422528774;
2,63469185948623;
2,63618694979111;
2,62037101603999;
2,49219770881369;
2,23954237103245;
2,16787383305655;
2,24069921705919;
2,35680399015991;
2,65709577771047;
2,71490852512622;
2,4268105410076;
2,50673818970187;
2,86308670627154;
3,06917187116121;
3,35601697417904;
3,61269884794476;
3,61224644702734;
3,73703554303811;
3,86636128977287;
3,42351285351103;
2,67668796563599;
2,14647349241628;
1,82414285210128;
1,62707056501088;
1,59300592605734;
1,76294253633116;
2,18035346261615;
2,78504717560241;
3,2500548295776;
3,37542092302827;
3,38062448003941;
3,29856433563078;
3,17202591345354;
3,38523717527643;
3,68082635731618;
3,5116816403762;
3,12764995870994;
2,88654584510968;
2,05248342308149;
0,308968545435541;
-0,496982995291763;
0,0410106494400569;
0,16855390675666;
0,568081743969768;
2,17630150306458;
2,9422783539523;
2,41088003006305;
2,28440553098892;
1,82296412747422;
0,259462152675941;
-0,45530901534561;
0,0507571967427535;
0,148137332769012;
0,48912259750609;
1,99276205837586;
3,02191282198812;
3,12891079575367;
3,54810087408853;
4,03613104847522;
4,20864296668956;
4,49315135136207;
4,86769905780738;
5,19607963118409;
5,48918570060183;
5,53087251279919;
5,33137103752972;
5,24975321948762;
5,2238131638242;
5,11782905975634;
5,29059176157258;
5,55849713448085;
5,26834287787494;
4,64664869102996;
4,28954521795641;
4,23519041995135;
4,28557302098573;
4,3014804007347;
4,22902339585769;
3,08912074633728;
0,497419718100707;
-0,753990946076003;
0,0515199733460142;
0,260280843926167;
0,842716968345661;
3,27220244186158;
4,44287421530461;
3,59363678104664;
3,53563068544008;
3,0479352441931;
0,508517390245306;
-0,78631652008853;
0,0678173802267217;
0,263883060412071;
0,592522310798068;
2,52623092288628;
3,68509287792655;
3,20328479246636;
2,96999602300079;
3,03094104687195;
2,6508428819304;
2,29314959020497;
2,24487833683167;
2,15098578917546;
1,73211708665687;
1,18315289636693;
0,886167415513602;
0,887369650695221;
0,931115760887056;
0,924036278205652;
1,10170030695142;
2,03855893924272;
4,51049656656025;
5,4657993324764;
1,2844858326466;
-1,2974950877511;
1,73419726274256;
2,12013459178869;
-0,708102150537572;
-0,894797646873048;
-0,19801359706658;
-0,464186788258919;
-0,201890822556718;
0,00200722846874694;
-0,70922247258982;
-1,28935727935544;
-1,17561565801873;
-0,972219678965642;
-0,650183326769382;
0,241952782383144;
1,18899409104495;
1,58865874295317;
1,75311495396203;
1,87341295942266;
1,73170826333949;
1,56337086621147;
1,5861277242751;
1,57356484817729;
1,73554848554734;
2,136105251616;
2,04309019041505;
1,65801071555052;
1,74604338955708;
1,73939465964829;
1,19461412213343;
0,873796869603931;
1,08332338724807;
1,40670657411083;
1,85146321525496;
2,489347655506;
2,91894393068594;
3,28443243628014;
3,89719881406796;
3,96887428063063;
3,24271212915716;
2,76996164559364;
2,74921127082291;
2,49770641382554;
2,14900601282038;
2,33404896633962;
2,93731870095482;
3,2265295679372;
2,99073359773892;
2,68863224676756;
2,51691400662027;
2,37058028275791;
2,32298679501778;
2,33168078281627;
2,30401033385356;
2,2641104402357;
2,04350172591908;
1,77563711023672;
1,81973769204919;
1,94908509026069
