2,469074134

3,056661332

1,192459126

-0,603346471

0,224038487

1,571278954

1,116125351

1,559859531

3,593679026

3,885079904

1,944134461

0,555281913

1,700564622

3,728024109

3,779756829

1,4640235

-0,900751716

-0,16333285

1,634535242

0,499196486

-1,442748263

-1,190791191

0,568021283

1,498346111

0,285663092

0,119865101

3,140583936

4,465559361

2,083133083

0,177308747

0,868915564

3,301192632

4,190420849

2,132042043

0,256084549

0,396866736

1,869593366

2,843581457

3,173345548

3,700651596

2,345751693

-0,202349242

-0,514450742

0,250250768

0,083925479

-3,65334211

-9,707532317

-6,257975356

4,901719865

9,308666625

6,264165258

1,073174147

-1,443272079

0,027808983

0,53228426

-1,394233764

-3,91005794

-4,23558507

-1,290339978

2,512336132

3,621330821

-0,54682731

-4,4777286

-2,004700897

2,837486618

3,679975018

-0,910867102

-5,278954646

-4,581152073

-1,40512911

2,29373375

7,018306286

12,86265358

19,50776189

25,88193005

30,10445929

29,16767795

21,84683279

8,908101832

-6,580269859

-4,626978577

21,81211609

31,08492619

8,633264648

-9,904033045

-9,271379227

3,462574885

12,62894151

10,4088462

7,999111518

6,303729697

0,837893829

-1,618934196

0,226219098

0,505091539

-0,838801243

-0,815759836

2,287939479

6,476131144

7,848502976

6,928217173

5,780376048

4,301687304

2,321667688

0,459966444

-0,789113114

-1,439299709

-1,871096444

-1,900620014

-0,792572049

0,539267473

0,414233934

-0,231812514

-0,0712662

0,115593029

-1,289885432

-4,694558082

-7,051296198

-6,76902538

-5,856017796

-3,683989791

-0,226634068

0,846097668

-0,185412103

-0,237086787

0,167427564

0,01379235

-0,065232951

0,022411959

0,013800852

-0,01374705

0,000852603

0,004529221

-0,002200146

-0,000688353

-2,747088409

-10,25524384

-16,72584075

-19,33293214

-22,33057599

-18,70702308

-3,374914066

4,742754987

-0,261061632

-1,65973894

0,801176993

0,25228161

-0,390114532

0,073676751

0,107813293

-0,071347731

-0,008437246

0,028894279

-0,009103547

-0,006457303

0,005940507

-0,00019299

-0,002030699

0,000919168

0,000336806

-3,63266336

-13,56307385

-23,7028054

-34,65593686

-52,73146329

-50,54181633

-10,27162272

13,2386811

-0,464101208

-4,737742232

2,18526753

0,763020953

-1,095442363

0,187476846

0,310868197

-1,43371811

-4,485003672

-3,509992319

8,244269514

25,98063629

39,65211359

47,68857192

51,38775419

49,01539662

45,03983047

33,67080833

6,302122823

-8,426171381

0,310200344

3,02019765

20,38352377

72,50977459

93,99432915

69,60388236

60,98991659

68,17186349

67,18604622

67,22192491

66,98531571

56,93801345

33,27025363

3,098448443

-7,434517729

1,111596155

2,319690859

13,6118497

49,12861486

62,16045312

47,88560918

52,92420439

69,03792418

67,54728561

55,77044249

52,06387927

34,35073281

-12,63638124

-22,25308906

6,985471259

6,065161007

-5,194650611

64,20934828

221,4343647

294,5246657

246,2735075

121,612872

-80,01984649

-100,8193854

36,4308726

25,99983123

-24,69837367

44,10063649

176,2406068

266,2805814

239,2555635

94,84125231

1,545067623

162,2405844

322,1583768

258,8172054

137,2392759

38,23618184

103,008246

277,5021361

283,8884496

224,3534785

226,147786

179,089678

64,53082509

-49,97012565

-130,93698

-122,3869397

-20,66581242

31,2204713

-2,415102723

-10,61086716

25,33274832

71,8686349

96,16488454

82,34620322

61,08975898

34,76346823

1,533702665

-7,718261538

1,851310228

2,100468246

-1,558817275

-0,09036145

0,591398671

-0,215508885

-0,119956738

0,126848636

-0,01049342

-0,040692652

0,020774209

0,005762669

6,213742857

27,90755226

56,64385786

70,77325186

63,31206954

37,71917694

4,181454289

-8,413249081

0,969299626

2,753676154

-1,524728824

-0,335898562

0,681980775

-0,166151258

-0,172831258

12,63145804

34,3660745

20,71047855

-21,97067786

-34,9722543

-17,14638036

5,1643577

28,07774494

39,59097567

28,68316796

10,74113272

5,495952568

17,41506228

38,18886785

50,58367831

43,72212138

28,29732331

28,98699963

56,09234799

92,69164846

113,8041638

111,9867119

101,4882232

93,77761795

89,87081612

89,05376896

77,86849222

42,86163783

3,521587728

-0,26932302

41,70170061

92,27558558

114,349767

106,1908094

74,70906848

17,49081127

-69,23997303

-174,9142563

-121,9985868

59,03873782

-41,72784962

-199,3391107

-39,47846586

65,00474699

-27,00105513

-101,7649752

-160,8391737

-217,3890524

-223,8892481

-194,5451289

-126,7889998

-16,88557951

29,97159127

-3,040828024

-9,935728401

18,8675053

57,25676493

95,52149303

95,33883717

41,72714054

-15,79767823

-16,0494917

7,803888677

3,154112569

-4,208718738

3,596076929

65,11695291

204,4597172

284,2455425

251,9257828

236,4589782

254,5273792

252,4407769

193,0863342

2,022739898

-161,8375294

-68,18471399

54,09535889

6,644401589

-22,81352866

33,59311408

125,9321051

229,1744699

267,3924224

230,9798972

138,2110446

12,48686913

-31,64529396

5,219246549

9,631838301

-44,96558255

-132,2699058

-141,9800454

-49,44315614

-30,95849139

-73,66187589

-27,32878129

24,29539224

1,649601088

-9,661163522

1,682472222

-8,701123041

-29,21478756

-41,78438432

-46,71247902

-43,61320614

-30,8451693

-12,54767311

4,165210252

13,31993111

13,92817294

10,07051184

6,11726628

5,80910555

10,9176965

16,40900845

15,20640837

12,39711589

12,62519052

5,55069081

-7,86875087

-16,08077754

-20,91243947

-23,29146001

-21,18601972

-21,00046501

-21,58334569

-16,44720428

-10,64200644

-6,927466014

-1,134269643

1,731445035

-3,963175745

-17,00427742

-37,21664435

-57,94160791

-67,97178179

-59,71198109

-29,10759289

9,118097708

30,05363939

34,05526073

39,95504908

52,11448832

60,10569257

58,71164396

49,84336794

42,07527351

48,3828841

60,47661573

46,13683134

5,897234379

-11,04406419

1,29032822

3,581415503

6,744687267

31,01202678

49,93975468

55,14087602

64,14889916

53,66882318

9,09358867

-13,53636769

0,956775634

4,645230999

2,491267206

18,82023249

35,07968687

36,27353403

33,21716421

25,56109793

5,234080389

-6,432455112

0,066387269

2,380140574

5,244520553

21,0610607

12,84101181

-61,17300041

-142,9169483

-133,8478553

-80,80059432

-72,57642325

-49,62872609

46,17466538

102,6614594

99,06957493

193,8192423

292,7337849

146,0468039

-38,22778206

124,4391495

338,4093078

267,6040853

209,0681888

260,6762776

259,5637789

241,7396245

249,598174

252,644489

149,3608289

-10,62381727

86,21843525

302,0333582

283,7218833

217,2589676

251,1978151

241,7279336

134,1394214

-38,37876472

-134,1865122

-44,4064182

41,03688872

2,596226701

-16,30751682

6,008041339

3,264054066

-3,500190176

0,305479759

1,116242364

-0,5761367

-0,155444788

0,269894669

-0,057794638

-0,071725557

0,050585604

0,004306529

-0,019784305

0,006756035

0,004202461

26,4483366

91,88938553

122,9629013

91,4321966

63,86328265

42,46982202

4,618690868

-10,30251752

1,607993018

3,157250195

-14,28351422

-37,1869332

-32,28239603

2,292904008

34,81319573

31,2349709

-23,3145424

-45,26656141

1,374130749

40,03912442

53,02355031

57,17881509

72,52279934

116,8900457

151,384094

145,9043324

124,0564047

112,6998123

110,7375586

102,726415

76,55924705

35,12912787

0,34639154

-5,548999379

19,34223774

35,60469351

10,72857541

-10,52277845

-0,455445856

4,097284323

-40,13520373

-141,2936958

-206,403139

-186,0540419

-159,9661356

-117,2524696

-18,19238333

29,0476575

-2,493183375

-9,788578342

-14,44292131

-66,02809749

-92,67249939

-70,7105863

-61,69887036

-72,09229887

-77,09304889

-76,64364304

-72,05053791

-67,06323382

-90,01277367

-135,2864078

-115,3722212

-21,2828265

51,85753803

17,85893346

-113,075506

-142,869394

-20,85149375

61,95609427

117,7473481

231,1401778

169,4637124

-74,29777608

-7,162272899

286,4012452

308,5645346

214,7692812

243,0366992

265,0334912

245,6936342

210,4893597

97,64018499

-81,73687946

-102,1566227

101,1689757

123,6666229

-44,14375995

-32,3749465

30,34530822

50,12939806

168,0038662

232,3391494

137,8352953

46,65786659

13,63066582

-4,125213582

-2,791788531

2,584126322

-0,081884064

-10,47662753

-28,65257272

-46,4963192

-79,27167139

-105,9584784

-75,65051275

-27,73900306

-32,88716626

-83,8436482

-109,110944

-71,60416647

-30,12636166

-34,72601412

-49,13881658

-41,36510798

-31,76773344

-34,69049385

-42,20521444

-45,1391083

-40,26232383

-26,03736883

-7,959015286

-6,804032708

-19,86416119

-22,8078238

-14,71436913

-6,995006426

-9,498597879

-19,35280902

-22,02073533

-13,87429562

-0,213679687

5,041220455

-2,438659657

-9,04712338

-8,663556613

-2,448105416

2,216917776

0,240618674

-0,936140486

-3,106415138

-15,45531723

-33,96450119

-48,72021611

-53,66026425

-45,06005473

-24,25058382

2,880572164

29,15376407

47,30539778

52,85652615

46,21321269

33,70055348

23,01734584

18,06066656

13,63428362

2,972727244

-3,457631842

-0,025545121

1,30577368

17,81455963

65,66696035

97,70126833

92,02739362

84,36982801

61,4963865

8,55529423

-14,98995711

1,582221791

4,92760781

16,11838976

67,1115638

98,87451784

83,51900536

70,20101822

72,96853504

77,24322662

83,94535748

84,66281149

75,26730884

53,37409522

11,91125486

-12,70068461

4,338200262

27,1881211

26,31291796

5,25000469

-6,691800418

0,167049836

2,430526058

-9,694034672

-30,47682336

-28,18311653

18,5351464

30,89698894

-25,53245461

-32,19343441

12,06316755

8,052831157

-7,924106931

57,38647529

204,5876164

285,4503352

251,7135148

236,0661416

190,6155515

32,86974003

-48,50249392

3,402445626

16,64321874

55,85056308

217,1983673

299,2660707

160,5950395

-3,135454685

84,83931358

279,2290127

283,6850764

225,9336218

247,4897995

229,9069506

112,6184097

-27,77476538

-117,1395912

-159,7207283

-174,4041892

-155,4096993

-105,3451187

-38,79293784

28,27824987

67,10931794

61,50739376

46,84088315

57,32432459

78,17778711

81,95383399

57,03751758

14,77434405

-17,46873642

-22,99671269

-5,153762435

22,11625255

42,65047776

46,96401408

39,5173046

32,90762399

33,00551016

31,8751012

18,04739188

-6,157810211

-26,95529215

-35,87969323

-32,14661652

-19,92236161

-9,537032706

-14,16095438

-31,77331012

-36,17336391

-20,05026489

-7,995949866

0,343025884

17,50510115

20,87943764

7,624558832

11,97294383

29,01607977

27,09131364

12,25597096

6,944819295

15,46290633

44,7742717

89,44042499

118,7580352

136,4786788

154,8869768

116,3694523

14,71660118

-28,08825549

3,455128983

9,02431794

-2,229271387

6,192984998

4,053176909

-13,73525104

-27,18011343

-26,11484426

-6,440149537

6,883168761

0,213321282

-2,663806504

-35,50091896

-120,8826207

-151,0592405

-100,6907248

-69,09314411

-47,20501093

-3,53725102

11,40932601

-2,436447003

-3,206752542

-15,00916254

-55,27881609

-65,2216701

-39,73324805

-45,74096592

-76,1408959

-73,35155225

-47,49191657

-38,90318659

-52,68084635

-63,06681599

-25,14830607

44,24390761

78,36277795

67,46959208

32,34380454

-1,52777756

-6,39909164

2,517344992

1,331950088

25,33102064

129,2389095

251,6841856

274,703793

241,2792699

179,8102619

35,61387193

-45,82247156

1,306296764

16,56831504

56,62705111

216,8997478

299,1151503

157,7927785

-24,20478637

-15,39806939

48,09268863

0,72515227

-19,83659172

8,437139316

-8,663998299

-59,44874723

-110,1640282

-139,1611441

-140,1576317

-108,3174349

-67,80506549

-87,9712884

-142,836893

-146,9260131

-88,47709936

-7,866384485

7,118802077

-37,58741543

-44,24489014

-15,8675604

1,806984126

-10,31839169

-35,68977853

-38,53008449

-34,82524688

-37,74230187

-18,34759004

17,68589477

38,37183179

44,43196404

42,07643774

27,75257724

9,56605666

-2,713433561

-6,973144022

-3,511417544

4,560264447

11,76087746

11,94366499

2,934583715

-3,902685442

2,44196585

12,5908993

12,38004097

1,699146318

-8,079651391

-6,240882402

3,952907978

11,82156384

10,81109981

2,024885412

-2,719029859

0,106828738

0,97119025

-16,20060369

-51,805762

-61,00805282

-30,50859888

2,114732017

30,18904016

54,36917183

59,82699221

50,58555899

40,4624315

25,79235335

3,297081853

-6,05303039

0,651349799

1,991487727

6,66110342

27,56817364

43,0101838

44,20331894

45,54678752

35,45216116

5,621037746

-8,763909047

0,692143835

2,98052097

6,464742709

29,59662583

50,97729313

59,46317901

67,48421125

72,08449464

60,86567664

39,51260111

26,99708365

24,96550513

21,93824891

17,97691478

19,81026684

30,45290395

48,31432391

67,49921089

80,20362252

79,64413479

47,37196885

-15,08263075

-21,09586567

62,24976531

104,2280367

45,74150681

-23,49988089

-75,61304393

-36,18111488

183,4034208

323,7015902

139,8530422

-151,3482238

-120,1006953

217,5791075

343,6338724

118,6568996

-51,22783337

9,632297297

51,48324789

132,5498307

299,5871972

217,3957442

-2,664804307

-42,86015309

13,62581758

10,3625045

53,5114358

211,7151689

260,7868209

131,4367349

15,91363428

-37,47192983

-75,39069664

-82,60444676

-64,28289403

-37,22690889

5,679641404

59,98731615

99,18007449

105,4490223

83,12599849

48,75874349

16,6629742

-10,40902979

-34,74518704

-52,74786073

-57,73519336

-46,33594834

-18,50680272

20,61447372

59,5507888

88,97785726

106,0574456

106,8590868

86,53721964

49,64965827

13,59358037

-3,106980105

-0,960598159

2,626671811

0,306608813

-0,975982022

0,329302131

0,884487908

0,932460118

0,31288986

6,444667579

22,29112481

24,45676774

3,977538347

-19,29614467

-18,26853547

15,48473998

31,19841516

4,34811626

-21,97041617

-11,22923465

48,31727024

116,8763117

154,8365023

165,0619983

127,3472688

67,0070899

83,70185597

158,3015444

176,0022061

91,94749556

-42,80933521

-80,95960802

1,46670801

77,67444394

128,4963242

172,7022909

188,8628959

176,6963661

123,6949659

37,73355586

-12,19875961

-4,364714724

5,540474116

-0,670449589

-21,16277877

-90,2731748

-186,6334559

-237,2621293

-221,0535645

-139,2388743

-36,05716325

-8,453572016

-41,95703899

-63,37754766

-87,98070402

-125,2989444

-153,9606637

-181,296898

-191,3068934

-149,535368

-67,32196716

19,84591104

88,42853738

117,7655416

90,44989736

5,120960495

-123,5147195

-109,0648127

45,52418702

-40,39977053

-103,099689

189,577855

335,6935859

233,6430196

226,1502193

265,2930626

200,0277572

51,91559233

-70,59054906

-154,9498905

-109,3795759

173,816066

343,9181731

247,6189318

151,3545041

45,47696354

-39,86852293

-4,688707445

16,9623112

42,87051884

139,7484076

134,3896936

21,84435119

-16,96389614

-16,63906305

-54,04024782

-79,67382234

-78,9009036

-85,14135624

-73,54574437

-14,67814139

19,05537143

-0,668060504

-6,825338485

3,148876485

1,098790221

-1,578173868

0,270257383

0,447790932

-0,283627309

-0,040365983

0,117721815

-0,03496052

-0,027200415

0,023819663

-0,000308712

-0,008337316

0,003601866

0,001454809

-1,424973267

0,87270035

15,80011965

31,97673459

34,39201148

25,54409488

7,509076656

-14,82205382

-29,864301

-35,83130241

-35,08187601

-24,77275341

-8,783184913

5,076170621

15,10034329

19,2746509

16,02408383

7,744560407

-1,260934382

-4,642388885

1,460349166

12,50413724

20,84605161

24,60520603

27,6724783

31,80110616

34,13606983

34,61807874

35,70017984

36,55002731

36,08163285

37,53213412

44,61860008

57,06857935

70,70186366

79,05553141

78,3083282

68,61715243

56,91643492

50,99178079

35,25906857

3,868817469

-8,506796599

1,293662509

2,623498474

4,740418639

20,15514227

27,18017101

24,85249751

31,30558926

33,13788791

0,224079317

-52,35746795

-50,2361731

24,32683832

84,71583428

104,1549433

159,2544537

234,4225472

149,6090847

6,35045782

143,1030831

326,6015393

264,0538519

120,6963259

-7,731334234

42,81735701

243,4552796

284,9044066

233,1520841

244,8226752

209,5116688

131,7490687

190,8793764

287,6785294

259,3107736

113,4201884

-85,13215972

-25,59010208

244,0726403

298,7099389

227,2800778

242,3544847

233,1922372

118,0674332

-29,75667353

-131,2924669

-182,7551338

-200,7555343

-182,7970677

-125,4957129

-40,6647988

41,64817202

91,19056212

98,89426107

75,78939964

40,68955823

9,426397938

-12,98059456

-27,71563155

-36,09604342

-38,69892656

-28,49624917

-3,182136958

19,96303115

10,38958151

-30,66255692

-40,31150569

-2,368540937

24,02448733

18,91286266

2,849918853

-4,320023247

0,226891722

1,530716203

-4,952412365

-20,56901477

-43,11599437

-61,59000098

-77,62132213

-92,42304179

-88,95340893

-56,53083879

-4,943927738

46,86951966

80,04955631

84,39960597

62,24031964

25,36870564

-13,08316103

-48,10177996

-72,46188678

-67,27075421

-22,75367318

49,99414195

125,2953478

168,130147

163,4947715

127,8788959

80,72019938

33,34569509

-0,238814536

-6,218228481

1,812871868

1,589749729

4,099387146

42,6153673

119,9793953

177,8956914

181,3872014

149,3198056

78,33552063

-25,29526525

-117,9054597

-175,1087993

-147,479015

-25,44036102

37,10677441

-2,386458153

-12,84137449

-7,030390749

-42,93738242

-61,58460557

-48,41254916

-48,29928082

-92,34262895

-143,7511958

-93,99621942

-21,06436921

-44,73942052

-104,1765544

-168,8836172

-176,5070665

-93,90030243

-16,57670827

49,59687263

116,3406121

118,3087183

37,22439652

-87,53320389

-75,39518729

52,76175577

-71,18376209

-198,1541536

48,67747643

204,6030205

37,92781818

-58,2316465

6,097619057

18,90633014

53,95317845

184,3093963

148,7026139

-90,01241076

-125,3525494

173,8090172

229,191519

-119,8178624

-173,6289412

82,03282416

136,5162088

94,11961942

100,128975

54,82039746

-14,42014819

-4,415152445

95,59090315

129,8105654

45,00045838

-21,35382103

-53,89880552

-76,54497739

-39,06519036

18,48238283

32,91642247

27,99626897

24,75260249

10,87532065

-9,834020501

-20,60938153

-18,78063027

-17,44404153

-19,68576868

-19,32504555

-20,22327989

-22,99441149

-21,22246231

-16,62532533

-13,60565297

-13,62005158

-16,75350474

-18,47624723

-14,23250248

-4,717887685

7,500645971

18,96489903

26,64193805

29,77319382

29,32568026

27,4292491

22,04433635

11,91554834

1,48344459

-13,70541539

-35,17013933

-47,06646547

-46,2328556

-40,38991955

-24,51913031

-1,559508794

12,01245352

8,182321178

-10,03921794

-34,82295196

-54,74940191

-60,54698755

-50,75818365

-29,2940015

-5,487164727

12,72177809

27,81225051

41,86306421

50,49786309

52,43713436

49,18391984

41,94449345

38,59500807

44,76871725

53,4063933

59,03812518

61,71686056

60,94307282

57,70431315

53,16913302

48,69735334

34,74832103

5,808884701

-8,447052856

0,469634443

2,964741306

15,3961134

58,89261058

82,47798867

65,45764042

51,64415889

42,69577248

17,94346118

-7,90252972

-18,23766759

-12,64539691

6,657135333

34,20769992

58,48179545

76,71915915

92,83535312

80,06006991

40,17742005

41,04369936

80,13480189

97,88279005

66,65929625

28,78319455

66,77294166

151,8707636

229,6311394

202,2150444

51,9840324

29,43776263

156,004915

241,6860916

198,970385

31,07253977

-51,30346515

5,306961484

16,8264458

55,09722364

217,4408829

299,4197933

121,570368

-67,60127519

47,83928751

126,6423706

-25,31308087

-41,49759534

27,5012079

39,0911241

69,92792639

-5,665182972

-171,507874

-227,3089289

-207,4220742

-202,3787057

-182,4159118

-130,2991567

-47,42514519

58,74766269

148,606105

185,3646338

167,7783663

110,2619667

31,6222381

-42,80619711

-94,19489529

-114,9448789

-106,9376971

-81,21854653

-44,96897013

-1,727884961

36,88422687

62,74601578

76,47833744

75,48290086

58,91450483

33,2714368

4,524074353

-21,87479021

-42,58521894

-61,03625368

-65,8187039

-22,94498479

73,47450669

169,1852269

202,8234215

168,2478213

102,8916236

42,76778856

0,641491703

-28,72578145

-48,3947286

-55,0978967

-47,67518863

-25,35392995

7,614245682

36,17221175

50,05409737

53,24341409

48,86734524

34,20863697

11,85251462

-3,698562579

-2,104695367

2,723150909

0,121890982

-1,100461667

0,430513162

22,63705731

75,30130921

101,1575753

89,68412269

89,63804018

68,64619817

7,793143155

-16,79596373

2,543672814

5,177276518

11,39920537

41,43606066

40,25826189

13,83291733

10,93505212

-21,82453341

-114,3529746

-155,282069

-122,9274374

-115,5638745

-130,6061833

-130,1082879

-127,4391689

-126,2299944

-124,5142989

-111,9831139

-83,49626079

-74,40238093

-95,19719911

-107,1664094

-93,26454151

-76,57394737

-79,86262683

-96,01886994

-104,7787538

-74,21854853

-8,255996521

17,73528714

-2,57695487

-5,528201849

-36,63144686

-31,94887309

171,1200121

325,9852186

165,2040861

-61,99013811

-64,23427223

28,54248366

14,10717933

-16,56587353

66,16569939

224,6407301

278,5520157

158,2806289

-19,27934876

-120,1924133

-50,9047535

37,93174777

6,341724471

-16,79402336

9,741183044

69,74667821

197,5222369

279,7278859

254,48422

215,1439515

155,1902244

56,63417507

-13,70866898

-53,66481859

-95,71369296

-108,0671549

-80,02398406

-93,99689898

-165,7051904

-172,8788915

-65,86543383

43,8340987

66,15093904

31,6078919

-8,227355155

-39,54919856

-60,29053348

-71,14223788

-73,76624016

-67,25751672

-52,88441856

-36,39906567

-25,49935692

-21,00645317

-15,69036783

-6,207711379

3,159067184

7,972221853

10,14354035

15,89638818

27,79935573

41,59210128

50,83186144

51,65761061

44,01783381

30,40590899

14,79258003

1,910939759

-6,980299014

-11,84815663

-11,42537807

-9,164675774

-8,837146826

-10,10939522

-11,25364081

-10,94331241

-10,25260708

-8,716450941

-5,678015855

-2,496970855

0,018524091

0,533001675

-0,174910829

-0,12489044

-8,544171974

-27,78144115

-31,84624812

-16,88567373

-6,199799864

-0,688355308

1,991027309

-0,153179701

-0,7126155

0,363870424

12,34041837

40,4110726

49,67601432

31,18657505

20,48215552

16,38879095

2,794667644

-4,258993049

0,357065125

1,432943583

15,55298637

52,55664763

62,08454092

37,54368111

33,24491995

52,13105442

68,58501577

78,90163652

81,75750083

73,86292652

60,7944947

53,8029169

53,04766317

49,60008225

44,77527446

48,0024411

50,20932037

37,24918581

22,61848257

20,04651174

31,30738827

46,98576724

41,38697445

22,52952158

18,53407511

-5,799238242

-70,81980171

-89,61521363

-68,90821562

-119,0358381

-167,0052516

-107,3514856

-45,04833115

-70,14998206

-135,0601412

-98,95180436

115,3847097

277,9840635

256,0717639

232,8987109

255,1862926

253,3286928

236,7157871

130,1567215

5,782210811

142,6408999

324,6924587

265,3827842

169,8764447

149,2706041

204,7835179

277,308297

258,443931

190,3694001

143,0355556

135,0362802

32,69195611

-148,2639363

-207,6201563

-204,5784306

-217,7064447

-174,4371902

-76,82782754

15,72737052

72,92065438

84,34478203

53,05016691

4,422138084

-33,31104452

-50,51277124

-49,83915089

-34,95206013

-13,31752007

4,926220524

15,97890411

20,12491781

15,20839475

6,703741202

9,954384526

25,45141458

31,84970067

15,142795

-10,9077271

-22,11266036

-6,5115962

15,24231988

9,402178412

-5,573952672

-1,606306205

2,748929422

10,1717393

20,0980168

-17,37545026

-82,90147775

-107,5568312

-76,26134167

-11,72625101

18,17493614

-1,252026082

-6,283076956

14,39095457

42,08490569

59,30192807

52,28045369

36,81195359

20,52613108

1,843909324

-4,598661511

0,721232256

1,419524381

7,585572686

33,63651803

61,01329984

72,32004926

68,14142172

90,0410186

176,359696

230,9467899

176,9950807

90,18277585

76,21930891

168,9759793

235,9305053

178,0107584

87,91010179

57,84581067

84,48005076

64,21886764

-37,76692524

-115,3051857

-71,70328124

69,27133943

94,04170734

-41,27378355

-125,0035641

-96,28950537

-18,38968055

22,87737571

-0,028386218

-8,59770691

-21,5894113

-87,94967657

-121,1946549

-75,28434257

-28,38211996

-13,17532509

-2,486722502

3,280352057

-0,102950405

-1,184187262

-19,81405933

-79,30905943

-127,4994836

-114,9221025

-72,53255899

-31,04243423

0,352095456

6,070968355

-1,905315001

-1,480652795

3,227717292

14,7244325

35,21223696

21,67250763

-67,81218237

-128,9911963

-42,94879573

38,27143237

3,285271977

-15,62088812

-22,47527991

-124,0894457

-116,5373967

170,7394976

347,1071429

247,4787515

87,90662036

-96,20019138

-42,49035917

236,3147574

300,1468148

227,8124185

222,1232915

157,3472976

6,310719795

-71,44570124

-21,00197074

22,09722326

0,125142045

-8,210206729

-8,083333237

-24,85988428

4,814224997

81,46616959

129,2860036

122,6697472

75,53173927

12,13531387

-38,71853952

-69,46951961

-88,48483538

-102,2526134

-107,5504029

-96,10931312

-70,70910782

-42,41934316

-16,17871575

6,037200098

23,2255883

32,94654275

30,14486235

17,26585521

0,30125475

-17,26662789

-28,79872048

-31,19699729

-28,50709929

-22,38914823

-14,82401435

-9,234640176

-4,151043548

3,115244784

10,45172261

14,31514628

15,7890645

12,37624855

2,049889107

-3,109297684

0,233447359

1,061303126

-0,387074436

-4,002838456

-16,65834192

-27,59121452

-21,35668051

-6,312335049

1,436466616

0,706914201

-0,65857552

0,001120123

-3,69868724

-12,37478813

-13,05858619

-4,001537761

4,758772362

14,1949843

27,86917482

41,9884458

50,00883347

48,52149321

41,05651451

33,91956821

30,01636944

31,1543482

37,50872099

44,22419885

48,74706386

50,57111015

50,48633069

53,17092288

54,90622881

50,82073657

51,98235632

63,35760244

73,72992939

58,50221418

10,69311872

-14,53067069

0,583960004

5,189770295

17,5893229

64,09700081

79,24478473

50,15315034

35,32218288

35,13860282

32,18638981

32,98778327

32,73987632

26,69539965

19,88054385

19,75633795

29,94645968

30,41614843

-21,29205999

-107,4463424

-122,3217745

-63,93564595

-42,57087496

-41,4532383

-7,776054378

9,054904789

-1,38334999

-2,582945521

1,564693821

-7,315851494

45,12880973

210,8487074

301,2087782

247,9385604

231,246009

258,2632918

252,7074893

136,8554926

-12,65218396

58,67097981

111,8084964

-24,41251705

-36,37049559

24,99689812

2,285738654

-9,815230471

3,294397543

2,109596557

-2,054708489

0,959548765

-37,33150574

-32,24656162

171,5884352

325,7190645

137,928578

-149,7958841

-145,2241585

57,25819228

133,6908869

128,1936275

157,7093909

159,4005391

110,5485888

35,44378505

-49,24231187

-120,6595647

-155,789725

-149,3564215

-116,9020788

-75,31052865

-29,16485966

20,95291466

72,23679302

117,7265849

150,1131653

164,8875587

154,5393616

138,9757862

173,5955709

238,7499737

234,0074696

133,2261967

-2,9590359

-117,1964066

-70,45644417

162,3795719

216,4916978

-3,404071012

-148,0273716

-112,7048152

0,352791787

70,98996887

55,86007489

51,67084431

57,47207841

32,12628675

29,11736107

57,04850349

66,85739886

46,41215147

19,99876151

33,61804479

78,71397239

96,40442754

67,46758601

10,52791324

-15,9493088

0,96781128

5,575859573

19,05837256

76,79750174

112,1907341

92,95708677

66,30042586

41,42222292

5,403317381

-33,61802925

-63,56312498

-73,68264586

-73,12338792

-82,41096146

-96,46077979

-109,433411

-125,6377252

-99,18546316

-15,02434624

24,55787292

-2,254857319

-8,210768545

-18,65919786

-90,51400848

-165,2680568

-197,9271353

-207,1932488

-171,6744711

-110,1405783

-127,6342363

-202,7583316

-219,173023

-132,4248678

24,82132817

113,8374636

87,18814818

45,15863674

11,18462689

-9,25392156

-0,771399056

3,718803474

-1,300307727

-52,64847209

-137,8545206

-51,85777158

186,8332245

287,8557011

131,8384826

-119,9777852

-92,10954571

192,1418986

300,7625856

153,3981177

25,90839438

155,5478892

316,8926524

181,2338084

-67,01159094

-49,68465385

216,8060297

325,8245974

154,4957171

-42,14755766

-84,62104921

-50,34565596

-70,75393278

-84,45463067

-41,88626463

-0,178747469

7,725540751

-2,026020884

-2,078968686

13,13372811

37,80159818

29,59976801

-36,0573215

-93,08376313

-72,50981828

-6,177901857

16,81687498

-3,019520361

-5,002351747

1,724681711

-1,746061633

4,243267532

17,66035701

22,31728102

14,71087217

0,724183936

1,63930207

17,39046718

23,43232328

11,04829178

-16,3402893

-33,91365074

-25,30025606

-11,77798998

-4,442651425

0,425955413

0,90324182

-0,450941261

-0,144654244

0,30517861

-2,04797156

-9,011719759

-14,22352426

-11,63838832

-6,069173669

-1,126858782

1,293833067

0,070119267

-0,522758678

-2,931049105

-10,07993593

-10,42398522

-1,931011181

1,370503338

-0,320873892

0,043219889

0,297859621

-0,17210192

-0,028722288

-15,34237791

-49,43506051

-55,10027526

-22,79439684

2,451818237

-6,514902132

-45,60800898

-57,70090542

-23,40437098

3,685379727

15,31684724

24,32099282

19,13347426

8,462468305

8,78019139

16,91999053

23,0750477

18,69365835

9,151618849

8,638037691

28,93427285

67,38424874

83,05481962

64,21310446

50,8355699

37,9900858

6,112830943

-9,526082272

0,781790963

3,222561212

10,67778125

42,07637778

58,46395517

44,11487403

26,86643895

13,55562876

4,896465814

6,951864308

9,394782514

4,108233786

3,483159572

20,62968257

38,54356848

5,963609292

-58,46491616

-49,97689779

7,432126406

11,46202806

-6,937560523

-1,248302089

67,16371775

218,7964815

294,5790755

129,9251341

-94,49807772

11,34672185

288,6978358

302,7293239

216,1269238

244,5849375

199,7353611

26,01572526

-48,87228111

5,993416357

15,68943897

55,32910351

217,7558024

190,8381604

-40,58035719

47,97498373

248,5753522

71,58661398

-84,70912348

4,709126865

28,98078379

-68,19787548

-71,71489855

162,4243059

335,2140239

255,3277991

113,6760739

-48,46629212

-55,39294602

138,9436523

222,4549473

104,205737

-70,19005421

-48,44950808

144,6315738

217,4659841

141,8367624

22,80315042

-32,50980539

1,162885852

11,75719568

6,845220178

47,43002202

89,37387835

101,0805154

104,3373882

77,95786373

10,97559031

-19,08942033

2,001012872

6,278709138

6,909010051

38,62885223

66,94057323

71,21783469

64,75773524

39,14790751

1,700692529

-8,686508621

2,092955705

2,359973695

-14,82252287

-43,85276973

-54,36004982

-35,65528246

-16,18797247

-3,754459878

2,301201417

0,298218508

-0,931395047

0,282302981

-2,609540467

-12,27561587

-18,01319446

-7,809292954

20,14141387

40,5214278

16,45824588

-12,07568617

-2,252543938

5,467073916

-0,312549579

-13,11287831

-55,0498522

-91,78705401

-71,58332328

-20,00178038

6,79318928

2,041285987

-2,917547291

0,440700754

0,861274567

-0,518794604

-0,088615423

0,22148588

-0,061267085

-53,06195073

-158,4567084

-143,5772396

-14,38604708

26,96844937

-2,325950736

-3,332103191

3,119022267

-0,264043481

-0,975558398

0,498909628

0,13835196

-0,235374736

0,049425538

0,062958759

-36,17771781

-112,3925896

-108,6565766

-5,699656672

62,95681418

53,87585977

9,485461781

-12,92619258

0,427615237

4,671258488

-2,14909335

-0,753806114

1,078608235

-0,183682711

-0,306476679

64,35395744

219,633074

295,2145376

246,6112242

234,0459587

257,5443597

182,5752357

-29,27056497

-90,75471189

177,1986657

279,7394853

25,54118802

-78,54744135

18,819264

20,82915334

21,80797543

113,4142558

114,0434473

3,266133654

-61,6824043

-51,69686785

-10,51261835

12,57337656

0,086614577

-4,761453475

1,488599852

4,362762725

16,14135354

27,51704314

24,10042898

13,22745494

1,700463553

-2,956342169

0,244617843

1,010012108

-9,479701117

-31,41316013

-40,69995064

-25,71502691

-8,648944409

3,524852336

16,03341714

22,53280514

22,04827504

17,07709328

5,256349501

-11,29603584

-27,82267129

-41,46924946

-49,86213735

-48,4435871

-36,02950035

-21,1125145

-10,97219373

-6,703981284

-7,551422535

-12,05022122

-17,85900161

-21,64412373

-21,66020568

-14,73679516

-1,908790575

3,471950271

-0,369406411

-1,143727673

0,620555597

0,144996242

-0,281051313

0,066141105

0,07220159

-0,053752733

-0,003149001

0,020425188

-0,007435908

-0,004145492

0,004379434

-0,000360851

-0,001405511

0,00071697

0,000199277

-0,000338313

7,09E-05

9,06E-05

-6,31E-05

-5,75E-06

-7,16635778

-22,33930217

-20,6863925

4,968239042

30,77035972

48,1803193

58,08142428

57,06403405

49,80370864

42,36214036

35,32692715

28,88689014

24,58637121

25,18275801

33,89123627

52,03196247

76,14366858

96,72321266

105,8131019

104,077139

95,75074141

81,66196575

62,7374102

47,10650271

42,26266035

44,86459474

49,39452974

52,94094735

51,57501967

44,82817008

28,43900718

3,43579972

-6,599409463

0,759233245

2,151859214

1,727847004

11,3265209

21,70283338

28,19311365

40,45842615

42,61944832

11,48992895

-11,56579044

-0,56941744

4,56014019

55,1372589

152,4385619

169,8581849

194,6453314

272,0753448

200,4214406

15,2417896

-44,48818205

7,968418865

13,30677409

55,62267092

218,4722927

298,8009427

227,4591862

169,2929201

188,0933688

241,9170481

264,599848

229,8550158

181,015654

182,2433891

240,2223581

159,8035929

-70,73202493

-42,20081228

153,3870101

71,36985629

-59,72431358

-4,262851716

23,63370704

-28,96774384

-93,45205594

-157,6904325

-179,3294763

-154,9878193

-97,18440304

-12,20230621

22,71985661

-2,496833912

-7,454711432

24,74918462

74,86193321

104,5905644

90,24065318

61,42535394

29,01911824

-0,727004645

-5,798925787

2,020319946

1,3206296

3,151783522

12,36603066

5,873189112

-15,62646557

-20,08623237

-4,341984714

3,874435392

-0,152445122

-1,301747426

0,59760074

22,57626606

80,17572243

116,570083

99,79296625

69,3182441

33,03187957

-1,917667017

-6,603609849

2,76111479

1,299449112

-4,034308615

1,638953676

30,15747409

61,37936033

61,79316539

33,56825136

1,797924115

-7,051462881

1,422249242

2,052017659

27,77599758

101,5583641

141,8513631

121,6990751

102,872175

96,02009338

105,44414

125,7885571

125,4902538

107,2400782

55,90181809

-4,010866614

28,73071995

112,4172522

123,1707739

60,94188874

-0,789734442

28,25316392

111,050543

123,9797799

28,19442599

-112,6197935

-112,2938187

13,44571228

37,52980058

-53,64211228

-129,2359766

-90,21525448

12,31673205

29,80448646

-38,40999824

-101,9070445

-107,8679789

-97,63435765

-131,9810653

-124,0507462

-21,40366863

32,13643947

-2,538950765

-10,88418129

25,1442372

56,38501851

26,61824668

-69,19143957

-171,3742776

-181,6604057

-45,27293694

48,6683411

1,229178522

-18,68846637

71,6896898

223,072337

291,1699939

247,0822806

174,5563646

45,56289203

-39,38522272

-2,879834038

15,70946886

-5,63618615

-3,449629533

21,29032363

79,00169074

136,6121989

128,7377417

67,0371587

4,720791961

-13,66944141

2,12537985

4,27297043

2,265824569

13,24340886

8,085186398

-20,17356607

-48,17571062

-43,3085308

2,884380381

19,66698617

-19,92403594

-52,621618

-46,35870698

-9,967027256

11,696086

0,062375278

-4,408147044

1,859794709

0,782238902

-0,987810819

0,135564895

0,29435437

-3,311674594

-9,353921329

-9,632793373

-6,049888001

-7,138894468

-10,19726956

-10,50487285

-7,880285509

-6,188410145

-7,733323602

-6,754182652

-1,100073903

1,684604607

-0,128183304

-0,574620687

0,726079628

3,676315478

10,82924933

17,5631872

17,1124755

7,54153398

-4,00763544

-2,060276781

8,339507702

7,66734435

0,193606551

-1,274854617

0,465647832

0,258026854

-0,273576989

1,569447023

7,374707283

13,72590786

10,81420405

-4,890526112

-13,83687604

2,05719483

18,47861963

11,18093751

-6,807490542

-11,64324332

8,837356445

31,04993278

34,00513897

36,2727554

33,37437979

7,421155799

-8,861246167

0,106037634

3,258559086

2,911022894

12,85975517

15,78528755

12,61118443

23,94778921

45,52439887

62,11092863

71,51405239

74,82117363

70,68398974

65,08702258

62,32411146

56,1962397

46,04615172

36,0806221

38,34418249

57,35450726

62,76240619

45,85755701

33,69973761

30,03527919

25,86746605

19,92629047

9,875824452

-6,8682889

-17,28038168

-6,090088872

5,259277635

0,505690164

-2,167344874

-17,18601466

-54,14212966

-45,10674939

-3,730036476

-17,62497294

-47,33143842

-51,63668373

-35,92179989

-8,391622137

-18,94925921

-80,78907671

-123,1130971

19,33173796

261,0725943

301,4353177

110,3171202

-105,4363157

-22,40063073

266,9476205

314,6510332

142,1925641

-77,71423883

-134,305214

157,0830629

356,851047

170,4860935

-105,6529182

-132,4855043

166,2239783

352,3798807

247,2355753

204,7322192

201,7643502

53,12584875

-118,6573304

-79,78982005

182,1775022

268,0777187

42,7709986

-139,3804431

-105,5597307

71,11703733

179,3818667

107,375408

19,19177618

21,38242168

93,83463167

148,7237602

108,34403

30,28490275

-5,173311396

12,31788624

40,4676285

47,2615249

49,65629568

41,41259726

7,41386686

-10,64870669

0,688377234

3,676747115

10,56133184

44,10367278

64,99133252

54,21543494

44,77604322

34,094285

5,686052669

-8,610669899

0,652710212

2,934989207

-6,11466476

-17,18406281

-23,63789317

-19,46789278

-8,591603981

1,07626869

2,359878889

-0,86989017

-0,553821446

0,55374193

-0,037075156

-0,180981275

0,088933406

0,02708682

-0,042957824

1,086459088

-2,909833839

-17,7035664

-11,68386275

42,12940101

71,13870505

18,64502437

-20,57825677

0,009461435

7,62451732

26,85566324

99,04055866

119,1260241

45,74145598

-24,15334054

-38,30205289

-10,24200637

10,38420411

0,48206194

-4,081591835

15,70487896

38,00687376

10,31915824

-60,19714762

-106,1743757

-90,51179461

-18,76328929

22,71859426

-0,104416955

-8,465813793

-25,13128228

-87,16790083

-94,35967596

-35,75553378

-17,61766382

-31,1078385

-11,92831177

9,495934786

1,301054378

-4,084752631

-15,44769087

-87,90835249

-73,43971562

175,3422607

335,5376441

143,6011629

-94,61523292

-6,968413106

242,7337164

291,339032

125,2549833

-69,1844658

-11,42360195

235,611903

295,8974904

167,9044112

21,64991877

-35,81503316

2,089678854

12,68123922

50,26374711

199,0265501

289,187424

251,8638132

219,3190625

153,8174493

14,97492231

-37,10624049

6,443500131

11,08843553

-71,21331684

-205,4764431

-215,1760589

-66,38596063

41,53872683

49,75560027

12,98832159

-12,6239478

-0,992354371

5,166238232

-11,84585468

-39,21661502

-60,80585593

-63,29349023

-53,25306398

-30,8354039

-1,932109371

6,804850037

-1,377148471

-1,966479289

9,163781034

24,95316813

26,62949458

12,11666536

3,422562328

1,689751577

-0,335320028

-0,413889936

0,285219345

0,028810841

-1,213287291

0,472212121

12,43764689

27,68061802

34,61189637

27,19505324

5,117453526

-6,778043288

0,223079301

2,44202197

-9,592036776

-30,94749889

-42,71713467

-32,49906629

-15,79870836

-4,356574129

0,870088522

0,589937777

-0,462264978

-0,030973615

-5,157898995

-20,611456

-33,7785912

-33,75497492

-25,48272576

-15,40346389

-6,090461514

0,258597724

1,510862856

0,688707008

0,046364882

-6,03975858

-18,49643983

-32,34434249

-47,25298917

-44,00516532

-9,044921913

11,52522098

-0,36042449

-4,143933214

20,14637616

31,76109972

-19,19637936

-51,5620578

-9,650501122

12,86130164

-1,840567502

-3,250534377

1,928611964

0,361379183

14,3385285

53,62706068

76,8600715

72,92549867

77,6280095

66,37183457

12,092555

-17,02095585

0,988151533

5,928040194

-2,880461775

-0,893281512

1,396847479

-0,267380361

-0,384540115

14,47518643

45,6027752

48,28872352

12,34361507

-14,57475784

-24,86068015

-31,52197447

-21,93855667

2,460888952

23,83243018

30,56545821

0,970329827

-65,59370163

-96,8271177

-55,27557427

-6,223832171

-5,643553033

-58,1333108

-96,27277211

-58,36991791

-9,801756037

-0,375476856

-0,066410009

0,748517601

-0,382925502

35,13724447

149,6815685

261,1245753

268,5066775

195,8904685

76,59292769

-16,81159579

-13,30269654

10,45779874

0,520686264

45,89039109

186,421171

279,205071

256,5930524

236,906367

252,584299

212,0492969

50,62692079

-34,36323586

167,1935785

331,2339347

212,4413669

21,15380191

-21,94328444

172,4335866

260,4695758

34,80051617

-75,49624173

14,23736589

21,66577954

-14,26127272

-1,707685018

5,781241611

-1,814017275

-1,295190606

-11,93016209

-34,88701388

-17,82183984

32,96388732

65,03157159

88,66028627

115,3300103

116,409611

87,06132342

61,35045533

70,45659091

102,7890391

116,2388785

90,13614406

44,29978424

35,03520073

89,48868753

127,0244984

91,51428964

39,70380105

0,820684085

-33,86868161

-40,78545045

-31,78622038

-43,12285849

-42,10027904

-6,317749282

11,03003887

-1,332111237

-3,527707127

15,10842293

38,53527131

31,50630914

1,668051824

-2,033599517

9,70099134

4,467002155

-3,466572745

-0,429216389

1,458436704

21,19616963

67,80925165

74,65376687

38,4658251

34,50481581

59,45926554

75,45808877

80,25008362

68,64884774

40,58265393

14,58448533

0,529106143

-2,508318234

0,403666596

0,795176214

-62,69602262

-201,4617319

-227,339669

-99,21979922

-7,077191527

19,98089626

39,67078927

31,41633249

-14,79499297

-75,75782711

-77,82697802

12,94352602

57,93449995

-13,32282735

-86,28796929

-98,5585788

-66,36354386

-37,9625871

-47,26148141

-59,94488008

-44,16491752

-7,332714885

10,4994143

-0,481480446

-3,737775362

-8,734963035

-55,71503211

-143,5645106

-217,0650567

-200,240056

-100,7846655

-49,07049916

-126,6382671

-224,4560044

-203,4870406

-22,0810221

226,2862298

266,8022295

71,6382695

-93,25635221

-134,8345582

-52,61678454

36,99382364

8,429557099

-17,50721809

7,331556524

53,36180907

166,1204658

266,9715463

259,8455346

164,5988916

24,42625306

-38,18463913

2,472581212

13,30338162

-14,88554632

-32,98388562

-50,01721772

-68,42509895

-78,83585897

-57,44255228

-7,150748479

13,69456797

-1,655109553

-4,418227721

-4,988771153

-24,57394502

-32,81907823

-20,44105909

-11,38206189

-14,66813004

-25,79035291

-29,98856932

-21,01695729

-12,17502171

0,868457888

25,88537756

37,10004064

24,74258742

14,58189792

17,5459488

27,85528778

33,04596693

25,31298379

15,85169731

9,271602347

1,197077431

-2,216645401

0,252660208

0,721714459

-0,500309482

1,028656988

6,95077171

14,56039361

16,28505957

0,942015119

-24,61540983

-26,3673327

-7,169441511

-2,060234028

-13,31993617

-25,64147964

-22,87446832

-7,949972982

-3,025159699

-3,529291796

1,537951815

0,937764064

-7,89699418

-14,1551981

-10,73815734

0,370334042

2,487674374

-7,893339958

-14,7453059

-14,05579029

-11,22433502

-11,1702293

-16,83905297

-27,6642514

-28,03450031

-6,301704841

7,522584344

-0,106098154

-2,756915927

18,66404992

62,46474002

85,3853145

69,09440907

54,15285961

37,84664445

4,409907604

-9,296592943

1,375666783

2,878826273

4,840088703

24,44860588

41,68515648

46,74912129

52,56226302

44,47149558

8,634297737

-11,33490258

0,397507848

4,065370364

10,3944296

40,59081366

52,39966158

33,83700075

25,03417343

21,64392801

3,833209286

-5,727876843

0,471071269

1,928223752

-7,773426432

-25,11818226

-32,50898995

-12,99482507

19,00273993

29,45522057

7,43123184

-8,207808533

-0,054765159

3,07520219

-1,289955153

-0,549382939

0,688087088

-0,092848233

-0,205701718

64,28141867

219,6351677

226,0932442

72,01848079

135,4146957

237,5942816

51,28843229

-73,28313118

7,293295153

23,81249309

51,46417867

216,4795744

301,1137758

245,2617091

232,5142646

194,5053185

32,48576342

-49,72153955

4,049101396

16,8057373

55,55066847

217,2586848

264,2772283

84,68022982

-103,3807438

-136,9032303

-33,31660635

36,38676291

0,755872485

-13,9081527

17,7827511

58,22544515

100,3831951

98,8377756

48,6968384

2,708291785

-18,36043655

-26,43779213

-30,23852265

-35,09496341

-41,76743935

-43,76464611

-34,42560635

-15,13324197

6,629525489

27,25573875

48,88801808

75,48803478

103,8213024

120,0480434

89,74926793

13,1127505

-21,7686605

1,982328912

7,299246867

-3,824026325

-0,98294447

1,769392733

-0,391489828

-0,464986088

-19,12468836

-72,96884769

-110,2619231

-92,53358442

-58,77281405

-34,11332256

-1,781522895

45,33890407

90,27854152

112,2090289

107,0252028

84,46538778

55,79028665

28,80787549

7,412844976

-3,752047923

-2,370913279

1,520421712

0,333601417

-0,700386578

35,19838985

115,855343

140,8431793

92,0697544

70,67972825

58,63522668

8,76732706

-15,17341323

1,759762786

4,890566505

-0,213800129

11,54358673

24,16132087

20,30944566

-2,97625749

-25,31290637

-12,83441773

8,199043687

2,105617573

-3,951155981

-0,188195614

9,65609511

33,32172132

34,83982214

-5,83593062

-32,96068758

-11,20125082

9,939339186

0,842748782

-4,048153824

-27,03209153

-84,04148846

-82,60560325

-28,63529744

-26,25578417

-64,48544536

-106,0469797

-141,8316246

-121,9963176

-48,49273504

8,16780036

23,42426879

7,819333605

-41,2766097

-109,8420156

-169,1311622

-180,1813443

-105,5260704

33,35931464

175,9332633

195,7109834

41,98071303

-52,52558908

1,594990039

18,87052218

-33,66538774

0,375574276

194,3989167

313,6008479

250,258829

225,6216005

197,4276878

83,35226359

123,5491141

274,886005

214,1802695

10,1088158

-47,48870997

11,090883

13,05891731

-42,16183796

-119,3498978

-170,393657

-150,8511115

-110,6922486

-65,45409081

-6,111036501

15,02683246

-2,411656177

-4,601983171

5,632691085

7,730462606

2,422048525

-5,893178213

-11,82128713

-11,28133951

-2,659697078

2,976047578

0,039038754

-1,12805948

-18,12702314

-62,10261037

-76,00907451

-42,69778997

-17,11813452

-7,60993951

1,020811388

1,714221424

-0,991664533

-0,2080763

1,594455538

4,286327402

8,169253682

13,0295615

19,53120598

18,43156803

3,854212657

-4,804450499

0,110020202

1,745965356

5,641668484

18,87792852

17,29384347

-1,023085567

-9,479716798

-5,182513246

-0,138409003

0,990256922

-0,221476126

-0,282040505

-7,522598751

-26,14408175

-33,66819707

-24,03662737

-17,40635501

-11,6491925

-0,771649906

2,792887727

-0,630878696

-0,770393365

-0,62841582

0,180238575

12,66323011

32,60377747

46,25540381

38,30201474

6,737212854

-9,630846467

0,561348161

3,358846935

7,742052648

32,22364673

47,53065966

44,66196682

48,45277284

42,67873915

8,240615247

-11,02965772

0,488285558

3,906384702

12,39678008

46,15954223

58,4169854

38,20662848

24,83516354

15,29598155

0,343515588

-3,494613496

1,011220612

0,870926218

-3,135685373

-7,480079934

-8,029857428

-1,291193964

6,591904291

-10,43742944

-57,86949796

-66,01602213

-4,887140673

51,78864374

54,07258157

13,68588275

-13,52117181

-1,011696698

5,516570105

62,16579187

119,1374294

14,01841218

28,15099617

259,8319343

308,8920826

223,7987589

239,182142

263,431541

247,7358124

233,1960121

221,834242

235,4149223

258,2040549

252,4685719

117,1976707

-105,6092566

-26,2626884

255,1139104

291,201219

159,4947906

27,38720986

-35,31537396

-0,14522137

13,43757078

58,45495456

217,2468317

171,5088081

-167,4074029

-256,7246059

-35,40419826

40,61223223

-12,50623099

-7,917451712

7,558883798

17,2629784

46,83473377

34,92074111

-22,75027356

-45,09511269

-28,72578419

-3,529832369

33,99487951

71,27294511

89,41433908

65,61091981

9,527421674

11,86728025

73,22761574

96,88407145

65,4505596

10,44038373

-15,28280828

0,733551997

5,434889908

-7,788553546

-21,46960756

-31,9423215

-27,90101203

-8,676976792

8,498017057

4,935507032

-11,41763387

-14,74981852

0,552141652

26,70373651

61,45323543

107,0645331

151,5716082

161,2896033

103,7218247

9,536553347

-23,45625612

3,678254807

7,233425707

26,68783722

100,0543724

115,503222

48,41224551

5,599938769

2,233211963

-0,096172076

-0,903740655

0,436516204

0,134625483

0,161482293

-0,848870649

-12,55809471

-40,89858064

-77,09422462

-76,49120392

-16,56309515

20,10165634

-0,311148237

-7,366554445

-26,46433744

-104,5880034

-149,759517

-122,2262155

-103,9249536

-108,7678971

-116,0629492

-143,3293919

-162,1462667

-121,0729304

-68,30784385

-95,24097397

-158,3842875

-164,5161995

-114,5271688

-42,73013668

6,580677605

6,927233391

-4,368735813

-0,770479937

-14,50330059

-14,70271531

106,2758441

262,5817203

279,1078984

171,2730655

25,26870123

-38,3795882

1,854042443

13,69522675

57,63546831

217,4986434

298,5058531

246,0055324

133,2882026

-48,99209095

-64,28140318

125,1820517

211,6020566

193,3023346

173,1120697

113,8588786

30,03663408

-38,09831842

-86,08080205

-86,32438117

-19,47195331

22,78435633

-0,079211985

-8,468204884

5,634358693

10,35012949

13,63075122

12,68818143

-0,546471542

-11,34896049

-4,731313219

3,640135532

0,533288007

-1,576837613

-1,532743876

-3,172818784

3,278284516

12,20272528

9,424870885

1,453654923

-1,008666382

0,099093499

0,286404878

-0,150335727

-1,339193595

-4,89553393

-7,179820549

-4,239405267

0,770324133

2,606222577

0,669413129

-0,746942484

0,002092555

0,276156649

2,257485783

9,39651035

16,40304876

17,86456907

14,82024629

7,780857238

0,087368362

-1,614494545

0,457060075

0,412220694

-4,205296766

-13,4652563

-16,22361249

-5,731881758

6,94617643

10,26303414

2,823909197

-2,805952338

-0,149159386

1,110636914

4,229300183

13,31511045

7,754330723

-17,5045763

-38,00996035

-33,08911899

-5,931624657

8,247452289

-0,396055272

-2,916115331

14,84653163

51,42856076

78,48357287

73,68091648

59,6441135

39,67981871

5,440622819

-9,544950963

0,981084124

3,153323153

9,335158337

36,26556445

45,71518238

27,59307977

17,57439661

15,01724484

3,043207218

-3,997410278

0,178452432

1,411721752

17,61149913

59,94746086

72,56004085

42,34542361

23,53342412

17,04360057

2,173512346

-4,340564566

0,629282798

1,345183647

-3,855421731

-10,27357583

-14,18500122

-16,40142335

-19,4716544

-15,13496958

-2,011203315

3,660089803

-0,412395686

-1,192501785

-17,97320798

-73,27257059

-107,3225256

-77,26449407

-67,52750147

-81,43160295

-26,52121636

24,03145146

1,898752132

-9,739120476

67,628336

187,6972757

211,0780381

206,7429112

260,4381217

199,7020298

19,87659162

-46,20695614

7,04616629

14,30316575

-8,627024652

-1,449701522

3,670365029

-1,021540462

-0,876823691

64,89067365

218,509378

242,303273

30,82577518

-174,0414901

-178,6431708

-33,52202059

44,76739

-1,645280733

-16,04538547

28,50167474

93,58748326

160,6178799

167,0983188

110,8645366

44,41749535

-0,554998188

-8,249098428

2,495222713

2,070264076

-15,98648551

-41,96011667

-33,15801873

16,70183317

60,65861394

62,17345148

14,72034102

-16,41343902

-0,234540542

6,229647789

-2,573047738

-1,129113344

1,386336236

-0,179148594

-0,41776088

0,025005605

-2,382244453

-8,626410296

-13,69524395

-9,532931121

5,596257809

27,52982065

50,20678166

66,71106549

73,18588515

71,59147537

65,47823957

56,13876918

44,73364341

31,900151

15,61044108

0,276284447

-3,200150891

0,851898885

0,842477589

9,999814147

45,4964457

86,30441711

101,771226

89,85685064

52,20285266

3,833765095

-11,49967844

2,082171608

3,432671216

9,513428916

40,18349083

59,30866317

56,43453701

50,14472963

29,72253465

0,566976011

-6,405465018

1,785054288

1,639417329

-23,87275872

-86,23155523

-137,7142823

-133,547158

-102,6826767

-72,74143975

-49,14550806

-45,48549748

-66,54378608

-103,7162555

-102,8206351

-24,13001737

27,31210221

0,200594207

-10,2772288

3,41639137

7,930074238

28,92769565

50,53069405

32,83695299

-1,307315152

-7,766394476

2,552721507

1,875828533

-1,722282571

64,2195543

220,1918807

295,0283672

246,4905584

234,1626769

193,3780671

32,37199884

-49,27321103

3,901753571

16,70809791

55,64589981

126,4698643

31,36047776

-3,479302626

167,669448

231,4762422

170,9616756

137,6941848

93,08787354

31,22951717

-11,45486868

-46,80138243

-84,57308774

-104,9825056

-106,9463866

-81,44097937

-15,74626565

20,28574421

-0,483280644

-7,390823768

5,876314561

8,900629011

5,031188506

-3,106098836

-15,40407105

-18,4959044

-4,33275571

5,07737244

-0,062096584

-1,861803099

-12,49645883

-42,78969013

-49,60336059

-23,84590552

-8,376211294

-5,462136268

0,299450925

1,089309201

-3,536823157

-6,443972975

-6,169800054

-1,781601323

1,641327745

0,151358168

-0,679361623

-1,769342291

-6,594244849

-8,738160856

-6,935054352

-8,205417918

-12,01856242

-14,97355361

-17,29401577

-17,00840296

-11,30808144

-0,808372974

9,56720711

15,27427726

15,70981085

11,6320859

5,056107327

-1,531128519

-7,250970035

-11,88146825

-12,37427565

-4,920166556

7,266035515

16,26426654

16,83243866

5,799539169

-7,323155925

-5,074521213

2,843406135

0,911311518

-1,4396763

-7,593300418

-28,3661604

-39,3118605

-21,41754908

3,598706522

11,75689948

3,072625896

-3,336276676

-0,03204066

1,252713113

8,845874594

35,71898105

60,21030983

68,92732763

77,84246546

64,98081618

11,79327096

-16,52249833

0,904966281

5,782664034

14,66775663

57,23554123

74,03705706

51,07432581

46,04702995

60,35040386

64,88063778

61,43959597

51,06975278

24,81148836

-11,55974433

-32,27124201

-20,55786592

4,39091824

18,09120819

16,46741846

3,578566072

-4,167052838

-0,031071206

1,574081097

7,444379795

30,15511531

48,67434775

50,05018986

35,04434899

25,62192426

-7,586918074

-31,59903478

146,0211328

327,6156627

163,5292332

-53,91181295

82,83852254

306,5359994

280,5593097

217,3756573

252,2109035

260,2150498

235,8241913

184,2284477

29,77423719

-56,53547384

156,1156269

337,4127553

255,8649617

132,5346418

58,27419755

146,316709

297,6794949

270,7406214

223,2053145

236,0912301

136,9175545

-88,49690524

-128,2371425

169,7883909

351,4810375

125,6514928

-174,731829

-182,4220592

2,960515756

82,44070286

84,28866992

107,3913474

96,19730484

50,96283846

9,738623447

-23,95493051

-47,88865143

-55,42307501

-39,98575141

-5,856089275

9,597773878

-0,819114115

-3,245709214

11,36391994

31,54782476

35,70369202

24,54329553

27,48084613

30,88185389

8,094656904

-8,556417042

-0,213673814

3,276620262

28,49069945

94,28810674

106,0978978

49,80538661

19,77035815

13,49709087

-11,10689444

-45,29814637

-71,22485981

-68,1358317

-27,93430861

25,29842087

63,37969323

79,82841538

81,76103205

58,59327213

8,793734453

-14,14238397

1,155834548

4,802816909

-4,318040567

2,026692924

37,51840554

91,75814368

122,0936005

85,60127319

7,86502615

-19,84144783

3,316806472

6,011491378

1,803078868

19,51391591

27,62234528

14,25998571

7,461302426

9,585199525

3,111250073

-2,957976561

-0,144441288

1,155858788

-25,73379675

-85,08384544

-108,0150349

-81,59772917

-74,5952635

-63,34382062

-10,28570017

16,33341041

-1,523849227

-5,430536949

-11,62967871

-55,47268877

-97,19446314

-107,0491014

-96,41933451

-57,54822226

-3,402877584

12,70086806

-2,656360175

-3,632130311

-12,8539668

-53,42415052

-75,84717754

-58,7369655

-27,33413537

3,053579479

9,043153158

-2,834573009

-2,349962557

2,042975271

-35,78987272

-100,3715712

-52,09259187

121,4565014

246,2578547

196,9874173

25,94171215

-47,76469123

5,539990012

15,4881747

-72,07603395

-91,54100325

148,5551232

342,5642795

159,9816498

-90,27237043

-72,21356284

36,84676095

14,27138691

-19,7140854

33,4254906

81,63495481

13,72017997

-105,7325564

-123,6598046

-68,75239739

-12,81126514

14,44716584

0,934706099

-5,911938857

2,679389463

6,441587649

14,67637605

23,80623405

21,73117933

10,4641452

-0,286871186

-2,088198644

0,737288976

0,471332123

-21,19429208

-69,60211403

-85,22468545

-45,13097699

-2,269980084

15,33128782

7,175805262

-4,89834561

-1,062247269

2,275252904

-7,946081865

-25,98416803

-31,82056907

-17,88433076

-3,208687639

-5,313739883

-24,23572991

-32,96493757

-18,10941702

-2,69451115

10,87115798

27,0356939

19,44595234

-9,160410138

-27,12725717

-15,89072052

20,12679217

26,43176046

-8,772196614

-29,90892106

-15,24389143

27,52824612

58,63165603

54,35784077

48,21729269

37,19451967

5,477204205

-9,354430423

0,99559386

3,062529018

7,192973386

30,68880414

43,48613947

35,85312905

34,51291599

29,69596876

5,158807959

-7,712024106

0,603973482

2,613767286

15,08707134

56,65737366

79,49622261

69,02698597

65,21381371

66,86963629

63,73842422

66,32646311

70,72719414

69,38857508

59,72675681

48,82215355

49,33710007

48,63396404

30,04849944

6,382674919

-3,193502625

-0,37044944

1,201489517

-0,357512291

11,97151754

51,20943077

89,09924349

76,6752132

13,2022913

-29,87247827

-10,66923934

10,33142166

0,218169686

-3,882947543

65,72999756

220,3324944

294,4454745

246,6983662

155,1975914

1,622543581

-60,93260679

10,81470884

19,36655146

-12,31032508

62,48891406

224,6720962

293,7682444

197,3917124

118,6838406

136,7212906

68,52010035

-39,73916606

-13,65886466

20,78842348

60,15871132

213,9157999

299,0966958

247,0179381

232,4956096

193,8888882

32,7505895

-49,61335539

3,909656218

16,82569105

-56,08098626

-142,1609915

-112,8911915

18,64211432

83,66774141

58,36412658

8,896648945

-13,20887504

0,586467621

4,731942792

-10,17193998

-31,54026685

-48,52202965

-46,22876541

-28,85088709

-9,216367147

1,78943275

1,307080863

-0,990403601

-0,080348804

21,04876978

77,35457269

121,4605939

118,1886561

91,77677445

46,87358672

-0,696691804

-9,647798388

3,224102388

2,247455677

-3,094147889

0,907513598

12,25498019

21,06140588

22,02380384

17,51095583

4,54825595

-4,490583948

-0,31206684

1,818153536

4,519571768

8,867397086

-6,682316146

-20,11142435

6,244566016

53,5627148

94,03427751

124,4206723

140,9312648

136,703189

110,1284943

69,05399632

31,559

12,55575786

11,02482291

16,46196253

19,0161693

15,85801545

5,265764098

-15,18181654

-36,54485973

-52,06706741

-68,17928407

-86,56487195

-99,36264416

-76,26068254

-11,84816267

18,73832333

-1,525852348

-6,35577947

-17,31842525

-65,556981

-78,57217358

-46,51840146

-43,90611904

-71,18730914

-90,97878153

-88,91551352

-57,90045368

-20,23973134

-9,467722017

-31,91510765

-68,16871219

-95,33870896

-110,9732984

-95,58834971

-47,25851778

-46,08415009

-96,76680816

-118,6001324

-76,78443125

-4,204006502

-37,25370014

-170,9904417

-196,7147576

-74,29048425

98,8420012

245,5074553

279,0787188

242,2687025

241,9018614

226,0667768

80,90114052

-22,93692966

158,4946676

265,5966635

37,77614832

-78,5917138

14,48047383

22,66355795

48,31865675

204,2385365

247,4240217

127,1715898

54,44302559

35,92318307

1,851850415

-9,089082442

2,443124265

2,319132865

-44,37553946

-134,5034961

-139,6791602

-36,95667735

30,23992506

35,34923866

28,5491176

13,51106606

-3,115141318

-9,698687403

-7,743881289

-2,207394118

2,281471768

1,806363997

-2,696162403

-5,141991902

-1,633770605

1,49757724

0,114120944

-0,605557148

-3,409207131

-13,44483674

-21,2006489

-21,32032432

-22,1526951

-22,16519377

-16,97421913

-16,31377492

-21,59666802

-23,855704

-29,54402005

-47,10136842

-60,59271209

-51,27732166

-24,66591935

-1,245120033

3,922234191

-0,963807229

-1,027902176

0,779057252

6,340059615

20,52265698

25,54840199

16,47964442

13,12353075

12,96943505

3,217594275

-3,544371166

-0,041328273

1,337684542

20,4284274

70,1064368

89,27895739

62,27179347

45,84145105

41,88819918

33,31107304

33,9273093

40,91273479

39,55362502

31,11200127

20,98332435

8,070182943

-8,884016784

-26,97189785

-37,54571411

-34,39789287

-18,10736912

6,275245835

21,09198931

-1,880817777

-61,42567015

-90,80318554

-40,5349804

11,45139052

10,91212429

46,9414458

86,48174461

84,80721499

187,6065968

296,7054393

132,4664708

-162,304567

-125,1927159

191,7621792

244,1533918

18,61764541

-60,36298435

13,24611782

16,76600703

-21,1952409

40,59425064

213,2270184

300,7951595

247,4451415

167,4248238

38,70153273

-42,72593851

-1,086217002

16,46946664

57,51695531

216,5546032

249,6502338

22,26146699

-78,37676718

108,1670534

121,520939

-47,19562289

-30,10223827

30,44144127

12,10072791

52,40264463

119,7175923

126,7867588

100,3205288

61,22188491

6,795600344

-14,30751065

1,945955808

4,528864618

-20,48474112

-50,28024595

-30,81665606

28,24137899

53,54697025

47,8268884

45,28468509

52,89541735

79,55386418

117,2711394

140,767536

135,6888583

104,328889

62,65572784

28,79766401

44,65454891

115,6593687

129,7402758

61,84632044

19,67429781

16,40267482

14,48155473

16,41414503

17,87491993

17,51453702

15,8372084

4,373231514

-4,284362753

-0,263055676

1,712734269

-0,413048953

-3,681890356

-13,42922535

-20,32533607

-16,08528576

-3,951409945

17,88772648

38,7438898

38,47214058

18,04910573

-6,58092706

-28,32003739

-49,20317976

-60,02145007

-50,32490692

-31,91468784

-21,81454672

-25,57869645

-40,2243109

-50,24510282

-38,60266006

-8,917117797

14,90611174

8,867498521

-24,86028784

-44,54336225

-17,10626221

18,52424418

10,56748602

-26,90664472

-83,38040256

-142,6994126

-116,8471481

-18,83853448

34,48351317

28,35327106

5,242130045

-6,566838867

-0,016627853

2,484288421

-32,83364444

-10,78897566

-46,4689589

-101,771391

-49,4235931

-17,65090499

1,944031941

3,136442242

-1,636751888

-0,487554824

17,35670301

40,52972245

-3,560025813

-18,69665623

-154,0275097

-65,86125098

-24,81368085

40,72815274

-3,706320975

-13,64222702

71,30553637

221,4435025

281,4424486

156,8167102

-47,55290724

-148,75381

-49,15076582

45,30652916

2,952820202

-18,04714242

32,16442747

104,7879947

162,2231882

164,9635997

140,1858009

116,7959443

82,41045933

31,8844023

-25,42126077

-57,98644615

-65,82213766

-32,67410659

-26,25495894

-38,42934713

-22,1161887

-28,12589291

-1,217884765

5,727141561

-1,208840135

-1,649279076

-5,864206903

-25,1322672

-36,27825582

-27,3821052

-14,00004555

-0,451265681

16,59251557

29,3338452

30,12630704

20,21462922

2,405266507

-16,1210658

-23,89002263

-21,45978548

-13,55611691

-2,609187931

2,210469632

-0,063055594

-0,749059148

0,334539997

-2,39635592

-9,85334859

-18,26741712

-23,29165608

-22,19933041

-17,18699233

-12,4331952

-14,93994411

-23,2915905

-23,45761505

-16,01291947

-6,519346589

7,088379347

21,40565728

31,339846

24,17921723

0,296246982

-2,464313058

21,78242314

34,76786434

29,13803119

21,1941058

23,63615869

35,2597894

40,51440358

29,11072027

4,733441472

-6,945929127

0,374114363

2,447269302

17,65977379

59,02684034

63,90976934

25,72138731

12,49045779

17,37402122

4,404892088

-5,207051322

0,169685223

1,850334371

18,88455786

58,8046328

52,32326843

-7,441386993

-43,94385123

-34,49650075

-4,984314806

8,191185733

-0,683907258

-2,779553921

-10,10380896

-44,93658617

-60,32012266

-24,56690987

3,145679051

30,16379033

104,5435511

99,19157828

-76,8804189

-119,1065203

40,85242732

-56,14942408

-189,541823

56,44714307

253,6326915

214,3946675

220,6062765

266,4285522

254,3702999

241,6558331

251,5073663

251,8681863

248,2224068

249,6200952

202,4574829

133,5489356

193,1337542

286,1994379

259,0966889

232,1331333

189,7295436

34,62441933

-48,92024178

2,953365412

16,97986308

26,64303337

63,32820372

-57,84244137

-124,7929962

157,9922625

292,0825068

28,43356929

-84,34190021

20,24921351

22,28492316

17,71322525

117,4395092

157,543383

87,71689761

24,55853412

-4,507744559

-10,83835644

16,30737741

46,02945057

55,90857518

57,78748944

53,69715285

39,41634307

20,97049901

5,242928113

-1,284754062

11,63535296

46,48825408

87,90997206

116,0016676

127,6928093

128,9958185

113,3571643

74,18353505

26,37836262

-2,772534295

-4,022639628

2,108349605

0,635758483

-1,029796623

-4,714396238

-18,97513566

-33,48969582

-38,61210912

-36,61219565

-22,53198464

-1,288892905

5,036634131

-1,095222527

-1,419619111

17,59462573

44,03831511

18,05153001

-53,32514222

-89,25765621

-42,24359302

58,32287222

88,74916548

41,47157523

33,22144477

46,31697375

24,8524379

-7,188407838

-38,13725041

-68,38669587

-76,110217

-52,28362611

-19,39167691

-0,470808665

-0,035401357

-15,83293555

-41,14456327

-64,58490564

-78,57843201

-85,55328456

-89,34754923

-79,50338562

-56,87947302

-48,57360786

-67,64384544

-68,12040438

-15,50100373

18,21125107

-0,139158992

-6,728277958

-6,744392371

-26,60362549

-29,39695678

-26,01499233

-59,61329732

-101,9476989

-108,6351109

-82,75543429

-49,77226741

-24,47574995

-9,799952864

-12,98791489

-38,75561627

-82,29358051

-138,4867725

-138,2151811

-31,41718679

36,68513862

-0,143653436

-13,62169297

5,858312433

2,371885624

-3,073245143

0,443764202

0,906565712

10,59826224

-27,2656688

-169,3434854

-259,8289991

-109,420778

135,4440344

112,4809408

-51,73475486

-25,20473183

30,03787607

-35,73258091

-53,7182983

110,8896068

283,5150835

274,4352592

164,8811387

29,75074865

-38,00771898

0,108762722

14,29349643

58,00532398

93,32670339

-102,6390954

-231,5337687

-86,59139995

-1,809499048

0,459242026

15,01310423

-31,31368438

-77,00584779

-75,15113906

-61,00589821

-43,50421959

-28,42267663

-24,82289408

-19,3559163

-3,05845246

4,85059517

-0,420259868

-1,631144773

0,845747931

0,22345523

-0,393883995

0,085502011

0,10420003

-5,442944

-17,44554033

-19,49847796

-7,126705657

3,540874856

5,74876662

1,761873901

-1,579022632

-0,155299414

0,656467779

-0,224541913

-0,138531987

0,137717826

-0,008424223

-0,045425825

0,022021722

0,006922455

-0,01072705

0,002032524

0,00296156

-0,001962922

-0,000230495

0,000794259

-0,000250751

-0,000177288

1,172345228

3,075129679

0,604050141

-6,955187449

-13,79195568

-16,87749259

-14,89012075

-7,421779629

1,370886929

7,362315281

7,515452717

1,574459955

-1,962660855

0,045741345

0,712783427

-0,320248204

-0,118357688

0,163269662

-0,026295036

-0,047023257

-0,755025116

-3,006475692

-5,642982248

-8,90037378

-13,04763193

-10,60144059

0,437434398

4,877144457

-0,227168745

-2,746440851

-2,362803454

-1,183335005

0,605259065

0,282754624

-0,351889372

-2,586640903

-8,318325918

-9,347428957

-3,071795482

3,486893734

5,642568422

1,807800626

-1,618466665

-0,145923352

0,665106971

-0,401797733

-2,955157731

-8,81173906

-11,27617163

-3,875971776

4,120054944

2,382765774

-1,575813668

-0,327343943

0,719470857

0,94249392

2,642380991

1,278796341

-2,188019477

-2,579038988

-1,32786724

-0,32375646

0,288422868

0,04482217

-0,129299609

0,545218091

1,934642469

3,451215467

4,676410104

4,986037225

3,179988736

0,249613499

-0,705613074

0,123000142

0,212565239

-0,134857071

-0,018736867

0,055729809

-0,016674456

-0,012826106

-1,962592111

-5,374409605

-2,953273074

4,826958492

8,966547286

6,51099589

0,822421559

-1,532350057

0,171096713

0,50126139

2,3258983

8,454769828

9,834796986

3,680636783

-1,96008683

-4,534344537

-4,33912124

-0,711943326

3,711724335

6,013352591

4,661131465

0,63865973

-1,124665756

0,117415428

0,370637729

-0,20015585

-0,04740229

0,090919788

-0,021220693

-0,023430727

1,071928869

2,971587634

1,950230202

-1,594642316

-2,713651584

-1,252057203

0,018486776

0,215441771

-0,061671843

-0,056311816

0,491347729

1,854701144

3,249390488

3,506547675

3,043961678

2,357575746

1,229072902

0,520095877

1,739961378

3,664331364

4,20568178

4,343798624

4,090094813

2,62671835

1,816319512

1,533710562

0,282403942

-0,416244933

0,034815453

0,13957127

-0,887248307

-2,032209463

-0,189424182

3,780292701

5,260876081

3,382770033

0,382672799

-0,756012418

0,084553969

0,248524848

0,26723411

1,743371316

3,4067027

4,122171348

4,445591924

3,318556747

0,401338982

-0,815335276

0,114539404

0,255186799

0,173713824

1,416504294

2,920952196

3,68126433

3,647315437

2,173631525

0,028119493

-0,477797725

0,141574323

0,118223406

-0,081457162

-0,351884602

-1,382396182

-2,106884394

-1,758244813

-1,007847918

-0,153591306

0,23442778

-0,013799339

-0,082266298

-0,055938158

-0,896638294

-3,062872213

-5,134639298

-4,559570307

-1,561163095

0,441688188

0,19760907

-0,212477152

0,014435652

0,119166681

-0,705850591

-2,72697797

-3,778198224

-2,768382835

-1,372990756

-0,202810358

0,307105035

-0,014435104

-0,109782737

0,644141851

1,643303797

0,80292347

-1,506494878

-2,082345298

-0,806954073

0,117570436

0,111382459

-0,068454872

-0,014083643

0,030732503

-0,007945928

-0,00758299

0,005998544

0,000183138

-0,453048091

-1,675545488

-2,240663041

-0,595117443

2,535517275

5,235101871

6,042899738

4,71058917

2,381888658

0,577065052

-0,123019695

-0,088901457

0,053076938

0,013784993

-0,025339515

0,01366526

0,427380636

1,650326486

2,980729205

3,396642784

2,810790197

1,620612057

0,500584926

0,270770964

0,805633653

0,79212797

0,044296559

-0,201176325

0,052848796

0,051853327