0,588751785

2,395965133

3,603446482

3,415340631

3,428406629

2,773609932

0,453589044

-0,701472332

0,057453698

0,237171532

0,419359712

1,652071753

1,968875078

1,394976787

1,754532413

1,753568517

0,292061241

-0,462070055

0,044816851

0,152582822

0,428677391

1,798733102

2,645594316

2,312121644

2,12517491

1,68705113

0,2773463

-0,426784268

0,034399781

0,144541299

0,39848334

1,530035389

2,063140474

1,865612664

2,124271284

2,314450239

2,065529077

2,096798141

2,28476325

2,147684304

1,967394719

1,993250482

2,128732256

2,312433686

2,422217553

2,485434115

2,609874561

2,750219325

2,840540109

2,788847825

2,658999669

2,744791101

3,080295654

3,406600892

3,634471866

2,805409199

0,476220663

-0,696425895

0,043204756

0,24199398

0,851579215

3,255666377

4,388945742

3,417583696

3,043479282

3,303468718

3,181613666

3,018301605

2,88470915

2,680816149

1,921211121

0,32250112

-0,469206301

0,026659219

0,164360438

-0,032660913

-0,034331209

-0,455901447

-1,002467409

-0,887373355

-0,401596738

0,30774582

1,594156491

3,039947234

3,914291925

4,107307454

3,896580263

3,513193369

3,048049162

2,602163086

2,293253902

2,064450121

1,840316533

1,701359519

1,620445472

1,107205872

0,126225347

-0,262582068

0,036000163

0,082866824

0,798557724

2,869633838

3,96684281

3,521260536

3,248088543

2,755718047

1,872806118

1,786161803

2,191212411

2,222027235

2,044152916

1,891489584

1,872567672

2,114709039

2,356102447

2,378356369

2,103049228

1,496086924

1,036117932

1,006649327

0,897048239

0,594843805

0,411420519

0,182455325

-0,079080251

-0,068191998

0,015402392

-0,067804388

-0,155614758

-0,213709736

-0,226661035

-0,06232676

0,063244506

0,002541718

-0,024634072

-0,021775495

-0,159478899

-0,334488842

-0,299036157

0,020810845

0,397570504

0,421499218

0,128838892

-0,086359712

-0,290884312

-0,412530617

-0,124360137

0,121029503

0,005814695

-0,047404023

0,435613608

1,383393553

1,841066782

1,935953675

2,089542593

1,164750116

-0,172942384

-0,232698623

0,14169572

0,026092932

0,591009683

3,538641255

8,791366738

13,87734074

17,2494703

19,56385084

20,91983207

22,21516929

25,33633675

29,21000513

32,5314184

36,28067734

39,0659779

37,75583379

30,4694871

2,57751567

-44,0642285

-61,22881833

-44,04969088

-37,64181529

-31,38422463

-5,031693653

8,023117653

-0,742120313

-2,67239475

-56,43087285

-202,18099

-155,8968048

190,1797183

354,3897498

173,4444611

-3,473417226

-26,8954553

7,225745289

7,368705504

58,42023703

219,5920114

297,638224

245,9398986

233,7898599

258,2152526

252,1511279

246,0332857

250,7474393

250,9480589

129,5003031

-145,5351791

-237,0437503

-79,06433389

1,783541132

-5,959357197

5,051230056

2,649350406

-3,324360495

0,517123615

0,954516389

-0,581949276

-0,095790576

0,247016235

-0,069422421

64,1466562

219,8107989

295,5094671

125,2117202

-77,12372244

73,50376183

324,5600742

282,767411

209,384923

255,2380963

197,8690027

23,15959022

-46,99105789

6,21724967

14,92755023

20,15614221

94,21493041

125,4591813

91,35220373

87,30813321

79,08063636

14,12577508

-20,69908961

1,538263079

7,047418029

23,68695334

91,6554379

124,6404147

98,43715284

86,12866129

85,68115981

69,39975314

51,71593572

37,9278677

23,65620357

12,48632706

7,321906345

6,457970572

7,499791563

8,296454346

8,635622272

9,923010264

11,49510867

12,46202365

13,68909301

14,68571309

14,57927742

13,90233272

12,31974839

9,594657282

5,589008001

0,644356262

-1,268138548

0,14559413

0,414566107

1,301571627

5,634155634

8,64601553

7,335244438

4,074461151

0,557521895

-0,845993518

0,070849412

0,284545016

-0,146507181

-6,525639678

-22,32819175

-30,54395798

-25,86698142

-24,86451474

-21,15711875

-3,922923398

5,456972943

-0,304260325

-1,905199376

-12,32595205

-45,68666234

-63,82700032

-54,81636739

-53,42844991

-45,29495177

-8,215651504

11,65202422

-0,710784566

-4,041860777

-20,78454876

-79,12644504

-113,5173426

-103,2511522

-107,3840405

-92,91850601

-17,23127805

23,97988808

-1,343178155

-8,368996021

-41,17171134

-155,3261415

-217,0832907

-185,0084933

-177,4346564

-146,9745797

-24,94999536

37,50243658

-2,850078596

-12,76824539

-19,03474376

-83,58410082

-95,1038591

2,199041569

111,7852424

124,1124699

26,96563973

-32,75617125

0,547242816

11,98214707

58,90205939

217,7361347

298,2328397

246,3366405

233,3988426

194,0190882

32,51315167

-49,53697892

3,958386925

16,7787142

4,749281753

7,584482882

-57,14554007

-114,4875182

-54,93471324

30,21010576

25,87133388

-12,70294895

-5,280282115

6,949447564

-1,069207229

-2,016731945

1,223882475

0,204350265

-0,520640596

0,145441355

0,124140461

-0,103693558

-0,000692661

0,037147667

-43,61538137

-144,4035958

-181,1496997

-130,4961881

-108,6050363

-113,3815879

-88,62794475

-37,50961976

28,30535757

103,3896149

175,0567473

226,0629847

250,5645733

253,4006865

248,7348083

249,0759941

250,6873895

249,8759951

249,6454913

243,0930233

209,7770005

145,2592444

80,49050473

35,0520367

-10,02249527

-51,68129226

-59,4318291

-45,76734111

-32,90229088

-14,06754505

-11,62181273

-38,51448786

-54,46386098

-46,53430686

-36,12147818

-32,16314377

-38,66508908

-49,11688859

-48,40085419

-37,29083669

-22,95733801

-8,958200808

-4,516229895

-8,248545028

-7,536554093

-2,816721888

0,009980297

0,45204264

-0,106573233

-0,129709206

1,736998581

4,30737954

5,289523342

8,788562832

12,72934099

7,704196687

-0,508205821

-1,512692434

0,653817025

0,289234978

-1,945307245

-10,0050065

-29,16614817

-54,0306729

-76,63579396

-97,61254926

-118,6812372

-137,6980353

-154,6610379

-171,7841756

-190,0338376

-208,4888943

-223,0285326

-226,9195075

-222,4140661

-222,2002944

-229,6149852

-237,4299562

-242,4524314

-245,738435

-247,587152

-247,3426288

-245,2664709

-243,4707924

-243,5365917

-245,0667858

-119,3685037

189,3365827

340,7016466

243,8523087

90,14344967

-171,1755476

-321,685365

-213,0982485

-147,6472049

-127,5736027

-18,96592408

33,72046429

-4,283196077

-10,68269165

51,83292576

171,3555225

259,0675866

255,6037926

242,2285734

187,2183405

32,19283768

-46,98070284

3,000768379

16,27131909

9,689031735

104,6874039

244,4958567

241,4300279

92,63275453

1,739400162

4,275442363

2,787750308

-3,510452089

0,609842642

65,17707297

219,1390703

237,8169139

63,30666537

25,35713374

128,5327102

121,4434062

70,31908963

82,05961466

95,38694921

90,22642817

91,65488493

95,07147519

93,46943861

88,37411651

60,62416811

7,851202729

-14,41754488

1,597882413

4,716770203

7,400098441

34,08528752

48,51340254

38,39693442

32,00895223

23,9930897

3,238138941

-5,952454027

0,719447974

1,913075216

-3,965863035

-11,6814966

-19,15978441

-22,06411022

-21,95817011

-21,70230455

-22,38783622

-24,8306412

-27,13867822

-28,11678228

-21,33099371

-3,608225164

5,2906473

-0,331197384

-1,837212853

-7,226466589

-28,04234028

-40,26230299

-37,00741851

-39,58542193

-34,50512027

-6,309682913

8,900726168

-0,533974395

-3,090761651

-15,73732825

-59,92474335

-86,89427378

-82,5122547

-89,91989396

-78,11359034

-14,22510368

20,10549964

-1,208165394

-6,982003302

-40,63506684

-150,0598749

-206,6809524

-175,8759284

-172,891011

-191,4428665

-178,2015008

-152,2079667

-127,931539

-106,9000832

-94,76617297

-65,48908752

18,39315694

123,0753591

174,5555862

126,128238

14,32431027

-29,72549516

4,016280628

9,413049854

44,10680018

172,2036575

253,8840611

244,2463073

244,8466425

190,7893433

29,66663757

-47,17607054

3,978023433

15,93182952

55,98688427

217,5598235

299,3418405

234,916845

164,2114709

116,9531926

26,80783803

-141,8273332

-188,1870046

-65,83521357

-24,14794824

-28,32566201

9,090154677

8,059654479

-6,891812202

-26,34038949

-91,52164459

-139,412074

-137,9866287

-148,6121715

-172,9853656

-183,4076128

-192,7851456

-203,0011603

-199,9400781

-140,7132279

-20,22485669

33,84392951

-3,083739151

-11,3562684

-33,78983286

-131,1142435

-172,8082681

-127,7151133

-107,8063875

-27,7577994

192,4690272

310,4261581

249,0615106

228,1054216

259,4442785

253,6478873

244,9552452

250,6535422

232,6707154

139,5590504

7,954867006

-31,03571509

6,703023727

8,773368709

-20,02825382

-45,61774877

-44,93020755

-11,68367052

-3,15418868

-38,19125127

-60,6829081

-50,59447306

-40,34646652

-37,26650308

-28,89638368

-19,06602209

-13,03932815

-8,810163051

-5,669138242

-3,203442122

-0,411093683

0,743285988

-0,075315864

-0,246889596

-0,775121861

-2,784323537

-3,079776883

-1,494949314

-0,799925903

-0,38086022

0,192528855

0,069057855

-0,099627792

0,017542648

0,925765617

3,086214796

4,640600174

5,123369528

3,018757442

-7,943981352

-27,17646023

-47,74635266

-69,07535787

-91,40239944

-112,0796384

-132,1713422

-153,6072712

-175,177519

-193,9663112

-208,3066677

-218,7553992

-226,0582901

-230,8865823

-234,5631172

-238,676783

-242,4654079

-243,4171518

-241,6379978

-238,5454907

-234,9293649

-233,7776367

-237,0807171

-241,8850503

-118,0425138

189,4100059

340,4089378

243,9156535

218,6173665

138,7825556

-175,1070753

-322,3156882

-193,9460939

-139,8819355

-153,4984004

-98,05981746

-37,57014708

6,501484573

66,62627607

136,3800717

201,8109866

248,9280491

258,0526875

247,5895452

247,8670644

222,5860737

179,6106354

154,1883618

6,971657637

-160,6587596

2,750204439

283,7488267

280,9172739

126,5180084

62,0285922

67,85603593

30,52086182

-19,2657469

-5,57244168

9,62444151

-2,120625629

-2,521640662

1,808216145

0,139205099

-0,701075575

64,44955502

186,7012009

158,3156583

36,60278287

76,66558576

120,8289816

17,04687787

-34,82783704

6,11154887

10,2024048

9,247586038

49,07846462

60,60891806

36,94597535

32,48718374

28,76805157

3,870515415

-7,362661028

0,997931239

2,311529392

6,529358324

26,07055794

35,54229199

31,14901628

32,98844493

26,89157439

3,545569055

-6,709780557

0,863760819

2,13189505

-0,546818998

1,549482564

1,736976253

-1,241226983

-4,084485043

-4,904311134

-1,478382479

1,381868634

0,101991171

-0,558498882

-4,151963995

-14,9738615

-21,06981017

-18,94299829

-20,04223033

-29,2743548

-43,4636959

-51,97735393

-53,59735496

-58,66919661

-59,25001903

-48,22421106

-44,56317525

-54,18164865

-61,19111931

-71,53351215

-95,60202017

-113,7618389

-119,5308871

-130,6788329

-145,9351542

-157,0762765

-164,8446192

-168,1393459

-170,5154462

-176,0356931

-181,415298

-185,2292106

-188,3688915

-190,9077687

-193,5504871

-193,5118196

-183,6027903

-160,3502296

-130,2280005

-105,0429324

-91,89237218

-77,4048738

-29,04825773

55,04425093

121,4540767

138,2224647

149,7478586

193,1801664

238,148872

253,592405

250,5529662

248,644585

250,1587477

250,2607541

185,465276

30,1234488

-45,49893737

3,116967417

15,69575568

49,12556866

162,7104986

133,0713488

-41,96775953

-107,884637

-76,4092435

-36,61364854

84,20759004

117,4889539

-108,1128831

-219,7527536

-63,8660517

-16,61287299

-104,8175854

-117,1491811

-93,66220145

-97,96236804

-104,7570923

-109,9874375

-123,5913304

-103,0845215

-20,06632572

26,2357938

-0,877273392

-9,4298416

-36,01967961

-140,7646343

-205,475718

-184,0784932

-172,2985971

-134,5157066

-21,32726917

33,63260211

-2,84567243

-11,34249222

43,47574001

145,178925

231,1583901

249,3028409

246,901245

251,1480568

250,4953816

249,2160852

249,9907531

250,1199178

249,7906347

249,8826186

249,9611375

249,8955533

249,8951145

185,7132317

30,14935788

-45,59789315

3,149201366

15,7174286

-19,27550777

-39,39189269

-40,83900466

-32,12058018

-30,81569895

-32,04222811

-24,52886926

-14,45579815

-6,363932711

-0,732816696

-5,599489783

-20,61819331

-21,22534236

-5,594403022

1,458125405

0,013731277

0,048755764

0,160360104

-0,113903934

-0,004632663

1,010013664

3,58874738

5,807921276

6,708534908

7,983039666

10,34337619

9,76474185

4,144738004

4,342177664

11,65122399

10,33305123

-3,18867451

-24,28272074

-50,96000177

-77,79983171

-71,50740619

-14,8554958

18,50410921

-0,389796624

-6,743463845

-28,88649011

-114,560428

-176,1080701

-174,9338809

-183,7378467

-89,5758551

191,6956854

334,7684683

244,6048969

220,4699069

200,1694871

34,52148287

-52,56060416

4,510407396

17,62232809

55,09160186

217,3414554

299,7640608

117,4680738

-201,6458744

-310,7406496

-193,3931753

-145,3220333

-153,3815578

-103,4144047

-52,16568149

-14,59582446

38,57677756

100,7109287

160,5349107

145,7545263

23,09925978

-10,81488684

102,1801399

178,3974578

144,4474148

30,20896793

-35,87264884

-0,16659505

13,52610269

58,48736228

206,6325489

228,7638727

97,06129619

90,14073947

173,8909252

177,4928717

167,0074916

201,5660178

240,0457636

233,8951047

150,275632

65,88050199

90,19421232

140,7580222

89,94022543

0,424168228

-18,33894466

5,343687232

4,626657022

16,72295099

71,49586221

99,11257098

78,98341754

64,06866162

56,73050687

41,46163414

32,1857709

31,04278573

28,64959756

30,23559508

38,7716236

38,75541179

29,87672471

26,70314596

20,45518468

3,105360638

-5,068869758

0,464585771

1,694982659

-1,063460738

-1,277823961

-2,682584932

-5,150377805

-5,271596533

-3,328951541

-0,618270125

0,752302112

0,013929837

-0,290545255

-4,637846784

-16,32646452

-23,22761068

-22,9212699

-26,15658706

-31,36860361

-34,42405162

-37,40504176

-40,44719419

-43,02272473

-46,72611911

-52,63962837

-59,63096444

-66,73135179

-73,69939785

-58,46763545

-10,32628579

14,62408409

-0,794554067

-5,128259107

-23,79224581

-89,75665031

-125,7177771

-112,1177455

-119,1476928

-103,9904807

-18,45154042

26,82931269

-1,849969076

-9,209608762

-34,81534703

-137,9343655

-200,3987659

-177,1271188

-169,1815617

-139,1995749

-24,83605045

35,5273596

-2,195755898

-12,31929986

-15,0483036

-45,65939706

11,21784945

141,1629232

190,9895352

174,7923463

186,818186

199,6471358

211,5719405

249,1805881

196,3332244

26,47795918

-47,91776256

5,438996187

15,58084671

55,6150216

217,840269

299,3565622

233,1899328

152,1296225

57,11329739

-17,4620204

-8,8296265

9,246751472

-0,630314078

-13,09490727

-71,51816531

-156,6159062

-143,8837494

-83,26793259

-63,91727816

-19,65543221

18,80072474

1,036232653

-7,421511166

-38,88864234

-145,2342948

-209,051251

-187,0675279

-181,2566232

-145,3204172

-22,60285416

36,66276011

-3,448501842

-12,20078414

-21,44619384

-88,67227748

-102,9563284

-30,01526082

41,5394921

103,4967186

176,7846616

231,8572811

252,5693977

252,0112652

248,5884861

249,633631

250,5054363

249,7540594

249,7612296

185,8195532

30,15242138

-45,63696923

3,164479909

15,72491852

-17,81394794

-35,92132836

-38,63526459

-24,33230762

-11,39708225

-14,02170187

-8,24363819

4,289108154

1,790595847

-2,378600708

0,376309647

0,685236197

-0,420359991

-0,067560125

0,177723937

2,246891227

8,556187365

13,75793456

14,28151517

13,96259772

14,44647696

14,37217005

12,38048259

9,24933365

10,40932136

14,57146932

8,739245304

-11,43564998

-35,28576102

-56,75901237

-79,59299615

-105,2421379

-130,1218002

-151,8568726

-171,2549454

-137,5009619

-24,71421392

34,50251261

-1,75118897

-12,15051378

70,01734011

221,6360241

292,6657073

247,2952138

234,9897879

257,2308901

252,1369273

246,3891217

250,6034429

250,8818919

249,2671993

249,8445645

250,1766664

249,8323413

249,8585194

185,7626054

30,14769207

-45,61373638

3,156269737

15,7201247

-23,35630771

-41,87944535

-6,752484473

67,58447518

130,1987987

123,9643306

27,80559313

-32,39025692

-0,009919398

12,1021387

59,0471992

217,6331099

298,2262966

246,3835416

208,4273612

197,7332573

222,8284761

264,9194194

255,6106409

216,8570302

155,5184552

104,9942645

126,8725022

192,3786553

247,2825941

196,6645876

27,92077963

-48,78352989

5,31153436

15,93836548

12,69514941

71,82127113

104,2011545

82,47869283

76,0127499

64,22696334

11,17681915

-16,51407083

1,202552806

5,642034954

9,714674413

40,31010062

51,72664084

34,55466004

28,4243707

36,40703424

44,69370072

44,27043663

35,50703143

30,77276914

28,12854623

21,5484242

15,47326428

11,11558813

6,525849735

4,030102389

5,158629607

7,080611133

6,323690799

3,242146272

-0,023220985

-3,413485524

-6,738869058

-9,417301784

-11,32517417

-8,869691539

-1,31645503

2,190512083

-0,20984954

-0,728683188

-5,651507026

-21,41268957

-31,62004427

-30,63452938

-32,49893118

-37,29911882

-40,43057353

-44,93188648

-50,53159238

-55,98370225

-61,98029023

-68,73717431

-75,96093803

-82,86181012

-89,34671049

-87,15897016

-72,8509941

-69,75978169

-83,28872286

-91,48424991

-104,262956

-137,5619403

-165,378454

-172,012083

-174,3007913

-131,284241

-20,91826478

32,35009359

-2,459791873

-11,04731845

-45,29473385

-171,2298739

-228,8217338

-171,9726642

-139,3568317

-156,3172269

-186,922137

-199,9171747

-175,7884941

-148,4623176

-58,62555809

133,1642262

239,3819733

213,7767068

221,6021856

192,7319917

34,4136564

-49,42702742

3,165770162

17,08287544

55,79177448

217,2326802

299,548175

245,9648266

233,0870203

194,2818612

32,51392316

-49,63070376

3,997369904

16,79570014

-7,040551781

61,26012646

118,9400247

-58,93587152

-216,8498621

-71,72904445

53,28777887

0,770694716

-18,88282422

7,574907626

-19,88719708

-86,84172813

-116,9431267

-104,8482316

-107,8484847

-136,599294

-171,8394374

-194,3923286

-190,9048788

-175,8762143

-161,7441852

-147,6891372

-141,2843669

-142,9570512

-135,6637664

-127,5717614

-140,091943

-150,4645584

-142,7860838

-132,3180708

-44,87489084

161,5315924

289,4284838

255,3834322

232,6825854

236,8490359

206,6263021

218,8491168

261,24406

256,5303489

210,9261601

122,8898689

30,18320504

-18,28586407

-48,512928

-45,42072407

-3,297300685

11,62753561

-2,76406479

-3,123184803

-10,38978629

-42,00828498

-52,80862246

-32,83474767

-22,90040667

-27,25448437

-26,72153491

-20,94757988

-16,53321802

-14,18238978

-9,376035991

-1,229626894

2,209027672

-0,228654678

-0,73052592

0,299682419

-0,126413681

0,373849077

3,554771951

8,278504225

11,90697021

13,22943187

14,99185589

19,66728432

24,506825

23,86419807

16,87736006

11,64332003

12,57679537

13,58241375

11,41509499

3,870487554

-13,17465963

-35,18693254

-56,30047356

-51,73378789

-9,679174222

3,09190641

-35,30647422

-62,32968763

-104,4603109

-198,8807781

-254,6453909

-115,6239731

195,9852134

219,1072615

-164,8186599

-342,5759029

-97,44983872

220,6647146

255,6722541

21,65760556

-68,55636825

16,04497511

18,43511504

50,65781434

218,9086299

300,6837806

244,9071243

233,1399152

140,4661756

-144,9267655

-261,7503863

-124,438617

-60,37755546

-113,8869709

-182,4136252

-195,6991042

-132,4352426

-81,51074785

16,35277822

217,1424807

306,5982486

244,1535899

214,4437351

219,4551977

232,6090721

258,017401

139,8823756

-32,10716316

115,5656531

338,2390263

221,2926032

57,03644786

103,0573925

171,0669432

156,0226704

165,2165563

219,3730701

251,7638582

239,0953095

164,5921358

83,25051543

95,93718376

144,664534

101,6697842

6,21310452

-22,16108787

4,447943091

6,429946231

22,89842421

91,95438157

122,8848362

92,96104863

77,78579879

60,35499414

8,614199376

-15,12255498

1,698174463

4,913287096

9,528444157

41,26356377

57,34296466

46,32991492

44,15173385

49,37834407

47,97455215

46,61281897

47,44974263

47,6533503

40,30283355

22,70788837

13,73868393

18,39107965

18,46411429

15,400361

18,21299761

20,16312816

17,98045718

16,24444477

5,032045214

-21,1046249

-35,15829328

-30,23890035

-30,60148333

-33,14018649

-27,29624838

-25,50124752

-31,05280076

-33,85631257

-36,4111695

-43,32455914

-47,30535486

-47,43026499

-50,67645698

-52,33836138

-46,44117953

-43,09476077

-47,64958352

-52,15037437

-63,31471063

-87,65998636

-102,8201213

-101,5682321

-104,0896239

-82,33067559

-14,2894133

20,65107066

-1,258555889

-7,179410206

-38,82718766

-145,717055

-204,4703555

-178,0720903

-176,6734838

-148,993499

-26,07408343

38,17593977

-2,65106656

-13,10391507

-39,92097956

-153,2501333

-198,7978309

-138,4611644

-109,9357055

-134,1464159

-167,7148997

-173,4096369

-141,7105761

-117,9540984

-42,29805707

135,3544004

237,4462683

215,1210337

230,5792473

264,7774925

251,4366675

243,8429007

251,9280511

251,2149787

248,6438894

249,9736194

250,3306415

249,7084362

203,7624674

74,16193613

-24,22907696

-10,6401081

12,18630039

-1,182536563

-38,45737298

-112,6577026

-130,9939393

-73,28723943

-68,65360268

-77,88436934

-14,50835711

22,13292347

-2,271908475

-7,20716242

-26,53169621

-109,5043996

-168,6855088

-168,2348287

-176,5756968

-144,4955519

-24,17889477

36,56315934

-2,772692361

-12,46015172

-33,65840655

-137,3262275

-189,3368957

-141,7414188

-113,7426522

-111,0062021

-69,7182597

3,281144543

89,10504014

178,7522992

242,9325301

257,8372576

248,414401

247,8193209

251,2981692

250,0715148

249,3457576

250,0862315

250,0339722

249,7926742

191,7207411

34,85366229

-78,17414555

-64,13872451

-40,49656106

-41,8454715

-10,13023664

31,50688331

8,67833537

-54,55605751

-59,75648834

-32,15376837

-42,62780653

-52,75152593

-35,35441309

-26,66097293

-38,48436158

-50,47960381

-47,41217418

-34,76832199

-21,41752118

-8,253793762

-1,200055381

-1,12207373

0,062164805

1,494837927

0,275684021

-0,465790533

0,068437978

0,141438991

1,999373181

7,524730322

11,2725391

11,66658511

14,20073054

13,12323057

2,561236906

-3,443900708

0,168860881

1,210928812

5,631520926

22,14048865

31,60068637

23,40869029

9,535855556

-2,181294858

-3,886756296

1,284076192

1,020963525

-0,91213459

-40,88319213

-145,1634864

-212,5807735

-206,8624269

-220,5134572

-187,5476676

-34,17169003

48,07043104

-2,77660916

-16,74894219

72,34041198

222,2923387

291,5658931

247,5224636

235,2855488

257,0262304

252,1175235

246,4699946

250,5764658

250,8644454

249,2840958

125,610055

-166,5711224

-282,9143695

-143,5080243

-56,77411401

-24,46397295

15,42945894

4,608303696

-7,790791523

46,96669604

169,3725878

255,7450913

253,2278135

243,4704814

187,6906654

31,53013296

-46,86729935

3,188236963

16,15258094

56,17519634

217,4024749

286,5193393

178,3237537

94,97131527

77,5284463

22,25904823

-21,06018965

-1,596420609

8,551311006

61,12819503

209,1706748

217,4893417

51,25443287

30,68597541

102,650506

31,8075849

-34,67616233

0,82151897

12,361063

21,09731295

88,21300962

122,6123593

99,31990603

95,6831303

79,78232226

12,37417751

-20,30451461

2,009796593

6,707413254

9,7527492

44,30562599

61,61881082

49,52851796

46,82857888

51,24174726

50,5294184

50,4406104

51,02019726

50,33195898

43,69582515

31,52059838

26,26566017

27,63962963

24,18741213

16,40534334

8,645194473

2,484246488

-0,607665459

-2,608798234

-5,990948186

-9,275419624

-10,64074139

-11,95022827

-14,93410869

-13,31168689

-2,791652281

3,433058408

-0,054806476

-1,259220747

-5,010165455

-19,22544903

-27,48580012

-24,10626032

-23,97198844

-20,76025757

-4,043456768

5,37555781

-0,228766984

-1,907651648

-11,83038987

-44,33723427

-63,73869505

-58,14200347

-58,50217085

-48,41318236

-8,245949753

12,31381624

-0,904470561

-4,207486965

-22,38709683

-84,89105461

-121,4125526

-110,6028341

-114,5261095

-97,90535105

-17,72226783

25,13791098

-1,523797185

-8,725533095

-41,72526134

-157,7471109

-220,8188047

-190,2051166

-184,5624981

-201,6426889

-192,4211789

-176,7111197

-159,7852356

-132,1698379

-103,2134384

-87,71160943

-82,82880033

-50,95882806

37,62886638

94,7958303

31,80120465

-28,64935507

-2,212510778

11,57075786

60,07235584

217,3894773

297,9624885

246,5730292

233,3959359

193,9362804

32,54886969

-49,52250589

3,939628967

16,7814267

30,40952199

91,99020449

31,90729768

-85,52994517

-59,47060594

11,0946174

7,062660498

-7,027489683

0,453016806

2,304996206

-24,67743178

-80,14130121

-105,3037583

-84,88748304

-72,37160546

-54,38940577

-7,909856526

13,42782088

-1,352834095

-4,437467214

-42,38826461

-154,6546806

-217,9415992

-196,0653928

-195,2575151

-204,7811315

-181,9678355

-176,3580112

-199,4065203

-209,3306446

-186,3105277

-138,1896187

-108,8013622

-99,70449971

-52,42260108

-25,33560372

-99,72218419

-151,9544251

-100,082312

-36,16871969

65,56171934

230,5497975

293,1000819

243,5199188

236,4683254

254,7541775

217,8410687

135,694548

53,73521317

-6,363335564

-45,17800128

-47,94736016

-30,37699716

-12,62671257

8,606984886

-8,327158764

-53,30128711

-54,05551143

-36,14750511

-42,0234309

-42,39074684

-29,23562228

-20,87586194

-16,98095875

-12,83844458

-10,17477996

-9,897717719

-10,31666524

-10,18875669

-8,737203358

-5,602795589

-2,527391858

-1,780189449

-3,681208578

-6,721997432

-6,46312708

-1,239904002

1,681670212

-0,083896552

-0,591075057

1,230627996

3,918762713

6,523749829

7,737331943

10,27550878

11,24107185

3,358520805

-3,11077522

-0,253756338

1,269487701

3,426576297

13,94474228

20,93598558

16,75875601

7,413988902

-2,141936947

-3,488880222

1,180782613

0,910554048

-0,827233195

-39,55670127

-139,821492

-201,7410468

-190,3513578

-199,2714142

-210,004585

-171,5537964

-157,7766145

-192,74939

-214,64436

-98,80329734

190,6576573

335,7365699

245,0033757

219,8899942

200,2816616

34,67889765

-52,6661366

4,49861437

17,6647857

55,07800894

217,3320576

299,7728286

120,9450839

-185,6323487

-234,262982

-9,627502976

62,93527732

-19,07967794

-14,98971976

13,15715256

-0,198238849

-4,591205251

1,993132979

0,797154086

63,16302312

219,9128193

244,6346679

122,5952011

173,7913512

296,6759661

204,4971116

87,59007474

187,0294563

298,6159712

224,9269988

126,1094852

111,5703868

114,6270113

121,5963428

152,7953697

191,0753746

227,0750498

252,2976213

200,3600546

82,20203652

67,86183317

137,6022389

122,9240513

81,91475637

92,40963896

101,4427148

96,05897108

95,81058962

98,12589724

98,43020896

93,49119411

77,55008326

54,78750241

38,37357754

31,92954726

28,62539092

25,87342975

25,19025474

24,99863957

23,37850093

21,08502139

18,40060307

15,03412832

12,52290681

11,68201092

11,17173904

9,764991565

6,427246048

1,274493664

-1,877416476

-0,731079772

0,6638468

0,030854063

-0,256654428

-3,393298557

-11,92838984

-15,9964253

-13,53517331

-14,50215238

-12,95756193

-2,167753068

3,377516785

-0,305834464

-1,126014283

-7,775213452

-28,98746701

-41,38748352

-38,12181413

-39,25330591

-32,67371947

-5,527139958

8,30274834

-0,621966647

-2,83180466

-16,96076968

-63,01183487

-87,62752836

-76,54089594

-78,59801105

-68,20291745

-12,39680029

17,60599773

-1,094449789

-6,096315453

-35,07505105

-131,2622098

-184,4104052

-160,521689

-156,8952774

-173,1525788

-170,0239415

-167,8016236

-174,4754863

-178,4991284

-178,5811632

-173,70693

-157,7142426

-132,2184646

-107,4328932

-92,39142008

-83,86285444

-51,86698585

28,97932508

121,1292954

164,6938379

176,4670706

212,4365778

252,62198

255,5073464

246,5321034

249,3430965

251,3436805

249,5085032

249,5657703

250,1941401

249,9105805

249,8060004

249,9505945

225,9366787

123,1504939

-26,7239119

-80,634777

-3,592624613

105,6010245

134,0972674

36,51300308

-36,73621151

-1,744387374

14,44620815

-30,27629914

-87,13840078

-107,5881509

-86,98457283

-81,69990919

-70,11212238

-13,11688229

18,20181496

-1,027175419

-6,345918312

-22,57912996

-89,53622689

-132,9135157

-129,4304314

-140,4207079

-118,3201689

-20,02240443

30,11458539

-2,277069677

-10,26031916

-48,48172031

-168,6798376

-192,812971

-101,8460386

-73,61819112

-73,57449888

-13,90598155

19,96066809

-1,514702645

-6,761935203

67,6237928

220,7236897

293,8848277

247,0953677

234,6266186

193,2351259

32,40511224

-49,21306943

3,861117787

16,70432339

-15,39630119

-12,64962869

12,01843878

2,349996909

-41,14171419

-41,78932761

-0,959198031

10,09146598

-3,068002152

-2,431474282

-8,586783629

-35,49869504

-43,76206423

-25,91453018

-15,64676904

-11,32612679

-1,096703102

2,845165531

-0,542140041

-0,825367417

-1,15257927

-5,320707237

-6,241998679

-2,963424107

-1,364978177

-1,017514083

-0,038285804

0,255655207

-0,074142859

-0,062878408

1,540945041

4,819812779

5,862605197

4,524412414

5,109561967

5,014853164

1,018873947

-1,33268559

0,05720992

0,47172585

5,319998281

19,19632497

26,00493941

18,64416618

12,84408285

10,80623426

2,876514572

-2,876063598

-0,161457257

1,144346227

-11,90342479

-44,82757217

-77,52955651

-97,8123061

-120,3477237

-104,3253363

-20,04521667

26,73097679

-1,10216216

-9,510076843

-58,82273785

-87,58152918

142,91401

343,935586

259,7764689

210,5919627

263,1635193

258,3003998

241,7025395

250,3750646

252,6434743

248,6105112

126,2242461

-161,7511099

-273,856885

-131,2395076

-60,85970619

-59,59986001

3,062276801

67,88610195

113,1613666

167,29679

220,7092391

251,6440878

254,7433683

183,8239149

29,09657974

-44,46624089

3,04637732

15,35873504

30,98571621

155,5685385

268,9860096

260,3002476

193,6048678

144,3778502

140,4722168

149,9404073

147,9841556

173,7386469

156,0730109

30,48416951

-40,46889637

1,71597988

14,36254874

29,33099734

120,9438112

166,8770735

129,683455

114,1058281

92,14294875

14,16332272

-23,39321643

2,34221306

7,717579492

16,19132386

64,89922136

80,78347479

52,25133535

45,11123915

40,63412439

6,796291541

-10,61555214

0,973550228

3,532917332

8,126879329

32,98885688

43,51397912

30,91949171

25,20177826

20,30832859

3,035501126

-5,16630386

0,558562113

1,685765046

1,96165264

7,920146237

6,135557445

-3,715338382

-8,82194635

-7,30717181

-1,721315786

1,828096436

0,082150939

-0,721582929

-5,527064507

-20,20436354

-29,44781306

-28,59256006

-30,49260079

-25,13549799

-4,072097386

6,346173197

-0,530651334

-2,141172379

-10,20766133

-39,59940468

-57,92618066

-54,43097714

-57,26852617

-49,1497411

-9,118483459

12,63530142

-0,680555198

-4,423217036

-23,06509196

-86,39715367

-120,1842913

-102,7369675

-101,4702356

-86,39248971

-15,25759462

22,2229324

-1,528862931

-7,631863017

-40,48106162

-152,5048062

-215,5359806

-192,3524414

-195,1336162

-163,7989208

-27,9630179

41,80472659

-3,115516942

-14,26004898

-28,36149668

-112,3903406

-139,9510523

-92,25924891

-59,52769298

3,357211387

105,7946795

154,6267319

156,536405

182,0969177

224,1492533

248,4716267

253,9317706

249,64222

248,446022

250,6384019

250,118902

249,5614036

249,9789077

250,0022994

185,6387063

30,1424751

-45,56852051

3,139344927

15,71111661

-26,37693803

-35,94217886

72,83199604

163,9067616

-20,21461535

-193,7258565

-50,82997062

63,84652299

-4,509146787

-21,46518737

0,601255703

-41,92745986

-87,52529223

-87,37555824

-80,28946228

-94,48770367

-119,1013866

-137,3309685

-148,4775548

-164,4117014

-133,6244073

-24,19704961

33,6949395

-1,721397556

-11,85620163

-32,36213329

-118,0261632

-137,719444

-79,47808564

-61,30201957

-48,93389075

-2,942525681

12,13481439

-3,008744586

-3,215882181

66,64760877

219,8756139

294,5864802

247,1030093

234,3740039

253,5311308

222,159155

151,2636175

69,17569114

-9,409712027

-67,25050705

-78,70424474

-52,4750435

-24,82739139

10,85197141

37,79149555

-2,387646093

-64,13378712

-65,92286418

-42,17680504

-38,57498978

-32,66888842

-16,35104394

-8,090244233

-8,830328383

-7,076491904

-0,853897808

1,718644121

-0,23352106

-0,542031926

-3,094112119

-11,28566116

-14,19396294

-9,206514141

-6,343993917

-6,047290668

-4,60572393

-3,442514004

-2,992191925

-2,287145666

-1,236363619

-0,142753116

0,268084664

-0,024934062

-0,090645083

0,882781003

3,434718915

6,496347102

9,096153381

12,00368534

14,88988106

16,71431322

19,09038898

24,26094443

29,40574411

22,74919821

3,244913825

-5,563498204

0,562097006

1,839466636

6,737380644

22,65365938

17,70478321

-14,03262254

-41,6436705

-64,15154743

-94,81829831

-125,3908443

-147,7065482

-166,4144772

-186,2570272

-206,9391753

-227,1552383

-115,4165653

188,0486132

340,3909285

244,3524334

218,4494782

265,3330557

254,6021877

242,4798586

251,3640835

251,9529085

248,5482175

249,7650271

250,4655406

249,739616

249,7946785

250,0296428

124,3215833

-118,6043166

-117,9908544

49,75317274

27,72456195

-30,34642555

3,022359317

9,494284772

-5,046858045

-1,261465844

2,322366571

63,68100829

219,1537273

295,9426679

217,1068375

162,1031704

183,9377483

180,6542274

206,1273206

269,2722492

261,1038444

173,5399421

31,35772241

-41,79189475

1,127874906

15,21087173

17,94187216

76,5523731

117,5610336

136,1207052

157,543281

114,0469748

12,72043319

-26,30587546

3,398973869

8,417326878

30,31081424

117,0517122

153,9087412

115,2670572

104,0711371

117,2029925

112,4883972

105,2930704

99,465957

85,81667248

70,49800643

61,8272128

58,42962004

56,11519114

54,1994862

39,54474921

6,193018632

-9,688302585

0,754085719

3,302461883

6,344023291

25,72626208

32,01361288

18,72849664

12,24757036

10,14358923

1,543743336

-2,636530164

0,299725068

0,852132337

-5,170364493

-17,42468866

-27,13976062

-30,47247753

-34,9595751

-29,22110812

-5,059355145

7,410865556

-0,498813813

-2,553043851

-9,247451177

-35,74581919

-49,26146411

-40,12254869

-37,31351466

-30,98714633

-5,226469314

7,926063111

-0,626297058

-2,687350946

-16,92311286

-63,62546298

-90,878564

-82,49130833

-84,57166115

-96,84507535

-99,36174613

-100,689078

-105,5975151

-110,6893428

-110,609408

-101,7002637

-97,82416086

-105,490011

-111,8281313

-85,10182681

-14,90910055

21,02553359

-1,057326854

-7,418624693

-45,46355976

-166,4556455

-226,1614467

-184,3214983

-169,5591572

-176,8560278

-150,0259855

-117,6927671

-102,4589692

-90,34927247

-46,73497667

44,04830338

128,3572429

152,9201928

155,491425

132,1261625

31,03033944

-34,48628873

-0,619649706

13,15663451

44,03987506

181,2426204

280,215117

257,2281844

236,4444602

188,6814701

33,69647525

-48,14016291

2,953470711

16,70301582

56,02814309

217,2684104

283,5404957

153,7104748

-2,245148154

-66,3567015

-25,48711605

20,64374185

2,569429996

-8,755587868

-31,54384233

-102,0593915

-118,5276188

-86,93244593

-100,3193115

-92,95378339

-15,76207919

23,68984352

-1,793455718

-8,069452363

-44,61767241

-169,9249798

-243,7611462

-215,1763858

-197,7581258

-150,1135016

-21,1610178

37,1600628

-4,07387561

-12,1307203

70,83402075

221,2791744

292,5123946

247,4725685

234,9564852

192,9628793

32,40189517

-49,11495289

3,821164594

16,68618281

52,61204511

195,1747245

236,3431462

139,1975908

88,0250782

61,17233698

2,680937847

-14,77893141

3,956379742

3,798849754

-14,66123734

-37,61478329

-42,3599329

-24,58966546

-14,02587726

-12,32518821

-7,64685506

-4,528319679

-4,688826892

-4,857676243

-5,448285025

-6,938273165

-6,32333851

-4,338690592

-4,342564613

-3,734077872

-0,539699644

0,950974056

-0,111084178

-0,306602653

2,41861547

7,766036142

10,32890343

8,759499006

8,753834475

10,47636078

11,70937678

13,69190677

16,30360641

18,37919667

20,22733988

21,97212127

23,73018801

26,68956736

31,12562431

25,81034801

4,781108052

-6,536676526

0,303573868

2,31268719

8,113856613

30,76728755

40,42292095

28,49021051

24,4575437

5,206534788

-63,91575454

-122,9743166

-137,8884611

-159,765193

-191,5086405

-209,7897438

-227,0738643

-116,9548132

187,4749709

341,0330611

244,3103224

218,2352377

265,4383356

254,6341505

242,4290638

251,3739959

251,9668119

248,5388706

249,7640002

186,2619546

29,97213324

-45,71769459

3,262215086

15,71270045

-66,28330252

-195,6824326

-234,9028877

-158,9997014

-110,076816

-75,80984533

-6,990726812

18,41541515

-3,413641083

-5,403333035

66,67488223

217,6474692

292,8264651

248,004617

219,1379954

155,1017984

14,1488649

-37,3020672

6,832654254

10,99290192

57,07790802

218,8544685

298,420228

221,224048

173,8191481

165,0529352

51,13012073

-44,71172754

-5,048625773

18,89461449

31,12618266

129,5145071

203,5746179

210,7587199

239,0487922

198,2323334

29,70095887

-50,00883605

5,179714433

16,43105639

17,44163581

88,02208029

125,6583804

100,8764184

94,90234576

79,76961508

13,46020278

-20,41557614

1,616549795

6,920115337

11,28789689

48,92074408

66,50841124

51,23763118

49,28272163

43,20131485

7,481372808

-11,195681

0,874939981

3,79596182

8,531493462

34,41797354

45,17919785

31,92012321

26,08966553

20,86186089

2,908481868

-5,284313547

0,649094825

1,690431686

-5,099793576

-15,21008904

-22,32838133

-23,40104585

-25,30248453

-28,66574257

-30,06846894

-31,5750678

-34,58372874

-37,85823167

-41,20627704

-45,09140752

-48,98119663

-52,71994796

-56,70381958

-43,99327769

-7,25270548

10,93343529

-0,775424726

-3,755667551

-18,96694575

-72,14820508

-102,6527369

-92,10020187

-94,91939203

-112,7125728

-124,2572355

-136,4702484

-150,6192582

-164,365501

-131,3789863

-24,38066447

33,0217738

-1,381783664

-11,75797095

-48,07225423

-183,6438401

-255,8705175

-209,97556

-186,5104161

-147,215585

-23,070286

37,11231245

-3,404152264

-12,38968475

10,99300534

42,35044488

119,2034675

184,723976

190,0898583

142,8065169

31,48220822

-35,60151064

-0,767765258

13,68708

58,63274113

217,2465088

298,5330835

246,3850073

233,2718489

194,0550907

32,54321094

-49,56236634

3,958336123

16,78775936

-23,00657996

12,4471496

114,8598563

25,57808292

-191,3464377

-147,387301

-19,32060041

-80,70447384

-125,9258874

-86,97067991

-78,51460439

-81,48962329

-75,73120397

-84,55289151

-100,5847161

-81,66910253

-14,75729722

20,41735027

-0,963540366

-7,224784316

-50,00487554

-181,735281

-250,6513258

-212,669125

-188,6737778

-135,5941723

-14,85415401

32,6782601

-4,964349047

-10,08139561

17,73660579

63,93236395

148,412114

226,0577814

254,6576582

187,821263

28,26573816

-45,66784988

3,865393293

15,43956302

36,53588635

134,6783052

141,0991237

33,17822648

-35,05580858

-40,6662689

-13,32333741

10,89827794

1,618082047

-4,780707939

-6,29280451

-30,15649399

-51,38191602

-46,6521157

-39,04707683

-38,67016571

-37,27311357

-42,35766826

-47,03682329

-42,23067284

-32,83058289

-16,69049732

-6,442230151

-9,939055816

-10,11155077

-3,878398157

0,128148589

0,59044406

-0,176536556

-0,154352015

-0,27347638

-1,178418768

-1,071613525

-0,068607733

0,054173822

-0,728032884

-1,323687173

-0,911661122

-0,074076135

-0,001957237

0,808961165

4,246359719

8,572797348

12,97922931

17,69675303

14,99040884

2,438088168

-3,769131193

0,303422663

1,277365239

6,672021361

25,20507368

35,69102143

31,62011951

30,2718861

31,03016526

28,89304675

29,47895257

32,27914194

32,30401915

26,11831983

8,59600236

-18,29288004

-45,77357156

-74,34341382

-73,3164557

-16,59606302

19,46570889

-0,10887773

-7,213222781

-55,83045907

-204,7486368

-160,0575561

190,2042934

355,5027594

173,0258602

-3,702620358

-26,64924889

7,203865955

7,290391968

58,46081046

219,6028542

297,6192606

245,9439875

233,7948877

258,2116933

124,1909143

-183,4655682

-299,7578736

-159,0967841

-93,92671715

-94,76154955

-29,1923602

40,78332952

91,87731682

152,3115711

213,7941576

251,7248045

255,9147527

247,5809663

229,6673538

205,3890849

186,9547881

165,7972575

206,1072355

209,5461899

39,60351116

-58,6405499

5,348582301

19,41683779

21,30768674

108,9335293

168,2278867

160,2425059

174,9869485

155,5857717

31,0385245

-40,35571137

1,444255382

14,44045051

23,08447895

95,88998571

126,2463767

89,79120832

79,69913089

91,69045218

92,26743175

96,20474889

101,7735302

96,44829595

82,39159205

65,2722988

50,03201642

41,88056614

39,48237682

28,43869779

4,217560206

-6,890721675

0,597671428

2,323980005

-1,205656918

-0,317917885

0,561211908

-0,121985457

-0,148399067

0,105519162

0,008550312

-0,041087745

0,014170663

0,008669039

-0,008667996

0,000549261

0,00285095

-0,001389371

-0,000431414

-7,218632677

-25,54119361

-35,90482287

-30,7243488

-27,73372399

-29,85222193

-30,133388

-30,94144378

-33,16563788

-34,2360021

-34,92203567

-37,91477207

-43,13533876

-47,26923086

-49,04185789

-37,13093119

-6,24732755

9,187401931

-0,577930049

-3,189815225

1,567828685

0,472944361

-0,754714703

0,147905683

0,206326273

-28,02633913

-96,74089601

-134,0609883

-120,7024747

-126,8434262

-153,4609637

-163,5926908

-164,5207503

-175,7899588

-193,9719117

-151,6854337

-25,63413403

37,53400306

-2,314531149

-13,05218429

-39,98608155

-152,2399111

-195,210665

-131,9570738

-103,0756044

-110,5415822

-96,25339469

-54,61864817

27,32452485

121,1063154

169,8782423

185,0403516

209,2089311

236,0463995

249,0065383

251,967269

249,8808147

249,1067828

250,2669438

250,0411901

249,7257393

249,9377364

249,9611255

249,8759657

239,5124605

160,5421944

17,88688399

-37,70902682

5,184640535

11,90541237

-51,12430585

-135,8169909

-129,6084479

-56,67835815

-74,12648543

-100,2734142

-21,61815602

28,68098998

-1,792455368

-9,845549798

-23,470434

-96,69966675

-134,019393

-102,0121903

-88,21462598

-76,42929907

-14,96974543

20,05235101

-0,958226554

-7,061939456

-32,99964502

-120,3289803

-154,5619528

-111,2530512

-99,7849929

-86,7814884

-14,30786726

22,56914308

-2,107392916

-7,497406271

68,15147565

220,7626688

293,6811626

247,1667835

234,6691033

257,3973238

252,1676645

244,006232

224,4730613

157,9911206

68,45142618

-4,736249579

-49,81407757

-59,61334943

-45,92837703

-18,03664456

12,7576928

3,158315108

-36,90067212

-48,19925603

-31,7714494

-20,41815819

-15,033151

-8,426606231

-4,2736718

-4,86804482

-7,824634978

-10,95445288

-12,51680612

-12,54723816

-12,89803566

-12,33208629

-9,304221674

-6,174546231

-3,927071245

-1,351895916

0,204782669

0,245769466

0,786786806

0,736117117

-1,354740008

-3,896903444

-6,174636924

-7,870520722

-8,526110523

-6,512236798

-1,12035633

1,619292828

-0,095548716

-0,564769186

-1,877119831

-7,066308143

-8,995108248

-6,017027097

-4,523233283

-3,408530089

-0,337390531

0,850144778

-0,156540237

-0,249224534

1,193077923

4,159050818

7,775319777

11,77490079

17,67080891

17,13030738

3,71808696

-4,519201956

0,076036617

1,652931418

-12,25563289

-47,06910089

-85,24424352

-110,4822516

-133,9404808

-114,1306272

-21,59518007

29,13948357

-1,286684608

-10,33218132

69,07372671

221,3876166

293,104735

247,1996871

234,8737382

257,3134545

252,1435939

246,3569821

250,6145352

250,8886698

249,2604177

249,8449959

250,1788963

249,831254

249,8581822

185,7631331

30,14759088

-45,61388157

3,156366516

15,72013577

-14,82372542

-11,67659575

36,92537565

108,470604

169,8445389

154,9480524

32,69144866

-40,12214633

0,648152005

14,70842387

-6,504914473

-2,485411616

3,350325366

-0,519420434

-0,973371519

64,79771851

219,8574415

255,4869679

122,8443945

89,69224801

180,9683072

244,7910422

220,5312836

125,965479

101,2307936

173,6694744

200,2459887

125,9903197

84,39744448

143,1171373

129,8144578

10,16130705

-31,896039

6,817583351

8,945897258

21,93360416

96,51116634

133,676446

105,5438147

88,26009948

93,49753639

105,4305207

115,1496912

108,4472887

93,8963069

76,70388585

58,24391832

52,5526388

56,22789031

53,75713015

48,39650006

46,24761301

43,28632543

37,41249821

30,57871112

24,49908586

19,73889743

16,7639082

14,43912912

10,12573955

3,988278886

-0,319571121

-0,676065218

0,300514122

0,129677595

-6,438052663

-21,58270134

-29,1430531

-24,91134857

-25,3844996

-30,06754141

-31,07828351

-31,43321418

-32,6690787

-33,23292939

-33,53446016

-34,1820618

-35,44679104

-37,85691077

-41,2744947

-32,82546055

-5,895663326

8,222823856

-0,411850008

-2,898634539

-17,16509151

-63,67728252

-88,84900968

-77,34502397

-78,04768843

-66,99731225

-12,06426765

17,25482915

-1,099871257

-5,963788272

-30,25455104

-114,973049

-164,9243271

-150,3246571

-152,26476

-125,9447267

-21,15930312

31,97598389

-2,442773646

-10,88577764

-43,90985126

-166,8157192

-226,143237

-179,3769798

-159,6753175

-176,5779186

-187,4920945

-191,4824179

-183,1947364

-170,9270155

-116,3762348

22,82886484

146,9815355

170,9783358

172,09217

148,4773187

33,54340171

-38,78937952

-0,116233344

14,53955169

58,04532041

217,1893509

298,765852

246,3078225

233,2214422

258,3090171

252,30036

190,2785987

32,7414303

-92,36123756

-53,94228942

50,99581804

57,94147179

-76,84622509

-144,3476331

-58,64484586

-43,41064443

-105,8498762

-107,3594053

-88,88755253

-90,63126431

-89,82543708

-93,5215667

-105,0686598

-113,8529098

-89,23773167

-16,35266922

22,28831632

-0,944537633

-7,935087674

-50,79217916

-183,461906

-240,5676682

-170,886801

-123,3265263

-144,5601004

-197,2578488

-216,3112021

-173,7907914

-131,1046152

-54,35747967

113,3738196

237,2141275

243,7502425

241,4530523

221,9303217

156,2248929

168,9289713

249,5389345

264,5009822

207,0748162

115,7435378

43,21891131

11,9547283

-29,9700264

-70,10736568

-65,92223985

-41,76245336

-24,48644211

-3,050797368

11,79986934

-7,940946637

-39,86980911

-44,84305091

-29,80868996

-14,80993797

-1,802535471

3,267068346

-0,29183955

-1,108067735

1,282489963

2,509293498

2,904797396

3,447548524

5,624963398

6,863078715

3,870432132

1,491444816

3,375110536

6,18628301

9,707049209

14,53334708

16,55113767

15,39690282

15,25989654

15,82787744

15,23270967

15,07390721

15,61005231

15,72056251

17,38798191

20,89823988

21,26148865

19,54988058

21,61406265

23,65263701

21,6898418

19,57887769

19,83458161

22,11486019

-3,676867593

-77,1964607

-132,260094

-139,1677002

-152,4983547

-150,8919829

-103,8384629

-94,66553887

-141,3437453

-165,5992787

-58,90016114

197,8970931

325,5479656

245,5847145

223,444283

262,7657096

253,908046

243,682225

251,1073434

251,633045

248,7734554

249,7843786

250,3773751

249,7696662

249,81343

126,9927794

-163,7203491

-281,7524695

-146,4723909

-78,4926656

-75,5160528

-8,536415196

64,298785

118,1153546

178,3701078

167,8730682

34,80500985

-43,78072624

1,140917187

15,8481338

57,040703

217,1484998

299,1473386

246,1731616

233,1484083

258,388457

206,6268023

104,4568076

92,15599346

146,86992

151,1466818

156,0227408

202,3834931

238,1848349

250,4891233

220,3091186

131,7754748

81,78433029

119,607747

138,7808526

113,9960448

109,5460568

118,3628166

118,5960272

119,4133195

120,1050936

115,409939

113,9130037

118,3474074

121,1035861

107,0220173

70,36757618

48,13155037

53,8098936

54,34163205

35,17348687

4,96966342

-8,177442538

0,644041446

2,797594215

4,622919877

18,012279

18,83636104

4,571790018

-3,214348744

-7,103983277

-14,15170267

-19,12850433

-21,44380833

-24,25638075

-28,83063221

-34,74103437

-39,82064977

-43,0097719

-46,17559612

-45,31036068

-37,44809235

-35,74583177

-43,29235681

-47,57878223

-53,11577407

-65,61254818

-74,30852451

-78,27218528

-84,52641757

-90,59819

-94,1840042

-97,79442257

-103,1061124

-109,1765943

-114,3214113

-118,5282023

-122,7283777

-129,8852291

-143,3355361

-145,8454438

-124,8326152

-114,43113

-130,240901

-146,2749784

-161,8760055

-181,9431986

-187,3748246

-180,3110834

-179,5329994

-182,5048169

-183,2205665

-182,6425074

-181,3426464

-180,8616573

-148,4187781

-71,72274173

-36,26846864

-36,70144139

34,40519044

78,11320675

-23,25220388

-97,45578418

-34,57901309

56,25929873

146,5445738

243,2515687

272,2578696

245,6343349

243,3236994

190,0486011

30,65843954

-47,35040588

3,702029367

16,10884115

56,0109313

174,921721

116,3776204

-64,92389585

-58,73011711

85,27709729

181,3947692

101,4798281

-60,70213858

-55,24780538

-4,918272005

-76,1782693

-122,0041245

-92,13276164

-78,99037761

-82,91223035

-81,18131916

-87,62299674

-100,8361926

-113,4254139

-127,6453842

-144,0049846

-162,5970811

-183,6949114

-204,7756139

-216,6782983

-214,9764345

-216,9376202

-221,0457714

-195,8283462

-142,9347916

-100,5884848

-88,08490505

-85,57446699

-59,75118681

-14,75326013

7,339951997

0,856932666

-2,759985178

0,818513179

64,84878235

219,1983092

295,5090443

245,2736289

218,6645351

206,7739112

150,5427248

85,1633477

27,77838571

-27,07648854

-71,24365119

-81,46143841

-59,49913369

-35,66230452

-11,10322677

11,25207029

7,326835046

-4,600436853

-1,068266009

2,144570549

-3,648951503

-9,524906154

-6,689033155

0,796175764

1,14363611

-5,061141559

-9,772474455

-6,358693742

0,789413969

1,022143818

-0,416037594

4,737536968

8,840432491

6,684489837

4,922341444

4,393098623

1,052872143

-1,195172763

-0,001504993

0,445703343

1,227844807

4,913275826

7,556667299

8,005685604

9,417246225

9,601066637

6,478973458

5,364252346

8,13945613

10,17661624

15,19452995

25,94849696

29,0080529

22,35888892

19,21647436

21,94362074

26,6402778

27,30346898

22,67110447

19,71627696

5,167679962

-35,5975853

-74,29689807

-93,661368

-114,882923

-109,4498856

-56,82001913

-44,99485862

-95,1716927

-125,1755587

-156,2127987

-228,9325663

-139,3799196

189,5626442

347,599635

115,9330503

-213,766265

-191,259036

197,791364

363,8778031

230,955213

215,7279473

271,2325616

253,0988869

241,0125043

252,5130469

251,993223

248,1229365

249,9288289

250,548096

169,1151776

-13,73216598

-66,14588712

54,1629316

122,4095428

112,9357512

63,8302048

-1,397760025

22,88328886

108,7889517

130,3227939

129,6547043

143,2991668

109,9119902

64,33255791

38,59314756

145,913438

303,3100942

221,8224157

73,85536961

94,5350752

137,5272573

116,5089755

131,4917879

189,1555208

195,2645412

129,2904213

94,76734017

141,8453411

192,8130816

191,7175566

133,271809

85,89115983

95,92651358

102,5021914

66,0037558

8,286678543

-15,05573852

1,479739668

5,029632711

13,30534244

51,39372196

64,67747437

44,85160933

40,71783648

46,67072056

43,79490813

41,42442193

40,47357438

36,39776006

31,32670083

26,6079592

21,72094527

17,16976025

13,52063252

11,13175196

9,419380017

6,981142076

3,362864427

-1,311425389

-6,774200732

-12,66170596

-19,37234321

-25,74889186

-28,62862412

-27,99574592

-27,70481273

-30,00438611

-33,24374332

-34,27595852

-31,87659679

-29,01362835

-29,93441213

-34,95990501

-41,26216873

-33,95907155

-6,223060145

8,571711499

-0,41133119

-3,027658775

-16,3009234

-61,83224492

-89,45584052

-83,36104114

-88,16763082

-75,76884341

-13,69422041

19,4798076

-1,202913055

-6,75101363

-42,0996726

-154,8418097

-212,3091396

-177,5196267

-170,1164866

-187,3710472

-179,9478166

-174,4276565

-180,6185884

-182,8921604

-178,2227456

-163,0021025

-139,0012088

-119,8173516

-111,7218182

-125,8258136

-155,2411977

-151,7251265

-118,6958422

-107,4393326

-40,4623844

145,6607232

265,2707989

246,2184942

239,5215753

256,5956814

250,6370812

247,2520079

250,7580448

250,497451

185,1542674

30,16940108

-45,40760887

3,062375755

15,68616004

-38,76660608

-102,4622229

-114,7938238

-15,52427179

166,3706951

215,9554604

41,15143245

-60,00232286

5,120935471

20,03547927

-38,50707644

-124,9599438

-179,0923523

-111,634317

-49,78163194

-91,34215052

-126,6014485

-133,3114514

-166,0959085

-204,3897075

-219,0514294

-219,5938926

-216,5351274

-201,8592154

-174,1922657

-150,1533111

-133,1016915

-113,4778935

-100,4632866

-98,87351468

-107,2027447

-125,7695561

-123,2796309

-100,3159245

-95,23711114

-8,651386763

209,9966507

313,5018386

244,590242

228,4023802

260,9856329

252,8846219

238,195744

214,0719439

157,4239925

80,01249289

6,103885586

-16,91588056

2,685509649

5,241082447

-8,574667502

-0,034869765

41,13775726

25,34759926

-76,67099438

-89,84502706

1,905237211

23,10200904

-9,080993465

-4,609470367

5,19043926

-0,540682144

-1,617655969

0,86962192

0,210764234

-0,39738736

0,091533153

0,102910752

-0,075639945

-0,004897045

-1,178527776

-3,698283146

-3,612940238

-0,996557758

-0,129143642

-0,20731803

0,926107389

2,50626374

4,297906359

6,400815438

8,540965798

10,55170779

11,31020581

10,9485513

12,11983034

14,69571345

16,44770171

19,67247734

27,0062208

34,66088578

32,17565148

18,8329939

15,45196318

27,45231505

36,04925495

37,51784451

35,76738585

23,68992428

-0,896270965

-29,95118839

-27,8096373

21,67383696

40,80024313

-1,150807313

-36,22774273

-88,28539396

-195,6637934

-257,0495699

-114,6121049

197,2611955

336,0579988

242,9225392

220,5838018

264,9480805

254,0046801

242,8669853

251,4143123

251,7942674

248,5968115

249,8010616

250,4331747

249,7403643

249,8058695

250,0246895

123,7590716

-177,142067

-307,835964

-183,0077353

-126,6183734

-137,2456234

-129,4291878

-186,8711923

-219,8332361

-159,0686793

-109,7914548

-8,779863946

210,7925463

312,1792638

244,3744436

229,0399859

260,1322828

251,1680956

244,0915472

251,5085384

251,3673825

248,7188627

249,8896773

206,7388256

115,8700468

107,6216557

131,3914196

33,71387326

-39,10506017

0,955976534

14,04418163

50,35798081

154,9727691

142,5328744

70,58781311

109,7891346

110,4970202

8,73977769

-27,71397406

6,090627017

7,681613259

20,91750432

89,21178957

119,7602369

88,67452474

69,34811398

62,94414374

48,64334041

42,38144839

43,16588441

41,23932935

38,63699267

36,67559357

33,70182273

30,48032724

28,40040352

27,85961604

27,09384104

23,77255156

19,19237805

15,12787943

10,8623115

6,36427809

3,287197484

2,468913921

1,530542625

-1,743355432

-7,313115327

-14,87028917

-22,12096725

-26,4797484

-29,42229009

-32,62188596

-34,24570695

-33,90034968

-32,55448973

-29,44176257

-25,59624256

-23,57705981

-23,86813027

-24,82511483

-24,93986797

-24,61433162

-25,03907688

-26,55168478

-28,81668757

-31,99277281

-36,75376654

-42,44900406

-48,2710133

-55,50261769

-64,18040617

-72,41355889

-79,42800706

-85,2272104

-90,65178754

-97,15606285

-105,6333659

-116,0265483

-126,7377472

-137,6301165

-153,5036558

-174,2227422

-185,1625669

-182,6539056

-185,3328321

-196,0112698

-202,7698657

-204,7358815

-201,5840074

-193,4101435

-184,9908801

-174,4524391

-156,7497814

-135,8771434

-119,8676147

-112,729348

-109,2941433

-79,18479522

4,522422801

106,615807

160,0035281

160,8888848

164,1431392

191,0049891

226,8269383

252,8039254

254,202622

247,5078198

249,3199463

251,0189515

249,6507842

249,6219097

250,1200032

249,9216864

249,8276991

238,1490943

161,3439225

5,701792883

-97,13557468

-67,02966629

38,80741024

114,1817948

-2,668208362

-162,0126299

-91,67511766

-8,049932352

-74,94275896

-100,5182246

-66,11186397

-62,87102549

-63,9106101

-56,08441159

-59,41685673

-70,95994608

-91,7915309

-124,1733003

-153,5190475

-168,531906

-176,9495335

-188,7455647

-198,4636466

-199,6243752

-193,8424003

-183,0493714

-174,0133888

-171,2563167

-161,8185864

-138,7553226

-122,0561742

-116,5587371

-95,39008349

-41,87427757

40,56748531

136,334948

216,8003445

255,2711485

254,4008067

246,9172464

249,4383596

251,1885375

249,1088776

236,6273353

193,4033418

132,7484294

86,88890853

45,55480503

-7,933716836

-56,67943725

-80,63347857

-74,08774624

-48,18059156

-18,1268568

14,6020328

26,67049208

-20,93558013

-77,20344571

-65,37334929

-33,91038106

-34,49041164

-29,96657394

-10,72559396

-0,416965841

2,954697684

6,889319847

8,872488809

8,430477042

9,627014517

14,62700042

21,38528558

26,92968818

28,6280095

26,56342166

24,48624629

24,09651632

25,70587457

28,36305719

27,00347016

17,15829295

-1,650532348

-24,55034723

-45,46601395

-66,34750764

-91,37576984

-118,1018895

-142,4477578

-161,6432934

-175,2447211

-187,3603097

-199,7781781

-210,0993901

-218,5860073

-225,1962216

-227,1658412

-224,6369439

-220,1796195

-215,6187169

-211,2296406

-205,7900563

-199,6415964

-194,5788067

-191,1449042

-189,3243463

-189,0527373

-190,4961163

-194,276655

-199,4748399

-202,9527049

-202,6522166

-198,7648688

-190,2803453

-174,7865101

-151,8427884

-123,1110124

-90,27241204

-53,19166841

-9,495712275

41,61194241

97,79070789

155,2216332

209,5970335

184,0988702

36,51165347

-47,22451914

1,495506018

16,99991868

-7,785217131

-2,760595564

3,920182946

-0,660218796

-1,11696345

42,39535518

122,8194049

132,5193537

97,06823072

115,9206999

157,3488481

202,5201147

249,773612

259,7407267

195,0600864

87,32836457

77,30798056

142,1016012

133,1741038

100,4815842

112,1711582

121,5735786

117,3998455

117,815732

118,9537745

113,5383058

102,5651677

87,46211824

71,47367873

61,52260842

57,26429732

52,50983509

48,7388908

49,70103382

52,52493658

53,09078735

50,29771765

44,82228298

38,26000622

32,57925086

27,75177668

23,46776291

20,18154113

15,77354811

9,556381633

3,530328683

-2,536429922

-10,05993977

-18,1690283

-24,42560867

-28,80374372

-33,25435809

-38,48328281

-43,57137597

-46,49135464

-46,5836453

-45,96691956

-46,49203727

-47,78264559

-48,33669536

-47,78010012

-47,3167592

-47,70350422

-49,16931234

-51,94771608

-55,86273238

-60,71637768

-66,01559818

-71,20341754

-76,66560125

-83,09096918

-90,17989186

-96,8051489

-102,2192097

-106,6794365

-111,2687017

-116,4029554

-122,3450688

-131,7569218

-142,8657481

-151,6840184

-162,7304701

-175,3312884

-182,2781743

-184,3452874

-183,1741663

-178,272878

-174,203539

-175,1809727

-176,8776252

-173,5628053

-164,6675687

-150,0173789

-130,6186106

-113,2407803

-102,5901432

-82,95499156

-24,56964876

68,38444699

141,2698596

158,9990862

159,3145185

181,5856697

214,0096592

241,9720506

255,0461974

250,598007

247,7901604

250,551114

250,3921139

249,4774347

249,9170547

250,0580393

249,8427252

198,2460321

33,82249373

-124,1908646

-133,9056869

-61,73157022

36,91492776

128,6386952

59,1216893

-116,0459616

-135,1018561

-56,60565469

-46,54332317

-23,20479998

15,7486858

3,316964912

-7,25091216

-31,35834952

-115,1922752

-168,5427235

-158,2017238

-168,1802149

-198,2637185

-209,0205509

-208,9918458

-201,5623993

-179,1245139

-140,9915602

-102,9389961

-87,79420377

-84,77596754

-59,2183943

0,669225371

81,80237639

164,2979866

226,6865812

253,9172786

252,8292814

247,8388714

249,6454284

250,768752

249,6392881

246,5677194

219,753187

146,8619995

50,95770457

-28,33288792

-66,40737826

-55,23746148

-31,53758577

-17,34254714

11,58811381

27,3443789

-4,665076594

-37,92332247

-36,8094027

-20,93836164

-7,907693076

0,671112693

5,865412037

6,798711861

5,436522899

6,779503065

11,96576454

17,89893821

21,65702662

23,83801845

25,06835029

22,56021089

18,52270793

20,41299054

24,4590967

17,86644345

-1,081522134

-24,32858919

-48,51031879

-74,72636963

-103,0012479

-131,2449979

-156,5636327

-177,7305673

-195,7944145

-213,1451147

-231,1406498

-117,7375064

187,7669294

340,9374872

244,2864107

218,2729158

265,4320525

254,6232314

242,4358958

251,3750115

251,9639587

248,5397046

249,764665

122,7361805

-123,9341405

-120,6580426

51,4876202

28,14840838

-31,17249904

-26,66393173

-84,15139239

-104,0181667

-32,26405981

21,90031041

29,65677507

10,46669914

-8,018631334

-1,455633661

3,633159346

63,17356567

181,3203941

205,1689236

202,425162

262,4731228

236,0191325

167,7229884

214,9178262

253,0107732

161,9204451

94,80905096

129,8646285

157,4653504

163,9559971

211,5463768

259,2020259

256,2172292

210,9993732

134,7517708

96,05294088

113,948844

110,8713171

93,53345322

100,2920744

108,0755519

105,8478679

106,0224574

108,5243998

107,0163001

101,1607487

90,83854123

75,91387895

60,18230144

47,565944

39,40001799

34,37283633

30,85415842

30,27683029

32,8123945

34,57968779

34,40433181

33,98393955

32,45848476

29,14524652

24,21545347

16,71878223

8,516648243

2,169843329

-3,063278116

-7,3494983

-11,10015152

-15,77689714

-20,27079413

-24,01385284

-27,6919471

-30,02134036

-29,82743686

-27,98336478

-26,97362957

-27,60230706

-28,03766166

-27,94850681

-28,43172741

-29,88887769

-31,88329811

-34,53001246

-39,07285508

-44,96983895

-50,08370546

-54,45422807

-43,28946417

-7,94472639

10,85646799

-0,478733382

-3,855507144

-21,9880188

-82,92204091

-119,2697473

-108,5783222

-110,2878795

-126,3871534

-133,6284355

-142,0066549

-155,1597706

-167,8750374

-131,879739

-23,43576828

32,93021353

-1,69928535

-11,58927222

-53,54452035

-195,2258629

-251,4417067

-183,2267735

-162,9735868

-176,3892106

-147,2170354

-115,0402332

-108,4785833

-108,6607097

-75,09363788

13,80741649

106,2711834

135,4289758

128,1977907

143,7943232

179,71175

225,7610544

258,7988749

253,9130696

245,2063755

250,4330636

251,3634355

249,1120006

249,7249531

250,2683808

249,8229065

249,816334

236,0445392

169,9079893

57,19192626

-13,82329394

-7,751678449

7,085321892

-0,042164104

-21,07293134

-83,64980119

-124,8662578

-70,07586426

-38,67548788

-57,24595584

-16,56180695

19,14125743

-0,840764695

-6,655827062

-20,19914905

-82,20820164

-125,2222256

-124,9654744

-136,9655744

-117,0032225

-21,16229913

29,94222641

-1,770924707

-10,41561484

-48,82127899

-79,76680693

-127,2738021

-38,8097018

-82,89782591

-82,17328924

-73,79190452

-63,5831764

-35,72645401

32,42317195

120,5947473

200,135301

248,8505518

256,5017174

247,8101421

248,3982689

251,2940327

249,8637279

249,4348522

233,420066

145,3152655

10,3357659

-32,89645742

6,448828288

9,570899607

-15,21353008

-24,24831406

-5,091524856

30,97665195

27,08927539

-22,55503016

-51,15179908

-38,79613045

-26,00665906

-22,84621327

-11,97430187

0,717809618

2,292199915

-0,951793378

-0,457817226

3,251516124

10,02691063

15,93171125

18,42440131

23,12637823

30,25821393

33,93044604

32,81887255

28,73059374

24,35089641

25,52580394

30,13973741

25,9670026

10,26259394

-11,15603

-36,81748225

-64,75425497

-92,13996561

-120,2015866

-147,789205

-170,8899384

-188,5960922

-202,8282718

-215,8190715

-227,5142547

-174,5540685

-29,43739933

43,22085834

-2,705605492

-15,01096891

-55,76613158

-212,3647892

-287,9411137

-230,8838789

-215,7346383

-237,9808702

-229,6723613

-223,8543962

-229,8078113

-228,8695505

-221,9096726

-212,341076

-197,9443552

-178,7179607

-155,8556458

-130,3640239

-101,5114453

-67,45059176

-28,35304151

16,10857375

67,08773369

122,8022569

180,7455148

231,2450926

254,7775734

210,8078927

147,7733996

112,331915

-55,24598137

-141,7192859

158,9751275

363,2977826

244,859538

167,2137707

128,9074079

88,10642709

122,7956006

151,7752465

184,9577668

249,6770062

265,4165382

235,7566477

181,0694679

99,12783799

73,46517326

103,0382907

102,5534156

92,63363638

102,7504726

109,325269

108,6074453

108,2919953

106,8111331

102,268607

94,1817584

81,78062554

68,60735663

60,5080274

55,63093886

48,68679367

50,15497928

64,90711715

68,05561308

54,61531612

46,29789164

42,44222843

34,3510001

27,14400789

24,87834071

24,13030309

25,92934405

31,73976463

31,2581265

24,53451978

22,74049386

17,66938415

2,130148528

-7,596626852

-7,48931287

-10,91433958

-12,3121653

-2,802302079

3,357807966

-0,063147227

-1,22206691

-6,125473452

-23,06799796

-32,18335588

-26,36197247

-23,2909318

-18,39484746

-2,826859601

4,65457605

-0,458898077

-1,539200945

-7,990958853

-31,32626609

-46,71516413

-45,41878788

-49,27090532

-58,74163309

-64,27980534

-68,64423684

-73,13114297

-77,6189164

-83,05169023

-87,70825132

-91,04799741

-95,87485739

-104,1000869

-105,4648299

-92,01331555

-85,35338314

-96,08440135

-106,1386809

-128,9577221

-177,4493336

-205,4464759

-198,5143786

-197,0350373

-197,8135965

-187,1407491

-188,3245947

-200,4337132

-202,6033074

-148,0918754

-23,80171275

36,18152646

-2,509025818

-12,47261723

-34,38387306

-131,5638197

-165,7079816

-108,5860596

-90,95507008

-35,18596086

152,467906

266,767537

241,0219456

239,6955061

258,6028562

249,6976481

246,9378946

251,222606

250,4146639

249,2291715

250,0130479

250,1060729

226,5565477

129,2957372

-21,01105303

-102,3681251

-81,61649486

1,399016145

124,608459

129,7274563

0,401734289

-34,26324339

12,30538899

7,326006579

-19,705977

-41,14732016

-53,86711733

-50,59777993

-53,18507172

-65,93255648

-78,65646378

-95,40750078

-117,1007894

-136,6216329

-109,7582276

-19,29509723

27,45533861

-1,530827057

-9,610390178

-43,1727847

-167,7304972

-240,3561235

-204,1610751

-179,5139543

-177,7885347

-153,9963605

-130,5381969

-124,0092628

-121,0252887

-105,758219

-68,880602

-1,605110223

89,01282759

174,0645824

143,2434435

-26,05170862

-64,28447333

93,11111803

195,7250783

218,6720398

248,6873962

257,829825

247,6094482

234,1635253

218,1219881

233,6285086

259,7997953

252,8549117

231,152497

153,331325

15,18149953

-36,04401123

5,770574216

11,01721136

-23,08669422

-51,50881

-56,31978596

-44,7703059

-38,54015471

-27,22941206

-11,1014187

-3,790406107

-0,795727942

3,022159276

4,383149004

2,275322773

0,454745815

0,283433684

0,843525607

1,104644134

0,303924034

-0,318377831

-0,006599047

0,1209868

0,254695098

1,250886365

2,241166758

2,562983586

3,340252443

4,787674513

5,585976508

5,315735674

4,194975737

2,109882316

0,173143345

0,134326258

1,081208615

1,153998259

0,532487868

-0,206167783

-0,846813754

-0,95373376

-0,623338501

-0,727011452

-1,531647887

-2,52394031

-3,487690674

-3,927866883

-3,540727205

-2,332499265

-0,375204512

0,552940817

-0,029610181

-0,195008102

-1,088055963

-4,276644563

-6,538864532

-6,239046609

-5,766512259

-5,624784885

-5,379816284

-5,429227739

-5,27090794

-4,775036078

-4,478412724

-3,901337082

-2,81149971

-2,177647788

-2,218308841

-2,094265701

-1,523824842

-0,870127358

-0,462046139

-0,425232123

-0,365302195

0,124171179

0,796322438

1,249153356

1,247109863

0,709744067

0,030898382

-0,150224886

0,033726725

0,042154985

0,430538205

1,684126374

2,491762294

2,145328199

1,753744409

1,755047915

1,709623806

1,626008316

1,658077417

1,58134267

1,307111157

1,078452746

0,944277352

0,829786063

0,7379616

0,642953336

0,55871586

0,49969058

0,337460736

0,202002332

0,242174283

0,122558962

-0,074494612

-0,022326217

0,037408729

-0,007983084

-0,009913453

0,0069836

0,000599575

-0,002733591

0,39100578

1,329829908

1,768715683

1,457894067

1,364060294

1,381524994

1,116852852

0,959801798

1,102304989

1,387373647

1,677279944

1,801149922

1,7069699

1,526152274

1,324168449

1,114614883

0,942837667

0,835965981

0,829014057

0,940699263

1,098837411

1,260743721

1,415764576

1,447064732

1,387819242

1,417730426

1,457014242

1,442698771

1,532677605

1,666860524

1,654187576

1,566517843

1,569831606

1,635012732

1,649929663

1,592078022

1,580227983

1,743921177

1,985034353

2,120507315

2,141131165

2,027148772

1,729668258

1,464139233

1,361189948

1,329821408

1,435702381

1,662153528

1,766887671

1,65788051

1,495305136

1,466537661

1,624498193

1,766301658

1,672365372

1,74021275

2,275653633

2,580302013

2,337479108

2,15239127

2,266093353

2,417648714

2,433758948

2,332572393

2,209039661

2,27507589

2,47117346

2,390003919

2,138730802

2,087433264

2,098226409

2,023889761

1,965166702

1,965125023

2,039186572

2,072285072

1,982740014

1,886927831

1,791923919

1,611913151

1,567231182

1,868354954

2,027340891

1,787551086

1,56165248

1,205989836

0,647797552

0,621135674

0,978234584

0,928462817

0,672822642

0,607619353

0,757845232

0,946282771

0,891506299

0,827347002

1,006249082

1,197747867

1,385832606

1,723505735

2,059848548

2,290933282

2,469067745

2,590907228

2,734298526

2,88413401

2,867514999

2,741151345

2,669575495

2,659276937

2,688804181

2,719336586

2,666315572

2,468722412

2,140825687

1,40302009

0,200463456

-0,330130647

0,027025744

0,112358938

0,369645328

1,43718037

2,040547598

1,899841029

1,960496353

1,525506987

0,198642677

-0,374511303

0,046516365

0,119929852

0,18901789

0,862856681

1,224684329

1,033503374

1,00819606

1,194801929

1,382946558

1,485203681

1,373557599

1,174543267

1,05829281

0,949041157

0,852803459

0,976662632

1,2145713

1,318561531

1,370753506

1,369618343

1,18951206

0,898983178

0,554667535

0,276488319

0,22621613

0,372349981

0,724735221

1,103492689

1,220002813

1,255419662

1,360527192

1,403808199