-0,0827171912106459;
-0,321927651286318;
-0,441119657521448;
-0,36054832387572;
-0,343677501749935;
-0,287009329320385;
-0,0473044523285882;
0,0732934752955217;
-0,00619772671879855;
-0,0246735496694745;
-0,0812322501260859;
-0,319709860057648;
-0,442430399418346;
-0,360842106956478;
-0,334235631404951;
-0,370025730721345;
-0,366028490774494;
-0,358172148713082;
-0,364730452445844;
-0,367196346350573;
-0,364907381935321;
-0,363047374513219;
-0,362344572544514;
-0,363867505445372;
-0,366102428603435;
-0,366295174023995;
-0,365045745462751;
-0,363662403888376;
-0,363785282911519;
-0,364619068893649;
-0,361388222214216;
-0,355728217341887;
-0,354728625941465;
-0,3594900154258;
-0,364146384830125;
-0,363034828071741;
-0,359013803124332;
-0,359863695411051;
-0,363530945411049;
-0,360246989209656;
-0,356172876553557;
-0,364109756475683;
-0,369068376855995;
-0,357442457878799;
-0,349681586385288;
-0,356684678784018;
-0,36318768718739;
-0,361448902887192;
-0,355567614559187;
-0,348650820006778;
-0,340904930229795;
-0,335515067365102;
-0,33991494131515;
-0,352723780418805;
-0,359992152693636;
-0,355274055992401;
-0,349961075857038;
-0,352397714007272;
-0,355614733666523;
-0,355522439860322;
-0,355743866780391;
-0,355881584627402;
-0,360261484286751;
-0,377327103858634;
-0,397783472904217;
-0,402099681861463;
-0,389878080128447;
-0,379345696065521;
-0,378043149519067;
-0,374453954860597;
-0,365264167172737;
-0,362888405441994;
-0,364841042737502;
-0,356702665382038;
-0,345154706772663;
-0,341767188396692;
-0,338874344604526;
-0,330375996756366;
-0,320587700288902;
-0,313363009679642;
-0,312104332105424;
-0,315347212772634;
-0,31663966811349;
-0,316070713585145;
-0,317647282717289;
-0,321577485113322;
-0,327786738713427;
-0,336098826259538;
-0,342683505915057;
-0,343981125225365;
-0,254429293239921;
-0,0409575832645914;
0,0623187383949539;
-0,00437385699776069;
-0,0214546704856684;
-0,0794155024724565;
-0,304969422137999;
-0,418893085635779;
-0,345057621122149;
-0,328794937375883;
-0,36385255446156;
-0,352860005211145;
-0,344408845034687;
-0,352545956888216;
-0,348268799243715;
-0,339972078050246;
-0,34101079174811;
-0,344433710333055;
-0,347332370491334;
-0,350147207387171;
-0,259730499871812;
-0,0411193887607336;
0,0636309742391596;
-0,0047646419590123;
-0,0217734684511792;
-0,0757847150253059;
-0,298707442276121;
-0,424225083566363;
-0,36135355713617;
-0,330021235784921;
-0,347032717238092;
-0,343163602590632;
-0,346963919187244;
-0,353771268940663;
-0,348848720997972;
-0,346237130145927;
-0,346567988886459;
-0,341984923485511;
-0,338381064372328;
-0,341466290074303;
-0,346418758312425;
-0,347354157088775;
-0,346370668406357;
-0,346751150799789;
-0,346658462929638;
-0,345791420427616;
-0,345666651073108;
-0,345513706597692;
-0,344762548796189;
-0,34547153939999;
-0,351299593908537;
-0,357965623468629;
-0,354661793254491;
-0,346294129741366;
-0,347908550117806;
-0,355788452648275;
-0,356000980189846;
-0,351005405736907;
-0,349905895922073;
-0,351083226556539;
-0,352763799968937;
-0,356157518342091;
-0,358002359833807;
-0,357308849320527;
-0,356379313143523;
-0,354438701757227;
-0,351364008423795;
-0,349995272304316;
-0,350199946117479;
-0,348636821265011;
-0,344966571107665;
-0,343028562756115;
-0,346645798238584;
-0,352497315922671;
-0,350745168529678;
-0,342592760231717;
-0,34083983273789;
-0,344322582171508;
-0,341926700628125;
-0,335353234698908;
-0,333956226450568;
-0,338861904072906;
-0,337475578334804;
-0,321999596982142;
-0,306088613402749;
-0,305507350353495;
-0,318976383026504;
-0,3293410220351;
-0,319638599915809;
-0,297716305796683;
-0,287189918973346;
-0,300502873242306;
-0,324868206336004;
-0,324441744754606;
-0,297870319231425;
-0,292744203480486;
-0,317096219835933;
-0,335253037166566;
-0,342670869831474;
-0,339552620166361;
-0,238424773953812;
-0,0318670430319719;
0,0568301658323914;
-0,00594091283420822;
-0,0187468658228692;
-0,0792715776992835;
-0,300445425539217;
-0,403950683706813;
-0,323750399714139;
-0,313654335428063;
-0,273874258756107;
-0,0503177943665762;
0,0709701097019966;
-0,00432506547327426;
-0,0246049172835621;
-0,0576718650506639;
-0,242460978232585;
-0,332684960866609;
-0,215839215886503;
-0,133527290028932;
-0,12079217525224;
-0,032917655157051;
0,0336064263719212;
0,00128551507922057;
-0,013063633778258;
-0,0455911484382081;
-0,173702451418086;
-0,244562237390721;
-0,201986988307295;
-0,185197764535752;
-0,155117634384397;
-0,0286114073806538;
0,0399456007880846;
-0,0022576043376827;
-0,0139346131841756;
-0,0550532245432058;
-0,21222447261888;
-0,298276380484774;
-0,249652682855684;
-0,225017947729999;
-0,177561997006461;
-0,0282605948117977;
0,0446772567307379;
-0,00387332050484074;
-0,0150174573095266;
-0,0566004788316475;
-0,216538704767467;
-0,294053169346024;
-0,243189810443461;
-0,240652376568893;
-0,202377484705327;
-0,0319018741457473;
0,0516340931375877;
-0,00495620055995795;
-0,0171216845906735;
-0,049581360806843;
-0,198377997725678;
-0,272361894015521;
-0,218478226895557;
-0,204354483985827;
-0,172766319289625;
-0,0300050327862482;
0,0444269739447684;
-0,00326304919581566;
-0,0151659575653976;
-0,055017441542263;
-0,20931695477432;
-0,276692072746531;
-0,204284376953819;
-0,186254150771455;
-0,241051056081285;
-0,271344415966593;
-0,272343653897028;
-0,27260524305142;
-0,260244229089797;
-0,233152998843066;
-0,243703169910395;
-0,286006795887271;
-0,305581300873583;
-0,316193181830204;
-0,315503120656831;
-0,274272055235286;
-0,25003186915745;
-0,280073904932796;
-0,305825110020852;
-0,298471419670307;
-0,274717317374359;
-0,261352861559159;
-0,283107245551273;
-0,304527284300554;
-0,218269746287274;
-0,028257903031296;
0,0520518204736758;
-0,00583961911987275;
-0,01699307708137;
-0,0561592560391096;
-0,214939889412243;
-0,281063175205868;
-0,225952190862893;
-0,241478212729172;
-0,281080388103792;
-0,252328036247158;
-0,221144998098897;
-0,232107116588229;
-0,261093201913786;
-0,205033930444315;
-0,03275177757886;
0,0509146457703466;
-0,00403287756940191;
-0,0173033632420225;
-0,0703993788056637;
-0,280001122670593;
-0,412769696325544;
-0,364586488296145;
-0,321808442290577;
-0,329320404299376;
-0,328631636234943;
-0,328723818071252;
-0,332584009232081;
-0,323346076091642;
-0,228613305320196;
-0,0338474698738352;
0,0550866424334564;
-0,00465152064961878;
-0,0186442670971536;
-0,0703049523134134;
-0,269717099628761;
-0,365541933986058;
-0,293462645062881;
-0,281575303971221;
-0,242455068479966;
-0,0425733288682705;
0,062638014783906;
-0,00455077146158639;
-0,0213962529211752;
-0,067333609903974;
-0,268081808063535;
-0,379925467322627;
-0,320327730880832;
-0,292976779054832;
-0,234003868968069;
-0,0383389965826711;
0,0590744083108741;
-0,00475547908636519;
-0,0200133855335323;
-0,0703852734917181;
-0,271800281691444;
-0,371739853462146;
-0,306486492798373;
-0,297325630608763;
-0,330139961321016;
-0,315552400171331;
-0,303199355993661;
-0,312973297509428;
-0,320027554834903;
-0,317515145188036;
-0,313338467011532;
-0,314608624892625;
-0,312454099938641;
-0,300256196638778;
-0,216602452624252;
-0,0350776910799406;
0,0528023503739331;
-0,00349022114530241;
-0,0182818733721738;
-0,0623447012598649;
-0,244625951917415;
-0,34275740242386;
-0,288964849426119;
-0,282476811560389;
-0,242009590115381;
-0,0434404703063376;
0,0624682530216267;
-0,00411210826572051;
-0,0215290461152671;
-0,0735481529723619;
-0,284598076388009;
-0,389324791588434;
-0,315442212909713;
-0,297300560375221;
-0,247121362850216;
-0,0398032933634605;
0,0631084409236696;
-0,0057279861160227;
-0,0210710819132611;
-0,0772755098835551;
-0,294513568368482;
-0,387872584500648;
-0,299735363821516;
-0,301560275179667;
-0,336628751098897;
-0,252019047124536;
-0,188787627692064;
-0,238253941992199;
-0,284100400103935;
-0,254444696198526;
-0,197253337088066;
-0,175131897477009;
-0,194091694605325;
-0,214938615248564;
-0,1635674357648;
-0,0263588164810548;
0,0401358129083578;
-0,00284181568263891;
-0,0138044263722444;
-0,0535911162035017;
-0,210926454416849;
-0,301829386088852;
-0,254911804353673;
-0,225166953318653;
-0,175732029794347;
-0,0284248370891447;
0,0442438165987128;
-0,00365686812703895;
-0,0149503365732842;
-0,0555613795118187;
-0,214497498357878;
-0,299499746183583;
-0,260598344171691;
-0,255847787010588;
-0,268127095813497;
-0,246540562061809;
-0,244602149687831;
-0,266805249912157;
-0,273616068754368;
-0,262012552860658;
-0,25679424697798;
-0,259220804261163;
-0,254433174533224;
-0,251464719582605;
-0,262540993695614;
-0,271139195910438;
-0,261326262020036;
-0,247106192834208;
-0,242692252240424;
-0,24496904704543;
-0,250096290735154;
-0,251834878028832;
-0,247301685116251;
-0,244944761187655;
-0,183637675311653;
-0,03053145064652;
0,045328816304398;
-0,00294956561616018;
-0,0156976625479142;
-0,0598331435886636;
-0,229005768444501;
-0,314230185209091;
-0,260099576863059;
-0,252179358833757;
-0,211385171764112;
-0,0343743388750241;
0,0540439818667618;
-0,00479732450496759;
-0,018090661211202;
-0,0596528161828708;
-0,231665939974865;
-0,312071437904235;
-0,244536775541159;
-0,23556323955293;
-0,213360986195185;
-0,0432197278991499;
0,0560526899873846;
-0,00211472881141139;
-0,0199884402693163;
-0,07601643878475;
-0,298299664305733;
-0,427928804704451;
-0,367152525023591;
-0,334857056385011;
-0,342919762607445;
-0,336256133486353;
-0,358905821980082;
-0,375959921139027;
-0,356749226282366;
-0,318896508429027;
-0,277009596631849;
-0,240236618070581;
-0,208218045664634;
-0,21141854652094;
-0,24465393880948;
-0,253223002832571;
-0,256392733166929;
-0,270074999685013;
-0,269139238109463;
-0,274753945523125;
-0,289123849886912;
-0,280442236249961;
-0,249783698394102;
-0,234203996143911;
-0,262968308483646;
-0,31501925328477;
-0,346965662239131;
-0,342507997686959;
-0,318169723591231;
-0,2920463950002;
-0,275051781562888;
-0,286947765271691;
-0,330965290811644;
-0,360912451398981;
-0,257540355501846;
-0,0307512335036189;
0,0613741253202786;
-0,00795834998646974;
-0,0195617195969925;
-0,0701929183807183;
-0,273599416697722;
-0,366652319223585;
-0,283882966958975;
-0,259101239213048;
-0,301008736456834;
-0,314119456188401;
-0,305183496320894;
-0,289280141984702;
-0,279631358221407;
-0,288083869931743;
-0,305105655979442;
-0,308127569932727;
-0,302193357880587;
-0,306569258449246;
-0,232375810420163;
-0,0374989760435632;
0,0573664863499295;
-0,0042155622984243;
-0,0196519588552043;
-0,0724347507432225;
-0,273607045155895;
-0,367484935007849;
-0,30408208876977;
-0,304875692049692;
-0,334860446370901;
-0,319783097298953;
-0,325548302914351;
-0,336880792224362;
-0,317544170040393;
-0,301929946745671;
-0,30622959547711;
-0,311484864989686;
-0,313365960114452;
-0,314086783397089;
-0,311734622704757;
-0,311663162237654;
-0,320747525682831;
-0,327505652835448;
-0,312626242886571;
-0,286396513211181;
-0,27527038033208;
-0,275309396458141;
-0,265947527378295;
-0,256421261475722;
-0,272954702649052;
-0,306469459436552;
-0,321818308361127;
-0,312569208579454;
-0,297033702700774;
-0,287398198846475;
-0,289652514156645;
-0,298417774297884;
-0,300664952483456;
-0,297362843281176;
-0,295114788253125;
-0,29355453537333;
-0,295902903931199;
-0,300036392902095;
-0,298566740082362;
-0,299468232051373;
-0,311409679938673;
-0,331065584515849;
-0,334547230550669;
-0,292980268783413;
-0,180605933106021;
-0,022351341297712;
0,0410131538672819;
-0,00407933325419683;
-0,0136857419116722;
-0,0294141032385908;
-0,152681485587316;
-0,270400116749671;
-0,252784831104894;
-0,172160229402139;
-0,146192313202201;
-0,164252897591232;
-0,179402585421555;
-0,191724618165578;
-0,19280809401904;
-0,184548690860585;
-0,201290960947953;
-0,232982572462003;
-0,235785484922128;
-0,210088386646217;
-0,143234971457721;
-0,0235240174777823;
0,0343548361913933;
-0,00184514470542135;
-0,0121009954920952;
-0,0610673313037026;
-0,228712127888691;
-0,313846384023262;
-0,250856907896293;
-0,224370120292273;
-0,189065201772503;
-0,0358607489049174;
0,0488460882247209;
-0,00242649378060571;
-0,0171831157871042;
-0,0563207703613708;
-0,217718570246024;
-0,296755334283933;
-0,235973256573025;
-0,224135650443547;
-0,196173874344286;
-0,0366144804084308;
0,051058853706471;
-0,0029856788812764;
-0,017751214307414;
-0,0571360654155067;
-0,22174398590343;
-0,300547922008745;
-0,234737448532685;
-0,216922674782386;
-0,185920432503677;
-0,0326452454032475;
0,0481296464317959;
-0,00354623409532424;
-0,0164155943918675;
-0,0569882131925204;
-0,223427454315846;
-0,307868018141573;
-0,238435000230022;
-0,210853296340507;
-0,254019626583151;
-0,261831537186044;
-0,242596768058766;
-0,253384818500098;
-0,270872739883645;
-0,251837811870655;
-0,22233456322969;
-0,229473327005166;
-0,269760529244178;
-0,294206338400093;
-0,214637338063881;
-0,0314919161229645;
0,0516016227000906;
-0,00442017642821076;
-0,0174404833355509;
-0,0708384806502954;
-0,267420871904396;
-0,359857388660634;
-0,290563139394037;
-0,27271338011846;
-0,220432316316092;
-0,0321835266574546;
0,0555245798605908;
-0,00606671265101561;
-0,018105752663229;
-0,0801737098020863;
-0,291312358245079;
-0,354542324732927;
-0,224756599807456;
-0,204884710751228;
-0,210896754850604;
-0,0478754173747772;
0,0575731443334319;
-0,00116741656730438;
-0,0209144727861046;
-0,0466585903347073;
-0,18839171466696;
-0,268388229904826;
-0,233459737695321;
-0,23964153170748;
-0,212273396138261;
-0,0422962052518063;
0,0550709213934603;
-0,00199877039947804;
-0,019693270659032;
-0,0660503014182123;
-0,253830694787873;
-0,356689194644078;
-0,321978440409971;
-0,343429884813168;
-0,379037819689079;
-0,345415055706055;
-0,322158077788878;
-0,335418733759207;
-0,336690905371428;
-0,323502697180718;
-0,324924075164803;
-0,331429313258902;
-0,321607347538614;
-0,312723480264371;
-0,317158971187733;
-0,314304036575098;
-0,306050663922208;
-0,308852580236201;
-0,310406650342028;
-0,30322552449792;
-0,303531031612585;
-0,313415435088965;
-0,314116588141721;
-0,303237315277527;
-0,299789419447158;
-0,307912765664475;
-0,311562936803569;
-0,308356360169537;
-0,310092172784221;
-0,313059834582611;
-0,310073815380497;
-0,306057242428791;
-0,302803585146307;
-0,30441130577447;
-0,31518053413537;
-0,321374916552879;
-0,316443841466216;
-0,313875879023752;
-0,313310139663699;
-0,309759871499762;
-0,314387811620991;
-0,324646034211242;
-0,323919281054007;
-0,312177368707226;
-0,304116316148208;
-0,312194846864705;
-0,330128046722057;
-0,336173473607894;
-0,32784833439575;
-0,323151233407869;
-0,321271411119195;
-0,311351770459305;
-0,299537011707007;
-0,290684399643789;
-0,291300174707944;
-0,31652930040241;
-0,33725252330827;
-0,305456338685594;
-0,267028577417533;
-0,293771329602814;
-0,334391365234185;
-0,316254318223244;
-0,287824888517613;
-0,307105346594106;
-0,329812965028863;
-0,303273658798597;
-0,257671239420581;
-0,253969933308709;
-0,290571950155006;
-0,311097736188188;
-0,293789026119352;
-0,276000889576121;
-0,295189568704505;
-0,331244882023844;
-0,334938125914512;
-0,308301268162055;
-0,296489114523002;
-0,321156123135512;
-0,362905182208722;
-0,341188393435924;
-0,181535077649716;
-0,0433693824802265;
-0,143372239318827;
-0,320591887409811;
-0,257108242859813;
-0,020039221030492;
0,060124443477173;
-0,0117794978576802;
-0,0174319552775512;
-0,0456693490182366;
-0,192625477286706;
-0,256082485737174;
-0,188213619329177;
-0,169848956096253;
-0,214065562469717;
-0,237446076057232;
-0,241052320410858;
-0,243869278123505;
-0,243592814276392;
-0,243866633334022;
-0,251883629722472;
-0,251374251829866;
-0,238909631523424;
-0,239360464341658;
-0,247020786235809;
-0,242075536318879;
-0,242912557402068;
-0,258306978044126;
-0,264619700844812;
-0,261805692538178;
-0,261280724004248;
-0,253884619368685;
-0,241754738717711;
-0,239376324238706;
-0,243788511648119;
-0,246079635302567;
-0,248926192809443;
-0,257060919276005;
-0,266842413803179;
-0,268879662761296;
-0,261144158110246;
-0,252846142144665;
-0,247251121655403;
-0,240130556250886;
-0,241893048109244;
-0,255845265122483;
-0,256010975849473;
-0,245885441539808;
-0,252568531521037;
-0,257958944580181;
-0,248129390226923;
-0,247813431231821;
-0,256527056294103;
-0,255037850909161;
-0,25032684781143;
-0,254908754111774;
-0,264464930479963;
-0,26675288884093;
-0,255482594631731;
-0,240021069688898;
-0,228778712870717;
-0,218478773793704;
-0,212755776271322;
-0,221224793239171;
-0,235795308324339;
-0,233935535336708;
-0,217644901605968;
-0,211299938848945;
-0,222126563232032;
-0,241455607782626;
-0,26248521606783;
-0,2817751561453;
-0,300936090144028;
-0,318237780722371;
-0,307597719448377;
-0,252909100059891;
-0,201634127232552;
-0,218093919265913;
-0,27635961908607;
-0,221828624869526;
-0,0303754133187685;
0,0547262339245506;
-0,0062899054998911;
-0,0177419765140474;
-0,0601567863511942;
-0,247464422870257;
-0,361767942037225;
-0,298353561271406;
-0,22247791773146;
-0,148200782907515;
-0,0210359492581221;
0,0355851828044294;
-0,00332522411976977;
-0,0119056493059494;
-0,0623970737786877;
-0,235502033442713;
-0,322674900008522;
-0,258252436268307;
-0,229857439374588;
-0,188099125146557;
-0,0319155855990544;
0,0481167654331742;
-0,00372390534131859;
-0,0163486801407491;
-0,0615771761294697;
-0,236274244817119;
-0,321070331167746;
-0,257425059575615;
-0,246053818370705;
-0,284646390690819;
-0,286163268426581;
-0,287181750589718;
-0,305750975611113;
-0,317176656504627;
-0,308634930478073;
-0,286484077258953;
-0,28418075439992;
-0,305997470718557;
-0,318282090214763;
-0,32098325132753;
-0,326359156851083;
-0,324137937121666;
-0,315693045044335;
-0,317799156422856;
-0,326511600467766;
-0,322229939098066;
-0,308739386003391;
-0,309013535697636;
-0,320008365348636;
-0,239536816147963;
-0,0371608505408148;
0,0586117876572576;
-0,00467387280352178;
-0,0199316909532569;
-0,0733418591711186;
-0,282395497960713;
-0,381803408544989;
-0,300715074379186;
-0,284258804506863;
-0,247422417846979;
-0,0445010864319899;
0,0643191260860863;
-0,00442842581647225;
-0,0220674193367703;
-0,0677196856760228;
-0,267755242889013;
-0,372480381612215;
-0,30584530030659;
-0,285113086371706;
-0,236555770664695;
-0,0403394428339451;
0,0604707678127294;
-0,00457408704432857;
-0,0205944391285732;
-0,0705970198653077;
-0,272666330362285;
-0,371070867395973;
-0,301728315641304;
-0,292496338313273;
-0,33155368709901;
-0,319158129457598;
-0,295759850177427;
-0,296802563988379;
-0,311848355547785;
-0,313700489465335;
-0,291439016023323;
-0,276441760081101;
-0,295027050992581;
-0,318551773151108;
-0,316120955571108;
-0,305520428418612;
-0,308486384840661;
-0,316180824874694;
-0,306506102822243;
-0,281596641250167;
-0,275222688742445;
-0,295300485415465;
-0,303765178938774;
-0,279588484708649;
-0,253921235692503;
-0,265050724766991;
-0,299024297933988;
-0,305488243297342;
-0,292775418528433;
-0,303832915620227;
-0,307999485072463;
-0,281950368970849;
-0,269265981184178;
-0,28719940504086;
-0,231554942450952;
-0,0435429809885335;
0,058320934870482;
-0,00226343825351574;
-0,0208411172122394;
-0,0698184699291672;
-0,261945285686911;
-0,351182250879257;
-0,269742645979443;
-0,205838814757518;
-0,178576470492767;
-0,17527963965905;
-0,211049807666217;
-0,234584836836634;
-0,231360347979809;
-0,227522303761631;
-0,222089001368757;
-0,207831703243617;
-0,203625022971028;
-0,218190498366238;
-0,237042149899256;
-0,25061262591921;
-0,260007517640052;
-0,268639789157686;
-0,270393344197905;
-0,257401915911891;
-0,23973005453837;
-0,231789821330446;
-0,233048269460556;
-0,233372720582445;
-0,230686720497491;
-0,232939011183523;
-0,236454353604677;
-0,234190911888572;
-0,236506726050845;
-0,244959195361484;
-0,246663698421709;
-0,246218242012519;
-0,248150278848274;
-0,242516637271322;
-0,236542200358388;
-0,243889177868832;
-0,254748128694588;
-0,254483268142115;
-0,250128499270455;
-0,252644437764912;
-0,254188571592094;
-0,249313570942756;
-0,244403520651111;
-0,239421912175667;
-0,17343387639188;
-0,0266199335861851;
0,0421726616690967;
-0,00335197817578815;
-0,0143543561629619;
-0,0531888448289677;
-0,207165823497714;
-0,293585331072253;
-0,253830792030615;
-0,229840577537953;
-0,21993205363218;
-0,196970362166353;
-0,213982656878658;
-0,241612401343645;
-0,23169834278605;
-0,236006018367816;
-0,268982369608134;
-0,270987193005587;
-0,247680924762879;
-0,234455358142257;
-0,23880725779211;
-0,273137018388395;
-0,310203474183451;
-0,284479108745795;
-0,241977816839365;
-0,266838177050644;
-0,280471542808698;
-0,24095533256389;
-0,24988843933984;
-0,296949828345063;
-0,304308005720002;
-0,288740238705297;
-0,266475679342827;
-0,237369302813669;
-0,236431094635194;
-0,267234805939381;
-0,294846955179826;
-0,30924887599527;
-0,309446074851085;
-0,289722651417255;
-0,270497664655121;
-0,255059101609959;
-0,225816694627115;
-0,225874815257839;
-0,279455353609872;
-0,311070340715622;
-0,289678610563639;
-0,274588832525744;
-0,271552052347333;
-0,234958943993581;
-0,192413359691109;
-0,204712075584122;
-0,254516271460332;
-0,283489408625462;
-0,274421301669674;
-0,246895826978337;
-0,22259162632197;
-0,219903368464597;
-0,241927738484481;
-0,263565358335577;
-0,271386593384975;
-0,284810339747724;
-0,304471829394093;
-0,303689432767295;
-0,285448344402566;
-0,28408287109745;
-0,313825862576474;
-0,340850444726196;
-0,329890790924774;
-0,305157557565965;
-0,303137967592756;
-0,313141840392107;
-0,317044414977534;
-0,320690593352114;
-0,323809591412385;
-0,31769550228037;
-0,310687196153774;
-0,314234875051138;
-0,322528161829514;
-0,324072089661042;
-0,313053787884027;
-0,296953566036783;
-0,29449910774386;
-0,306071323957989;
-0,311870904061679;
-0,306665690379924;
-0,300990114066396;
-0,296773504733958;
-0,29422624002186;
-0,300899564668496;
-0,30874029988887;
-0,306121949659006;
-0,305659825719892;
-0,313018915469161;
-0,312892482758528;
-0,307049185798603;
-0,31034346938985;
-0,31408125540167;
-0,306864381742211;
-0,304250208912703;
-0,313908754088484;
-0,320756592934048;
-0,319118246530873;
-0,311394312280852;
-0,30036726707266;
-0,297929558364793;
-0,306696401177155;
-0,310686413428004;
-0,305277471680065;
-0,306003708464763;
-0,313741340057475;
-0,312001613800336;
-0,302581997840872;
-0,30016326016897;
-0,306994745898682;
-0,313775423079517;
-0,311695035295096;
-0,306562095450413;
-0,305332056212736;
-0,30024831069154;
-0,217696102161516;
-0,0345997680186908;
0,0528932288942922;
-0,00368269222095481;
-0,0182360083979498;
-0,0676110926454671;
-0,259722142012977;
-0,357369495508241;
-0,297356977306268;
-0,291554088691427;
-0,33370910783877;
-0,327323337807919;
-0,295725999456552;
-0,261031580854951;
-0,240832930543231;
-0,270253506475528;
-0,320839327355917;
-0,312952922977231;
-0,257394749109978;
-0,236031195848376;
-0,24293233913567;
-0,23575098884657;
-0,247895014746317;
-0,265824373475768;
-0,237223902594844;
-0,20399432204458;
-0,200969547717916;
-0,207442957336496;
-0,218896073502393;
-0,230628012922893;
-0,231723225814603;
-0,231864498800801;
-0,237278062869042;
-0,24143349279354;
-0,2517662309539;
-0,269649891256937;
-0,277707759392341;
-0,273697512052392;
-0,273598417286179;
-0,279597862209766;
-0,27533596956067;
-0,261408872922036;
-0,263490732021534;
-0,275350043901912;
-0,264411576918258;
-0,250222979732459;
-0,266530512643294;
-0,284181693743545;
-0,269402918765307;
-0,247271820605954;
-0,251769236078391;
-0,271320321268475;
-0,27509633580818;
-0,262409866220071;
-0,254855245885665;
-0,259618716822945;
-0,265442748554572;
-0,262723768784728;
-0,259200716962783;
-0,263668499135754;
-0,269644043715293;
-0,269793221787235;
-0,265429768264039;
-0,263958170445936;
-0,265212682232765;
-0,259254828483693;
-0,252744747546786;
-0,264182525135041;
-0,280122025690262;
-0,274147160725193;
-0,266638072751932;
-0,272736525723852;
-0,267513643646113;
-0,260506951322462;
-0,263713921707887;
-0,255201473292336;
-0,250469527541736;
-0,279709542162566;
-0,311691591577427;
-0,293865496149437;
-0,247699304594469;
-0,243905394670589;
-0,284902767493222;
-0,304890981418014;
-0,289713327675509;
-0,289319493538576;
-0,308324940179919;
-0,304851202967393;
-0,284137506069962;
-0,273626088168353;
-0,25906666727517;
-0,246428024103776;
-0,266650438226381;
-0,295908974302337;
-0,30406986553368;
-0,301655181382662;
-0,286104591985835;
-0,251763617190189;
-0,229402790084536;
-0,241393145080626;
-0,26421519227978;
-0,278731033846876;
-0,301308498592166;
-0,327755732474742;
-0,319884854221108;
-0,281799790491768;
-0,269296925624496;
-0,30092438788698;
-0,330966677119768;
-0,318724493991484;
-0,283881125369489;
-0,278518631156499;
-0,295713891107857;
-0,272793370260684;
-0,206421427298619;
-0,167483988275459;
-0,204849953228389;
-0,271497781381033;
-0,282214356629847;
-0,249012521739504;
-0,243753961851564;
-0,274334795004379;
-0,305461345736537;
-0,322986020833822;
-0,336266518766674;
-0,260133863349768;
-0,0459635312545535;
0,0647495660307792;
-0,0033444336568402;
-0,0227923659317602;
-0,0757801583917075;
-0,289860970158118;
-0,395498531933065;
-0,331079195593823;
-0,324796915319791;
-0,3402543049465;
-0,306119912570295;
-0,307143888193553;
-0,329065464935277;
-0,318951866058653;
-0,309260460145819;
-0,316412345145041;
-0,312205293008519;
-0,300166558642731;
-0,295911200066408;
-0,293818616167679;
-0,294378551884188;
-0,300211241349853;
-0,302731971486768;
-0,299396801325018;
-0,298064338948007;
-0,303328672327578;
-0,309789862233361;
-0,309920749699146;
-0,30624337209745;
-0,309985726815036;
-0,322243588205611;
-0,328176212649946;
-0,321330940297279;
-0,31429628390166;
-0,314480870919836;
-0,313837838807962;
-0,308709412844073;
-0,306285288544475;
-0,308300078305307;
-0,308181657288512;
-0,307395541708622;
-0,31073393696947;
-0,309254889620403;
-0,292640060730798;
-0,270629690438235;
-0,268550653477978;
-0,29006861334161;
-0,298659650501454;
-0,274595761466065;
-0,257526273721808;
-0,279099917348353;
-0,304650753919004;
-0,301490411048795;
-0,294428050319492;
-0,302037357418348;
-0,302510956357994;
-0,287586231436933;
-0,280205511448641;
-0,289762111023389;
-0,292919057428182;
-0,284219680853341;
-0,291495942616732;
-0,303285392321108;
-0,288663187023165;
-0,28013291902722;
-0,304156420002052;
-0,311599055332882;
-0,270646987456427;
-0,239818014662532;
-0,262926316400387;
-0,285940406247732;
-0,288621347672202;
-0,303570930763521;
-0,293894969437513;
-0,227130771407522;
-0,1543569945767;
-0,149658299745275;
-0,208793841966694;
-0,230964625529543;
-0,196342676459144;
-0,180266440166841;
-0,183519067159789;
-0,17865740963219;
-0,175085013478183;
-0,12869312356451;
-0,0196489355020225;
0,0313997472563967;
-0,00259247285759292;
-0,0106413455632404;
-0,0546853378766731;
-0,200289702761294;
-0,261174973429915;
-0,201778421647863;
-0,206953910558512;
-0,259416131165645;
-0,256999079144664;
-0,238311571601939;
-0,241456745539498;
-0,241402582081659;
-0,173086514547402;
-0,0267781737977582;
0,0417585569740968;
-0,00306575200440505;
-0,0143360050245784;
-0,0529832241434083;
-0,201521947371227;
-0,270539233392928;
-0,215409641560761;
-0,207972083756747;
-0,236964472111613;
-0,226987084826891;
-0,214977619410736;
-0,219875790370774;
-0,22313026341122;
-0,224252545805138;
-0,22559434694142;
-0,226468383208288;
-0,234853305306796;
-0,245642388083876;
-0,247715107623845;
-0,249869754117456;
-0,255596617388265;
-0,249414948694846;
-0,228257313147375;
-0,20886787481777;
-0,209589436604131;
-0,227402222049402;
-0,238794761556205;
-0,247230182461918;
-0,271851626273867;
-0,284128237608002;
-0,260379678936776;
-0,240552131133322;
-0,24446562580983;
-0,254870356681406;
-0,271491271448688;
-0,273596723142981;
-0,24507365435625;
-0,234326435964159;
-0,26244700506572;
-0,275483490049002;
-0,26297499443124;
-0,263740928647692;
-0,26704105426711;
-0,258460607535824;
-0,256944801547413;
-0,262241045375061;
-0,266939457886265;
-0,26874337144709;
-0,266645332267576;
-0,268305078555144;
-0,269729875109372;
-0,269250679501244;
-0,27388228946274;
-0,272334250085637;
-0,261735634362529;
-0,254838216112331;
-0,248040822178669;
-0,234755388123353;
-0,23322863559876;
-0,263681006625256;
-0,291951224124351;
-0,2825855177509;
-0,270056693771166;
-0,277891324639046;
-0,282991188350449;
-0,277056098619893;
-0,270441301249714;
-0,270987389255022;
-0,281762462249469;
-0,297340676928564;
-0,304817158999284;
-0,294986358955925;
-0,279036112751114;
-0,275722948628778;
-0,278189190893831;
-0,268915138926797;
-0,251821554433395;
-0,240747669323908;
-0,241338904857389;
-0,249798397843672;
-0,25305156370994;
-0,252339449207698;
-0,265203523779102;
-0,286419473294931;
-0,301168970895488;
-0,309483641074057;
-0,312416726206806;
-0,316171424607095;
-0,329422878022263;
-0,339798992368828;
-0,329028096664799;
-0,313767302293118;
-0,321187984406638;
-0,332854656906338;
-0,320854233469048;
-0,307812037794175;
-0,318992638037738;
-0,32958254654265;
-0,31926849032068;
-0,306028513579123;
-0,301461690506128;
-0,300681636990213;
-0,299459779027706;
-0,292471441589015;
-0,286558159057782;
-0,293991530014664;
-0,302216613662214;
-0,299433498104742;
-0,29621143144477;
-0,298139235653089;
-0,302399751797995;
-0,305424411168596;
-0,305912774305601;
-0,3036291316428;
-0,294691819195652;
-0,291393379435931;
-0,306353493599944;
-0,319872614862544;
-0,2365545121325;
-0,0363608110302631;
0,057590094153135;
-0,00458945168745068;
-0,0195945251683617;
-0,0675086123305049;
-0,263187355115027;
-0,364321398876415;
-0,301438194024035;
-0,282040830142904;
-0,307136366666592;
-0,302615600920766;
-0,301424550367895;
-0,307624100076479;
-0,302779449312488;
-0,290138061230591;
-0,285769055368913;
-0,300670085392078;
-0,312640957727301;
-0,304364832580346;
-0,300792127779511;
-0,319314058450718;
-0,332502156362246;
-0,30750878594665;
-0,273006672616578;
-0,277443760874537;
-0,297757576788267;
-0,295683798742045;
-0,292720331840382;
-0,307585292286781;
-0,304573939778139;
-0,265286807567198;
-0,249100731445569;
-0,284938132318415;
-0,290618071958076;
-0,23756953045389;
-0,218678428455425;
-0,252297178162115;
-0,258319479399064;
-0,246054782718488;
-0,278449235814541;
-0,288937051849662;
-0,203765980483748;
-0,133620208191722;
-0,177282336039582;
-0,246316021033128;
-0,243419060948577;
-0,211116483866708;
-0,217924737951149;
-0,224991354778649;
-0,200210382481458;
-0,195281531817784;
-0,217260635174338;
-0,239739465106607;
-0,255829419652638;
-0,247050859226194;
-0,229890217977613;
-0,229812588281439;
-0,227412539994064;
-0,226864370233191;
-0,244004288976694;
-0,258626058408299;
-0,266462244795498;
-0,272902969654266;
-0,263504300235976;
-0,245558546973077;
-0,236985087228511;
-0,23159115884227;
-0,227491794863935;
-0,233101987338926;
-0,238952891876414;
-0,232985229497099;
-0,22836171283487;
-0,235821393127664;
-0,24045036337549;
-0,237808962246993;
-0,237133781922378;
-0,233641262469351;
-0,229786864437935;
-0,236533711024508;
-0,244325089087563;
-0,241558268126723;
-0,236509799273636;
-0,240701203962558;
-0,253864693806408;
-0,2669089310301;
-0,271859901878873;
-0,267338000273402;
-0,256054573368716;
-0,239890266437867;
-0,166858181933091;
-0,0235876239913669;
0,0400586810672273;
-0,0037808852444907;
-0,0133858346328573;
-0,0552513526713223;
-0,211879463516179;
-0,294235936790946;
-0,242036240961429;
-0,219612295145746;
-0,260553301550469;
-0,308059705708353;
-0,341657956178583;
-0,340190971622077;
-0,291668842716439;
-0,224316873769983;
-0,203753122678128;
-0,249413353371218;
-0,282471670543014;
-0,27265183602861;
-0,281533281544541;
-0,297081576514046;
-0,276021888926174;
-0,243343921679992;
-0,22873714247043;
-0,174514768950403;
-0,0337456651439679;
0,0435215186438416;
-0,00106420053627783;
-0,015842725536029;
-0,0613994471699831;
-0,232443283001114;
-0,32622349179472;
-0,286419738445639;
-0,276786705229866;
-0,28308332745375;
-0,26130534788567;
-0,242579944217118;
-0,209123100193499;
-0,172074549734777;
-0,185370865950289;
-0,242030368210017;
-0,27221229428136;
-0,265975186474802;
-0,273539346490395;
-0,289533787098979;
-0,287027446090219;
-0,28318388197516;
-0,290091156053754;
-0,295801032562452;
-0,305301229813245;
-0,323035498822002;
-0,326064538281807;
-0,301231344829163;
-0,2770818046664;
-0,292450039597785;
-0,322620940639496;
-0,312596231019863;
-0,285990061654112;
-0,286518706953532;
-0,291413880347956;
-0,285723186277489;
-0,286897922138516;
-0,286666587537107;
-0,276620295996373;
-0,276821253044242;
-0,29303032071577;
-0,303411320411825;
-0,296106419492759;
-0,28742654661778;
-0,293161618042358;
-0,301873856849151;
-0,302174944355447;
-0,305812884765605;
-0,31273948624469;
-0,308303161360318;
-0,308286478762645;
-0,323749438410952;
-0,324536242344059;
-0,310567042658454;
-0,310763666181522;
-0,31447500398423;
-0,310448738686359;
-0,313674053863189;
-0,318805717943385;
-0,312122360117021;
-0,303535421917589;
-0,301895652967033;
-0,300520718896888;
-0,301752416723999;
-0,309209365905803;
-0,309998324378908;
-0,303740895004655;
-0,304357923896669;
-0,307396385785175;
-0,299838291365198;
-0,291515821104469;
-0,30062260925571;
-0,312960078752024;
-0,306433182857185;
-0,296235903181282;
-0,301012945762302;
-0,307769510885264;
-0,302757840272444;
-0,290959168220957;
-0,277831678812313;
-0,271379992177077;
-0,290557408630689;
-0,326965290253166;
-0,333193050001235;
-0,303282867881764;
-0,289934812132748;
-0,305608279313286;
-0,312170257250357;
-0,299825816511928;
-0,291948091372201;
-0,302289300676915;
-0,312976794039921;
-0,299298213770144;
-0,278393796851596;
-0,277046030634697;
-0,283020513019736;
-0,282085517668988;
-0,281655199164472;
-0,286618983165109;
-0,292910521528335;
-0,29603796360421;
-0,300598588495832;
-0,318027068521222;
-0,323445771980996;
-0,275168837381596;
-0,224922383401661;
-0,251355994625382;
-0,288533002792096;
-0,237786327166702;
-0,175894414386701;
-0,20971537896552;
-0,259957557473928;
-0,242787359414692;
-0,220445250864642;
-0,221525482581568;
-0,205057256453173;
-0,192533491480032;
-0,219177395156643;
-0,233576019423887;
-0,197858403889936;
-0,177438900234824;
-0,21296771439334;
-0,246629671740954;
-0,240146360792138;
-0,228349056132738;
-0,23421076456673;
-0,240433422297457;
-0,24262299444548;
-0,250290922960679;
-0,257073196760589;
-0,257406154448823;
-0,257512631338382;
-0,25757184390937;
-0,257301513856454;
-0,257818623928437;
-0,253443891483384;
-0,248286262964148;
-0,248061512800949;
-0,246222172483227;
-0,24360759832662;
-0,244870329302279;
-0,246680688911061;
-0,243682129466261;
-0,234322733968731;
-0,228829223930231;
-0,236101101600081;
-0,245050133717;
-0,245923719653334;
-0,244403113196177;
-0,241774126967234;
-0,239540138602443;
-0,243764796731321;
-0,249394631152534;
-0,25058877384639;
-0,251552369047093;
-0,256181486613166;
-0,259041675258263;
-0,256324790625943;
-0,259625087417448;
-0,269713264820206;
-0,269660459657919;
-0,267523878326437;
-0,273762737977607;
-0,26214287525879;
-0,22624190062358;
-0,207921087573739;
-0,233634718387712;
-0,276007860019993;
-0,293027836683239;
-0,281461974989757;
-0,267691097041418;
-0,255348335293023;
-0,229086239665425;
-0,220855873133827;
-0,264334911418373;
-0,297958385704877;
-0,298136780242339;
-0,324088776513126;
-0,334504056804165;
-0,296867640236029;
-0,290753578964628;
-0,290471165040918;
-0,230505091651394;
-0,222130207341396;
-0,316221938154426;
-0,347631247566619;
-0,281425360945899;
-0,247090325161285;
-0,239577300217414;
-0,200762233386271;
-0,168461010902317;
-0,198961611383193;
-0,270632030001367;
-0,289031703946046;
-0,24083430352657;
-0,210662911866031;
-0,213422100659663;
-0,214441313303873;
-0,22501972205823;
-0,239560775160038;
-0,233406542576798;
-0,232849039495478;
-0,255365141233692;
-0,265938426027537;
-0,252627599535705;
-0,248201564606932;
-0,266862262071785;
-0,287121386940346;
-0,292283938835487;
-0,286608121950456;
-0,281909038557002;
-0,288198936636757;
-0,300575208646988;
-0,302364614427155;
-0,299568012839499;
-0,306034734206291;
-0,305152706254118;
-0,289684145281873;
-0,285731115048919;
-0,299589413324105;
-0,313102464676579;
-0,322213595571759;
-0,320871210934218;
-0,300043788422712;
-0,280380412144307;
-0,283514215726993;
-0,298682913681031;
-0,306804807534161;
-0,303665082174886;
-0,299802152219349;
-0,302052253677333;
-0,302669265154127;
-0,301377652042002;
-0,307303185188952;
-0,3143504421053;
-0,315084989012084;
-0,315338011988405;
-0,310000523758765;
-0,29753436559137;
-0,297636965546328;
-0,306445058064683;
-0,304010738066796;
-0,301083437643617;
-0,308510299780344;
-0,314078573948167;
-0,314184811439208;
-0,316265015550713;
-0,319818073541924;
-0,318169592171031;
-0,310229266671922;
-0,305193546313919;
-0,309017600229627;
-0,314744247299193;
-0,317667571951769;
-0,318947647645948;
-0,317296257057817;
-0,316855032232526;
-0,321309546152876;
-0,320726560347133;
-0,310647042955453;
-0,304401500200347;
-0,309029187576761;
-0,313103624814901;
-0,307348046043432;
-0,302011068093682;
-0,307650708408744;
-0,313133146263179;
-0,309630822053389;
-0,306607658258438;
-0,309866329778863;
-0,313487705171902;
-0,307981958761805;
-0,290459065374953;
-0,273807299069743;
-0,274858688352473;
-0,292172394740496;
-0,309299161215183;
-0,313895147971217;
-0,306493495789073;
-0,298187911452257;
-0,295777976314456;
-0,294738017225447;
-0,295160160213901;
-0,305793451248556;
-0,319529714217488;
-0,315763630065029;
-0,294922919572092;
-0,273614186753148;
-0,264181342422069;
-0,276102264199173;
-0,304758417048279;
-0,321684455417594;
-0,30073996866156;
-0,259589504012185;
-0,238974144300957;
-0,243394634861635;
-0,259444677153349;
-0,283457536800878;
-0,291948971541047;
-0,280829663331042;
-0,276669453328963;
-0,243483533189295;
-0,177440091040057;
-0,166128310451189;
-0,195561080104758;
-0,2143931332372;
-0,252808195216946;
-0,274193183586154;
-0,23665096412468;
-0,197884122260419;
-0,188146679222173;
-0,19630013675501;
-0,205065288064617;
-0,194997871939779;
-0,195837717232007;
-0,220667649764716;
-0,22552178684909;
-0,199544697804929;
-0,181833035298777;
-0,205312193314385;
-0,243737399850257;
-0,244860244767097;
-0,230901313498181;
-0,245276197869605;
-0,255645951251963;
-0,238439582209848;
-0,231396317224251;
-0,249051091187603;
-0,262432534931131;
-0,257051320762293;
-0,243279611342525;
-0,228314025600879;
-0,223854775359151;
-0,23892650476866;
-0,251626369538296;
-0,245371540122342;
-0,237100292745199;
-0,236772780305781;
-0,231958379982953;
-0,220381216075803;
-0,217995028036438;
-0,226784683891536;
-0,22915558661189;
-0,223179008351693;
-0,222640745502478;
-0,22599743788827;
-0,22361970895716;
-0,220172505418836;
-0,22115725572077;
-0,164484930962038;
-0,0257837729909896;
0,0403527780180479;
-0,00315795018886475;
-0,0137458271565992;
-0,048595548702983;
-0,190718370465424;
-0,268544907090958;
-0,230898938695112;
-0,22299886271775;
-0,242145498085154;
-0,23610571980623;
-0,227491885920915;
-0,218487595523045;
-0,217371489487198;
-0,238450382532014;
-0,246971939550382;
-0,227971724691841;
-0,213835407176955;
-0,219242793207849;
-0,244872293045889;
-0,270901293139831;
-0,269444151932121;
-0,251622525499921;
-0,251211237408827;
-0,268362343080179;
-0,272544575423155;
-0,263327176993666;
-0,253137951237189;
-0,252824020815813;
-0,272436861474219;
-0,276875680003193;
-0,242850228918206;
-0,219260655924978;
-0,231846600058864;
-0,247627609708188;
-0,259282800857228;
-0,267598839744633;
-0,260945752514445;
-0,256090517787107;
-0,254770450730693;
-0,235122808795545;
-0,216966592497813;
-0,234601068448278;
-0,269284395424583;
-0,281188855918057;
-0,270205488526294;
-0,261840898890487;
-0,262022664920852;
-0,257627578026323;
-0,250789348226079;
-0,257536772497268;
-0,272188373043169;
-0,269079191211838;
-0,245700443075667;
-0,226531771765573;
-0,228893369080871;
-0,248065182939048;
-0,254973921630264;
-0,236415591713475;
-0,228221899508919;
-0,241880080435563;
-0,247309726532042;
-0,247437977056728;
-0,256285434303177;
-0,269698915315023;
-0,291320503539585;
-0,311573705451813;
-0,307288750142626;
-0,290468157714534;
-0,29080875272076;
-0,299045782030045;
-0,294482756081615;
-0,287601629564618;
-0,291544868477281;
-0,304408487864863;
-0,316312576985394;
-0,314346909733873;
-0,302585694424802;
-0,299654411864303;
-0,307123518185231;
-0,30720388489763;
-0,297413477566385;
-0,292386261449525;
-0,290239519891895;
-0,286152798805721;
-0,293087480274012;
-0,304540505329503;
-0,296849647738717;
-0,284777400427119;
-0,294125582191956;
-0,306815095737655;
-0,3023112550636;
-0,292336563396212;
-0,289541510705354;
-0,293780958527583;
-0,297841376219361;
-0,296328722037686;
-0,296473732809014;
-0,299575055511973;
-0,295064602528322;
-0,287805614799873;
-0,288642890015508;
-0,292322047450203;
-0,296306803683522;
-0,304513695457451;
-0,310214050839307;
-0,307393244324786;
-0,301309625769009;
-0,29836700608524;
-0,300312745280494;
-0,302968626289828;
-0,304324505813211;
-0,311250457834141;
-0,319217328670748;
-0,318003233341448;
-0,3190152963376;
-0,325174929828719;
-0,31379648639424;
-0,287789515570706;
-0,278290826394768;
-0,288813342254599;
-0,293008361239489;
-0,27865445776037;
-0,271829371647528;
-0,29427343274668;
-0,311851121633614;
-0,296715022063254;
-0,285766295568259;
-0,306074366261908;
-0,323281194673221;
-0,307343906793528;
-0,278175565992411;
-0,267898023437234;
-0,282545821489154;
-0,29894791053334;
-0,299326447765347;
-0,295740221569448;
-0,292995118016508;
-0,27784927306018;
-0,263190941036538;
-0,280657161194931;
-0,3147751438639;
-0,316106894913567;
-0,292311826232521;
-0,284135632640567;
-0,28846704161023;
-0,299113152168146;
-0,314715478831531;
-0,306353653003711;
-0,275350382667219;
-0,249180490014023;
-0,231637044467781;
-0,231150759676354;
-0,24201362222507;
-0,22683709647628;
-0,193956741790279;
-0,190515556850088;
-0,210784521742898;
-0,214759569105829;
-0,203764563026886;
-0,197320269399828;
-0,186699034360752;
-0,17498162906335;
-0,191010229752641;
-0,224353127262651;
-0,239039775227703;
-0,233519875838445;
-0,215383683325029;
-0,197041959425533;
-0,205302938202021;
-0,232343288349128;
-0,251651403602617;
-0,25962200940755;
-0,257351085047291;
-0,252299936571894;
-0,255803194384546;
-0,261088726479968;
-0,261188177477027;
-0,259049167587734;
-0,256619933952333;
-0,262258924098916;
-0,27412100401699;
-0,267588098983598;
-0,246922844478776;
-0,242780341564151;
-0,245332988109869;
-0,234820949710825;
-0,228817606991974;
-0,234659988183835;
-0,235932552072924;
-0,23385577563141;
-0,239708753844441;
-0,247248971967401;
-0,244167053588489;
-0,236806579814078;
-0,239798098083462;
-0,251071773207696;
-0,258425859685585;
-0,256847057990074;
-0,187360399465537;
-0,0295417597661468;
0,04566487406714;
-0,00335141148895304;
-0,0156631624988944;
-0,0501211717135699;
-0,193487308776601;
-0,259530555949263;
-0,204897194574324;
-0,208221711444188;
-0,249448247050782;
-0,2382853614414;
-0,250424193330207;
-0,298352833669115;
-0,310228183383078;
-0,307830950873228;
-0,299421990715208;
-0,253497314046743;
-0,218736443407688;
-0,249550471465751;
-0,297654069392549;
-0,298630322748189;
-0,275838712811599;
-0,267308349934136;
-0,262220326299074;
-0,245450064690944;
-0,226378431424376;
-0,226870518677776;
-0,243446797202429;
-0,246442718072666;
-0,237396042501577;
-0,242601020338486;
-0,257686139515233;
-0,267176275550334;
-0,273013292016185;
-0,268006541873031;
-0,246463972140738;
-0,230605537742416;
-0,242102661477283;
-0,273867975035067;
-0,297631358344281;
-0,292324427330553;
-0,275437789194296;
-0,277994440004165;
-0,287311461281866;
-0,283812822281055;
-0,281633196312042;
-0,28105124030739;
-0,280041496708547;
-0,284364022978604;
-0,278783557025821;
-0,267348408385652;
-0,270304601559766;
-0,282030970189737;
-0,285416332902561;
-0,277032473987544;
-0,268665826854685;
-0,270866412096706;
-0,281249581468533;
-0,285556250710658;
-0,287254368246035;
-0,304697954234787;
-0,316204229744828;
-0,29894162804427;
-0,284300486815267;
-0,296029505614105;
-0,310644998245629;
-0,309109448958792;
-0,308549600698567;
-0,318169173661971;
-0,315510693680188;
-0,297667328868483;
-0,292003161832446;
-0,297946159231016;
-0,297046749786537;
-0,298655527730623;
-0,303526720840059;
-0,297875871236734;
-0,296279719010665;
-0,306570774027209;
-0,307392464953307;
-0,296065523308058;
-0,2932727462407;
-0,301184284941814;
-0,300879349437283;
-0,294551162806082;
-0,300051296673675;
-0,306525235617959;
-0,299836664059513;
-0,296705609347867;
-0,305783847262317;
-0,311006588459351;
-0,306314848805411;
-0,301369517600064;
-0,300687158619248;
-0,299369579638774;
-0,299786839261497;
-0,306789030439526;
-0,308321916476714;
-0,301700228634785;
-0,302850918017514;
-0,306743739164629;
-0,29583773937016;
-0,279146793432745;
-0,27330973339191;
-0,271631219907399;
-0,266655684366662;
-0,268086695448993;
-0,27603994220023;
-0,273744320356136;
-0,265095179739981;
-0,274905025261425;
-0,300885498569121;
-0,31207940613635;
-0,297180881739132;
-0,276890226907233;
-0,268899870687687;
-0,276919028828761;
-0,289488804536144;
-0,289179736864717;
-0,291476962145009;
-0,305913607368153;
-0,306476546089052;
-0,296639991521121;
-0,295685300927844;
-0,294598566444071;
-0,297201609151795;
-0,314417206158304;
-0,321758747663786;
-0,306600427245923;
-0,29138501750455;
-0,271837422362241;
-0,241325137739793;
-0,243937318869548;
-0,272943461485272;
-0,25789792764025;
-0,213006406542549;
-0,199191676280969;
-0,219938213596382;
-0,237784399550065;
-0,21994904634401;
-0,198622920305733;
-0,21014373964329;
-0,212755596667848;
-0,18513348553346;
-0,180839523408032;
-0,218814265266539;
-0,238647866691952;
-0,215594834508738;
-0,202403560000403;
-0,218280001705136;
-0,226797346982937;
-0,221007706359995;
-0,227265018894332;
-0,241720296160943;
-0,237680346648391;
-0,231477429883197;
-0,249387138627041;
-0,259424440089714;
-0,245186799172501;
-0,2438667783144;
-0,254883106319572;
-0,250446871947386;
-0,242664673882808;
-0,247231729176227;
-0,251624561691604;
-0,246314760497854;
-0,238739179313757;
-0,239584573243123;
-0,247248151410418;
-0,247096936731492;
-0,240626827866263;
-0,243884209486909;
-0,247720896762487;
-0,242269779790711;
-0,244931973269614;
-0,252268492886332;
-0,24325017585044;
-0,231349266434991;
-0,235446961746435;
-0,241839322399381;
-0,24268927266613;
-0,251832514372502;
-0,267978378218041;
-0,275578829809466;
-0,26636002226864;
-0,243840850665672;
-0,231932733682127;
-0,243272667399259;
-0,250481583269478;
-0,236138974534885;
-0,219992632763585;
-0,227696169326828;
-0,25631799412855;
-0,278055106740547;
-0,283172502918495;
-0,273578651927288;
-0,267313529087263;
-0,290558017487246;
-0,296584584606974;
-0,252024982775537;
-0,235570812541624;
-0,278986033624142;
-0,308630158917007;
-0,30526021922846;
-0,312392689246399;
-0,321121990716125;
-0,301095681727591;
-0,268961112703509;
-0,254443446309394;
-0,260145734358791;
-0,266919258996162;
-0,270344154549247;
-0,285857193690703;
-0,300903735439349;
-0,285278392921756;
-0,249050892292011;
-0,228066383114547;
-0,232111741437238;
-0,247927569842243;
-0,268679284618661;
-0,284473392126848;
-0,279042359316247;
-0,264907177180811;
-0,265075015738799;
-0,268031242119026;
-0,255022163035331;
-0,236514312560611;
-0,236147085209851;
-0,259685335313947;
-0,287768532458826;
-0,299160136757503;
-0,288415275870024;
-0,270480505197362;
-0,274923057439775;
-0,305320430207204;
-0,326959901452187;
-0,324025606128111;
-0,31784464100372;
-0,317652741546607;
-0,312365767623503;
-0,304179601544215;
-0,306645217869372;
-0,318365561150865;
-0,320429814992364;
-0,306519124134138;
-0,299124753046218;
-0,308219020766326;
-0,311544470307836;
-0,305907378499439;
-0,308281692564943;
-0,308897723254;
-0,298213985254248;
-0,294312170082766;
-0,301208532401197;
-0,302250473776528;
-0,297940599535226;
-0,299004818314088;
-0,301858967328162;
-0,302655347414316;
-0,304334744535675;
-0,306397051496836;
-0,309393051553897;
-0,309866874334432;
-0,306347506291005;
-0,311774036292825;
-0,321060644547159;
-0,314644298465589;
-0,304120894488746;
-0,307110013245154;
-0,30894560319245;
-0,294061030199431;
-0,288663608197942;
-0,318716124226392;
-0,343953106342133;
-0,328711691809803;
-0,309240883905553;
-0,310230116544482;
-0,31311574774952;
-0,315453400473921;
-0,325391970955469;
-0,331678925043882;
-0,318504382979905;
-0,293354305888084;
-0,284628871227006;
-0,300858399186827;
-0,317458106506299;
-0,317109170148318;
-0,307152936395215;
-0,294690743528545;
-0,210556939642507;
-0,0317417401627489;
0,050992924467718;
-0,0041931537515841;
-0,0173007245905257;
-0,0662762335313003;
-0,25016374063977;
-0,334946911341785;
-0,273306109433373;
-0,273061850201076;
-0,309075472735366;
-0,297332978032228;
-0,288276276173867;
-0,297872221610817;
-0,302475094414295;
-0,295841473334889;
-0,29482112517744;
-0,313504869444865;
-0,322560853252134;
-0,303864963362997;
-0,276117563680665;
-0,23893324155422;
-0,205504162437874;
-0,207500707603279;
-0,228061387594344;
-0,246588288220609;
-0,262219752336144;
-0,247517807694912;
-0,221004226086082;
-0,227720652987927;
-0,228217599889878;
-0,204087726416567;
-0,211156200234022;
-0,242190411054917;
-0,24310175799585;
-0,226312326727916;
-0,228038865380591;
-0,238447595767909;
-0,245812884788909;
-0,253319765933237;
-0,250186508722528;
-0,243019812425287;
-0,251097854915584;
-0,260532641714939;
-0,255266068498344;
-0,251896053973009;
-0,261741402395556;
-0,266636160072476;
-0,256429252624401;
-0,248756690962409;
-0,25894013438752;
-0,271660170746613;
-0,264986263493836;
-0,25013563788912;
-0,248779280577141;
-0,259965276045066;
-0,266473573385346;
-0,257682937505775;
-0,247903635321629;
-0,247449841877545;
-0,244976902380745;
-0,242175343271052;
-0,245190426501462;
-0,246150839176671;
-0,246254440992177;
-0,249587192037242;
-0,252113221693947;
-0,249886487145332;
-0,245026192221413;
-0,253333159445256;
-0,202320725342896;
-0,0372557607304016;
0,0511805582539283;
-0,00243939721938635;
-0,0180817813125561;
-0,0574647794271914;
-0,220975123248558;
-0,300771757919741;
-0,243225154077449;
-0,22917455551119;
-0,268167617179937;
-0,306809033496334;
-0,324297181058142;
-0,279353002015458;
-0,226731248391888;
-0,253611210168528;
-0,320135793814171;
-0,330628283366588;
-0,294277775153164;
-0,273124184164456;
-0,263711290082603;
-0,248405823053936;
-0,242455191401548;
-0,255337678730864;
-0,27150189736849;
-0,259079807516096;
-0,220915151234223;
-0,217448861905944;
-0,27099633077264;
-0,311048613972478;
-0,288872193935124;
-0,256063460422924;
-0,256634352298368;
-0,257968334181687;
-0,246980804743009;
-0,260302554136074;
-0,294619092110699;
-0,31014228605466;
-0,301513332009237;
-0,285422771531909;
-0,267729018730377;
-0,249508683929438;
-0,235621001952005;
-0,236558976178143;
-0,25866070756982;
-0,285147321361047;
-0,291814507224487;
-0,280536633548219;
-0,263251489967805;
-0,248804029463564;
-0,24893313003287;
-0,263828872156498;
-0,28799500601253;
-0,312321667113934;
-0,318312560057451;
-0,308408066326871;
-0,303391862622913;
-0,302004789409231;
-0,297857687523524;
-0,304318008649966;
-0,321468987089546;
-0,329447427675031;
-0,321948598366632;
-0,308068465191187;
-0,301482161361499;
-0,31170179887696;
-0,32355367374055;
-0,317131989985782;
-0,307941345165012;
-0,312496630529937;
-0,313681756433363;
-0,307563591127311;
-0,311687520513152;
-0,320476976981983;
-0,319026398286815;
-0,311345328535242;
-0,307365505309159;
-0,307621233921483;
-0,308628114788477;
-0,316427170377732;
-0,328970872414009;
-0,326773442913748;
-0,313499126251834;
-0,309072401810166;
-0,307706292716681;
-0,307173286660704;
-0,320710336507857;
-0,329820170135564;
-0,311480256392996;
-0,291682129667594;
-0,300673371109067;
-0,319998856820705;
-0,320341545566992;
-0,308851841219676;
-0,302271090181883;
-0,300923335921448;
-0,303743868566128;
-0,305344165125096;
-0,300060577778501;
-0,296662778208101;
-0,300323504107053;
-0,304269040015785;
-0,305578385913249;
-0,306872654307752;
-0,305382524955368;
-0,297986246303058;
-0,299816191379059;
-0,318585661799433;
-0,324284533088213;
-0,303487948984296;
-0,285624786370349;
-0,280582718702356;
-0,278822243195493;
-0,288929704252666;
-0,305228782192446;
-0,303432910804798;
-0,289420337666144;
-0,282326099784913;
-0,277064870673478;
-0,274348723776502;
-0,283819717260255;
-0,295773812562756;
-0,301402935860345;
-0,298443133982484;
-0,286864448077223;
-0,285008093915817;
-0,295363993042209;
-0,288139469583143;
-0,261340920570861;
-0,250499030947318;
-0,195360898992739;
-0,0370496281046431;
0,0491895981998865;
-0,0017688974547572;
-0,017640664480501;
-0,0227168365930994;
-0,112748083604481;
-0,200726461622901;
-0,231409190190797;
-0,229761805069273;
-0,213586612198213;
-0,210365280521495;
-0,209370505012791;
-0,205157451298527;
-0,217269840975341;
-0,220030181429163;
-0,218112730346413;
-0,237053500736392;
-0,235852985832725;
-0,206240598976001;
-0,205900971347514;
-0,235966949220817;
-0,252004258374297;
-0,253120475044437;
-0,259606463032438;
-0,261608164541054;
-0,242490278204041;
-0,222584598822091;
-0,227003205026486;
-0,238456762129253;
-0,240416957964721;
-0,239929433410306;
-0,234019173421607;
-0,227239119184539;
-0,236825112500231;
-0,251420030475074;
-0,243975386128249;
-0,224907835971748;
-0,222520074502329;
-0,227294865733234;
-0,225866534584629;
-0,23127222579524;
-0,241375565703749;
-0,245324429918039;
-0,245567177883145;
-0,242784968598579;
-0,239832306601734;
-0,240062067678768;
-0,236705463642944;
-0,232079131677578;
-0,239853276697095;
-0,254457572361938;
-0,259850580330543;
-0,259517406661746;
-0,256503076066739;
-0,241928183439653;
-0,218873198370445;
-0,201067257377289;
-0,216307823365444;
-0,26384880780599;
-0,280376668551036;
-0,263317827782747;
-0,26452082552655;
-0,254456813359032;
-0,214725689764246;
-0,214457590151251;
-0,265746014930608;
-0,292449659195809;
-0,284506460807292;
-0,289179626010346;
-0,284973270946677;
-0,262527900463245;
-0,270628744558496;
-0,286555128683932;
-0,278282102595324;
-0,284994902391523;
-0,298437645473016;
-0,301171043079972;
-0,327620928746562;
-0,344064122901188;
-0,297827173083648;
-0,240304407871928;
-0,230786873555577;
-0,252467142119164;
-0,275619786651969;
-0,286436225184569;
-0,274255912416128;
-0,247602482022762;
-0,217994742217418;
-0,186655755208454;
-0,174999244385189;
-0,204328297891315;
-0,245498430697852;
-0,254005197652557;
-0,230266749908345;
-0,206450108467886;
-0,209534106615437;
-0,234754494788493;
-0,252822156416338;
-0,262552207053256;
-0,287553249251499;
-0,315703170260158;
-0,323204991621838;
-0,322827691936045;
-0,320476260129213;
-0,307363095814305;
-0,299009718660689;
-0,307644567694786;
-0,316848066528949;
-0,307140492322061;
-0,288194149365105;
-0,289958196191513;
-0,304032558048407;
-0,301186151194761;
-0,292042065255588;
-0,286234193434563;
-0,272778984976544;
-0,264567262645067;
-0,275372326801375;
-0,286669771773355;
-0,212292870251725;
-0,0328698088553011;
0,051720868224928;
-0,00403981952743417;
-0,0176327654175467;
-0,064935712727976;
-0,249316395914266;
-0,339793325456863;
-0,277778503470032;
-0,269126687439612;
-0,228397391349577;
-0,0385371602635384;
0,0586176350062469;
-0,00472385734654863;
-0,0198278217515345;
-0,0653522054800352;
-0,25576412850996;
-0,353539169679928;
-0,294245265996855;
-0,282251577611045;
-0,232750599763677;
-0,0370570612779198;
0,0591465003221399;
-0,00540835281837224;
-0,019739097249521;
-0,0646426795914811;
-0,254478996107003;
-0,349441777082863;
-0,280444748532893;
-0,25918159917555;
-0,292498585872451;
-0,295465626037148;
-0,29257992827791;
-0,29701474884405;
-0,297073040714722;
-0,290030998717046;
-0,277011275320305;
-0,272173056639643;
-0,286734381648415;
-0,298665793096994;
-0,28303940960823;
-0,259235370868218;
-0,263433504015876;
-0,282217102637473;
-0,275883460882519;
-0,264449311461343;
-0,283420963865259;
-0,297862376104104;
-0,279580496662537;
-0,269017873540683;
-0,287187945628357;
-0,301675774095249;
-0,299008186811132;
-0,295405856066271;
-0,296305066988062;
-0,294993626348804;
-0,285788998625057;
-0,277914978954991;
-0,272804982864673;
-0,247321790445916;
-0,158828185264342;
-0,0197702410234106;
0,0366899152666786;
-0,00389848642309376;
-0,0121119567937899;
-0,0383881635230109;
-0,164154585984549;
-0,243160645552218;
-0,196565391596155;
-0,164224709452166;
-0,197581028654913;
-0,208045083316671;
-0,169997717859103;
-0,142764520151698;
-0,169536951274565;
-0,217860387728347;
-0,230512841622796;
-0,211465760453248;
-0,198565214419939;
-0,202717163986041;
-0,220759121541639;
-0,240321652540044;
-0,242998534693051;
-0,243053579426975;
-0,261631945378331;
-0,275259492271766;
-0,264822844714625;
-0,255052365150576;
-0,256721670667917;
-0,252798509805748;
-0,246880219231559;
-0,250775243535512;
-0,256967696375792;
-0,254937482207663;
-0,244669160617578;
-0,238402248459091;
-0,242983842170213;
-0,245410941890463;
-0,241207128251387;
-0,244312259852859;
-0,18831499561236;
-0,0324087840947663;
0,0469383916794629;
-0,00282352260871893;
-0,0163436290416598;
-0,045569224136358;
-0,188095309696168;
-0,27866926938177;
-0,247705190245081;
-0,230595700504061;
-0,185723406939927;
-0,0332400296333144;
0,0471210536095473;
-0,00272425315504399;
-0,0164311790029282;
-0,0552776040220415;
-0,21603369749857;
-0,298320006664385;
-0,234396763809787;
-0,204816132609784;
-0,236521226877503;
-0,24945906813843;
-0,238908080842107;
-0,248843338447098;
-0,291114377697467;
-0,307887538976479;
-0,27738607494419;
-0,245801738784519;
-0,244074127627763;
-0,254998262716406;
-0,24939584741951;
-0,243383618149422;
-0,253651546825634;
-0,250199410528535;
-0,232941750419883;
-0,24351499840821;
-0,278270715045985;
-0,285518402240072;
-0,25983880544816;
-0,246487105688737;
-0,187182976805202;
-0,0317389333405657;
0,0466984972147087;
-0,00303130970516264;
-0,0161602122770985;
-0,0586365273221253;
-0,220652515988464;
-0,292841019169601;
-0,237100107287219;
-0,248461701837158;
-0,300867143819682;
-0,302112885012963;
-0,283480089254517;
-0,255194645020485;
-0,219157383587164;
-0,211822427971474;
-0,243982671406591;
-0,284720170288665;
-0,291459009807383;
-0,25918286020119;
-0,174465825045851;
-0,0287143930877208;
0,0416520131661068;
-0,00210992701151006;
-0,0147338033515047;
-0,0708393321218091;
-0,270479758936679;
-0,388571449493357;
-0,345396769171072;
-0,326958771154802;
-0,257694828956111;
-0,0405170779535897;
0,0645691312596031;
-0,00567483375454367;
-0,0216776797762639;
-0,0711494979133069;
-0,277944283115003;
-0,382031610168127;
-0,315019556208561;
-0,296541787663513;
-0,31890252154048;
-0,310551707689994;
-0,312830063400311;
-0,313088341812753;
-0,295198901193018;
-0,293009700888494;
-0,304313408009617;
-0,300173712093726;
-0,292618500499362;
-0,30095906677823;
-0,309584688350783;
-0,306029257103843;
-0,301402126366978;
-0,302656518761298;
-0,306483505859067;
-0,308208427155018;
-0,305496577537431;
-0,302135902718241;
-0,302535110359431;
-0,306274078734604;
-0,22990104105181;
-0,0375744097677856;
0,0566318508058243;
-0,00389900659988515;
-0,0195205811645368;
-0,0699525981638054;
-0,268903259313624;
-0,371819015875017;
-0,316327512684389;
-0,311015731490929;
-0,342607859772983;
-0,32943811596896;
-0,304177190381672;
-0,290309898400525;
-0,302450341931864;
-0,328148720245526;
-0,327729492687644;
-0,308153330536058;
-0,30234538567643;
-0,309556395623668;
-0,31501439546638;
-0,312222824449161;
-0,302328914471421;
-0,301634106287977;
-0,315005889246458;
-0,315084058670007;
-0,294242766834409;
-0,283329674690299;
-0,287281572658565;
-0,285915462713223;
-0,210161475581804;
-0,0350023453887442;
0,0514145027776428;
-0,00308348831498709;
-0,0179355216571267;
-0,0742736230788565;
-0,269930421494957;
-0,343900794888649;
-0,262564683381359;
-0,255382665096599;
-0,248444306112011;
-0,16786695901271;
-0,167969025276474;
-0,265216507755037;
-0,307349098956734;
-0,24426310141314;
-0,188278341644121;
-0,212387183168917;
-0,243779133075068;
-0,222577439551174;
-0,146311676094217;
-0,0239336844734512;
0,0345221860764706;
-0,0015957436393245;
-0,0122924827887634;
-0,0537482163004548;
-0,20335796732428;
-0,283573191671356;
-0,242131962638737;
-0,230587191090873;
-0,251782915552601;
-0,260879253773635;
-0,270405619517082;
-0,25874757869665;
-0,236672126872368;
-0,245469071388409;
-0,261821649604652;
-0,252313876890918;
-0,244623176497924;
-0,253202862140655;
-0,190668247888557;
-0,0293348900037981;
0,0467041472004109;
-0,00385235431939369;
-0,0158239961401515;
-0,0485426332195241;
-0,196435131210917;
-0,28290158727513;
-0,243317732654419;
-0,227361047866155;
-0,188042463694;
-0,0348613095911271;
0,0481002628064937;
-0,00247510101075701;
-0,0168967438934782;
-0,0586503394774253;
-0,223579875864963;
-0,297407845629213;
-0,226297287725309;
-0,213512860025715;
-0,254946785365174;
-0,262614206309208;
-0,270959700526129;
-0,289790086912973;
-0,294303868673846;
-0,277436941376397;
-0,24727965343354;
-0,237723101453139;
-0,262162301818024;
-0,28422113126229;
-0,288674012254137;
-0,302850343758939;
-0,31072547829428;
-0,271817189395353;
-0,221488226409701;
-0,232981054590163;
-0,300275130685486;
-0,323615616093699;
-0,268598030617728;
-0,218054539511727;
-0,21942775350358;
-0,229470946845214;
-0,210321226672257;
-0,215587776095237;
-0,270114319119203;
-0,286045600855562;
-0,245760700465579;
-0,232598522121992;
-0,265041227195088;
-0,285668767846309;
-0,268643796746815;
-0,248593634636839;
-0,255570757155437;
-0,279744908999646;
-0,295809683422493;
-0,281749411822662;
-0,252075262303946;
-0,251492446489731;
-0,279892759819001;
-0,297248510541112;
-0,216933644890591;
-0,0308218473629662;
0,0525898706575453;
-0,00514398379402835;
-0,0174772256006434;
-0,0549489776094607;
-0,22676404688369;
-0,332130483713552;
-0,286380128315974;
-0,256917862875234;
-0,205323263225132;
-0,0365280213757091;
0,0521973553707358;
-0,00316425017011292;
-0,0181332083844411;
-0,0672226748685334;
-0,259626865002863;
-0,364635041931712;
-0,311133178818585;
-0,291378578783842;
-0,231495376781787;
-0,0358666038264298;
0,0580987182112958;
-0,00537631564294177;
-0,0193826689459571;
-0,0705109660026506;
-0,272115617210278;
-0,370379900330163;
-0,302772013525696;
-0,294364664838612;
-0,249738274910653;
-0,0417497363896462;
0,0640571267949278;
-0,00530729666962203;
-0,0216044849604903;
-0,0698595801677882;
-0,275337584213222;
-0,380164153069375;
-0,307719669049995;
-0,287592452702928;
-0,244533384105595;
-0,0442115112041252;
0,0630897269702697;
-0,00400355052216803;
-0,0218104322349951;
-0,0714436052645646;
-0,276840363322624;
-0,377284056728649;
-0,305319018176354;
-0,295879132069152;
-0,253846124507186;
-0,0434418881345898;
0,0654404808158281;
-0,00516083639999583;
-0,0221772451061958;
-0,0680063894372542;
-0,266624033784772;
-0,360069126530067;
-0,27980268330276;
-0,260768329334818;
-0,300836497756088;
-0,290944730055733;
-0,267637980459054;
-0,269318243784206;
-0,280099970543816;
-0,285942789146566;
-0,284404293258947;
-0,27439596894806;
-0,269014405131665;
-0,277793135024318;
-0,212770836154467;
-0,0348454906374138;
0,0526415883349765;
-0,00371107133946952;
-0,0180996545874628;
-0,0787817509353985;
-0,290573135717977;
-0,370830134458993;
-0,253913210035054;
-0,21525451921008;
-0,195914328411546;
-0,0386848463221731;
0,0519894865280193;
-0,00266423604988009;
-0,0182127371278484;
-0,0732878383268997;
-0,269339800606466;
-0,350851729495835;
-0,268940051477219;
-0,245479531567785;
-0,257635239497118;
-0,237353523984592;
-0,213045075940588;
-0,185691970042138;
-0,202636154677544;
-0,253118683419716;
-0,254454003610861;
-0,210501796270821;
-0,180201562926321;
-0,205915452842738;
-0,190034051783575;
-0,0395203944741363;
0,0504850991869343;
-0,00177446264650802;
-0,018044780245576;
-0,0428144706462498;
-0,17762665019649;
-0,260844986866487;
-0,228410711085183;
-0,210449081491687;
-0,222097426750971;
-0,229354430477734;
-0,244660055512268;
-0,250314410425287;
-0,246004009419897;
-0,246123705790802;
-0,239274599598766;
-0,238668905723256;
-0,248235932904504;
-0,24917230215551;
-0,187613208841402;
-0,034445432911424;
0,0465391754113536;
-0,0017735553628206;
-0,0166666707341147;
-0,0520600028000458;
-0,202791113687158;
-0,283770322686958;
-0,239921692729675;
-0,226872184274057;
-0,1818047471637;
-0,0276158194922646;
0,0457285508746163;
-0,00451327285829475;
-0,0151277722000667;
-0,051464839595949;
-0,200650056094313;
-0,272297002226054;
-0,217027928836183;
-0,202613459445057;
-0,169823402910904;
-0,0283015062650987;
0,0434999717730473;
-0,00361214945878336;
-0,0146693490716843;
-0,0514509130152592;
-0,198973375198598;
-0,273265169668024;
-0,228451949250237;
-0,22303769862113;
-0,184931135631996;
-0,02928165752656;
0,0469775084692793;
-0,00435558585665356;
-0,0156518075876667;
-0,0557526752578879;
-0,219022859322782;
-0,308340192965293;
-0,264913396995839;
-0,261165796921897;
-0,223489148719137;
-0,0415007639430273;
0,0575433546788237;
-0,00313005005322591;
-0,0201278716839909;
-0,0604904722615417;
-0,244263647910673;
-0,346310535763943;
-0,271395589381343;
-0,2169203431928;
-0,170470965463317;
-0,0308287418555613;
0,0435910735493224;
-0,00256232587273032;
-0,0151714989590902;
-0,0603121386654397;
-0,225507421494311;
-0,306887882095231;
-0,264265350947108;
-0,268953760975778;
-0,294415400696665;
-0,286553607739427;
-0,286251194263186;
-0,289766708778214;
-0,286127853262863;
-0,2832656308611;
-0,279684239143778;
-0,274240974208879;
-0,271119997784887;
-0,262748532125035;
-0,184257769321663;
-0,0260119294387042;
0,0441092671352057;
-0,0041169583463143;
-0,0147638426651659;
-0,0549185488097417;
-0,21487428110966;
-0,3036880869836;
-0,265177270177209;
-0,258332326455792;
-0,209735114957589;
-0,0334336422092764;
0,052947538401001;
-0,00465408021199105;
-0,0177638405912358;
-0,0689510337069943;
-0,270148502045473;
-0,378913391389241;
-0,310446275250217;
-0,277178511920384;
-0,225707835922148;
-0,0392765642952163;
0,0576733448519107;
-0,00401831829593549;
-0,0197951717224433;
-0,0661016009428169;
-0,256686591418998;
-0,35236313090119;
-0,28811053693122;
-0,274585645369628;
-0,305706847050974;
-0,296248864987415;
-0,287539933048731;
-0,290993727113042;
-0,284784938546546;
-0,285332486273092;
-0,295187360116929;
-0,291263859720431;
-0,285436520327538;
-0,293146418287754;
-0,297223879440514;
-0,293765369663406;
-0,293843115843965;
-0,294196330226454;
-0,292695986076434;
-0,292373717454041;
-0,291071382135581;
-0,289644288368203;
-0,289436016759567;
-0,290733290717518;
-0,219319925257387;
-0,0375513582506214;
0,0541973969254977;
-0,00309915157400744;
-0,0189567665188029;
-0,0633590317509183;
-0,25469202244611;
-0,372987244225338;
-0,322614370934658;
-0,278903030502209;
-0,208983744843938;
-0,0326677274285953;
0,0518568475287042;
-0,00438984223633723;
-0,0174994490604579;
-0,066879902935643;
-0,251068982938513;
-0,331085014192456;
-0,260786783319712;
-0,260759334317693;
-0,311199737112308;
-0,301953567790035;
-0,269912508887704;
-0,263327334570839;
-0,272585896256641;
-0,276668384549409;
-0,276422683044156;
-0,277426249544526;
-0,281205620847866;
-0,288384044325877;
-0,287858717275552;
-0,261916864450931;
-0,222090818614389;
-0,200570877964975;
-0,203338799645129;
-0,22654594334066;
-0,252444329349582;
-0,236865161707829;
-0,199489660762238;
-0,198264573009734;
-0,201782347972517;
-0,176670856259679;
-0,190112115385803;
-0,244683609225733;
-0,242014764763651;
-0,200398910914306;
-0,204974327501746;
-0,228943502227218;
-0,225744777635985;
-0,215357658192813;
-0,21392034099004;
-0,218934897837449;
-0,234668975325711;
-0,250853722009879;
-0,25516644203796;
-0,254028491126752;
-0,246498042420816;
-0,232609456387241;
-0,224359205451082;
-0,221337371703563;
-0,226339827412601;
-0,244636133323719;
-0,252599091918294;
-0,239862647954085;
-0,230563109872535;
-0,228921437858979;
-0,224017697332526;
-0,217542115190211;
-0,212652062119592;
-0,21611429691508;
-0,231220628344038;
-0,240274379508764;
-0,231821748429939;
-0,226998032595943;
-0,232430270578432;
-0,232432257807607;
-0,232873398843384;
-0,232939350683368;
-0,229406333686456;
-0,230985366195759;
-0,227169571068878;
-0,22252277177605;
-0,234440880748731;
-0,245338999361232;
-0,234235817515854;
-0,214803434647819;
-0,207258174186472;
-0,218898236650654;
-0,252130702991668;
-0,282547745394712;
-0,212650836088184;
-0,0312724074353809;
0,0516742731585651;
-0,00466653371000298;
-0,0173412766838821;
-0,0574510870376825;
-0,219303898554548;
-0,293002357219364;
-0,243962131862259;
-0,257743606189553;
-0,295648040810178;
-0,273350515745699;
-0,251361800049985;
-0,250139949575346;
-0,246556208234838;
-0,25594503726029;
-0,270531388001127;
-0,26316740175665;
-0,246749518802083;
-0,243692561473194;
-0,255054699787133;
-0,258142645341233;
-0,244416657241171;
-0,240408713522934;
-0,256915567513272;
-0,20360603861952;
-0,0357488860192334;
0,0509604490981054;
-0,00287556194643288;
-0,0178220030473679;
-0,0609153176193689;
-0,235126064131245;
-0,318918505343841;
-0,245326404809962;
-0,213896978783581;
-0,177117090458492;
-0,0303467413101358;
0,0455068075394853;
-0,00349730828351525;
-0,0154669563060841;
-0,0617682019848219;
-0,240202390878692;
-0,342529176527171;
-0,300309576012688;
-0,287642460377393;
-0,232248343633353;
-0,0381659938137244;
0,0586551215232318;
-0,00468525131328725;
-0,0198868136912027;
-0,066559693122917;
-0,261614899941155;
-0,364954253300391;
-0,304079026473918;
-0,284211326233014;
-0,231596097145777;
-0,0377075553791064;
0,0587690133600802;
-0,00498107736606626;
-0,01978989782395;
-0,0694610505847844;
-0,266142799300033;
-0,359710944774645;
-0,293428320731895;
-0,283989193166193;
-0,236605923049842;
-0,0376416442851447;
0,0601415610637517;
-0,00551912861494912;
-0,0200619462962336;
-0,0693581984877226;
-0,27057336475556;
-0,370416578835758;
-0,30120812475366;
-0,288548728917741;
-0,24548895394835;
-0,0422902387874946;
0,0631745973980628;
-0,00480911305336516;
-0,0214893884715868;
-0,0689887665869138;
-0,267354821788218;
-0,363568349852167;
-0,297648205286967;
-0,288592586640415;
-0,320221992962762;
-0,308334461669827;
-0,297300278769575;
-0,304472403694669;
-0,310297356416682;
-0,305173978109018;
-0,296159867694232;
-0,294728287687358;
-0,296320671916904;
-0,289848195590847;
-0,285278087863887;
-0,293755497036526;
-0,299888506566791;
-0,29547620050484;
-0,288294504643713;
-0,279968077314603;
-0,271461094092547;
-0,26753901074228;
-0,273703072764459;
-0,286595213866857;
-0,218878638432926;
-0,0359993698141018;
0,0540742184916173;
-0,00370749984114677;
-0,0186410208377691;
-0,064469548472056;
-0,244270657977717;
-0,327791681997698;
-0,267133655183555;
-0,263963917234278;
-0,303878840277038;
-0,311981895804671;
-0,30937088040986;
-0,292997419241077;
-0,285922865550556;
-0,307942556971213;
-0,30810737378266;
-0,279458463526968;
-0,281937662496767;
-0,308262391378715;
-0,306382799172293;
-0,289983591966426;
-0,283047931955073;
-0,287597862354591;
-0,304501422178657;
-0,293215359211649;
-0,247558309924897;
-0,212268093750127;
-0,192754609327389;
-0,203785328333018;
-0,249567190073046;
-0,261455222676624;
-0,219121542993582;
-0,185394254174348;
-0,204360969690889;
-0,242466354512401;
-0,231634400401049;
-0,198714597601446;
-0,202405171041459;
-0,214957954389742;
-0,157608738160434;
-0,0239592095166022;
0,0381515760040343;
-0,00304401507841491;
-0,0129858744999008;
-0,0609546011901792;
-0,233338831297288;
-0,323263725606394;
-0,259815679160761;
-0,229973234975429;
-0,250425899398807;
-0,245009409998483;
-0,24255368388611;
-0,255830457005453;
-0,25178108992762;
-0,228913993058456;
-0,21616511509173;
-0,218547047362425;
-0,222864521030257;
-0,231454346435951;
-0,240473064651498;
-0,238300755538809;
-0,23194268958611;
-0,228886325948426;
-0,227668205038165;
-0,22746236785785;
-0,229160875528122;
-0,229684421535235;
-0,221808952349288;
-0,218244908978125;
-0,228785046917573;
-0,232613618758657;
-0,229310517905039;
-0,236441944707738;
-0,241061479991367;
-0,232420955158825;
-0,225838035368519;
-0,227737738704564;
-0,231127327202866;
-0,23164110133613;
-0,225997326440209;
-0,220473766748761;
-0,22565306500107;
-0,235613514141877;
-0,248485880160795;
-0,266545425170995;
-0,264431983427216;
-0,237818053332913;
-0,233688929595273;
-0,269339363773353;
-0,226314318422297;
-0,042210418229521;
0,0574407370944515;
-0,00261244279097007;
-0,0203434212284488;
-0,0618331002762858;
-0,237060219319551;
-0,319201782452015;
-0,260164954319042;
-0,262575389748466;
-0,297831957601949;
-0,277278339713038;
-0,25633790998514;
-0,2662029632659;
-0,283341004497147;
-0,277914816349516;
-0,25530789300103;
-0,268317118292433;
-0,306668542618809;
-0,299368986225582;
-0,194859691492857;
-0,024304571445368;
0,0450781369117016;
-0,00479951181389373;
-0,0148746214036518;
-0,0519554236990557;
-0,204126971141148;
-0,28508869810486;
-0,247149455673189;
-0,246719849567894;
-0,203605833560166;
-0,0321272056890852;
0,0515731959541905;
-0,00475685366523807;
-0,0171983845103572;
-0,0758212967081459;
-0,283006305458214;
-0,373063217424706;
-0,288395816574181;
-0,276612172506943;
-0,328576768849906;
-0,329142276425341;
-0,305522658289741;
-0,293693974752536;
-0,299444266335626;
-0,31414216611864;
-0,320646161480081;
-0,318883662283141;
-0,319701789017173;
-0,318179771501008;
-0,308619604689706;
-0,299162436513561;
-0,293418846072363;
-0,288779036770484;
-0,286210954674382;
-0,288703525116364;
-0,295932300907262;
-0,299022790392842;
-0,291477762348867;
-0,285215555901313;
-0,289706099041592;
-0,29221863448148;
-0,284302841384098;
-0,281961351484005;
-0,294805725270976;
-0,300256392801875;
-0,291087251480715;
-0,294800613051911;
-0,309593879953965;
-0,308786119259957;
-0,295762799357549;
-0,289427749542696;
-0,297196135402648;
-0,309164020692606;
-0,308117276516253;
-0,22230475054018;
-0,0344577184230182;
0,0538808668957153;
-0,00405325741125988;
-0,0184466730704982;
-0,0702271167499619;
-0,269926096725879;
-0,368821057980681;
-0,296723606514768;
-0,277592425571368;
-0,296730281682341;
-0,256114564519538;
-0,240621599926062;
-0,27701889248102;
-0,290782839479982;
-0,207969109286613;
-0,0321895259491023;
0,0500810193051047;
-0,00362358258921894;
-0,0172196652576684;
-0,0628268040928548;
-0,238688130387714;
-0,321813703347495;
-0,263575644981359;
-0,260981415822537;
-0,220955013497495;
-0,0355111900146619;
0,056440902689096;
-0,00516265960812999;
-0,0188267635666531;
-0,0658262894186211;
-0,251591304767368;
-0,326542864710795;
-0,237702763630738;
-0,232454999784306;
-0,223965970369213;
-0,0463522692199368;
0,0600263141607527;
-0,00249016905399911;
-0,0212713907397811;
-0,0618082002392281;
-0,239826343266531;
-0,318613975289592;
-0,229512995653803;
-0,195619064237954;
-0,172777324128043;
-0,0337989643095051;
0,045486910815927;
-0,00227403698946905;
-0,0159703352749135;
-0,045919074619962;
-0,179535404297191;
-0,256794167828037;
-0,234003107463969;
-0,227968992614894;
-0,236151118395809;
-0,233703794145039;
-0,231362142326142;
-0,230008052507525;
-0,231789693127548;
-0,223262871488565;
-0,217191320588204;
-0,23985794836684;
-0,260487535180219;
-0,252940683021796;
-0,235527286338439;
-0,220581792895928;
-0,232948439347064;
-0,259893499921045;
-0,256007051442573;
-0,241814081289919;
-0,23769383961458;
-0,235520002761703;
-0,235532510717022;
-0,234604205229072;
-0,175119141199804;
-0,0299976282236644;
0,0431977246457897;
-0,00242414246245396;
-0,0151321439509178;
-0,051401256181913;
-0,20017527284077;
-0,276329803160106;
-0,222791595004848;
-0,208667544050068;
-0,238172817514598;
-0,235444236132641;
-0,226231961636216;
-0,226319384642245;
-0,225776236463185;
-0,232702928014549;
-0,242869463335642;
-0,243189424948894;
-0,245540090332822;
-0,268660155555617;
-0,219037439715377;
-0,0392088284903428;
0,0554859378047639;
-0,00315975326205058;
-0,0193719636291105;
-0,0662242091089112;
-0,253141854016579;
-0,340691578494444;
-0,270477485159572;
-0,25380381105725;
-0,208594930262604;
-0,0307481741840628;
0,0529666796650714;
-0,00586201420543145;
-0,0172258301047181;
-0,0646603462564848;
-0,245702470327164;
-0,314309517703738;
-0,211152599007714;
-0,174300882020301;
-0,161706824555149;
-0,0342353697374164;
0,0432878106340073;
-0,00144379562142328;
-0,0154974638428342;
-0,0360373550432265;
-0,139335475022728;
-0,195672507915878;
-0,195515918877687;
-0,234477825864756;
-0,25093927620938;
-0,219931486319219;
-0,224600929386403;
-0,266298368781444;
-0,285771741773277;
-0,278979502451484;
-0,280054421425076;
-0,29269695478122;
-0,292322057234214;
-0,277172144990395;
-0,279342032354266;
-0,301656038392842;
-0,309867315549734;
-0,298698425960471;
-0,291989361432183;
-0,296049253259026;
-0,292648060937985;
-0,274615837696361;
-0,261705135055855;
-0,266573889850854;
-0,274364058456921;
-0,275032600649379;
-0,28127968691269;
-0,291097657062002;
-0,282350034241672;
-0,264982933034258;
-0,271762522568717;
-0,288227525401495;
-0,283678509284345;
-0,277284401486693;
-0,282986410109116;
-0,280938760048537;
-0,273128840301357;
-0,276376350744236;
-0,286175234148892;
-0,28835472219773;
-0,282812128122339;
-0,282596119206659;
-0,289593268189008;
-0,291931971813724;
-0,214740177290489;
-0,0342391006271174;
0,0524284460411399;
-0,00373293595904688;
-0,018031270865731;
-0,0671173882505976;
-0,260216106152215;
-0,363137590487336;
-0,303914280325253;
-0,283990996638189;
-0,307259669006934;
-0,299465490099511;
-0,294032979559178;
-0,29671575538614;
-0,290432973267746;
-0,28874905529447;
-0,29943347096552;
-0,303723087410301;
-0,295110248871536;
-0,2923237759876;
-0,221504143941515;
-0,037150649801785;
0,0549769068480549;
-0,00359516444900544;
-0,0190217937544965;
-0,0703852759198169;
-0,270151178077921;
-0,368639088795537;
-0,295297802198874;
-0,273728085576387;
-0,229163248208863;
-0,0387746917616596;
0,0587879746315902;
-0,00467888094698762;
-0,0199122586329455;
-0,0679351313654293;
-0,263633212771389;
-0,360008628891994;
-0,291327354491474;
-0,27398982400793;
-0,305298516812976;
-0,303031184223526;
-0,297285283994032;
-0,297553354269783;
-0,294633822240764;
-0,291386017300443;
-0,290258824619383;
-0,291440122364699;
-0,294176426937648;
-0,295392483452274;
-0,294489173280362;
-0,297918987876381;
-0,302304709704329;
-0,298832055335328;
-0,295500596307424;
-0,300162558238525;
-0,304686079749508;
-0,304796667606518;
-0,303769878359278;
-0,299764583133356;
-0,293235777275374;
-0,291820493454015;
-0,29768664527643;
-0,303325187118479;
-0,299918236796498;
-0,289767537075954;
-0,288262888437027;
-0,298559978697764;
-0,305755695366628;
-0,303678834768108;
-0,299004808858559;
-0,297657507589229;
-0,299959060539963;
-0,303978152252567;
-0,307616009133449;
-0,30731371353531;
-0,303532155391912;
-0,300306063854579;
-0,298825014756694;
-0,300500845820384;
-0,303601518967748;
-0,302442728899572;
-0,300486314784223;
-0,301882795521084;
-0,299348329537345;
-0,293950134725534;
-0,297288191693996;
-0,305213867814728;
-0,305007596109657;
-0,298490883814887;
-0,295166098831477;
-0,296003643039597;
-0,295282188330165;
-0,294450538124917;
-0,297053831282421;
-0,297902670468776;
-0,296345788999452;
-0,298794154967438;
-0,298836537621661;
-0,287533013868209;
-0,282501802678121;
-0,29442096477984;
-0,297512624976467;
-0,288004429642247;
-0,288757987403068;
-0,292237791860995;
-0,287137784455725;
-0,286470253170451;
-0,291962746824053;
-0,292450157675907;
-0,289544731885226;
-0,290660021507308;
-0,296592969536894;
-0,303509029312217;
-0,303804326353496;
-0,295725391275433;
-0,290748419549604;
-0,29484826708203;
-0,298689470319562;
-0,298786626291716;
-0,30054900287113;
-0,301971653768353;
-0,301844310131839;
-0,303555068386024;
-0,304281801205063;
-0,302944037279482;
-0,303768170887258;
-0,304913481389202;
-0,302192389967771;
-0,296177027536749;
-0,288563844567174;
-0,28645959581426;
-0,297292730983443;
-0,309354149252333;
-0,308572960841938;
-0,303969604722035;
-0,305242349142056;
-0,305850348366343;
-0,300125272903214;
-0,292140647942778;
-0,21413724672256;
-0,0347216277818042;
0,0524330571288759;
-0,00356601728603443;
-0,0181024030398869;
-0,0694207891542726;
-0,266471345010839;
-0,367019199619986;
-0,300708961068576;
-0,2810449078129;
-0,311316855417594;
-0,308269035115534;
-0,303243980637851;
-0,306274797543287;
-0,302378548394619;
-0,299335465356869;
-0,297734957393777;
-0,291536967191157;
-0,293248213304972;
-0,30319746414263;
-0,303432453421053;
-0,295663874316014;
-0,293090986365696;
-0,297886662449918;
-0,299683148530475;
-0,292549949890255;
-0,288269563005743;
-0,293224532592369;
-0,298153879492243;
-0,296297819253698;
-0,290855565622421;
-0,290597749283508;
-0,297192325986831;
-0,301406257277048;
-0,298653105207842;
-0,295365141005121;
-0,298249823836192;
-0,304179489470357;
-0,306938454322674;
-0,307104556367441;
-0,302186707271364;
-0,29217661052641;
-0,291787062723074;
-0,302077799638228;
-0,305882199655648;
-0,301641374256803;
-0,300791987098479;
-0,306965352763696;
-0,309142330054957;
-0,298727809426312;
-0,289815261856079;
-0,293427993510639;
-0,299749557128529;
-0,301837110008246;
-0,302184493621701;
-0,301092570365542;
-0,299106622988365;
-0,300349004671481;
-0,30349474825941;
-0,3016900772109;
-0,29688152298675;
-0,298406586151924;
-0,303231392409894;
-0,300340358297474;
-0,293145296870377;
-0,293698760289059;
-0,303288442847221;
-0,310187333241801;
-0,306566877330362;
-0,303529110175894;
-0,310184832413492;
-0,313739865954709;
-0,304927278666973;
-0,300268051367593;
-0,310677047927707;
-0,315503726866658;
-0,306315696313841;
-0,303070016490774;
-0,307700424448827;
-0,305204543267494;
-0,221261919291595;
-0,0343634180746392;
0,0537871304131713;
-0,00409763209793848;
-0,0183868302177589;
-0,0695476867500382;
-0,266530462954957;
-0,362367943017882;
-0,290565783966718;
-0,274212079801815
