0,144462532529376;
0,143837624602869;
0,13985219552518;
0,142927365908935;
0,148607814547134;
0,148223515689895;
0,142144121046698;
0,139521093638527;
0,143621056244224;
0,148442382431727;
0,146727825889515;
0,139996033776916;
0,141636453055384;
0,148141676470549;
0,142756437135409;
0,132883003970683;
0,135642006828408;
0,14582457378714;
0,148340020851677;
0,141120569322563;
0,134966221156341;
0,138380034447041;
0,141763906954611;
0,13859171827459;
0,139430626777653;
0,106927778699982;
0,0178619314664988;
-0,0265979165207548;
0,00179972548902473;
0,00917420484481804;
0,0290320437837099;
0,112483821231891;
0,152761259715707;
0,122957895492569;
0,117863425605721;
0,137285781428355;
0,14352814296758;
0,145740697471298;
0,148718962611986;
0,14938457154799;
0,145643749063172;
0,135091864657488;
0,123341034527215;
0,119809634914757;
0,122051147186414;
0,125903433572155;
0,131353996571476;
0,128212987864769;
0,119685255571367;
0,120278448807881;
0,126344219665731;
0,134441685205808;
0,140787063802472;
0,138855838750598;
0,135756342662311;
0,136356292792089;
0,137284894943484;
0,137752324027114;
0,137731355706553;
0,137007903967241;
0,13400518318362;
0,127921852602262;
0,124476556613997;
0,126079644890494;
0,127310604635324;
0,123938134179583;
0,11597636056118;
0,109850734606211;
0,112136231009599;
0,118835558661821;
0,124887173830171;
0,13180010032825;
0,136735142465098;
0,13616548501149;
0,133506113903056;
0,0973370230404274;
0,0148527659175875;
-0,0237752001020438;
0,0019794992775036;
0,00804925460582454;
0,0236916132515548;
0,0934026968530885;
0,128722827335822;
0,109429169109884;
0,113473794646402;
0,133973431919395;
0,135241611633087;
0,130418199703526;
0,128800618131815;
0,124797609970429;
0,0884196440175614;
0,0130326337815054;
-0,0213113729855751;
0,00182701037740199;
0,0072005354199211;
-0,00372727875475643;
-0,000988411874547845;
0,00173729904939761;
-0,00037610459403697;
-0,000460022568439871;
0,0304502717936616;
0,10137735060299;
0,131391906059775;
0,104771623735614;
0,100003917723866;
0,113893883601344;
0,114544805622876;
0,110115641529967;
0,106801639099457;
0,107064872083793;
0,111131819777967;
0,120652138213301;
0,129844805905015;
0,126707597881505;
0,116562470368513;
0,082923259598933;
0,0135084497606958;
-0,0201997551426046;
0,00129407774622521;
0,00701251259766374;
-0,00345654129310086;
-0,00103538428334083;
0,00166080503766977;
-0,000327378567794045;
-0,000453240605144544;
0,00030621415071869;
3,28423087796778E-5;
-0,00012259888091892;
3,96775714098125E-5;
2,69581867874871E-5;
0,028389233844067;
0,0966616024713139;
0,128385439574398;
0,1055856473076;
0,101067602543625;
0,111569019255097;
0,105403307916692;
0,0988284805177075;
0,0997876127958588;
0,0989670780466273;
0,0957839242763753;
0,0946203779540725;
0,0958340373460888;
0,101338956426727;
0,111467447521508;
0,118049530253581;
0,117054028966084;
0,113560886672031;
0,110639933194573;
0,107488798919586;
0,102127367956726;
0,0948449610602069;
0,0917806803935745;
0,098836092248366;
0,110092979833723;
0,117476646943614;
0,125193333249643;
0,136702354940282;
0,148561849288791;
0,155527183571581;
0,154606603350352;
0,150324990105565;
0,145124484300649;
0,137925214434434;
0,136862968876624;
0,153585783328964;
0,18507145761861;
0,212937353116297;
0,226397013621452;
0,23313979786646;
0,240897747879564;
0,257312072089259;
0,303335355066491;
0,382628187226385;
0,457073096779729;
0,482737898985097;
0,444761172638538;
0,367912597530721;
0,291656917797833;
0,219152259243316;
0,154135891639305;
0,137768291106189;
0,187596858276476;
0,272392862149343;
0,321916360039386;
0,28119710032713;
0,189154187068166;
0,129746959481273;
0,142601154537685;
0,192548910078067;
0,202881754372784;
0,157233811328278;
0,106819586991184;
0,0587168710508752;
-0,0214685418134733;
-0,12516154769097;
-0,119195259672238;
0,0589499658489467;
0,127574016930419;
-0,025462697830837;
-0,157530887381178;
-0,23268496190881;
-0,306227975346943;
-0,314809712211084;
-0,237911140554494;
-0,165993787841687;
-0,215356837738703;
-0,312790999233596;
-0,31785360930284;
-0,234361406828526;
-0,06740872191129;
0,133184539586848;
0,179048010753901;
0,0578301180140897;
-0,0466021970814722;
-0,0656393113572922;
-0,0564359021899681;
-0,0688212868626907;
-0,0701900987021178;
-0,0180890875724298;
0,0688548434962739;
0,166864549899639;
0,246472481263118;
0,261671599197452;
0,185231340008743;
0,0492143130786895;
-0,0567863017586643;
-0,0792126783549019;
-0,0437575097878353;
0,015841602885925;
0,0839141247499576;
0,133465101131969;
0,142968992926301;
0,122096798493197;
0,0857128562231995;
0,0434296638656203;
0,0207706338853555;
0,0356368703233961;
0,0658553622910193;
0,0756267973216699;
0,06545177858286;
0,054603982524183;
0,0511997914782959;
0,0725517909043867;
0,116013125206346;
0,152206821540343;
0,177579863509894;
0,198270779149328;
0,179969833082199;
0,102880995316097;
0,0282322559653214;
0,000602520754357268;
-0,00746279540657534;
-0,00521957309152697;
0,0219335526285772;
0,045033692485101;
0,0342177764716653;
0,0119867211755205;
-0,000161207263511441;
-0,00571305245526096;
-0,0183534071143042;
-0,0470308393034244;
-0,0764089728762153;
-0,0960239473805467;
-0,103469660228952;
-0,0807921887513334;
-0,0315383224069486;
0,00192103100023839;
-0,00963411565185959;
-0,0468372199496578;
-0,066091576862272;
-0,0554766546273253;
-0,0496477163426395;
-0,0695623484465432;
-0,0854761330651448;
-0,0768745829537151;
-0,0516447564387859;
-0,0043960673456693;
0,0320356784803144;
0,0209408617959369;
0,0369650723779087;
0,152878057995589;
0,307370757125512;
0,429054201706029;
0,544393417825213;
0,673932309007203;
0,773468548557947;
0,809483643796702;
0,780252760758705;
0,694239762795978;
0,585820820103388;
0,502449758211268;
0,465910844148222;
0,46791354311231;
0,506182143728619;
0,554302278684792;
0,531629455819703;
0,464449078572741;
0,458224121684449;
0,510749087889642;
0,53193682293855;
0,432903253790226;
0,295111495620109;
0,268215975631087;
0,314457349805337;
0,366941731345164;
0,395180798731698;
0,3376114146906;
0,268882910722498;
0,298270122382354;
0,312720992132863;
0,221492423453237;
0,179560256711863;
0,247060296465279;
0,296655170529318;
0,273028844996694;
0,209384449443478;
0,192687331734585;
0,246824361607371;
0,291936176935021;
0,278375058939897;
0,220282651853357;
0,198379244072094;
0,229859498484755;
0,243281053679129;
0,240095288647529;
0,251280009636565;
0,259368265942667;
0,248545995609261;
0,231495144922314;
0,213378547753276;
0,189720991956818;
0,182513073714323;
0,210750397477568;
0,255557900710017;
0,288331576569467;
0,30103354220502;
0,295922135382129;
0,271425415673128;
0,234442827809063;
0,202164291578919;
0,192220287145943;
0,210583508476302;
0,246782181288964;
0,301106850967221;
0,370398121092844;
0,417868751829036;
0,424639904873943;
0,400571443659416;
0,340832127857393;
0,260215960910313;
0,210706245563741;
0,2255927571087;
0,299736063159241;
0,399376623350895;
0,477712371300769;
0,520744643405282;
0,533449919966869;
0,492155027798049;
0,411315455513838;
0,385329308295643;
0,450049233809235;
0,510717263968116;
0,490508231700938;
0,417444820136669;
0,339528450226699;
0,28147468215165;
0,270404287611696;
0,314590066989225;
0,343595506658487;
0,281161029907691;
0,157583295184512;
0,00682521741431708;
-0,172560874209485;
-0,313772217120485;
-0,336912917677178;
-0,254647816148312;
-0,143684082626843;
-0,057911404747336;
-0,0219275772169674;
-0,0554231564860608;
-0,145258654609927;
-0,221961573980487;
-0,259172357993009;
-0,330469668062052;
-0,388102783933633;
-0,275874282111936;
-0,025804523841981;
0,202501021987287;
0,315545013292944;
0,307566327388478;
0,231927012891347;
0,114490836611912;
-0,0443607639368374;
-0,178942972956374;
-0,21454994674194;
-0,167491625691687;
-0,0968369332561237;
-0,00842156569030458;
0,104405989674365;
0,175237989628063;
0,153024575841483;
0,0928150010874509;
0,0457950796625476;
0,00298586390741347;
-0,0190040904088942;
0,00219276680279806;
0,0327540233431389;
0,0423796795949268;
0,0337950545526525;
0,00568438597314899;
-0,0203605112548413;
-0,00769545245966472;
0,0224480378113387;
0,0301357680300574;
0,0305867883046904;
0,0377437744730146;
0,0285516139788767;
0,00454730420047382;
0,00171154820229776;
0,0411507814090897;
0,098900053157034;
0,12732383780094;
0,106417620993505;
0,0576285446218244;
0,0188835674608145;
0,0104403743335984;
0,0196467852648555;
0,0328709281767949;
0,0518437282033033;
0,0593057609215562;
0,0375482530652082;
0,0156113525134413;
0,0220084185047645;
0,0330743728224337;
0,0194527014666608;
-0,00523272221217146;
-0,0136482075932044;
-0,00956079210839971;
-0,0163270420948346;
-0,0382599150235343;
-0,0553418975673448;
-0,0583366357953104;
-0,0628930317065042;
-0,0687641370266779;
-0,0655114263041633;
-0,0711639194702893;
-0,0937660923145856;
-0,114742119610583;
-0,130511741071833;
-0,162755251457821;
-0,211157818979009;
-0,211461926908437;
-0,12182958614926;
-0,00839802355717535;
0,0538371406893433;
0,073568855407585;
0,0715690915833713;
0,0356345119638707;
-0,0294788350680827;
-0,0872868256102532;
-0,10710286950095;
-0,0923924353353055;
-0,0639302316144759;
-0,0332926397127333;
-0,033514652838424;
-0,0856721014596751;
-0,109822530230558;
-0,0659353196202126;
-0,025989926392393;
0,157699011886488;
0,60815108135078;
0,895738365680985;
0,809166489171134;
0,687561801130695;
0,641387045772056;
0,663644603993327;
0,779643308590665;
0,82554451208465;
0,723951002118406;
0,452971644709011;
0,0537198108770433;
-0,104958990252836;
0,0124272103244152;
0,0340725764253946;
0,134425642774134;
0,529036376968417;
0,716917888870866;
0,518387294542445;
0,407423414557476;
0,350281880558858;
0,0726086730749149;
-0,0926941444010886;
0,00316151676639253;
0,0331845663608655;
0,0767633768983122;
0,300774276167536;
0,391711793630104;
0,270820790254395;
0,224213870782222;
0,24385954615102;
0,198766858908152;
0,149257583737008;
0,158302764492103;
0,202157193264178;
0,234698250958357;
0,23236334541059;
0,215337158303773;
0,209232754133608;
0,206677454031668;
0,200865622633097;
0,199447762656543;
0,198188374438847;
0,193301441246059;
0,200904634769242;
0,231672857816284;
0,271980884697558;
0,298770255054121;
0,294414407914155;
0,26463659268998;
0,237603876126621;
0,221697844373096;
0,207984863536157;
0,208167750272127;
0,229513447385862;
0,255396528564687;
0,279395736883667;
0,310190101068104;
0,34021996442907;
0,34989750995879;
0,343569860125665;
0,335271517554688;
0,323101540786148;
0,312609210202201;
0,317648586010671;
0,335798264869058;
0,366408623550781;
0,41495724452467;
0,460157195808509;
0,485254270185015;
0,502082089076466;
0,495954469131713;
0,455854675860578;
0,432544354055545;
0,443170732710563;
0,425839432504796;
0,36780020279761;
0,319117036851733;
0,266543371949122;
0,200526118750948;
0,227670614075224;
0,385193456579938;
0,511073709175665;
0,446934957087368;
0,21639734033429;
-0,0240689288129984;
-0,155999001898134;
-0,200063973134027;
-0,240099762551483;
-0,285174093835829;
-0,216877579123719;
0,00393286030642497;
0,154139267751107;
0,0108963873686062;
-0,338124034906153;
-0,583564699810225;
-0,530627610091854;
-0,203591777757591;
0,255541170078012;
0,57234532996989;
0,510320910064079;
0,164086534140394;
-0,207216121647504;
-0,50830869490932;
-0,704192989119946;
-0,648144419183883;
-0,270560261900386;
0,218127094761578;
0,516761226807199;
0,514348603626448;
0,307212247150125;
0,0728949092953275;
-0,0849780812184287;
-0,164489635994313;
-0,146433333372754;
-0,0166737925241683;
0,120479444751322;
0,148443935856992;
0,099827094896758;
0,0608127250536441;
0,0216628278214747;
-0,0416576875662665;
-0,0718135803323164;
-0,0331470774981942;
0,0162508013167883;
0,0216274611111174;
0,0105971030688846;
0,0177176072979964;
0,0195723151060574;
0,0130301164116589;
0,0368873096211928;
0,08642648049777;
0,116271635821327;
0,111085186228233;
0,0942482897851986;
0,0844181436854141;
0,0732897278002067;
0,0599526400388963;
0,0671435193211186;
0,0919354937615633;
0,103208163883177;
0,0985726277912927;
0,0959605361013463;
0,0884392309920248;
0,0623731071490831;
0,0296177312865731;
0,00781839508635855;
-0,00107201411108254;
0,0012205994365001;
0,0177487103804195;
0,0418014448937667;
0,0455306480355391;
0,00716515801978937;
-0,0523361978201505;
-0,0936750443336544;
-0,109546594808787;
-0,120590022086889;
-0,127586616616993;
-0,100684175574538;
-0,0387029435436446;
0,0175295909436664;
0,0516104232787443;
0,0894878227897985;
0,152184213570348;
0,207052568934403;
0,169462980840475;
0,0625913261634735;
0,0553008985335767;
0,158733259067798;
0,217073601873685;
0,122618066701557;
-0,0489448866234626;
-0,0128072765553987;
0,217747062071136;
0,348907102108623;
0,368334461445384;
0,281636960037447;
0,0988388385355466;
0,122142873748926;
0,338391984166172;
0,400116650888671;
0,349884334907257;
0,395321119070357;
0,465996458314775;
0,471651257016255;
0,460921173434518;
0,433888891539957;
0,370103137799644;
0,334233761772762;
0,369784806942437;
0,440352990466803;
0,511011436872198;
0,561478634933816;
0,570470358455236;
0,553172348529795;
0,53519705165162;
0,508016095893495;
0,461742535821399;
0,42362092782846;
0,411632483759468;
0,397876753906416;
0,363121735020468;
0,320349023422759;
0,28612745308761;
0,255015040827194;
0,262060575134021;
0,336897507380701;
0,355580227432873;
0,284497689511362;
0,242572092393303;
0,240975199596334;
0,230996544039414;
0,163469281455737;
0,0792737271447359;
0,0974863450434443;
0,198735370958227;
0,247635482700452;
0,16775842063167;
0,0721577589869018;
0,0988481406181681;
0,130425377513832;
0,0350189575420375;
-0,0369458843014627;
-0,000786469428665847;
0,0140658069920453;
0,0447079001834354;
0,156998123101461;
0,185130747007555;
0,120289951766631;
0,141130579762869;
0,156872957789279;
0,0354637576866907;
-0,0430387233263081;
0,00105402754592246;
0,0155482371240245;
0,0517300157324245;
0,207194645366179;
0,304152868892517;
0,266759519477908;
0,245972676314321;
0,264349213053612;
0,261979825919886;
0,249804263905951;
0,263446217951436;
0,316901284214953;
0,273308118445775;
0,052136865010136;
-0,0699412588355399;
0,00299578275600684;
0,0248358685161732;
0,0992048797725653;
0,37822558208251;
0,535624763756193;
0,481040029188392;
0,493474914824253;
0,524137847314375;
0,451749173316506;
0,424734538986268;
0,490116510407946;
0,530868487672482;
0,531641230162119;
0,525489568818283;
0,474279870510459;
0,354611464565864;
0,207638789577328;
0,0767741054363004;
-0,00483166857322533;
-0,0135267669988106;
0,00552396333887573;
0,00278876922231334;
0,00841031962767854;
-0,00933716814857759;
-0,135275591450248;
-0,280311747015134;
-0,353308587833515;
-0,390437753591849;
-0,317929344509171;
-0,10650284713177;
0,0472101658380999;
0,0656609786484079;
0,143147380679246;
0,343908954123832;
0,416049893525416;
0,237193172589915;
0,00126200191996179;
-0,163117087667365;
-0,295955070146613;
-0,389490965789173;
-0,335025898127675;
-0,0746859088194889;
0,274703641820435;
0,521681472692419;
0,556530221627288;
0,392437525617437;
0,144457869940457;
-0,041196427115788;
-0,0940716655419579;
-0,0485605418287859;
0,0401869351343854;
0,141266624159882;
0,201980703588983;
0,176321168869109;
0,099053011873724;
0,0392677151910377;
0,0229616279470518;
0,0715378036583346;
0,152643462696556;
0,133675615334051;
0,0366126699917751;
0,0112238513237587;
0,0477678489896163;
0,0772824949624166;
0,105066089721852;
0,141528513036168;
0,157751371851194;
0,121940457164355;
0,0752251611068946;
0,0909629125301204;
0,146361482351219;
0,161025945802854;
0,141277118767221;
0,156451131163506;
0,198037789126111;
0,194461321712334;
0,141844162302317;
0,0901390740201433;
0,0623892982080829;
0,0616227201971662;
0,0823729042742668;
0,104584232086355;
0,114793028428455;
0,114154601004148;
0,0971743681894696;
0,0550318736307017;
0,000481214954192639;
-0,040705497176588;
-0,0537418739089007;
-0,0466926133467711;
-0,0415488180168763;
-0,044044524257563;
-0,0455937384030515;
-0,0444381977066886;
-0,0557900400912771;
-0,090456058646191;
-0,109504785437406;
-0,0777441751658296;
-0,039172942839769;
-0,050114150091006;
-0,0941432479378565;
-0,110066826545958;
0,0130585630525295;
0,22478908585059;
0,194249485933181;
-0,0232955019510316;
-0,0491498345944676;
0,0434601554655287;
0,0742957525782286;
0,116820137739066;
0,168220178666003;
0,153235663316546;
0,118774281906796;
0,139270736806803;
0,188952871833476;
0,228933899257738;
0,283495201500118;
0,369018515167948;
0,448769933750766;
0,482235094520599;
0,479302530258479;
0,470952393207293;
0,444546695532232;
0,393458926026517;
0,363661088326476;
0,376751896775946;
0,39958413228758;
0,401534891664609;
0,391703741144237;
0,407909660939997;
0,465913118355262;
0,52890915963459;
0,573659968300469;
0,609570795878084;
0,601075607326997;
0,517668767872722;
0,410750607930427;
0,338500985655878;
0,322016803592772;
0,372212217148342;
0,461408408291458;
0,526387108258962;
0,529989874063383;
0,47321400384585;
0,381192183213217;
0,291801603823169;
0,240907650792345;
0,245536349681375;
0,29192881046451;
0,347730601217302;
0,370867675620158;
0,350745942634179;
0,327773293174378;
0,299700435090925;
0,221066570398025;
0,125474858471695;
0,0831291464440848;
0,0955524908383471;
0,15103091888177;
0,238276913306241;
0,300854933519583;
0,312374579375301;
0,297721170676046;
0,266591993752525;
0,215434143464747;
0,153587646498786;
0,111002927692516;
0,108050701339959;
0,136812243506755;
0,194606835888203;
0,269462372855599;
0,314871595465661;
0,314409883162369;
0,307366935479873;
0,291538977633544;
0,234485962563257;
0,177628025358709;
0,170671359921524;
0,198321228469554;
0,236998233931463;
0,282106341586833;
0,331094433666968;
0,367327424563353;
0,360390779602901;
0,309785454510576;
0,253431517638187;
0,224600938917127;
0,253560015449165;
0,347315424353123;
0,452700259595689;
0,520459158378863;
0,548992844756067;
0,537510695666708;
0,481777958373423;
0,418205047373941;
0,417302462704121;
0,508352403789408;
0,579559974650479;
0,508053656913532;
0,40151480242429;
0,413486740915254;
0,516115472981847;
0,554121490943436;
0,450100028078865;
0,394170690398552;
0,47336549227334;
0,502228395499517;
0,440807623248924;
0,403647270950212;
0,431235980457361;
0,477942333727886;
0,486567959687382;
0,342396069047721;
0,0458673021147172;
-0,0819941407615642;
0,00870815438087121;
0,0269751646823532;
-0,0774633206472388;
-0,21622013161824;
-0,267886124495856;
-0,234845671932519;
-0,315783675464705;
-0,444415359008468;
-0,364245793260202;
-0,0813331004821516;
0,220631284422035;
0,399917729995465;
0,375903893145581;
0,210678159396423;
0,0218481673340799;
-0,184811919028843;
-0,365014573623623;
-0,381277851294237;
-0,18816878319118;
0,105808416911935;
0,352221966604005;
0,460547004352919;
0,395880497076269;
0,203707201248666;
-0,00814049300326787;
-0,147260015883187;
-0,155177038415845;
-0,0508187439918082;
0,0695342012279491;
0,148963375819095;
0,188595427881562;
0,167137208681035;
0,0860604336893638;
0,0504225428655912;
0,126236273214145;
0,202069563056067;
0,170021322905177;
0,103639357975324;
0,112065365619385;
0,137851606544617;
0,0877727299570969;
0,0181255671271849;
0,0318494097950128;
0,119240509019624;
0,150555934540096;
0,0814544701294077;
0,0160102609903191;
0,00133662534407067;
0,00134447234334533;
-0,000437831950824038;
-0,000389594989769867;
0,000333871785246675;
0,016210779270094;
0,0460826586557422;
0,043020933663311;
0,0240500981052588;
0,0434861760001454;
0,0570788291233385;
0,0253863862411232;
0,0103202808656204;
0,0367941301804004;
0,051636506698114;
0,0455467305517906;
0,0464547562623467;
0,0428337513255474;
0,0111531756281706;
-0,0267750709349453;
-0,04765817607234;
-0,0754671177261686;
-0,116888975150962;
-0,129516823614703;
-0,0814250171386198;
0,0229983412872367;
0,143759028389709;
0,20246002828245;
0,160059988243655;
0,0523812552067302;
-0,0659122371937477;
-0,137576891747902;
-0,124257529302447;
-0,0280527235824822;
0,0992276920298552;
0,194527387488529;
0,224793549535346;
0,149156522615454;
0,00336741060632104;
-0,0587407601327423;
0,0105257385017635;
0,120047454811634;
0,249455178525712;
0,399665495033441;
0,471544957477139;
0,403805092563021;
0,267767908073125;
0,171148478720648;
0,162976146448309;
0,204939759272853;
0,250791728329729;
0,328113240141534;
0,439181181029483;
0,502411034638094;
0,476826070885489;
0,395006065876503;
0,340780105887528;
0,408016827318788;
0,50693877394377;
0,486644087511933;
0,430111789921122;
0,463665586881967;
0,532887707218614;
0,561448775401214;
0,567459404928494;
0,544611904880011;
0,491700229968335;
0,499990489552153;
0,562167693173021;
0,579341763874441;
0,517081227451154;
0,40062658007694;
0,357467609352194;
0,420703471899442;
0,447741148397117;
0,403202841408232;
0,335980277062016;
0,246022553096544;
0,148271261941343;
0,100588045520149;
0,1462279219807;
0,253558294875595;
0,341698498440757;
0,373951179894054;
0,367626848382802;
0,320909892623588;
0,229487517110755;
0,144582041803422;
0,120043203541878;
0,148430149430161;
0,204520904058353;
0,289354373816404;
0,370860206970282;
0,380136600464588;
0,319099739495996;
0,264680422818802;
0,284684117249143;
0,360354748584497;
0,384344737707936;
0,321364620971305;
0,253862728487888;
0,243617437746762;
0,27996464768404;
0,311436277662363;
0,314739523801298;
0,29324685228792;
0,258392269904109;
0,267099431213581;
0,310413551787392;
0,319924482087837;
0,333764892811157;
0,39026807794983;
0,422738973182308;
0,4287018528192;
0,466733410377529;
0,505545983839694;
0,521884870415592;
0,561293142155591;
0,614226283213333;
0,621327792023847;
0,572140838439225;
0,508075513577325;
0,454755546735111;
0,399329968393894;
0,364272937729105;
0,413491940563835;
0,520754677721282;
0,570191581777332;
0,50759808270873;
0,357077425061809;
0,195243793445379;
0,145369477418896;
0,192071390248374;
0,180002314733834;
0,095623489619617;
0,0175302875732107;
-0,0810497527137879;
-0,215231759018213;
-0,300644636305517;
-0,304891937880127;
-0,304210601842993;
-0,329507787973229;
-0,315361209773344;
-0,237170220717563;
-0,156629876516926;
-0,112089423317404;
-0,050502350127001;
0,0964285107488039;
0,296882628589666;
0,407593189620087;
0,327767216404616;
0,13993550438541;
-0,0393048530955272;
-0,208652545958746;
-0,343054184331535;
-0,342334472160151;
-0,192145830493614;
0,0155635020363042;
0,210401808290937;
0,359153091738233;
0,411106217025618;
0,334347125322289;
0,186536481933067;
0,0630786907417675;
-0,0107986915412146;
-0,0499580389365823;
-0,0359889625708709;
0,0371222147108831;
0,116714330020096;
0,151911444700888;
0,138975598700186;
0,100457873854205;
0,0693843242448203;
0,0557149054106847;
0,0453221945750553;
0,057613080961374;
0,115558467680852;
0,184238339093137;
0,212137829405082;
0,187387436651851;
0,138415938035115;
0,110349897553779;
0,122521570367453;
0,148296501759211;
0,162136597265893;
0,153473635008639;
0,123178704156402;
0,11597309695541;
0,145817814785588;
0,165607230750049;
0,150093101223204;
0,0998760011685279;
0,0462577471941472;
0,0325071414698287;
0,0560392217906845;
0,0595850604108259;
0,0125392585614095;
-0,0161430643371431;
0,000675059831253144;
0,00571333796763703;
-0,0151092121910717;
-0,0450983096839148;
-0,0487536264586149;
0,00438950849827479;
0,0753437551750363;
0,0845462743471252;
0,0176336015456309;
-0,0222622612108158;
0,000653332989582681;
0,00802008013906885;
0,0661616466270925;
0,251317119656649;
0,367986658939075;
0,299167424360801;
0,17505658004944;
0,0663031738583374;
-0,00288930385274668;
0,00593557830722623;
0,0775316213236465;
0,159506665899862;
0,215552215337605;
0,246177647256263;
0,235387084691395;
0,179910449945095;
0,131571376403904;
0,132172035630629;
0,178059581324928;
0,256125105708964;
0,35894702648014;
0,456541038837185;
0,509459474071625;
0,494340788029485;
0,414017602222447;
0,327227800479593;
0,282340580953293;
0,256185753953665;
0,260007364757347;
0,333975849986621;
0,428946594261251;
0,47932756621135;
0,497367912388142;
0,517045786731397;
0,557700292883293;
0,615712458663672;
0,647661562780855;
0,634059673894541;
0,594826156135959;
0,521897860883728;
0,415745142272435;
0,332304224712338;
0,303271053256618;
0,290759899444329;
0,265967939725313;
0,244866396347998;
0,23747286287938;
0,248822107245683;
0,300003720483834;
0,378414489446004;
0,423721983235626;
0,394012326297125;
0,300856860921381;
0,195424213292413;
0,125929666068937;
0,10313571060496;
0,120146684520558;
0,162774948705657;
0,200302165522669;
0,213159979128007;
0,216284880602979;
0,22256375995515;
0,221429347738918;
0,219291265858427;
0,227738426005044;
0,224502360952099;
0,203702463864841;
0,200352494461323;
0,2235514107846;
0,246741200316357;
0,260217873240089;
0,272886623555591;
0,277558348841893;
0,259005618010233;
0,233959323889745;
0,23041873546304;
0,244149583349597;
0,25849347558774;
0,268190518963297;
0,274540506611262;
0,281094260984159;
0,288874433841446;
0,295186677138253;
0,300453231397684;
0,309147307002636;
0,316010224159718;
0,313730419789212;
0,322184467442477;
0,362932231464921;
0,408985933091571;
0,431525974104837;
0,45547576578803;
0,49172778396477;
0,514268720388259;
0,527004962203336;
0,53013703800814;
0,495531590131011;
0,443859605003977;
0,424063887199522;
0,431038453287998;
0,425427982630923;
0,398346200696218;
0,361130634747654;
0,284864294002018;
0,151143610769527;
0,0589890867376534;
0,113196383723892;
0,214880226740242;
0,213998379754863;
0,152524734750023;
0,0873616066927182;
-0,03135668174598;
-0,176417080441923;
-0,259137690369501;
-0,290297445349052;
-0,290254290357071;
-0,226736944150401;
-0,159689824697342;
-0,16628616536229;
-0,200057645197228;
-0,198617017248192;
-0,148248258990079;
-0,0337995874930086;
0,109812157889786;
0,183551738716848;
0,154352209991182;
0,0692161602134348;
-0,0257569237937911;
-0,109859527694451;
-0,177759249222065;
-0,201963001735888;
-0,14955256753872;
-0,0404648309415091;
0,0772803317952983;
0,17291156282402;
0,203538683443033;
0,154340868279218;
0,10503694322242;
0,103786271395561;
0,0908304321775795;
0,0453475311428957;
0,0243693348089327;
0,0427965351876253;
0,0648481103320207;
0,0630751520904486;
0,0394273409254274;
0,0224916494473742;
0,0156364098073428;
0,00261724246688267;
-0,00416601894364025;
0,000420589324761116;
0,0013670481143552;
0,0238093528438909;
0,0786621559904843;
0,0905768317855459;
0,0528545164327425;
0,0525437544548105;
0,0872355540206896;
0,0956526541642773;
0,0725251487035534;
0,0525375875207098;
0,0593841467035472;
0,0796854859771342;
0,0755973207990332;
0,0441068875469365;
0,0255128623002822;
0,0360216230150496;
0,0592825564301019;
0,0699121203268069;
0,0495943222987018;
0,0258918650625574;
0,0338083794283157;
0,0333389401584074;
-0,00792749552788228;
-0,0121262038628759;
0,0409426626023606;
0,0598478976593286;
0,0314606909677755;
0,00280972268696667;
-0,00599804362511598;
0,000506059250591636;
0,00207959958856965;
0,0270247963458477;
0,107487087138746;
0,166645422195458;
0,15829616810033;
0,156308921816426;
0,169894341420604;
0,164709118524337;
0,168121286276822;
0,174050285735045;
0,152042857516122;
0,123508777298353;
0,126049358876793;
0,156894269087156;
0,171441626741077;
0,163204767704384;
0,186400372426616;
0,249462645373062;
0,296056833165811;
0,298101020098483;
0,281872284371377;
0,278565554337254;
0,283801465742986;
0,287101883150552;
0,303372063417986;
0,34884040825669;
0,407470027844452;
0,433680153641043;
0,418954936535062;
0,39026708773321;
0,344006915529167;
0,284109706423665;
0,249095109342449;
0,246555702745848;
0,250606390529435;
0,258273008169336;
0,283252650492076;
0,315646114018776;
0,331596678420287;
0,334323244136603;
0,349115640840097;
0,371412684200906;
0,381708555892477;
0,395965510806745;
0,427864744236176;
0,457711591684137;
0,465962043491869;
0,436998163097973;
0,38387143987665;
0,367971462614371;
0,38743576920748;
0,370623827840117;
0,31736053880815;
0,282798385247582;
0,267763898569397;
0,235590101889232;
0,232278285366299;
0,29599596811367;
0,317873014168527;
0,264317172305669;
0,223988434039057;
0,244570149368717;
0,308540384820108;
0,29197155374106;
0,17508878295178;
0,10327639047083;
0,164069547957392;
0,302070983261997;
0,310048405723406;
0,171914762612017;
0,097848191019746;
0,154524159069576;
0,26388327038121;
0,27763418746185;
0,189769624236848;
0,151818811369757;
0,123277939123528;
0,0214247196107428;
-0,0315908440477744;
0,00225863885053055;
0,0108146784943974;
0,0792938617199548;
0,273657803106598;
0,330278803895626;
0,21901995650475;
0,21757367448663;
0,309020054368312;
0,349276173232591;
0,35853876073638;
0,367037377219782;
0,364332331223974;
0,358478961479373;
0,377903684984192;
0,432664813744425;
0,489113796720182;
0,505742520526408;
0,476856857897292;
0,409840585196593;
0,336956110321257;
0,316385042050416;
0,364373553767984;
0,470951640821714;
0,596369350991295;
0,656873495698841;
0,643525185809451;
0,622287912177928;
0,591671256917335;
0,490168393243392;
0,359278139688199;
0,381690318197257;
0,565789470809761;
0,614892132354134;
0,424947880220714;
0,227508599780157;
0,0907761331346236;
-0,0913517234304325;
-0,261826956016955;
-0,300482563206084;
-0,220819355337734;
-0,133767400228599;
-0,11563015013849;
-0,143419196610834;
-0,179477470561437;
-0,240969351270392;
-0,318808650326224;
-0,339622014266649;
-0,269391721304663;
-0,0797248104049561;
0,250461300319252;
0,557831356622104;
0,64791250496231;
0,498629487664559;
0,16342114271055;
-0,204712277979164;
-0,45496536812455;
-0,592315224323613;
-0,416923855987034;
0,0374986662244119;
0,0157793992599054;
-0,477586506780232;
-0,66516883273919;
-0,356320828548539;
0,161898065891257;
0,267924279327595;
-0,077024766253758;
-0,189310888705468;
-0,0496073072865012;
0,0123186588401004;
0,00246961903325377;
-0,0038286606327749;
0,000474898299561075;
0,0342109840975938;
0,103852087897706;
0,121205195660363;
0,0888850538942631;
0,115087903872263;
0,174465135590914;
0,18880624907355;
0,16953283063083;
0,150551479060381;
0,134205749399462;
0,113168218030507;
0,09896412740885;
0,117207783608629;
0,162668343491928;
0,193793602397235;
0,201649897509433;
0,207333001333578;
0,197339990854771;
0,151076580255415;
0,0923869973929824;
0,0516097789042485;
0,0283812498456301;
0,0153430630231902;
0,00966833266943539;
0,0111419893609083;
0,0123054999219301;
-0,0134447758223525;
-0,0734683661427999;
-0,13260369298098;
-0,149747684282609;
-0,110918227372177;
-0,030518439351829;
0,0871791791296272;
0,240990405958634;
0,369479099178476;
0,390721006015596;
0,291079652021246;
0,133516840347132;
0,0191653878407977;
-0,0057195518069033;
0,0221531688178034;
0,0829475694934603;
0,153321721355678;
0,174824182740203;
0,151856427239265;
0,135695992749532;
0,143888747924555;
0,186754511339572;
0,290780574271761;
0,429472019520679;
0,507451779152433;
0,488377351370647;
0,446630118605736;
0,430789427251666;
0,408466598885785;
0,378729484518548;
0,372142299882725;
0,369954253674934;
0,377128155848343;
0,429134224390278;
0,470635282078545;
0,433952507892049;
0,39291973564182;
0,445940286214736;
0,544931202964546;
0,59252856652405;
0,563611683954485;
0,468877761421841;
0,320894672166785;
0,165794280463133;
0,0896423594604651;
0,139654268167134;
0,271285780465617;
0,402096051340606;
0,489750306809209;
0,520821002836977;
0,463317185658046;
0,313832185663398;
0,144956272110426;
0,027496882358399;
-0,0192535245285822;
0,0200366600838494;
0,134226052203345;
0,261694427858852;
0,338303605673923;
0,322817632782774;
0,231737828648218;
0,115855731780934;
0,0133324209709635;
-0,0112112665421203;
0,0641705855879419;
0,16016207383817;
0,234382534512967;
0,299371695364907;
0,323297680874594;
0,280593833599445;
0,206359727247227;
0,132944715346604;
0,0702265084006857;
0,0540883543782671;
0,106818095030991;
0,178171783596723;
0,220826252515114;
0,246643018998022;
0,259661875079498;
0,235077148953169;
0,186827510059382;
0,158218807781447;
0,159005260201288;
0,189658687707609;
0,24788644769045;
0,302540406941117;
0,331126496838151;
0,334335533230503;
0,315812264501463;
0,281060987208905;
0,246309862553307;
0,231105639641762;
0,236957130859363;
0,266035322271495;
0,329149806194135;
0,391539421061508;
0,394399625841598;
0,352389465721415;
0,32663289768464;
0,325296979066977;
0,326830285041025;
0,342228735273339;
0,372536540808228;
0,39034537849903;
0,397558251412063;
0,407902807425632;
0,404974601572741;
0,387045365878792;
0,381378268433409;
0,371661636282841;
0,327541688965576;
0,287723246064657;
0,278554889000819;
0,291223816788029;
0,341783738183983;
0,379372166948631;
0,336890365944368;
0,266171156781376;
0,188233528050417;
0,0289673949467096;
-0,18839375446308;
-0,345068835952112;
-0,393171089849372;
-0,346218585003552;
-0,241467905128122;
-0,168630230043422;
-0,144845956574065;
-0,065180189034005;
0,0534058493368658;
0,0643136551697133;
-0,00327582001839601;
-0,0154620220937375;
0,00668632315080897;
0,00284648359537321;
0,0170751945944526;
0,0959524441496544;
0,204774058615934;
0,282138672602858;
0,274187806259314;
0,139455042933271;
-0,0647365580992678;
-0,220500854589134;
-0,287951229076457;
-0,253160580633698;
-0,10030216720822;
0,102388287943078;
0,271816844039445;
0,373269347112074;
0,384083515627322;
0,313546548445694;
0,199706356970509;
0,0788024346796778;
-0,00158369140903332;
-0,00497475857861717;
0,0415997456417435;
0,0872069001059563;
0,114643268509724;
0,115225567527619;
0,0908075955447154;
0,0765168499336137;
0,0894498849197756;
0,100692991081875;
0,0948685392695286;
0,0953948270819822;
0,113066558257715;
0,129661316880575;
0,136528572873475;
0,142148997803266;
0,148951907822484;
0,157651179031019;
0,170597971330114;
0,171335158600212;
0,147427326802858;
0,121862841745179;
0,11711852392064;
0,128833896149059;
0,155023934289047;
0,189191250730163;
0,201889682940222;
0,182860798699631;
0,147017086056848;
0,107808460493576;
0,0861479405931481;
0,087349548842577;
0,0861286045399973;
0,0686656273274922;
0,0383590289804298;
0,000624894885151135;
-0,0214093485312606;
0,00259638607277427;
0,054869662695255;
0,0686410781279072;
0,0247155588033271;
-0,0296384620188548;
-0,0678093405933597;
-0,076406363171722;
-0,00768605523298772;
0,130821724379247;
0,23188675705539;
0,230624904302647;
0,150286387591397;
0,0236346015103011;
-0,112173011541163;
-0,200816940848653;
-0,181598006808682;
-0,0404753875863779;
0,140636351939643;
0,247416156195149;
0,255528193544713;
0,233136668196638;
0,224193683453502;
0,225422264130976;
0,250256915763746;
0,316806763068362;
0,4177141748416;
0,498416173988532;
0,50735846532459;
0,472340322876614;
0,433290425087938;
0,405036408553894;
0,397338489595091;
0,408480335527272;
0,442200744278808;
0,495606464841926;
0,538528129540028;
0,533721735216591;
0,494780473816744;
0,467504922846278;
0,449137368390052;
0,430250152599835;
0,436541666577571;
0,460038030270724;
0,45376024703412;
0,41868907110494;
0,40831574716946;
0,436537615573673;
0,449585430729524;
0,41789103812547;
0,379368513057786;
0,351670367960024;
0,323985307512279;
0,320400693591114;
0,368841125774866;
0,447823226087502;
0,491285228704514;
0,459762922301766;
0,379769019309266;
0,283210388234099;
0,187760653103322;
0,121536973715202;
0,120529152447709;
0,214617504659133;
0,349781532057043;
0,405896044107197;
0,370064957835318;
0,310136811056301;
0,220099095428461;
0,10276938026035;
0,0522267899182412;
0,106525132879652;
0,192112890738272;
0,251332498848692;
0,284233117150456;
0,292870278192143;
0,27936107862534;
0,256730513267182;
0,231975891321601;
0,216567916720562;
0,230434255445573;
0,26226547899656;
0,269598417372549;
0,239899695568464;
0,201428845536149;
0,181962418143155;
0,192687771684235;
0,229694244028601;
0,280316371251296;
0,327198750030208;
0,347283033598271;
0,334470364869069;
0,311765587540243;
0,294097388174261;
0,270701954290401;
0,247727812844635;
0,256092210883962;
0,296237065967888;
0,332817640318073;
0,345811653499804;
0,349083398413092;
0,357703971094816;
0,363051640932791;
0,373143109948417;
0,420528113903844;
0,49100167464235;
0,533326694106422;
0,529458458590826;
0,496181919734313;
0,463784618162997;
0,452470551490231;
0,451001903670898;
0,450557946749226;
0,462216465479461;
0,473821561613182;
0,463437676077549;
0,439778199936235;
0,417676191373375;
0,397231528549262;
0,370902602036492;
0,33424645889653;
0,298538602868779;
0,305358486307726;
0,354111853954668;
0,318987418190602;
0,11569630241961;
-0,130767732261164;
-0,229143464249876;
-0,154745915337627;
-0,0409423337494452;
0,0361143137570743;
0,0968229941685532;
0,110639746026097;
0,0242645355987731;
-0,128613981461407;
-0,283307290700294;
-0,381794479165072;
-0,366974678725636;
-0,247014161888077;
-0,0942440864462469;
0,0616540037160858;
0,250136442795837;
0,432011166802887;
0,481842102581362;
0,334877620933577;
0,0582205765083743;
-0,226851339146755;
-0,42924088233026;
-0,507412788846441;
-0,436600046484199;
-0,221913572226614;
0,0337746134988267;
0,218395091874801;
0,325027312895118;
0,368575436159427;
0,323601949349572;
0,205840485328624;
0,103852007970696;
0,0688384612188485;
0,0633634980984464;
0,0627120055439964;
0,0858881969271118;
0,129467474374233;
0,157157326685099;
0,137921759278389;
0,0706931965721772;
-0,0113406898870491;
-0,0426399910546348;
0,00783824805030345;
0,090420081975656;
0,159586625111622;
0,20944527385125;
0,221752028446968;
0,182181718100481;
0,120139851015154;
0,0732518439873057;
0,0565166643108933;
0,0790967287781158;
0,126552880666543;
0,160281088230166;
0,1702220592307;
0,167375835958714;
0,146430220408438;
0,107899355680457;
0,0743403665982388;
0,0635029960177503;
0,0509564418386497;
0,0106682314344439;
-0,0130669282263557;
0,000174331798543229;
0,00481023776513677;
0,018867099803049;
0,079057306989355;
0,130015872953217;
0,134857682033436;
0,131220116740788;
0,0988337785089466;
0,0154186417559207;
-0,0244319683301041;
0,00203567021778826;
0,00826198954946672;
-0,0178951075252484;
-0,0460217247258781;
-0,0503723379168156;
-0,0298676078971474;
-0,0265085827173858;
-0,00188181203236832;
0,094472494859052;
0,155844410727543;
0,127096947621879;
0,104806689793123;
0,126328086916883;
0,151097403022815;
0,148704137262138;
0,125003409090311;
0,0975278920154662;
0,0738407121926085;
0,0677256930486097;
0,0847691229254831;
0,13197217904791;
0,215427715569728;
0,286905350804179;
0,292325921889039;
0,245427596483911;
0,180803872048213;
0,126543520431761;
0,116600467723332;
0,15832031289437;
0,226322656982476;
0,293883224628931;
0,346309066254622;
0,372635554374058;
0,356471871901148;
0,307007675732776;
0,265358814897657;
0,239619496422411;
0,214220456006886;
0,207803580113416;
0,241201462905847;
0,298068118689139;
0,356660373467657;
0,415900174764127;
0,475539768834124;
0,526957170986977;
0,572487567012707;
0,614841297791012;
0,62793044028752;
0,59072672512056;
0,515258212572104;
0,431750759571614;
0,370615826003144;
0,335371660589897;
0,311481491218429;
0,299781080204378;
0,316086726758096;
0,350777925292116;
0,373804790644607;
0,383177969942085;
0,390862810084724;
0,384438697794471;
0,346930812144458;
0,301609959384283;
0,299417923096192;
0,348913900403566;
0,383643225410988;
0,357442043427677;
0,3153165820379;
0,28445135510633;
0,238211645883199;
0,191505305902839;
0,181372367358741;
0,210136380397098;
0,258441366126612;
0,305572741017436;
0,338088429211764;
0,345301076357599;
0,331198940409095;
0,313892572725773;
0,29246358445987;
0,256426829115623;
0,221050444288987;
0,21050396085498;
0,223537179949101;
0,241412607712551;
0,255091432209252;
0,276526009329114;
0,311916993090581;
0,33667151402537;
0,332561361466352;
0,317403914389945;
0,307283736125758;
0,299834787960238;
0,29663300846341;
0,299197673049437;
0,303815125067459;
0,308449606219166;
0,319991047818445;
0,347604676454299;
0,37968016914727;
0,406261859184884;
0,438293098626071;
0,473792256604164;
0,504578985342302;
0,53180016913403;
0,541592328545831;
0,520027952449382;
0,476021167897939;
0,425696328685503;
0,385012155135021;
0,383901938329746;
0,453806848057247;
0,517985625010957;
0,459043604658725;
0,366735095099142;
0,378024265975848;
0,463031346460882;
0,519540437678728;
0,490778811002674;
0,448683867830702;
0,42433510670024;
0,350080584542634;
0,194856976716368;
0,0132752562541487;
-0,0430237137135286;
0,00826579062679148;
0,0126281356707161;
0,0132551585083957;
0,0255250457213384;
-0,0911158827813625;
-0,269282107566287;
-0,341452610191094;
-0,331673892704017;
-0,280946813825674;
-0,193401200497081;
-0,125910774956136;
-0,109840866636305;
-0,117668245146816;
-0,129670805076213;
-0,166448851153756;
-0,20562465468777;
-0,137435705649918;
0,0517706613686839;
0,186344040845871;
0,207236619472386;
0,261556856458263;
0,322202262968688;
0,225801548602222;
0,0199892334119805;
-0,147718562318491;
-0,240954968440998;
-0,274468155703856;
-0,222115361128292;
-0,079258102288673;
0,0643596646054304;
0,151687771245717;
0,224364521829858;
0,278468856604695;
0,248581125938311;
0,148973232517097;
0,0758869424005846;
0,0633236336091957;
0,0654545738900084;
0,0734812922756528;
0,104817643442628;
0,133325452681784;
0,135864718702863;
0,120155817245954;
0,0940402270658296;
0,0771473609111058;
0,0918983938170636;
0,116661392009757;
0,120634137979761;
0,12254325840968;
0,140717437019426;
0,150853629235114;
0,137856751455395;
0,117824433459905;
0,101054685987675;
0,0855266966146962;
0,0754682626213939;
0,0821975027324683;
0,108159321257879;
0,131625561429373;
0,135196691635511;
0,131764983601221;
0,129224976463648;
0,111050002012018;
0,0729861831796296;
0,0386773979344291;
0,0223843458023587;
0,00830600113481391;
-0,022921183630652;
-0,0651094569324848;
-0,0897692333994126;
-0,0840047342479783;
-0,0669348370894939;
-0,0497147044768288;
-0,015148489261554;
0,0472027788419449;
0,112911619174182;
0,146125348981946;
0,143775390696835;
0,11586637054987;
0,0708658156895004;
0,0516971224976742;
0,0810558047581573;
0,122759310110361;
0,144838901220302;
0,150203860629981;
0,158466551007067;
0,176551471151543;
0,204680354082302;
0,249771462653648;
0,322652950646974;
0,424164242851203;
0,523350558493058;
0,585619003637476;
0,60295598549111;
0,587696028483466;
0,541496558977069;
0,449836518099687;
0,340607824991924;
0,273366868808618;
0,273401508435662;
0,334879775795435;
0,433302524690669;
0,528665152796366;
0,585331655289904;
0,586080046375178;
0,543613566427208;
0,485712494730037;
0,477055170097846;
0,556803121249147;
0,605386449835818;
0,547407593539275;
0,476985315219922;
0,392515253935785;
0,250955131227142;
0,180385177658338;
0,239324652931682;
0,311737384213798;
0,31616703841243;
0,248888259457486;
0,196645173109034;
0,235108697913165;
0,307429107977206;
0,326055920593843;
0,276346340698999;
0,232817898622393;
0,230692960124394;
0,2193942393475;
0,18957359310256;
0,177346058503881;
0,202965680704071;
0,248721898541956;
0,279919711217347;
0,282238863629359;
0,255960413181441;
0,213243508979744;
0,177426179531664;
0,171996832746799;
0,205611487795518;
0,265565192051078;
0,327779652756927;
0,354964440113847;
0,327799133882013;
0,276417870104272;
0,232140837476662;
0,195797864436829;
0,176199364062009;
0,187143702209796;
0,210536434610176;
0,22914841822984;
0,248505305433986;
0,264168893998298;
0,261596310768478;
0,243874751994971;
0,231883271155948;
0,238929101910472;
0,2611464464908;
0,285134259800243;
0,306007898048555;
0,328615062779053;
0,346699640533017;
0,350938077701564;
0,343448533585076;
0,329692325306908;
0,317987866076105;
0,329180310076056;
0,374345832826773;
0,43801847356915;
0,503521982997975;
0,546598735419253;
0,539430132005586;
0,479826338539552;
0,379798373699197;
0,283718825929226;
0,268621056064187;
0,350119460943572;
0,46073605037232;
0,556960763759554;
0,621803691653996;
0,604613485479102;
0,500712314120395;
0,362579044645688;
0,233915817462499;
0,143177232763689;
0,0778918118614376;
0,0174359853039619;
-0,0331649695707165;
-0,0773529659887346;
-0,119572534569058;
-0,159837112548883;
-0,226382601317525;
-0,332966285457292;
-0,411500737991069;
-0,383625192765032;
-0,259493161756076;
-0,0985272639968422;
0,050568769172431;
0,152113201067455;
0,218883193618457;
0,273024890148783;
0,279227237493574;
0,227395797300037;
0,180771149214132;
0,167240377786275;
0,108783927459268;
-0,0409864853654097;
-0,209654588704656;
-0,321665532211323;
-0,344644962042436;
-0,266579770236897;
-0,111701448843008;
0,0879314793500681;
0,291684350187773;
0,407916361163177;
0,38676722475558;
0,272084594429972;
0,118910800947097;
-0,0102878449553119;
-0,0523049774493126;
-0,0143140192800405;
0,043119152638959;
0,0963391635536704;
0,149134368980079;
0,174693576279007;
0,15736622404712;
0,126267211099193;
0,106870526839538;
0,100985173480063;
0,111413444588636;
0,138041415377263;
0,169818820652578;
0,191421375854704;
0,187931841367214;
0,169244632469322;
0,163367132980603;
0,163594800850688;
0,148270926379173;
0,136887169379551;
0,147807627395576;
0,16164200704818;
0,16770889420361;
0,172732588419873;
0,170305507831628;
0,151071339918541;
0,122049341682851;
0,0976864471173488;
0,08409823063487;
0,076519096840499;
0,0696968274266012;
0,0592651646431549;
0,0400665740654871;
0,00815168243778887;
-0,0288461677074647;
-0,0499805088604655;
-0,0489661001558252;
-0,0313411631542861;
-0,00350981473708249;
0,0408810679050836;
0,118897104492748;
0,183837836850904;
0,150353440349877;
0,0262474434079805;
-0,082817734068148;
-0,0911901815370131;
-0,00540829238456292;
0,111073884889359;
0,212751405798475;
0,274036735180246;
0,257054047181169;
0,173906768744418;
0,105747296196398;
0,0781544038155869;
0,0654607331527876;
0,107927977332978;
0,227611920497769;
0,350862348013933;
0,437445978233837;
0,499356311918095;
0,53209421106194;
0,548682468253041;
0,579301126050296;
0,621832069406774;
0,629959661305414;
0,589186952540724;
0,548549775195593;
0,534238624526164;
0,534633974598871;
0,536519961783693;
0,539912152038193;
0,553883995337543;
0,570360029104871;
0,571607064481051;
0,549257584196467;
0,502401765897984;
0,445281714238739;
0,394711789493588;
0,348390667492536;
0,305460911199264;
0,282436524402409;
0,296087691463771;
0,341891509842097;
0,398225432722037;
0,440805099065838;
0,445116601103279;
0,409108555110512;
0,365634268495314;
0,329117978968705;
0,289660556887697;
0,263875990241512;
0,255589045152007;
0,237998303974583;
0,218176924487015;
0,215895789479633;
0,22345835455995;
0,245602540269339;
0,285694068241208;
0,309536581950534;
0,302675790254851;
0,287752120676492;
0,269676059261222;
0,251194455899694;
0,255131956087852;
0,279360581466602;
0,297042438877108;
0,30151630605512;
0,297027306340331;
0,285759126254329;
0,280121194454153;
0,28315923417976;
0,289451645885623;
0,308738119989862;
0,342169171793499;
0,369235789277362;
0,372751783270438;
0,35334663028673;
0,331919200867882;
0,328611707036403;
0,352490623842705;
0,412140822559049;
0,488333965680666;
0,539002403537545;
0,543539364748809;
0,503655484422831;
0,437420771193247;
0,375206891216567;
0,345065039214701;
0,364035030473353;
0,433845182806532;
0,522699148785974;
0,563383184509441;
0,529900908579123;
0,464544411037915;
0,400444306707565;
0,354163653933178;
0,354467502948549;
0,405412579585328;
0,447558731556973;
0,414960255179088;
0,344620776286335;
0,306134697440222;
0,30035881810271;
0,325595006116836;
0,361012369535866;
0,342323549936267;
0,266970118356316;
0,168606178381101;
0,0305276787517013;
-0,128340090479305;
-0,228714944441318;
-0,274760237215121;
-0,331477850768497;
-0,375140106954516;
-0,343822958225082;
-0,278318522220218;
-0,272451431642117;
-0,271844525155915;
-0,114800627652566;
0,18510120715709;
0,429404089361514;
0,502004076174969;
0,47529528549025;
0,408702100720072;
0,259965823151329;
0,0549969256672495;
-0,128463787688708;
-0,254582798465058;
-0,278026786648914;
-0,182497625166681;
-0,0457424896534361;
0,0496887085723033;
0,108161565792707;
0,152395104960691;
0,157387528662231;
0,13904878921755;
0,150103767187049;
0,170480126173534;
0,154209483543272;
0,109363517290092;
0,0558476047909766;
-0,00683701486422566;
-0,0574110475178283;
-0,0618357473258129;
-0,0231776515992111;
0,0285010474679987;
0,0661168772637778;
0,0841117588119509;
0,0921453378327963;
0,0913333709877463;
0,0878396276155603;
0,106211997218043;
0,147855255578779;
0,171415891452595;
0,153816185373121;
0,119891674519422;
0,0891496643677559;
0,0631389216848608;
0,0589071697535083;
0,0910501899313498;
0,136243863410964;
0,151768782502037;
0,129321422394392;
0,0950807489084688;
0,0616239183009337;
0,0347168535082345;
0,0261123643171486;
0,0343855003128718;
0,0477067718011884;
0,0399601975394474;
-0,00664248913783757;
-0,0578105973879436;
-0,063584024769046;
-0,0390094981766268;
-0,0353026781539889;
-0,0442522332679083;
-0,0472393663140454;
-0,0552624260483627;
-0,0299243357781164;
0,0778664088813143;
0,225199596354853;
0,336903033327941;
0,399397649457143;
0,38608530181349;
0,262062547426653;
0,100749311633819;
0,00108976975081672;
-0,0360487547904741;
-0,0193826756381157;
0,078190278255214;
0,211095104618054;
0,323207533478282;
0,419898684999588;
0,473671248570134;
0,434708893730025;
0,332980139447994;
0,264462529320454;
0,267540567167479;
0,307839334432753;
0,356463631739174;
0,394540012258985;
0,410015087363153;
0,416830750576356;
0,423090371305176;
0,411199188376064;
0,396707818421883;
0,417843236396389;
0,455564157558958;
0,477486831823417;
0,497630209419052;
0,525471328841241;
0,540159182465285;
0,520136633851429;
0,477044662162101;
0,46349698056068;
0,510347255041194;
0,587162609799815;
0,643660503769847;
0,63962965439226;
0,543172995503762;
0,371622279232371;
0,218161108959145;
0,169275167105216;
0,222154278937256;
0,31869386703312;
0,418560860345312;
0,480507515811141;
0,454914974584639;
0,369833336787237;
0,301648977151632;
0,251566741118155;
0,194721572921158;
0,166265725230542;
0,171617150647117;
0,1648973086546;
0,152329965467828;
0,172561204477182;
0,222073987555927;
0,267273244811813;
0,286134687244698;
0,282593900967492;
0,270766187962759;
0,251147378741445;
0,224944231877064;
0,217914435637333;
0,239491977581247;
0,257680344318152;
0,256870150446022;
0,264430761982286;
0,292440557096398;
0,314762829146511;
0,316766455753039;
0,314371569398255;
0,326212980173253;
0,351951323503049;
0,375373808496294;
0,382116784022833;
0,375850224814743;
0,370725857989775;
0,363747292846384;
0,347771348538723;
0,342740548001039;
0,369382413080807;
0,418919314408019;
0,462434810764453;
0,473946664177608;
0,454893011311686;
0,433339205525799;
0,444121288046468;
0,482999292682869;
0,496379371788534;
0,470991990397819;
0,442782183804907;
0,412959963900025;
0,35847798119519;
0,280916847927952;
0,216224287658881;
0,207492209813078;
0,248733275644138;
0,28215044609677;
0,279860451054377;
0,296473356075639;
0,362571765398937;
0,408882833236545;
0,399062347323186;
0,368210130749965;
0,305148689537922;
0,1771327770551;
0,0234129458084181;
-0,0802533350004269;
-0,132766121341024;
-0,215293351153666;
-0,342759276143165;
-0,414683619887998;
-0,355575029060475;
-0,199273202068003;
-0,0443760962250557;
0,0270969553908298;
0,0162701841572145;
-0,0232623320636864;
-0,0469908364122333;
-0,0240701817496888;
0,0422217609125961;
0,156294818457131;
0,345389105672699;
0,51363551405433;
0,459755633829307;
0,145236224571732;
-0,214010295854912;
-0,425516526193973;
-0,520332323917044;
-0,540578450174147;
-0,403383958657492;
-0,114741045112251;
0,190189246563956;
0,41338306431475;
0,49157087443518;
0,404207108939883;
0,235171223340249;
0,0876953444004694;
-0,0219967840773526;
-0,103894341061963;
-0,122389323949161;
-0,0765457800649902;
-0,00412994861697284;
0,0690182386865167;
0,0963194144197485;
0,0594769432021931;
0,0199639450708487;
0,0238129214913576;
0,0371637012948525;
0,0364090661310281;
0,0587057667827107;
0,108033252443051;
0,134522401700949;
0,125334580966868;
0,11242305163677;
0,110138454341839;
0,101989920626552;
0,0829175489013234;
0,0809329385482915;
0,104726344286201;
0,119968662577376;
0,117131376595594;
0,127936529024011;
0,151769850401636;
0,142819509210214;
0,0916609949765951;
0,0420036590380993;
0,0169146952293536;
0,00849150599187873;
0,00719250537392397;
0,0108219514280724;
0,0189539517384176;
-0,00137384321292508;
-0,0711477621707086;
-0,168764402595031;
-0,268936322876661;
-0,305654049930399;
-0,223869288363544;
-0,0566167857304547;
0,139594057783444;
0,29959252226822;
0,356819442826772;
0,316965207138978;
0,245856504643194;
0,176389310146912;
0,109976308334351;
0,101013967891487;
0,187083243943695;
0,283558562636559;
0,304192489434587;
0,268572704861509;
0,210580434251377;
0,134443206011918;
0,074593306058093;
0,0828447966772494;
0,158811578421083;
0,248972178354944;
0,340319327836094;
0,440360906633965;
0,501811920653686;
0,515723714148236;
0,525365753551604;
0,541662870935508;
0,555130080235229;
0,55264143161752;
0,532112468141538;
0,511197818894443;
0,495704477501245;
0,491275565463056;
0,521193187783035;
0,579770325429583;
0,61925498055303;
0,599160407333808;
0,504137072091517;
0,361148213832762;
0,246807932824416;
0,216277844801442;
0,260995160607935;
0,346954064170636;
0,44356111020978;
0,512468635237975;
0,505684876872655;
0,425591664612099;
0,351800851254066;
0,325988293945836;
0,297079601939532;
0,25435338293956;
0,252362074118412;
0,261038690399028;
0,215304931957214;
0,183522864811681;
0,236163385483549;
0,284325728287708;
0,260949903023342;
0,234606089677942;
0,226946892188334;
0,190322119151508;
0,158422598752732;
0,18992405871813;
0,24987249766117;
0,269622817131952;
0,252301688624188;
0,25054774144223;
0,27026785731438;
0,274477536896323;
0,262495676345033;
0,265412938732123;
0,283772379845775;
0,292722155192345;
0,288006140052135;
0,280306002231324;
0,27129180192781;
0,268514042011642;
0,285643627969846;
0,321860134247743;
0,369015249223604;
0,409529100031441;
0,41782913565649;
0,390833124613166;
0,357699080512349;
0,346879061800995;
0,360701038547482;
0,398009948395051;
0,454285754094927;
0,501585771047081;
0,516361470570251;
0,493369743184847;
0,427917334165137;
0,327489400724984;
0,226765684213253;
0,179406800143477;
0,211836701628282;
0,290755813987135;
0,367354295703337;
0,414041203024705;
0,423227425211184;
0,392274006749299;
0,347295465675683;
0,350733968050399;
0,388312080780056;
0,387194256553219;
0,348493465991843;
0,276324042262402;
0,135420135884824;
-0,0188866104125196;
-0,0807470710284758;
-0,0603390517874789;
-0,0402257737077734;
-0,0410132925428994;
-0,0221528640321;
0,0297165374870829;
0,0511872616324602;
0,00028226488502303;
-0,0644641431430421;
-0,0918832764662618;
-0,123644710814124;
-0,20996897897311;
-0,306340610281921;
-0,317467818664478;
-0,216218734552774;
-0,028948251063721;
0,199640143430369;
0,371679599460866;
0,426727242007124;
0,385322308563185;
0,251856211897845;
0,0156012182911396;
-0,277668152616912;
-0,500371565414678;
-0,52953593022915;
-0,376194982284977;
-0,150612442245951;
0,0706109114094305;
0,258215771977126;
0,371434760317912;
0,364598609260957;
0,251047312752068;
0,118717037969134;
0,0348990444680232;
0,00633359713434546;
0,0235057643582217;
0,0504013318415335;
0,0523556065742943;
0,0433543979766004;
0,0414133295550997;
0,037062450196952;
0,0327607876737046;
0,0506899560035559;
0,0891773455980187;
0,120798058794775;
0,12767349788145;
0,117468460035789;
0,117644121587912;
0,138505648149035;
0,152367760394393;
0,141515894188178;
0,12653572970804;
0,125415287227347;
0,128381100923863;
0,123359041144164;
0,118970063593961;
0,131405282704352;
0,151702193948451;
0,148709259308339;
0,121354617606464;
0,101103324648548;
0,0962730668037772;
0,0917523802724354;
0,0797880335057139;
0,0573534980414541;
0,0259259735832528;
-0,00701666844084949;
-0,0306720440876224;
-0,0319317968264373;
-0,0213169946463511;
-0,0165487442052859;
0,00033209151524155;
0,033784278371181;
0,0641816038540293;
0,0971544498234357;
0,125891270924736;
0,136274988760614;
0,122043365605827;
0,045226847301332;
-0,080472169793906;
-0,157525512718649;
-0,15700602671857;
-0,136656690137706;
-0,105692541141104;
-0,0831743774333121;
-0,124115535986157;
-0,16665551853388;
-0,145026381078381;
-0,0327789901380044;
0,161404265298482;
0,236834575877655;
0,163984822304984;
0,160011738807997;
0,217419895918169;
0,25833526813479;
0,335331019475759;
0,423572005015809;
0,45201681754322;
0,446842913421816;
0,45997719902291;
0,481124524069652;
0,482674647261027;
0,480698466779832;
0,500098347018188;
0,529523914289495;
0,560057349451956;
0,598914650985028;
0,632625356670465;
0,634198397281562;
0,601249758404328;
0,566790356488627;
0,567763467670344;
0,592545253152929;
0,584160507179247;
0,532358534468282;
0,481604570011592;
0,441157975521337;
0,414844393828263;
0,433955827522896;
0,482481305299447;
0,513783944657671;
0,511414689480036;
0,481024926728541;
0,442480351759693;
0,409639801752443;
0,365868869227204;
0,29583490516965;
0,227153907922381;
0,20623588198551;
0,238112469037031;
0,273878717574648;
0,284340133437334;
0,303478490098422;
0,338584632583787;
0,331941900698224;
0,286223716796169;
0,279975517326874;
0,310280468302719;
0,306119385256919;
0,277273216641468;
0,281538079695966;
0,312317956370222;
0,326287232310624;
0,319239623869774;
0,311872336328588;
0,307193105631082;
0,310246380715625;
0,346970799735009;
0,415652430660516;
0,464171135317134;
0,457817044807895;
0,414541211472705;
0,360326544165024;
0,317649587189793;
0,326330146040851;
0,396112128392224;
0,476338166928961;
0,541176154831172;
0,59315805312754;
0,594577645787038;
0,550258911120088;
0,520160066340992;
0,489235114993835;
0,444152027745259;
0,470142195028799;
0,604357789806963;
0,760641807963725;
0,82957299737645;
0,758303268135883;
0,585735285927284;
0,43624221450101;
0,404666469109375;
0,452444776015821;
0,483027293225062;
0,469956695672057;
0,417393090027431;
0,269967416770788;
0,0264448749618259;
-0,177047772254611;
-0,21913548482711;
-0,137405000411423;
-0,0650346934556399;
-0,0392111030427199;
0,0185187380487459;
0,120957685612351;
0,153240461796229;
0,0802603579508621;
0,0345391165114286;
0,0304635378621366;
-0,0594877592778637;
-0,144717108528197;
0,000828316310850618;
0,341486457051512;
0,617499756506705;
0,682584670367606;
0,604133502676835;
0,467851736433069;
0,245726550507734;
-0,0732350723642405;
-0,347956675529891;
-0,434622279824083;
-0,332746871538148;
-0,0955780339547021;
0,204353550323409;
0,423898623170783;
0,47088930658439;
0,401472430147871;
0,267368085037438;
0,075003128902705;
-0,100685614009701;
-0,145694867497778;
-0,0387795980216464;
0,113357037752698;
0,207627224956044;
0,222116040497358;
0,17448952028748;
0,104895849124903;
0,0602164590284778;
0,0622635581177283;
0,0926422533339181;
0,113233174666388;
0,119750036330448;
0,132643369334628;
0,140220279652868;
0,131217559968151;
0,129058374574501;
0,131432980511805;
0,118197692436441;
0,110483717695731;
0,116559073436156;
0,112362169318217;
0,105584267094063;
0,108807937066634;
0,108097720658573;
0,0887276077269037;
0,0441855666666077;
-0,0104142070633036;
-0,0471485219653809;
-0,0566559625222315;
-0,0471836749562692;
-0,0147871858651504;
0,0503346654261285;
0,106386740054822;
0,0905764471713222;
0,0320621053886582;
0,0195322662048245;
0,0633126181707549;
0,112497347989921;
0,16571813228125;
0,224582783871773;
0,2150027502982;
0,110710359052763;
-0,000432619277387832;
-0,0606204707452058;
-0,0862685914283609;
-0,0682973121710815;
0,0107432061725518;
0,0891526708283639;
0,114481227314339;
0,137107434665971;
0,197470468472043;
0,258149242413518;
0,296028233106084;
0,331873404504964;
0,375590404762383;
0,413878366877756;
0,426282930215785;
0,418090807996945;
0,417439256697272;
0,407227507507285;
0,36548114963728;
0,343491441702671;
0,371576476078655;
0,40042249937392;
0,400935154624763;
0,413925909200766;
0,46740647433553;
0,514734244354564;
0,512957746821408;
0,486101898291036;
0,4701296952146;
0,464761578835315;
0,449497779572975;
0,415274762231653;
0,380408786523078;
0,367028575978751;
0,366075135080049;
0,358817178139825;
0,342804167293711;
0,322513917839766;
0,307203585505765;
0,295957295666182;
0,281022892932925;
0,282735376991533;
0,32120228015057;
0,359944091625648;
0,34934481846075;
0,299729219406874;
0,249100167107811;
0,213288114137263;
0,192779626197174;
0,179888623885344;
0,173893912998452;
0,190516622927287;
0,23100008853624;
0,269234285483958;
0,279223333675318;
0,255710071149775;
0,215214443877295;
0,182365937163025;
0,174522321367093;
0,193993057327724;
0,226377757214271;
0,255033054607798;
0,273477741691049;
0,278778432466432;
0,271218299834269;
0,257928357792154;
0,245219060864721;
0,243736271884858;
0,265237624591446;
0,29357435572112;
0,298151770495518;
0,282488100519778;
0,274862849964807;
0,280752268574613;
0,282799307913871;
0,273572593445872;
0,267463724612015;
0,278185014278509;
0,297297140877744;
0,317181547297776;
0,345462682808663;
0,380643857392918;
0,402846870963941;
0,393828235711463;
0,371630895865269;
0,38285819552837;
0,435393007714819;
0,495920980792423;
0,54890163122037;
0,58718147080815;
0,60516104576813;
0,620016476004918;
0,633645653872167;
0,632425361458414;
0,63019859075826;
0,633489507720829;
0,608291667463773;
0,527454639621699;
0,409022730184818;
0,313167494737412;
0,303887339017231;
0,358506135064286;
0,381842944758616;
0,357492509734421;
0,35152685908491;
0,350707986103342;
0,272630846898278;
0,139896108279472;
0,0746781765755017;
0,132451873191655;
0,203143952251245;
0,148399678976355;
0,00131365770299641;
-0,129437350247877;
-0,198454411184947;
-0,226704935065208;
-0,272891243224661;
-0,323090630125246;
-0,284975813456946;
-0,178483479216266;
-0,12604525151521;
-0,0863005159624099;
0,073950581245671;
0,299758660155297;
0,43337721058722;
0,439202337282703;
0,357516889405682;
0,172108463852283;
-0,0814245646430335;
-0,269758400398543;
-0,306473501231022;
-0,206279193495043;
-0,0442208215824981;
0,13430178604294;
0,297165729154628;
0,368959599052354;
0,338611561869367;
0,260414435988392;
0,148528235004602;
0,0317310371276126;
-0,013689220845198;
0,0181151199681715;
0,0447617960346894;
0,0322438228347941;
0,0141614781257016;
0,00513934591253334;
0,00175872229816265;
0,0168760446117403;
0,0604363926522224;
0,109817595881395;
0,137327687007514;
0,140992869158083;
0,120369553751158;
0,0787011930537435;
0,0472348457553978;
0,0514547478422183;
0,0762252874936126;
0,097530670595356;
0,109547679359686;
0,113697912481847;
0,111243996403827;
0,0986606117764545;
0,0796439217837062;
0,0757907816412317;
0,094710505717959;
0,117487119474628;
0,127484326892591;
0,10796797772497;
0,0561370081599723;
0,00176936315389219;
-0,0396374796538039;
-0,0676815020762501;
-0,0646669855094933;
-0,0314695851518856;
-9,77492007781972E-5;
0,0165157013108463;
0,0282053492421553;
0,0248528620477478;
0,00961595775509107;
0,0214253733796461;
0,0413745154769248;
0,0316476728978634;
0,0317899867367302;
0,0498669709006725;
0,0537820956793318;
0,0675526532173569;
0,103226078050171;
0,135614244845444;
0,145929664701631;
0,138262374366912;
0,146847988117227;
0,16787912534541;
0,172464777503363;
0,18191584940927;
0,211259678443597;
0,230221019703356;
0,230453421528621;
0,240820195838036;
0,268373433442945;
0,296444255097741;
0,327765729224982;
0,371533801811429;
0,411076390460347;
0,437118770070546;
0,465590522777936;
0,486219444328085;
0,477082355746768;
0,45858247029996;
0,4574486479946;
0,461637725558745;
0,45965733021;
0,462860954041777;
0,469122536759275;
0,473959423186571;
0,487963351054327;
0,507830506815989;
0,521593169585433;
0,530888125791546;
0,529529231123568;
0,49938342883552;
0,445688350082024;
0,393755900286424;
0,360545063975948;
0,345524287501907;
0,342586362827544;
0,36457782972001;
0,418010954746213;
0,459819494408043;
0,45514396831149;
0,423134251526176;
0,362493807627648;
0,257961433416747;
0,159512033745071;
0,132012094014802;
0,170895539252268;
0,22237419980263;
0,255852408547738;
0,282266297464126;
0,295146991588834;
0,264477399129889;
0,217585140875729;
0,208549864420549;
0,227665091883592;
0,247027315512834;
0,264583433747958;
0,274091530784807;
0,269030784100229;
0,260821886337174;
0,255869091666609;
0,243547953830988;
0,234519192799421;
0,25626204508052;
0,299930183367692;
0,323187808411817;
0,313532121155549;
0,312247684635272;
0,343335933760977;
0,370587556212816;
0,363111794915485;
0,336619417457811;
0,306722012754137;
0,268223561133497;
0,240254627351523;
0,271545117768609;
0,375601625756898;
0,495444803178697;
0,556654183563602;
0,53686134555237;
0,45799931507037;
0,345698620842066;
0,254403206979445;
0,266671538585588;
0,379360433340899;
0,484043322302457;
0,523034754242838;
0,548288776404355;
0,597054657315891;
0,641991951360835;
0,648240882688154;
0,57839932404777;
0,409377799497969;
0,21873797174412;
0,133533843651658;
0,159642076701902;
0,239085676497265;
0,339827130450355;
0,377997025398652;
0,276382685699156;
0,0937598564887049;
-0,0386444522404586;
-0,0884209231933344;
-0,132340401198785;
-0,194142234985655;
-0,20601331101113;
-0,142473040991406;
-0,0826138712278986;
-0,093887190993605;
-0,118619667948412;
-0,124958997013449;
-0,202408232485831;
-0,337812779806596;
-0,39482611003263;
-0,276952962144073;
0,04040075838631;
0,413636359746755;
0,601433584321742;
0,523194546090091;
0,26065461334509;
-0,0568071667885921;
-0,31869417517666;
-0,459016684216767;
-0,434880966394187;
-0,257790615810015;
-0,00563779949463009;
0,234227319313948;
0,394904978711271;
0,40488420356973;
0,256753703510094;
0,0650571228180933;
-0,0613509746272089;
-0,102121136419771;
-0,0739570684087945;
-0,00383492456656978;
0,049083247664537;
0,0478105336338615;
0,0227477540189257;
-0,00399165439336501;
-0,0320928852895504;
-0,0357369230193217;
0,0090331196430981;
0,0792681827222458;
0,125332050444638;
0,133666636696646;
0,125277953720027;
0,109616061787882;
0,0896416966516981;
0,079317838840477;
0,0932195591649496;
0,133578101492138;
0,183531417427821;
0,213902171083673;
0,20033045717949;
0,144510363144287;
0,0820167093603673;
0,0468522803355235;
0,040230602630551;
0,049716801887848;
0,0736176389644632;
0,0994732936807658;
0,104057148861921;
0,0956677959248571;
0,0857524700040507;
0,0783851176097098;
0,0908519746853952;
0,104994154285782;
0,0984948832443481;
0,0769972736037575;
0,0375803160498659;
0,00752735818280568;
0,0280802504227322;
0,0734352994824434;
0,0978124006050341;
0,126100749516435;
0,182258551624431;
0,213721635680493;
0,183123714871293;
0,120750218318843;
0,0589978695714658;
0,00802829851103926;
-0,00725913555964323;
0,037140783435754;
0,120060499997441;
0,192827001703905;
0,240242757526506;
0,268824916246054;
0,245558136758457;
0,163896721954815;
0,104122648052878;
0,128622032822147;
0,195802512859011;
0,233981460968826;
0,25685552463132;
0,312491375487057;
0,379053952932827;
0,412317486788423;
0,404515311003473;
0,378037918950584;
0,357857389882725;
0,325758261707723;
0,27191547229469;
0,249598022592487;
0,282371840506084;
0,332978035364643;
0,393943214289747;
0,4875296126956;
0,583304255346641;
0,6253362912645;
0,610685339865235;
0,560488079403097;
0,485546306618651;
0,418342628906475;
0,397513939497812;
0,411131067907594;
0,418567919390521;
0,39968374599952;
0,358084539674102;
0,308539706490764;
0,268826333330401;
0,267083228817277;
0,334594923485997;
0,443303021928219;
0,491096065354013;
0,443948128522199;
0,368877812399802;
0,283790082480341;
0,183532674568248;
0,124393215676724;
0,128581535991214;
0,158351839572152;
0,20468708567941;
0,269554495562958;
0,321993258075107;
0,329623636167906;
0,289319065796476;
0,243563044489898;
0,233683778101478;
0,234186738477663;
0,210013592720694;
0,188071716728904;
0,206827907038929;
0,255809188240999;
0,302935607519675;
0,337018188104296;
0,361715978957705;
0,365384491795945;
0,323911926653397;
0,249759316166203;
0,201804684587034;
0,209639678326275;
0,242000596490522;
0,281787269700722;
0,342487898257387;
0,404809376953905;
0,428227694317142;
0,403086633174978;
0,354252181834279;
0,31769548158759;
0,313797877250767;
0,342887913206222;
0,393997463571572;
0,437751195415453;
0,448967317258946;
0,434599760928275;
0,402439097867601;
0,361589714791619;
0,348704462015598;
0,374900384749155;
0,402702553958255;
0,405403564329794;
0,381124491739856;
0,329725151528;
0,266331470584587;
0,239833569159111;
0,283287458018628;
0,374407887968716;
0,484242289464324;
0,569847288395262;
0,552996797300339;
0,44172837249677;
0,335342308392847;
0,264030621441146;
0,228951278909615;
0,252603806463107;
0,298893485940557;
0,319432868494287;
0,272701607295202;
0,108652101003983;
-0,106559362925542;
-0,216260991094922;
-0,190955175653823;
-0,0905351001071505;
0,0726083572502185;
0,211681756091291;
0,199199104120925;
0,0890389699157807;
-0,0182132636482668;
-0,166796537322983;
-0,389225302058712;
-0,582070339684966;
-0,625869763668764;
-0,473339676538993;
-0,172607362168826;
0,109570103666905;
0,282886473706407;
0,428247095314831;
0,549470275671804;
0,491491059919737;
0,196741241261059;
-0,126213159222572;
-0,27629498675713;
-0,30818470417486;
-0,303776471389272;
-0,215360499956346;
-0,0242318089011685;
0,191237249525769;
0,333987480754922;
0,347325495817032;
0,255352224930376;
0,145917505073479;
0,0588594640489091;
-0,0190243110919331;
-0,0606040974356944;
-0,0405321262826669;
0,0115163992738798;
0,0704540737495353;
0,118649817781202;
0,127694202544736;
0,0993288519020531;
0,0626164252047753;
0,0395003645488036;
0,0352541161774217;
0,0551830578196634;
0,096371797331597;
0,122058277192158;
0,116131519010422;
0,109143885696865;
0,100823617957147;
0,0724952434684227;
0,0513985421365759;
0,0646243748791554;
0,0930749963091581;
0,11315833888675;
0,136115727263497;
0,165464903569174;
0,169307549141435;
0,136262467926359;
0,0934474395596351;
0,0625877254116424;
0,0397589525326581;
0,024345656581398;
0,0360156463810785;
0,0601485462659434;
0,0496121810334195;
0,0155184361429917;
-0,000652608735538007;
0,0010429173649837;
0,0337219967907239;
0,120118670251273;
0,202784824161213;
0,218322652001698;
0,181775236940009;
0,10682818472057;
-0,0134777643503617;
-0,151181763460626;
-0,233368653491062;
-0,213921741017423;
-0,138272904121185;
-0,0726259113866345;
-0,0206120043392243;
0,0472102256483179;
0,120547389614556;
0,164477823668537;
0,192231200443727;
0,245947446271308;
0,303803307900888;
0,298829638412867;
0,243067801456697;
0,211951258455119;
0,210243875919084;
0,187662577917566;
0,163809125767408;
0,188280938970211;
0,237847227660033;
0,286707897769024;
0,346757348552644;
0,395171579997858;
0,415420269131473;
0,442076030541755;
0,47902662855495;
0,49438122880918;
0,492785157755042;
0,507511509382493;
0,534259522053027;
0,52855181258936;
0,495931207415458;
0,492626820001396;
0,528467128205565;
0,562741662259371;
0,572592494297457;
0,571194053818682;
0,564536815519628;
0,541803640679632;
0,506048638327161;
0,464814896234247;
0,415860312351132;
0,357596045086741;
0,230365684807263;
0,0286615260990816;
-0,0538352147207655;
0,00601785565700445;
0,0176196814619656;
0,0577672658427155;
0,233825178415624;
0,348701912949251;
0,351378622942052;
0,392628893685968;
0,36073519921874;
0,174768258919554;
0,105571438676127;
0,211086547406007;
0,276254686384849;
0,29702412006347;
0,318692743672095;
0,295464940246387;
0,246204094036674;
0,206127176113054;
0,176656116111089;
0,164231153586493;
0,170251900574391;
0,18159539695464;
0,202578680918962;
0,241309570279935;
0,282475869904502;
0,308766515766886;
0,311775993478228;
0,294389763326432;
0,273010820005789;
0,25834578517458;
0,258742266184042;
0,285582608306712;
0,332406762558187;
0,379654972536223;
0,42133541011167;
0,453776448257607;
0,451739562473904;
0,405209280212011;
0,358731748431256;
0,358695995619121;
0,391007215531094;
0,426296924509613;
0,457252036230733;
0,472922801909088;
0,474363080621773;
0,476391454262484;
0,477259189633755;
0,46206911732529;
0,456886960943739;
0,515036836136726;
0,585091555779699;
0,54844060414081;
0,422426673194179;
0,325860240337589;
0,221856573951058;
0,0088443738181391;
-0,136675338672483;
-0,00828397507952586;
0,207345093788761;
0,269813394951402;
0,261482191365161;
0,253348598013112;
0,114932725289665;
-0,156874611278422;
-0,361804708740434;
-0,41285661690351;
-0,428582889638437;
-0,446322138967887;
-0,370122201143441;
-0,220370976731537;
-0,119011746129601;
-0,0731370050735603;
-0,010608975447956;
0,0338399902534852;
0,00624509919640493;
-0,0282892543751423;
0,010818259678686;
0,15360300309614;
0,353839870600265;
0,458124521954597;
0,385155537782387;
0,217618800486312;
0,0132343860469065;
-0,220045123463702;
-0,365928385834596;
-0,295402918603446;
-0,0624048806875663;
0,182663193509871;
0,35476103207056;
0,410928731252964;
0,323060492417216;
0,156130470103162;
0,0196488678715214;
-0,0496721744786293;
-0,0436970438258995;
0,0443786274779318;
0,156281350470509;
0,205510469133368;
0,171901571128017;
0,0939697853049295;
0,0223682247241149;
-1,67028616840825E-5;
0,0424747036061673;
0,144701746507544;
0,257708191914269;
0,30335632802002;
0,268153050881473;
0,192997596271357;
0,108467412730426;
0,0449182579728471;
0,0277586832597864;
0,0415649880247955;
0,0669605567493453;
0,109103038471745;
0,14590830079755;
0,142544380657624;
0,110594693781161;
0,0749891321431789;
0,0467172195174217;
0,0474872249969662;
0,0757751740678433;
0,0930637263904996;
0,0802044238469904;
0,0513316920623784;
0,0148981923691938;
-0,0382003890686166;
-0,0799722312674187;
-0,0624615294482287;
-0,00372541990861618;
0,0543875214664631;
0,10135503541045;
0,120551316500944;
0,106915461446396;
0,0827974995049117;
0,0540951049306174;
0,031689818591653;
0,0431271109902961;
0,0838778400645129;
0,132046979990753;
0,16580452062205;
0,158378519668632;
0,138187771497483;
0,162568863001101;
0,211075309207263;
0,241719007190645;
0,294310566892249;
0,414080057093226;
0,543821775384923;
0,594454370612476;
0,576287418210402;
0,557267052672245;
0,535046865995075;
0,494099013410554;
0,482467582841405;
0,512533784549566;
0,54222025276226;
0,555914466685816;
0,557333324568469;
0,540363837958675;
0,502294671453737;
0,45165468517217;
0,406727112892317;
0,394818117725886;
0,418475195770827;
0,443718773193041;
0,458446865986034;
0,465518125612398;
0,447828446471653;
0,415259743871323;
0,400994297595068;
0,401600205475227;
0,377534376771701;
0,316562017578912;
0,26199968085326;
0,240561152745476;
0,241966871523546;
0,275803753752468;
0,319956189672223;
0,313692314562242;
0,279436641678765;
0,272488910348844;
0,272483025545801;
0,260738822497451;
0,261890029465756;
0,277344520237129;
0,278258883112715;
0,2517812793924;
0,223375747003795;
0,218538354976167;
0,220124640052486;
0,215415508515536;
0,240976846487663;
0,303828371344321;
0,338245369925123;
0,31765233690369;
0,291694579300307;
0,274082203317347;
0,235858061067187;
0,195823079418298;
0,193754235026805;
0,223552237256777;
0,25896847321659;
0,288343535568642;
0,314423306995676;
0,335479135984621;
0,326493508240175;
0,282488346968006;
0,240022503051209;
0,220249478003576;
0,214997121901572;
0,225858658182522;
0,263187220426592;
0,308343627054499;
0,32720410496381;
0,318205111818378;
0,300137780115193;
0,274583558303101;
0,246732468238332;
0,242473715125467;
0,262383231736195;
0,279815498978302;
0,287281139313983;
0,291575117529576;
0,289858745491427;
0,278534949631613;
0,265857916683245;
0,261739854354197;
0,267906082801994;
0,278040849991618;
0,284217142594398;
0,286834539756835;
0,288922380997635;
0,290546513935722;
0,294555621047008;
0,298965877986142;
0,295641282498644;
0,285391366795486;
0,282692530766867;
0,295707699077697;
0,303819560972008;
0,294442308994434;
0,290557555676486;
0,300877478576828;
0,303124177407612;
0,290087722073967;
0,284385984415986;
0,293112108988826;
0,291982258527671;
0,278940861907686;
0,277453082099055;
0,285005246640748;
0,286884455774946;
0,286445898425546;
0,284869686297782;
0,274474054223948;
0,258191153817322;
0,249717841700001;
0,254519407372205;
0,264988564920981;
0,277986757626113;
0,292126611611845;
0,295424424086963;
0,286448670774743;
0,278544283148801;
0,279540832153715;
0,289547847960138;
0,295494352987296;
0,287408503988331;
0,207524098420013;
0,033613606015301;
-0,050556753171494;
0,00332258980970047;
0,0175138970988765;
0,0787272817673569;
0,294934985755454;
0,386715442806012;
0,260595437730152;
0,165922381688174;
0,112288484241481;
0,0126574278422265;
-0,0276284194014523;
0,00428797282863595;
0,00846553958472675;
0,0428294273943537;
0,163342213477607;
0,225966605844769;
0,197989718812564;
0,204054745525253;
0,232695508315232;
0,230861133502146;
0,220878221822543;
0,216173726214686;
0,219471120559103;
0,232016190653605;
0,238843959868805;
0,232389490001634;
0,22409258118749;
0,217263507887552;
0,205106048877856;
0,194270132611878;
0,196722650034914;
0,20821434293939;
0,214877656270864;
0,214639591205976;
0,216102377730111;
0,218699767598038;
0,216753680526155;
0,216965727764454;
0,229467132122139;
0,245683209551929;
0,24590369596053;
0,230015862402907;
0,21649372089588;
0,21449132533832;
0,21846588613837;
0,220270788912276;
0,221036729875236;
0,228093173378871;
0,236767577645893;
0,234793929030313;
0,223550385902982;
0,215942194283663;
0,215825669275968;
0,220001532489168;
0,230127491621299;
0,243932672379854;
0,25698693264115;
0,272790437785211;
0,278899531991282;
0,24673991795484;
0,191224144968602;
0,157770243111585;
0,158384026271503;
0,194506564582775;
0,235417672937658;
0,211758153071496;
0,155443848652676;
0,151703347859734;
0,17132598420818;
0,15822359104039;
0,149974236296904;
0,183510973546347;
0,221999568738644;
0,233725743975592;
0,221975885535409;
0,193325089061459;
0,164386632378841;
0,157252483216493;
0,171927706741706;
0,190472124048889;
0,201343325960467;
0,204030228089147;
0,199688234276012;
0,187919881343922;
0,176791480129767;
0,175031541881803;
0,180070875006664;
0,19106019367896;
0,206667070958908;
0,214881379849176;
0,208567910004754;
0,196139328394113;
0,187903936287666;
0,186996165791712;
0,188980568539686;
0,190265424116083;
0,197362612333031;
0,208889430044191;
0,210131120182295;
0,199699444880699;
0,192160097491232;
0,18997497199125;
0,183681644888516;
0,179251692933229;
0,188569367172209;
0,201926095920662;
0,203205911380526;
0,19690478729573;
0,19228777005094;
0,184428962980724;
0,173563260673519;
0,172840814455061;
0,187315746072959;
0,20698973204851;
0,218955316277168;
0,217362018456988;
0,204286533816794;
0,187479480650681;
0,176300140049949;
0,174128670307276;
0,181576788688603;
0,198941884709073;
0,214721119576684;
0,214930346993687;
0,203193422571629;
0,192965521857145;
0,191921711704308;
0,197295135979766;
0,20074496681522;
0,201469855314448;
0,204484348354793;
0,205694196019983;
0,198618459514283;
0,191249759680331;
0,193087951553901;
0,198528379501855;
0,200406163240824;
0,198351047179914;
0,193076011584828;
0,188053476159072;
0,186848286238743;
0,188046254805872;
0,190795977415136;
0,196063120855149;
0,199369570557847;
0,194300471004484;
0,183837121042183;
0,179095660937877
