0,860917470103596;
0,788245199322379;
0,74465408465481;
0,755392666638159;
0,771671337557707;
0,754318782594049;
0,745103673657904;
0,801909563699754;
0,860230109735523;
0,840367159346342;
0,759350373644318;
0,65439757096683;
0,597377358396294;
0,608554358961493;
0,571296201831018;
0,442325943303208;
0,341722057539398;
0,360241868514051;
0,407086249526735;
0,328893821212099;
0,19641506795041;
0,220903364663444;
0,370936593447054;
0,461796342888465;
0,495620830548025;
0,566537965012658;
0,649312269576277;
0,695166331920877;
0,753282669665996;
0,856468914970232;
0,695324985501227;
0,122135565147571;
-0,174816897652173;
0,010251323034675;
0,060942129438103;
0,272205792794732;
0,969170201289275;
1,16095167696284;
0,677737725682726;
0,50135116598409;
0,474717325918079;
0,0938093773572784;
-0,127751425313276;
0,00745044581367135;
0,0443019886950118;
0,186254699545258;
0,737815898452576;
1,11214953412599;
1,05923115660351;
1,02040772641725;
0,779441529815932;
0,116580005178442;
-0,192796530676991;
0,0182376300927806;
0,0642284483841037;
0,295394863329444;
1,05979799260926;
1,28096762100284;
0,808069326884525;
0,648739402073283;
0,539608508464658;
0,063294440811469;
-0,137964096871435;
0,0225632244801238;
0,0416037596013122;
0,0016771297397011;
0,103704447664599;
0,20367118309085;
0,26199391410527;
0,358794637453499;
0,478507595369501;
0,616193523482568;
0,755196480049079;
0,843404956517344;
0,910362473666516;
0,718871839395308;
0,125822043050863;
-0,180109847006936;
0,0104260964607886;
0,0628662021027562;
0,290921104362079;
1,03399221863615;
1,31742912683464;
1,05886131990629;
1,12906142194429;
1,2776912605591;
1,15332121000102;
1,02321867963886;
0,90718892360278;
0,767499921842743;
0,535886318879049;
0,0979788945958407;
-0,131738562038993;
0,00454968907649395;
0,0474234133705415;
-0,0218771989679426;
-0,00763031067270244;
0,0109622366056569;
-0,00187785514799928;
-0,00311018992934803;
0,121540627492436;
0,433062977806402;
0,649611928810897;
0,658661181490087;
0,726858033916482;
0,900824007373128;
1,02203159928302;
1,05322527402826;
1,11739385693301;
1,20542501239387;
1,16695184348914;
1,07785106965587;
1,06214840858014;
1,05215499733561;
0,93039081419543;
0,562778654598531;
0,0526331777991761;
-0,126076322682204;
0,0188934869331622;
0,0393081712831627;
0,0685664552723845;
0,276006286194912;
0,311348199802672;
0,172402265903386;
0,147615626939852;
0,126411418509706;
0,0118756998998908;
-0,0312409504828942;
0,00590791271718545;
0,00909817257928842;
0,131226985390795;
0,463047549442037;
0,604008697928327;
0,452253721345325;
0,391150545201798;
0,455051951011308;
0,460322065333843;
0,398484030920214;
0,326430256090724;
0,287959207695665;
0,296994828073528;
0,319902801400144;
0,303073926609359;
0,24381215912309;
0,219143378733997;
0,278928166652359;
0,320884659802978;
0,229714259926815;
0,075062906867936;
-0,00147114684525;
-0,00454022833735171;
-0,0441082664072492;
-0,148956417390871;
-0,249947246441148;
-0,276531494207012;
-0,183284149651455;
-0,0202745288797172;
0,0418526694807445;
-0,00528913207772824;
-0,0134584126166431;
-0,0786040543840475;
-0,24267775215964;
-0,180795548241272;
0,113137525913934;
0,281394052347564;
0,284188360923876;
0,344032272292549;
0,567380292344895;
0,783528252657194;
0,83756855426721;
0,859445639864544;
0,931425655799092;
0,98541544927206;
1,04026871277475;
1,14447484966812;
1,2580843431111;
1,31991861035967;
1,33824920166152;
1,33243448366106;
1,31673758894748;
1,3762233413708;
1,54877122475914;
1,75231140640697;
1,87624000822426;
1,90711601615211;
1,94317312234985;
2,03173080136679;
2,17536345863104;
2,3823790815381;
2,59522789899647;
2,7493926631434;
2,8333950741606;
2,81962768450518;
2,67173489326338;
2,48179839605091;
2,37428741601178;
2,317007768496;
2,23557672481885;
2,03249005444939;
1,62864261978095;
1,18165646595402;
0,89814298213379;
0,786944684391325;
0,766539323523999;
0,782376043127021;
0,825344556348691;
0,857735881120496;
0,841585043213845;
0,866189436378885;
1,03535095329485;
1,35359245936592;
1,77929453445097;
2,19935890873815;
2,48663217201407;
2,63126728870445;
1,98936549884253;
0,320588841939404;
-0,490139285337971;
0,0357122568552003;
0,168071574869092;
0,562368995683861;
2,14873813424201;
2,80185197010117;
1,9746413317446;
1,58163374078827;
1,26795779684677;
0,185351210170302;
-0,323126592591638;
0,0369605040269407;
0,104520750187718;
-0,0930150058537213;
-0,141447185204118;
-0,147665477745437;
-0,0850848598929051;
0,0821176651124195;
0,163413681898044;
0,0463596917111763;
-0,0473848668136593;
-0,00140119085343847;
0,0181852247415209;
0,324030173708933;
1,1833649662487;
1,75488205518218;
1,73920500662109;
1,89201539102233;
2,23496426841894;
2,43406943307333;
2,47363040367991;
2,32986562168601;
2,07132985586679;
2,01043479530937;
2,33718164655027;
2,55732173661132;
2,33506199512162;
2,03848489285076;
1,39719655862453;
0,19375048877888;
-0,335679388635513;
0,0333879945319447;
0,111404698065445;
-0,0634124487306431;
-0,0593085627141964;
-0,104063715693829;
-0,183808348977981;
-0,174015177041855;
-0,184676924155478;
-0,209526487110484;
-0,122630693418406;
0,0343080140268265;
0,196609108048999;
0,269016238712685;
0,0930832548527555;
-0,0763386859643325;
-0,0103403990086413;
0,0329272363923137;
0,616906665120437;
2,08668371631702;
2,64390176746489;
1,84585890178016;
1,38501738760931;
1,66420271862533;
2,22651228654088;
2,37856115116994;
1,88108650482434;
1,46872786089872;
0,98870654089938;
0,123051455084629;
-0,237510268667027;
0,0295375961010947;
0,0762010009120531;
-0,40570521549723;
-1,30306461105859;
-1,85854831942194;
-1,68504407817708;
-1,40825506516159;
-0,943480641493182;
-0,111214494381356;
0,223878707763216;
-0,0292076766059647;
-0,0713082161479722;
-0,225705501911381;
-0,837679298543545;
-0,930494922824777;
-0,286675121123956;
0,283642304599271;
0,97005376160818;
1,95925588926613;
2,35249329496967;
2,07930060770658;
1,89195597789362;
1,83248719811094;
1,77499834081485;
1,75560572138835;
1,70814841729067;
1,62542815714891;
1,14151824524952;
0,158819795455547;
-0,274588056872155;
0,0272508986431849;
0,0911462474949253;
0,292420797613248;
1,11433936270143;
1,45308086809789;
1,14456102482068;
1,21190946951387;
1,12531888694597;
0,215542166570018;
-0,294859401986699;
0,0159395581340186;
0,103032489714521;
0,395360800605273;
1,52882310942182;
2,17138315470898;
1,9312287854556;
1,98788328789867;
1,70667241253403;
0,304207567623831;
-0,438916203710489;
0,0289684672162151;
0,151281351589225;
0,348562303650001;
1,39558077023646;
1,86936435366595;
1,48618187095546;
1,54855898821803;
1,41620099463183;
0,260799037406653;
-0,370498240914314;
0,0241367404215889;
0,127656389786124;
0,266297632017912;
1,06323009798391;
1,29944951001466;
0,660379386490993;
0,302606595899643;
0,247895590564311;
-0,00604223165617706;
-0,16907167152143;
-0,164714079990065;
-0,237063038109512;
-0,238924584168649;
-0,0350845045374111;
0,234342172390763;
0,432024018139386;
0,559349576310617;
0,757776671875294;
1,07040604407656;
1,39105307656722;
1,61765689358961;
1,72800128298652;
1,82509977511257;
1,96065338629924;
2,03517674891341;
1,97068128595079;
1,79439124100727;
1,21153941136245;
0,165646005899977;
-0,288172043320354;
0,028270920804321;
0,095902702137009;
-0,223554931335677;
-0,693144907040501;
-1,16537888805758;
-1,44120116323163;
-1,64049732353316;
-1,33940802518974;
-0,241438557575823;
0,337988692549503;
-0,0178601432729216;
-0,118657331070826;
-0,401680683033447;
-1,51847653781458;
-1,95035092066692;
-1,24543478994875;
-0,701648096480351;
-0,38099612268362;
0,00969694951946107;
0,0848330697836032;
-0,0316101046207271;
-0,0180807682151976;
0,444350773187627;
1,4092524277589;
1,71299458418086;
1,06544225734095;
0,656987785307666;
0,470574675129242;
0,0518522258942621;
-0,118387333509495;
0,0199753154246912;
0,0354845454204787;
-0,151614807233771;
-0,385292946401736;
-0,305653078324732;
0,0926602733779647;
0,37154801551144;
0,349742869471131;
0,0811422429838885;
-0,0898218307560258;
-0,00206550350150632;
0,0345098931849337;
0,0918566109727221;
0,314770306864808;
0,349984810829158;
0,17556206166241;
0,103790891768678;
0,0893958271993045;
0,0319477141641803;
0,016416154322677;
0,0955067894454819;
0,19096906080072;
0,179825989323994;
0,0552933945416866;
-0,00678718451666957;
0,0939628230851573;
0,200332871272354;
0,164617305504748;
0,0268869550793856;
-0,0393869357622159;
0,00212766666006003;
0,0138710627039548;
0,17756902234527;
0,644234944277192;
0,948085521895164;
0,966516012098319;
1,06802810729714;
1,12764395440035;
0,967050046107944;
0,797591219644999;
0,74809155203539;
0,686646481322275;
0,470268924924281;
0,165194397804941;
-0,0991062761293282;
-0,264363124369872;
-0,30297954111369;
-0,20786700642265;
-0,0313605257518684;
0,04834861687371;
-0,00297897935617839;
-0,0169077218776755;
-0,0642318775613976;
-0,237888114475376;
-0,316839202360369;
-0,244359521687026;
-0,164714005896701;
0,390439609133421;
1,6024050048244;
2,19310187266819;
1,81540671908008;
1,54943460095624;
1,46246496225304;
1,26388094121323;
1,10477957793871;
0,940285677547425;
0,801857770844251;
0,754284450410485;
0,649455978214415;
0,479083659571697;
0,371461035512608;
0,299649173551234;
0,211831201661568;
0,169500223493361;
0,19777543635439;
0,216013426941746;
0,209663910308489;
0,298132918587766;
0,507458897202338;
0,714261514110495;
0,876007643416286;
1,06782346263191;
1,32611375947675;
1,62213333726819;
1,91956772912478;
2,15340563485871;
2,24481787786408;
1,65327970690095;
0,255311952361632;
-0,402636028739504;
0,0316554790071663;
0,137180479581732;
0,212393816242237;
0,815481300567558;
0,782520641911694;
0,0234929464514902;
-0,389527496462227;
-0,348556843946076;
-0,0925434798760797;
0,0890743503970859;
0,00723910355688174;
-0,0365391691318666;
-0,147710075558684;
-0,552468262515685;
-0,786955349905666;
-0,721600982754549;
-0,821891796492054;
-0,764643333043875;
-0,151414576184783;
0,201367381637708;
-0,00932539928557927;
-0,0710269330218904;
0,1884499835515;
0,564638126581814;
0,81584660718799;
0,89547434353988;
1,0810863161386;
1,30844848156184;
1,37277846124202;
1,38219001577505;
1,47011545182043;
1,56858367930879;
1,18206279819262;
0,184553720945903;
-0,289622509721962;
0,0227926113271158;
0,0986123402119791;
0,243793825064473;
0,978776745067971;
1,3024813830388;
0,95425997910645;
0,861705506033723;
1,08102653609456;
1,18556271701737;
1,10652994875257;
0,817367507254195;
0,478567364351972;
0,269344683821357;
0,0651349876625312;
-0,0644567962561308;
-0,0054293806772997;
0,0266541806080647;
0,378646628707968;
1,41311580603582;
2,22012125366378;
2,38407744994975;
2,52982860592492;
2,5369262372724;
2,25042457344674;
2,12038117404852;
2,15123630292803;
1,96330439845268;
1,51136490418827;
1,03630220422851;
0,676697369815542;
0,41227346410238;
0,155279946334752;
-0,135007201514149;
-0,381245486369181;
-0,525596170788294;
-0,572970421061128;
-0,539482260456334;
-0,483660506766285;
-0,48617734185927;
-0,545437771738738;
-0,560355379385233;
-0,452120887528428;
-0,212904595153317;
0,01191340287683;
0,0417308681459247;
-0,0171277269248977;
-0,00838541329483531;
0,0175560024196536;
0,0747340487838436;
0,189068436549682;
0,226863845096464;
0,218288693646534;
0,206740805586043;
0,0600423713975063;
-0,0577018926081459;
-0,00365615988122522;
0,0230681750535096;
0,356066368828138;
1,31779321341078;
1,99084571501145;
1,93260729685811;
1,8810594491058;
1,46625070383638;
0,23902639778235;
-0,366396642359637;
0,0281348886132218;
0,124844234918427;
0,238561261740464;
0,917507565593835;
0,973987004292177;
0,270299202942051;
-0,0539668509579131;
-0,0318404300719555;
-0,0368004424840456;
0,0043878771850096;
0,0147816177185179;
-0,0083115353236721;
-0,334912916737142;
-1,17416020011535;
-1,66599324665123;
-1,47819759313811;
-1,37306831915349;
-1,05207649263696;
-0,145580898413922;
0,262057581918642;
-0,0306371195151131;
-0,0846517048500262;
0,395943930990109;
1,13591019040054;
1,31473352996419;
0,903707785577364;
0,835708728773155;
0,957891633416688;
0,788250331120768;
0,571883996537191;
0,485069344719949;
0,461537977159804;
0,488636293149016;
0,544651636846609;
0,6296234123749;
0,749479013249922;
0,809874645868049;
0,849045862880856;
1,01571225848933;
1,29161770215237;
1,58321641151792;
1,85170649610803;
2,16585065960822;
2,17043949467311;
1,53209103833908;
1,2870190750677;
1,85624711098905;
2,25110180515142;
2,36336875275366;
2,41752074858825;
2,33432158222695;
2,31594334752433;
2,39779913854221;
2,429630033592;
2,37776488234218;
2,32106347476514;
2,33663464692794;
1,76447085823563;
0,289974889415419;
-0,435509492583349;
0,0297512420672714;
0,150193856042353;
-0,00416255707147108;
0,286288374546333;
0,668956021964583;
0,912496385927788;
1,18025009654171;
1,05431978532983;
0,214337875995844;
-0,272236251440005;
0,00738556622111049;
0,0984958468256263;
0,376791833240561;
1,44392841806887;
1,9912947546586;
1,56043152184159;
1,36138074390059;
2,00943144773002;
3,16076689776138;
3,576752690731;
3,04386691346122;
2,85049310489545;
3,03997104327804;
3,01275670877965;
2,98687538035705;
3,12611743055833;
3,28360936220474;
3,32948205076546;
3,1209261096206;
2,69757339445504;
2,26678734975155;
1,88836931142921;
1,54591451240584;
1,28452133238637;
1,14639544733596;
1,07143412856098;
0,899535228113979;
0,561834675067547;
0,233681851859481;
0,0655758336760867;
-0,0621975504938704;
-0,173486379182335;
-0,112534684729109;
0,112232884002342;
0,402122700688917;
0,661876730507771;
0,790606548709151;
0,845239739068335;
0,921198570702369;
0,9823131006191;
1,02953138641039;
1,05062830093832;
0,928846173048967;
0,730804778478849;
0,67380147911571;
0,781412023721675;
0,962265345205538;
1,13911797317042;
1,17423077831203;
1,06918655403245;
1,00312704076481;
0,936576035607076;
0,740225387941389;
0,563888329279212;
0,485658862245582;
0,410428885451212;
0,443853543675792;
0,637109936364805;
0,817557893308153;
0,935787827778608;
1,01577074265008;
1,07814943250208;
1,21540871165075;
1,39742912787123;
1,52497917859586;
1,63539427960341;
1,78595618587638;
1,91775704921895;
1,93072891707498;
1,82388984740739;
1,69821514086979;
1,63867740274109;
1,63797953134655;
1,68037060803657;
1,81636054814506;
1,99052442663907;
2,06350494808967;
1,53058611418286;
0,249086738517538;
-0,374327833534242;
0,0248478663306078;
0,129520541722465;
0,453313568828425;
1,69735515566955;
2,18145627727688;
1,60016515704416;
1,54975655432233;
1,40866823335953;
0,250384509379687;
-0,369217433018312;
0,0282141928822967;
0,125348799952724;
0,387368302573893;
1,46452783544744;
1,8460201016394;
1,23121086295682;
0,982320859485494;
0,999240193347386;
0,746831100261966;
0,552457177513908;
0,562390005287189;
0,660691393406;
0,885124867517416;
1,25259816127859;
1,64202142357392;
1,96506223538327;
2,2228632354241;
2,44707831881375;
2,64548836872453;
2,7688236888225;
2,73657181585892;
2,55870614517795;
2,37597202777711;
2,21722106053621;
1,96274914505875;
1,63607931977992;
1,33914429714983;
1,02560304413999;
0,644564407821052;
0,280375917912175;
-0,00532964329012217;
-0,245557814286102;
-0,418678007738096;
-0,458118761280645;
-0,401732520563563;
-0,356934728366849;
-0,398475899165375;
-0,465172130617848;
-0,390110953712121;
-0,204991846538488;
-0,0692516140905773;
0,120957528398096;
0,517815835699424;
0,908485064621172;
1,07920690935335;
1,22085522105581;
1,46848499967021;
1,62665865212386;
1,61110931704857;
1,56687093736918;
1,59594140241185;
1,66534110240753;
1,61354956572626;
1,35379477808345;
1,06887441615541;
0,885178899894498;
0,698697465372332;
0,452943896120274;
0,187876732621815;
-0,017362739687806;
-0,0790396228154829;
-0,0321151602698497;
0,0156102997142804;
0,0129049140124429;
-0,00634495590165889;
-0,00265937665507784;
0,00348480920379549;
0,303293717955245;
1,12123918370324;
1,77679549211171;
1,99698805595674;
2,38824381485302;
2,10122071567676;
0,39981243438795;
-0,541925500989251;
0,0258927343150575;
0,191122486956056;
0,524757518509872;
2,02798765827763;
2,65089993318544;
1,84824221268265;
1,40555620749914;
1,06093639124571;
0,133373530128092;
-0,26449730366763;
0,0366955478121568;
0,0828708186557991;
-0,158193171364965;
-0,347539098772889;
-0,34890104991305;
-0,203715552290488;
-0,10379341267936;
-0,138345886436822;
-0,317693148025298;
-0,367912330149848;
-0,20644745368384;
-0,0958779812500143;
0,176855157991277;
0,785007096651636;
1,22025594099874;
1,32440243316368;
1,43065863770362;
1,56159495201992;
1,73327844063756;
2,0355667927726;
2,31445480348196;
2,41617746573005;
2,40510551114955;
2,42345689713521;
2,48629350723721;
2,53503261718806;
2,57737014228048;
2,5641192196865;
2,46099905831278;
2,44140262353504;
2,53615862473586;
2,59354103851623;
1,99818848405217;
0,399186229531259;
-0,684119192573921;
-0,48185452157572;
-0,286886717856581;
-0,321826696543069;
-0,0698914911805125;
0,0922687775312692;
-0,0056639981271713;
-0,0317135883019207;
0,180155197655131;
0,672208615206631;
1,15295253394835;
1,2734319214461;
1,22039498845635;
1,07316017068023;
0,824827395130158;
0,935254193688337;
1,28444988871391;
1,29726529614481;
1,19320971720182;
1,23605136990831;
1,18588329473733;
0,953688699600905;
0,724235998217731;
0,477204668790874;
0,0827970548709093;
-0,115389892593923;
0,00481969265013923;
0,0412265949521292;
0,188443638925159;
0,718395916291439;
1,07752548774386;
1,16177189653817;
1,40031110695551;
1,39308074017079;
0,909665602282397;
0,76865739361512;
1,19157026115539;
1,50261889043648;
1,34472490832317;
0,845704797135833;
0,47326423686826;
0,417578660420334;
0,329120122496445;
0,12669091856947;
0,01740370700727;
0,0395192917980631;
0,141090353999129;
0,261579759666112;
0,322397143990058;
0,348362062389951;
0,387186346981192;
0,354320220204675;
0,139835813597728;
-0,101030986425217;
-0,081374284110457;
0,0425103201318405;
0,0154717049673726;
-0,0222800502453511;
-0,32340647099482;
-1,18082980912438;
-1,77205935540081;
-1,67550921353012;
-1,61589417639253;
-1,31079525792164;
-0,243380377654292;
0,333496687148041;
-0,0160589608831431;
-0,117693057733611;
-0,377261914658098;
-1,40958943100577;
-1,72953323209443;
-0,947800546009372;
-0,429755554138744;
-0,25839693699295;
-0,00433265811395412;
0,0631572161493131;
-0,0200824120458091;
-0,0148025970558887;
-0,00222177895578288;
0,0204176506927024;
0,252647388070879;
0,631703159933564;
0,970327825821778;
1,29384535511507;
1,60154785759469;
1,76237328310937;
1,79792426952788;
1,85101971186444;
1,95901603334477;
2,09377903206172;
2,20266822791448;
2,29055035240878;
2,45484972326729;
2,63435935452915;
2,66623047569022;
2,54522720214179;
2,24457632937445;
1,64409602736121;
0,807105942761799;
0,0256378190228678;
-0,441903573644183;
-0,685203689956468;
-0,985702868581969;
-1,28703289191536;
-1,33724088155621;
-1,20540799707739;
-1,03362793074325;
-0,787650607113132;
-0,572397143247287;
-0,514085242369049;
-0,4916502366084;
-0,392341067830141;
-0,27815592981096;
-0,163759154317898;
-0,0208834325932035;
0,0379805550634328;
-0,00389636629891706;
-0,0125948861571112;
0,0891026679644865;
0,244203248513928;
0,163232327290509;
-0,196361804803647;
-0,474973196479999;
-0,612676333980071;
-0,771782368239183;
-0,902159181879667;
-0,999020688988731;
-1,17514553603467;
-1,39379637029665;
-1,5347921769659;
-1,51003804581301;
-1,2820126742283;
-0,886895475282236;
-0,420636069910071;
0,00692371609209205;
0,368404563712451;
0,672537374368277;
0,967297416798636;
1,35614180114603;
1,76058418852624;
1,94829223445264;
1,84347714859035;
1,58642011901596;
1,03730253219624;
0,14352445701988;
-0,245088298839291;
0,0225408751360506;
0,0822835333434314;
0,0861641947378853;
0,365126586992931;
0,348070973025547;
-0,00106597729933755;
-0,192234334905155;
-0,184564382794819;
-0,0534209417078122;
0,0489397296522147;
0,00467273081900317;
-0,020331982334971;
0,0912976982985975;
0,390769780935023;
0,813201790516662;
1,177703401642;
1,43087972083449;
1,55217093466846;
1,56654819757036;
1,66337168490118;
1,896454967456;
2,09073374520644;
2,20021402723331;
2,3006938347802;
2,371794273364;
2,37237553400455;
2,35011521928809;
2,42732280921993;
2,65673483944716;
2,91639373683667;
3,02018932633243;
2,99073156608267;
3,09047032715709;
3,35702615833399;
3,53518156081058;
3,53775764334534;
3,43827994481505;
3,30033028018219;
3,22183642465112;
3,1447157816782;
2,85375412052064;
2,38827821448592;
1,99212650785289;
1,63180371913483;
1,08437087457232;
0,396590677020022;
-0,22147947529398;
-0,7198907819036;
-1,14422134409225;
-1,46185163685834;
-1,59679188642752;
-1,57665665748715;
-1,47427836422758;
-1,32649322750702;
-1,16013047757143;
-0,936145550341264;
-0,65388569968141;
-0,383570565522526;
-0,110661990616606;
0,142905251737871;
0,311167325018235;
0,448475255264795;
0,417261235835435;
0,0856273127953328;
-0,109538595875511;
0,00362297054585789;
0,0392900545740816;
0,154453773108071;
0,611489354389303;
0,924341869272913;
0,873804242193984;
0,813895590037336;
0,601278877645154;
0,0856657796617457;
-0,146983934173965;
0,0148620277511178;
0,0485942084444013;
0,44243633446617;
1,68148485175053;
2,52122899500301;
2,44435057161606;
2,47053495452029;
1,99365248723362;
0,335364774456257;
-0,503188984147142;
0,0367714292771598;
0,172132527404099;
0,617157704862873;
2,33683862955445;
3,05804867307534;
2,24809517459524;
1,99511505831904;
2,2755567209845;
2,2796975008422;
2,29479325388662;
2,35675241918258;
2,30850625959489;
2,17804106513841;
1,99186815493826;
1,8336512581462;
1,75406830526134;
1,68120463877407;
1,60892510851085;
1,53884826094578;
1,38258795429393;
1,17710576936495;
1,02254231707025;
0,895562275019562;
0,777077911186566;
0,701914038157873;
0,70637712242788;
0,742174339745747;
0,688576716977269;
0,53363055857377;
0,312394477907942;
0,0635139313833104;
-0,114181362682471;
0,0176134696419446;
0,440172605387097;
0,476057019008885;
0,0462340111308144;
-0,167976008146716;
-0,108112837116677;
-0,0222389151152508;
0,0228104656161515;
0,0022994151881375;
-0,00969648513785406;
0,395377235008191;
1,48304097224166;
2,39232620660964;
2,60510884035708;
2,77258874667641;
2,23898763695561;
0,392483881845147;
-0,56451642595211;
0,0342683232966849;
0,196228894399637;
0,772410953947127;
2,89777493705169;
3,80431191157942;
2,6990837167503;
1,99413548625737;
1,39507211523433;
0,0206944053167024;
-0,553859522118502;
-0,13214885204311;
-0,0421430761039484;
-0,061248860488984;
0,280109417155146;
0,560416295055439;
0,630099435974438;
0,652365535584709;
0,698229717662034;
0,82309483786154;
1,04208627061961;
1,25834159527819;
1,40458513409808;
1,55769476205797;
1,74632595648049;
1,8057285688691;
1,65777491606183;
1,4624838048783;
1,34808961582043;
1,3107663607723;
1,36607297942826;
1,51706426498923;
1,75758987063089;
2,10471699068821;
2,44908705342046;
2,65095675389222;
2,71070588475056;
2,65989082067936;
2,50564444638677;
2,36969001183813;
2,42788062802366;
2,58772918019654;
2,62166036084732;
2,55489793201556;
2,44271407749942;
2,1612880831403;
1,70443656540959;
1,22873215229813;
0,821948259012719;
0,493177213414068;
0,226617324827069;
-0,0322712258564631;
-0,263494302014628;
-0,401774950533669;
-0,458793776024086;
-0,389821057894134;
-0,160619678769724;
0,110471496256158;
0,390516200402794;
0,828840079869026;
1,45780907725101;
2,09764217061171;
2,59287748814045;
2,30359129168583;
1,14366032243688;
0,984116062481766;
2,13058903323315;
2,75593329290625;
2,53782733985055;
1,94730784503141;
1,39820648443816;
1,27086097032079;
1,20934367791768;
0,762990312276281;
0,0795553205430341;
-0,173161873434484;
0,023446400787163;
0,05502447815149;
0,191556202624476;
0,837141887444808;
1,40088511015095;
1,53446784112085;
1,5713479152487;
1,62075238505066;
1,65736591038229;
1,7093650328776;
1,69248731105193;
1,59002835572361;
1,50046993083036;
1,36111227615639;
1,03621890229293;
0,58584070122592;
0,0811794980109551;
-0,254287861866953;
-0,12625429634251;
0,0873565780300621;
0,0171423739878579;
-0,0396333782087908;
-0,181367062902461;
-0,614619667638819;
-0,730828252506842;
-0,382860561806577;
-0,153564418697521;
-0,067438322383045;
0,0194044107903836;
0,0141278292776192;
-0,0125430935616111;
0,000189031791550894;
0,157279323477309;
0,509650523777193;
0,660708768313253;
0,490528941548358;
0,381720969045368;
0,303947113865029;
0,0612859794035598;
-0,0772581760428119;
0,00163553515558118;
0,028192169612573;
0,0991156187387867;
0,395363641861774;
0,571260488543129;
0,470150566896913;
0,400403118524219;
0,316594897070719;
0,0531330347819058;
-0,08089856085168;
0,00646368400101766;
0,0273996218552872;
0,097741602374492;
0,445223512301319;
0,780284117959292;
0,879348618168374;
0,967064646063685;
0,818541055005194;
0,157999209820824;
-0,210592276398611;
0,0088387763909703;
0,0748280759356102;
0,284441643314211;
1,07394000076346;
1,38659701435623;
0,845636506614716;
0,409209850828293;
0,230725723818465;
0,01316119504726;
-0,0554253797852811;
0,0134533330600731;
0,0148709594160504;
-0,0817043972518126;
-0,212728643469802;
-0,210131590164594;
-0,0705624763496316;
0,0688120376777678;
0,146923672139341;
0,0626331351670226;
-0,0451538746455552;
-0,00862459565151303;
0,0204977132210453;
0,551036036365916;
1,85934942774873;
2,34885194715617;
1,57868194493574;
1,01003133657018;
0,633922580566912;
0,0365403312858615;
-0,14931783710128;
0,0350919787243881;
0,04066669794041;
-0,461107093230158;
-1,45830673088449;
-1,8160943003467;
-1,13326806183439;
-0,530424659261166;
-0,207353538791476;
0,305290121474086;
0,936861163534402;
1,50417962616832;
1,93014262382117;
2,18564367508228;
2,31659655257776;
2,3405577666146;
2,20418355385017;
1,95375838298459;
1,71344754849391;
1,44602315551214;
1,03371032980137;
0,545364901321716;
0,145905522486018;
-0,0548978784052899;
-0,0389924430686329;
0,0237279625877846;
0,00584036474984034;
-0,0111842757357465;
-0,0620288117297692;
-0,29107465107979;
-0,585335102921244;
-0,735481514610253;
-0,807786741539518;
-0,915493297724038;
-0,959423074796231;
-0,88064487170122;
-0,760393988710779;
-0,613580714098415;
-0,447695978715005;
-0,371044153384937;
-0,395515392726429;
-0,395616816807875;
-0,379751053322347;
-0,32280335245808;
-0,0840179538529874;
0,0845012171984469;
0,00483309450387663;
-0,0337013984030424;
-0,0951512754288692;
-0,303564461864148;
-0,251220121853961;
0,0921945685261393;
0,336415954129893;
0,335791797427238;
0,0863983007875239;
-0,088913961455133;
-0,00402109275977657;
0,0349599095124777;
0,231542666499979;
0,780945652559912;
0,929505256049001;
0,557828755912368;
0,365157858914403;
0,258228300916415;
0,0163875712509797;
-0,0624876596915108;
0,0146208044355265;
0,016994189761103;
-0,0261799105328675;
-0,0320823407900031;
0,0325251891188993;
0,182447093981832;
0,341451438177794;
0,321967435410527;
0,0656115397174197;
-0,0831285693841029;
0,00218520446630977;
0,030107417001299;
0,0785070008288101;
0,25744805685946;
0,194895216433929;
-0,129461055464497;
-0,298351737382413;
-0,205582967226368;
-0,020663653759453;
0,0468305490666583;
-0,00674307626122491;
-0,0146968355970176;
0,187066818388022;
0,629739525997809;
0,899170342636209;
0,855278513462558;
0,889063749595357;
0,751375778071506;
0,138896573588324;
-0,192326995723755;
0,0101337802267543;
0,0674519140420808;
-0,0657056923004649;
-0,163587845915092;
-0,246245688613499;
-0,204635170646097;
-0,0902714304614723;
0,181686298888592;
0,871879573539448;
1,50098523234966;
1,76641613319357;
2,14206644623254;
2,59916499291654;
2,8558220120615;
3,04061037264101;
3,23707302831486;
3,37430620669517;
3,35275429035144;
3,10415475829747;
2,76681905864651;
2,45799930703749;
1,99475256510511;
1,30390837571495;
0,664880159650688;
0,212362839657954;
-0,23924810883635;
-0,702401097295821;
-0,701293193961091;
-0,124405345088615;
0,181731849098238;
-0,0129495558108056;
-0,0621734547585014;
-0,00612324405904017;
-0,063600607725268;
0,111401707505743;
0,62148227598481;
1,13854184388626;
1,49323287891291;
1,74930716348838;
1,94418289998256;
2,07026763238497;
2,1811784322692;
2,29214512829118;
2,29378208196569;
2,15158121559264;
1,96406493356155;
1,79308379600553;
1,64172920048002;
1,47854253302253;
1,28553432855932;
1,16263027595989;
1,13795461636001;
1,10317386594675;
1,11117520217843;
1,24414630693912;
1,36395039736326;
1,36174940745372;
0,977653748002998;
0,150742436773042;
-0,236929598372157;
0,0181449539292549;
0,0809734507035174;
0,270611096032072;
1,03568385490903;
1,38672520593025;
1,09965768432838;
1,04286578885256;
0,877061020826334;
0,144530002128131;
-0,223926981205173;
0,0189227333972076;
0,0753898922575453;
-0,0486938461408125;
-0,110604912803951;
-0,307973890983354;
-0,547099210437332;
-0,555593550804855;
-0,307387572224913;
-0,0102204387392222;
0,0649012740911527;
-0,0158477259766464;
-0,0176511847386014;
0,362129896233819;
1,23610600490227;
1,8260353595165;
1,83643617489075;
1,91659878102011;
2,2188809042305;
2,50395724287923;
2,47593134121691;
2,09218705111684;
1,73122151949109;
1,56593494182084;
1,4784483868628;
1,39356668662021;
1,33979677416907;
1,32923504704061;
0,988397233948188;
0,159614779663561;
-0,242791898527635;
0,0171818432558185;
0,0835025511092657;
0,309090861749483;
1,18495424007238;
1,64093863739174;
1,42487543302263;
1,42164874712905;
1,13418249602814;
0,151263411746131;
-0,283102248561341;
0,0357658023144734;
0,0902476793363068;
0,0624475818166284;
0,345310522053484;
0,423949377987971;
0,22552992198604;
0,108676581940991;
0,0260527463250578;
-0,0324102107149447;
-0,000358585477991665;
0,0124104995732434;
-0,00518799127893269;
0,217319392106754;
0,813005395492735;
1,31521288317508;
1,54560729844945;
1,78470786078177;
1,43107121861524;
0,221791619359094;
-0,355787153445674;
0,0312605757897185;
0,119535286991939;
0,118179583577863;
0,542141197560596;
0,602722476700291;
0,169468237858014;
-0,0591374204331272;
-0,0418720475538658;
0,0591747502998439;
0,257335798573141;
0,405143554883423;
0,526538224592532;
0,529977757745919;
0,215606483085535;
0,104564693780235;
0,395154784969471;
0,58793434654001;
1,00131406919724;
1,86072708445092;
2,24772070975475;
1,99532188618215;
1,87648064054339;
1,87293888256272;
1,68841658456027;
1,47576619348525;
1,29431191446057;
1,06985865770101;
0,825328676142993;
0,606807780458961;
0,446887662203701;
0,331508432611828;
0,21128119571898;
0,0992089775432718;
-0,0533164156182065;
-0,315028588669332;
-0,57355684913451;
-0,703264868649203;
-0,731994354435198;
-0,73435460524734;
-0,686129860520999;
-0,511416852709243;
-0,287486004888528;
-0,110921359748496;
0,184674978415699;
0,754157292353917;
1,38654541319682;
1,8094346124043;
1,48019099250258;
0,260568976880645;
-0,370878593353901;
0,0208508717704699;
0,129726505835536;
0,650703406125523;
2,36173949936422;
2,99074950505237;
1,87859718583246;
0,990680196287279;
0,492256271518195;
-0,0295785645264331;
-0,105193669348312;
0,0454852366047458;
0,0197785969288217;
-0,401032676636013;
-1,19661386535232;
-1,60908348685143;
-1,78992056291758;
-2,30964393777641;
-1,93562512162048;
-0,283428350143641;
0,478879670472288;
-0,0479119997490346;
-0,158372262149755;
0,276764636304534;
0,697725380047739;
0,934070330187663;
0,936659285225981;
1,00583552990248;
0,857418468330013;
0,163022189771192;
-0,220311405207834;
0,0101417325844352;
0,077892579584811;
0,272869426151088;
1,07141335147779;
1,5240953972414;
1,32271225540442;
1,3206777437634;
1,12648605983101;
0,196205191488418;
-0,290312968007157;
0,021405549239986;
0,0990482894288387;
0,39901954714904;
1,54376525895516;
2,18692124196624;
1,95691476569952;
2,06170967832761;
1,79544049511053;
0,322310823758602;
-0,463521201872206;
0,0305383525534493;
0,159734056419025;
0,338525585066808;
1,3624376838585;
1,78836435417856;
1,28481989670007;
1,07944990882258;
0,855201672460075;
0,113651742275419;
-0,21462375552527;
0,0278072055198267;
0,0680757955014231;
0,315848722059495;
1,23008570308874;
1,75403729555023;
1,52442999724754;
1,3551010687059;
1,30065387236524;
1,18512991022393;
1,1294594418252;
1,00560837785545;
0,754254338895904;
0,472517050040202;
0,116962743919555;
-0,295558450447027;
-0,563943681373574;
-0,58548021510288;
-0,362136765862228;
-0,0297485003706495;
0,0813469970180005;
-0,0140219519256738;
-0,0245423125429522;
-0,0727061796635411;
-0,258557098121712;
-0,226417598656866;
0,0909533221804645;
0,467229710667043;
1,36102373424887;
2,81098013079977;
3,34586625877239;
2,71432680918534;
2,17574862098512;
1,80554062500649;
1,3351966568732;
1,01301987701584;
0,692957039750735;
0,214847641161247;
-0,100896931856175;
-0,0576685288131892;
0,0421884291513213;
0,00565118602033024;
-0,0178100478000052;
-0,0670043089112646;
-0,26775574466635;
-0,386585885367982;
-0,216827263907756;
0,140598176611282;
0,361368294349925;
0,142222433381241;
-0,109140726656103;
-0,0173311664282828;
0,0480316666261701;
0,62474407710244;
2,16439001597398;
2,82423041114851;
1,9986543702455;
1,39279804211489;
0,963738269548153;
0,106026682610391;
-0,236398991254018;
0,0374825949575766;
0,0721045508244454;
-0,375391513120731;
-1,18207043921765;
-1,67436320573288;
-1,5265559531306;
-1,31373586487319;
-0,90276331904414;
-0,109021129444872;
0,215798762020676;
-0,027761010139621;
-0,0688587545744482;
0,399979759940076;
1,36197780381989;
2,12644886826745;
2,25269941575738;
2,37951072702992;
2,67654217710034;
2,80515999704305;
2,72982484437429;
2,41615510275452;
1,86120647541375;
1,29487940972157;
0,891469903951527;
0,604497082487931;
0,331209289137509;
0,0427030770176388;
-0,129775289765549;
-0,0597547312733562;
0,0437025770153638;
0,00728286343601884;
-0,0192731186533361;
0,0820397151474007;
0,315153323332276;
0,560789904148676;
0,7030843019128;
0,804122284997898;
0,66019145004038;
0,122237308576484;
-0,166910638757352;
0,00762251689500246;
0,0591190973944801;
0,00145814453445591;
0,0423994642344642;
-0,0754620445405569;
-0,358599263550026;
-0,559389175463647;
-0,486000858163354;
-0,100384701056557;
0,123892233503468;
-0,00181414584747672;
-0,0455575597683692;
0,0573312983167958;
0,250846762228896;
0,635293902775267;
1,02574155693325;
1,30944940289007;
1,14752901076287;
0,244716351906829;
-0,297156540771629;
0,00370989760761591;
0,109418422752147;
0,659625036828889;
2,37200075938773;
3,11353796089154;
2,30665215123065;
1,94377008592551;
1,59131304589805;
0,260459381568558;
-0,407606356641226;
0,0358419864891791;
0,136570491703009;
0,285746398562357;
1,21419913177035;
1,68972122367355;
1,32296980983234;
1,21714958561538;
1,06900443207633;
0,206392462843761;
-0,279841310662971;
0,0143000819315081;
0,0981595284361875;
0,460745153810747;
1,69512580218808;
2,24998010313361;
1,75518922255107;
1,62947062614228;
1,81677466646191;
1,69936918496311;
1,56584433791268;
1,60152871997122;
1,57917328387319;
1,51789782694237;
1,6077328924444;
1,66530734821479;
1,5995915811963;
1,5434981393383;
1,09659055600361;
0,148975706850502;
-0,262984831684873;
0,0272344606729021;
0,0868158410347388;
0,251150440859706;
0,987096436246521;
1,29916044578163;
0,942452812030176;
0,785166111035324;
0,638372500371568;
0,101909389342059;
-0,16254794212066;
0,0149065912282646;
0,0542187112414292;
0,0538935082052576;
0,235287737765617;
0,197109600807122;
-0,118046510355664;
-0,30854744992175;
-0,247760506445497;
-0,0455838549055703;
0,0599777262546944;
-0,00144666272673399;
-0,0218965107326516;
0,078479117307784;
0,240399793587049;
0,313524799550157;
0,264012958387568;
0,240873310691539;
0,180829336747234;
0,020258483221134;
-0,0446810527045909;
0,00706675652780496;
0,0136261744849575;
0,217088758123287;
0,731017321782552;
0,802929278458881;
0,250931465951375;
-0,124792495034953;
-0,120170632955708;
-0,023454940957;
0,0261671146816656;
0,00155354585481152;
-0,0106132713408846;
-0,117532550220031;
-0,374685198012008;
-0,388242195471435;
-0,120881028431871;
0,0860520532567619;
0,179983906761467;
0,0900750359926149;
-0,0543475225733372;
-0,0167534877034516;
0,0275228975807861;
0,137331119726027;
0,505953057748119;
0,695200382361174;
0,432137979823154;
0,191348417060741;
0,162100792151382;
0,0601348754870192;
-0,04721089858919;
-0,00723789440804434;
0,0207055242418085;
-0,0532854617031639;
-0,138301285460521;
-0,0576312340919364;
0,222011668758442;
0,511592749997964;
0,508128423259332;
0,111540850523168;
-0,133053988179388;
0,00115144180129299;
0,0491763484804935;
0,255002340090629;
0,988496024153769;
1,48898338450123;
1,42012323077113;
1,43289893284712;
1,18921193896368;
0,216949396195025;
-0,303699345030826;
0,0168517780060812;
0,106155269785002;
0,57792711569904;
2,16105413439633;
2,99160354994067;
2,43532849072222;
2,09157275007768;
1,59775800687394;
0,236157974666229;
-0,398737371465808;
0,0406096340361182;
0,131445691300376;
-0,0333133496653121;
0,0477490083996973;
-0,0483539366386121;
-0,315740882310754;
-0,435129818492794;
-0,512645996296559;
-0,65143229244303;
-0,745561193989315;
-0,708690951032495;
-0,531525199594812;
-0,38334199458907;
-0,371226100879156;
-0,248798043445196;
0,106157036273174;
0,468355735105903;
0,782851246387603;
1,19106422991177;
1,70014423242084;
2,22196581221304;
2,63372723182283;
2,85098561120283;
2,92631760582389;
2,91502789776498;
2,79129217539935;
2,53785004797497;
2,22928871070871;
1,92733580338078;
1,56783160047175;
1,12621399879311;
0,679451291472689;
0,269612554050142;
-0,076340486668335;
-0,309801032104035;
-0,403961415451206;
-0,378674164469357;
-0,293368089496243;
-0,148037707688102;
0,0874181016108022;
0,340162007829174;
0,559175115963759;
0,865660282219003;
1,35052570674063;
1,86796200318906;
2,26879262188668;
2,59358208720493;
2,80967733151968;
2,74884016764738;
2,41774460970643;
2,02058886309758;
1,66961719538384;
1,29194059180811;
0,847272528859311;
0,381332450549233;
-0,0582503768463827;
-0,367012402391185;
-0,359374175571583;
-0,0637515453281167;
0,0914309142163618;
-0,00565627980121317;
-0,0317103057213467;
-0,13539020203626;
-0,527567675225462;
-0,747992083655475;
-0,569072300303221;
-0,290718220116049;
-0,0498918760020914;
0,0501664100302195;
-0,00134855684466451;
-0,01757232562694;
0,00788803202904522;
0,232274333068829;
0,73585983045199;
0,860697739232564;
0,491071768689166;
0,294120762086724;
0,223455330982403;
0,0250967830157833;
-0,0566896702700684;
0,00955815936428164;
0,0169807322581523;
0,444117507395882;
1,66866494462209;
2,61202697201657;
2,79908583719125;
3,11614884541635;
2,63646524088904;
0,487455856380103;
-0,673038907394805;
0,0344770579217779;
0,236535121768793;
0,821811830644055;
3,15607275012813;
4,27700219682777;
3,28086388260834;
2,73614453411895;
2,10803871544098;
0,296428518441904;
-0,528231751792435;
0,0612103095858468;
0,170780133978107;
-0,592544199053722;
-1,64852468137082;
-1,92868285049368;
-1,28839311182749;
-0,892327335496419;
-0,722509629724448;
-0,345418324280643;
-0,00231814380621219;
0,238670825474145;
0,50402737356265;
0,427868402946815;
-0,167225140486139;
-0,294611409460407;
0,267471662288125;
0,600656093468091;
0,938966750005136;
1,64371668319921;
1,89480523240035;
1,62566308673696;
1,57075584837059;
1,60578726648582;
1,41805895156;
1,16974869661973;
1,00217891841797;
0,926064585548229;
0,664584916083419;
0,0984734257811096;
-0,161911284189367;
0,0145126448333081;
0,0543710142485027;
0,255833453331916;
0,938028943092672;
1,19600410106943;
0,847976070102332;
0,717399643542144;
0,666301596131611;
0,311786070930725;
-0,0231190024873012;
-0,151752699478314;
-0,216189306178685;
-0,247015889776016;
-0,143836860781252;
0,10333908379126;
0,404997220263818;
0,73237674736585;
1,01382233410414;
1,08244712157769;
0,982140088994361;
0,905083883863741;
0,868438281028152;
0,817970389163953;
0,743406464543471;
0,576537266821047;
0,28963595613811;
-0,0739044246579218;
-0,535358306521979;
-1,07370469084376;
-1,57105664976636;
-1,94239802385708;
-2,14461775700878;
-2,17453059020749;
-2,03734334096453;
-1,65933448602027;
-1,02027694985241;
-0,286139003511418;
0,383140010819194;
0,966452263565722;
1,50378168989301;
2,03895935176428;
2,53100779043422;
2,8240687018465;
2,78770557261899;
2,47312957172581;
2,04982211182963;
1,58995066922363;
1,1009798689498;
0,642509210973554;
0,28465384427079;
0,0848726575716099;
0,0711572774261327;
0,126640797208474;
0,0587209613828346;
-0,0383929265635674;
-0,00973531482943703;
0,0185074295771032;
0,364096423942371;
1,31150350257491;
1,9560631096639;
1,97448777790991;
2,18161619188168;
1,87686280462018;
0,34723696966832;
-0,481759628641202;
0,025968935060584;
0,168661168439192;
0,408852889586785;
1,53983306325142;
1,80477177734064;
0,886859652879883;
0,341578783737039;
0,144548320731142;
-0,0598614996076738;
-0,0280025349883612;
0,0332753322455407;
-0,00402672665978338;
-0,478614951408212;
-1,63114464699641;
-2,28075444554248;
-1,96922330918191;
-1,75136536017897;
-1,32509415919222;
-0,194774084832792;
0,328897761322784;
-0,0331007906967447;
-0,108652455559335;
-0,206458940644097;
-0,826938194670232;
-0,93094967424136;
-0,342991034764316;
-0,0704163037162854;
-0,119024780745992;
-0,058699268027137;
-0,00799739426089953;
-0,0403708644978242;
-0,0209829249668712;
0,131519189351482;
0,427207634222171;
0,830124895707204;
1,16990302915611;
1,27722017189176;
1,00615147696341;
0,533700714631858;
0,626565012374201;
1,19324926020981;
1,34360743751613;
1,3203132621147;
1,55206496362868;
1,4862947117454;
1,05734931071949;
0,802163079265476;
0,532320928643303;
0,0514806826973434;
-0,12690738767706;
0,0215740046356771;
0,0381762825785633;
-0,041633530643157;
-0,0599300476172849;
-0,0734854121308487;
-0,124016531481064;
-0,22727249259252;
-0,253401832806154;
-0,0684314001984161;
0,0690099678899923;
0,00329395115465339;
-0,0271564140592416;
0,112330222030793;
0,45411133550255;
0,889681987625371;
1,19974338673745;
1,39997456989761;
1,61521394528858;
1,81441549127475;
1,82671056857667;
1,61762614115609;
1,36516674974557;
1,13187293396143;
0,79674346485054;
0,363822647419424;
0,0331452905443314;
-0,127275106944973;
-0,253059489490236;
-0,386237554246677;
-0,488377276958812;
-0,638627665892289;
-0,88747183298135;
-1,11378319096746;
-1,18923693477278;
-1,10874383860978;
-0,985190700348913;
-0,923519551798276;
-0,888352220684556;
-0,814208951650595;
-0,6988971639613;
-0,52624862289561;
-0,320008271693182;
-0,138098175091217;
-0,00462407774181798;
0,0279683802414148;
-0,00641956076270188;
-0,00783074713677803;
0,427089984761858;
1,49188138229608;
2,10911910977331;
1,86139500363324;
1,77231136776114;
1,47007530837964;
0,269054735917171;
-0,377260997930046;
0,0215253561389685;
0,131551456931113;
0,385101802486894;
1,47535753560703;
1,90702133806702;
1,31504897672732;
1,04283863991736;
0,841223523381609;
0,12369981996153;
-0,214427167955131;
0,0242425093398299;
0,0694848854983382;
0,244001512350582;
0,934015878676699;
1,23186284930383;
0,970767973430594;
0,955048449635315;
0,818340094636775;
0,130594447014908;
-0,209693258024038;
0,0198901140899524;
0,0696124140681967;
0,333704839218612;
1,28230146289698;
1,78096387661158;
1,44273395552753;
1,3252369988774;
1,56841396754238;
1,72206205578369;
1,86280428099108;
2,07353738729031;
2,24847216418194;
2,15065351390133;
1,78236002575906;
1,73429887232197;
2,08950453659676;
2,29006258652413;
1,70374881387541;
0,279298922269877;
-0,416794603948348;
0,0268697178957522;
0,144564518370623;
0,27955307112667;
1,13062018534046;
1,46178441926557;
1,02166465242688;
0,897989586783943;
0,779622037799942;
0,132981849093469;
-0,201329183546729;
0,016234775674648;
0,0680601611051702;
0,674781225042707;
2,48976079340282;
3,58838528347969;
3,33062529315603;
3,415654487488;
2,86459480879694;
0,505304988822722;
-0,731739967109697;
0,0479900913083534;
0,252489341186799;
-0,0111038632521758;
0,332368963510077;
0,553277745212993;
0,511346156500213;
0,705302258358283;
0,688760417384897;
0,126858753132977;
-0,179985390454613;
0,0116121740553541;
0,0620706919750473;
0,82991985958985;
2,98712575702012;
4,17510936966281;
3,61042111650644;
3,3569849743348;
2,6572481962285;
0,420329602436797;
-0,668376325058319;
0,0589285880355002;
0,224233113443711;
0,365537879214035;
1,55914288154745;
2,0302657753697;
1,42920818800134;
1,29855439441979;
1,13640808592754;
0,18401285994722;
-0,294055240035221;
0,0281497251972061;
0,0974201142061793;
0,324799168165684;
1,25956689365498;
1,66494658104298;
1,1944060813752;
0,969948712606816;
0,812560543002502;
0,148378588186167;
-0,21051940739746;
0,0131912533549027;
0,072826529059171;
-0,0200693003881751;
-0,0571183401327071;
-0,337056468551426;
-0,758340706044501;
-1,02225283304629;
-0,874437280726348;
-0,185715033496673;
0,223871664954501;
-0,0016671991014172;
-0,0830085508012662;
-0,132558899690772;
-0,378418416516244;
0,0379222771942102;
1,05862377271633;
1,7287910742195;
2,13661433039631;
2,7254128181304;
3,34405283586769;
3,75453210913707;
3,96836947808738;
4,09369099896321;
4,10602485759561;
3,97324252782061;
3,72988561487427;
3,33566133071103;
2,18361420556971;
0,2726020659586;
-0,511500099071655;
0,0573471194213378;
0,167294292905513;
-0,131164681698577;
-0,245058938865506;
-0,530059022734085;
-0,910316850855764;
-1,03267604877826;
-0,707206004855984;
-0,0811191395075226;
0,16607178936264;
-0,0218346206982688;
-0,0528763186141775;
0,432217443405558;
1,45586447112656;
2,16360567116821;
2,16239354630692;
2,13037676305598;
2,08796365934559;
1,8731567563237;
1,79926485640252;
1,9015858705379;
2,00143176391469;
2,09297524828531;
2,17259421216094;
2,10004354842249;
1,87384691322364;
1,69534625855521;
1,22553686932923;
0,200873163729586;
-0,30099389286665;
0,0200258348292994;
0,104086998335908;
-0,0809873014879358;
-0,198218165467282;
-0,468853992100792;
-0,846697995495437;
-1,13509516132062;
-1,28993796038548;
-1,27718173306535;
-1,1226315113266;
-0,894880103778456;
-0,610050973553798;
-0,287257803124449;
0,0207083816012818;
0,288604690267538;
0,581787344907783;
0,966317032639037;
0,954518759317346;
0,206344116410488;
-0,252686715007993;
0,00509096777837051;
0,0920246673338615;
0,490164044273034;
1,77533825358903;
2,33078718583282;
1,74362145524856;
1,51522173722185;
1,24991866623935;
0,199538395239072;
-0,319968526815756;
0,0301691227636419;
0,106310280116158;
0,320274494824679;
1,26811612663906;
1,71434417232648;
1,3173940146366;
1,18146492797046;
1,0004008228899;
0,175110981182891;
-0,258281694552886;
0,0189113152524373;
0,0881652318149344;
0,116405417940343;
0,441441982229913;
0,361498285476095;
-0,115234410009948;
-0,308786487882063;
-0,228660705668545;
-0,0586266945949584;
0,0555436498526578;
0,00553890072043978;
-0,0233243492131682;
-0,397754683679954;
-1,31136850355623;
-1,52415696476749;
-0,822401985281248;
-0,472764742817079;
-0,386231559106094;
-0,044911106806552;
0,101757451257277;
-0,0180518319497761;
-0,0299713548985759;
0,221083587443351;
0,685788875084165;
0,861169148765399;
0,596836263566445;
0,439546943030078;
0,359495803648806;
0,0674519298056794;
-0,0937813808244636;
0,00544544280717819;
0,0326150843320626;
0,0586425384346283;
0,2343504903977;
0,304673129672716;
0,329635702045347;
0,716711561199264;
0,925706658178925;
0,26012427187984;
-0,26144647141988;
-0,0109142772151235;
0,101930621026743;
0,877843431145551;
3,10073172876817;
4,14979930293818;
3,29999177813377;
2,99160943983355;
2,46931157072525;
0,416176527102459;
-0,630825754179593;
0,0495849028343795;
0,21402212938955;
0,341896400199019;
1,47961407064476;
1,98871103261649;
1,45670771704302;
1,26940199097353;
1,36547575079484;
1,15238836794635;
0,829857063601348;
0,55361649965176;
0,259337222552018;
0,316898002064231;
0,936910974961794;
1,11231008342155;
0,540490773404267;
0,159909679787663;
-0,169239776452915;
-0,77641135132079;
-0,877243805715597;
-0,373877099088067;
-0,0780845771688626;
-0,30061152289933;
-0,770218220069664;
-0,841411966408906;
-0,389777005088757;
-0,0843685690096116;
-0,0668754224332707;
-0,0253984168727936;
0,0221356858884036;
0,00170000982721094;
-0,00888799950521799;
0,0482512103923273;
0,0836099498698231;
-0,117118674729084;
-0,501582510594933;
-0,783071189911664;
-0,654900235526058;
-0,110231619836505;
0,164404265667196;
-0,011537461553044;
-0,0564779640751151;
0,10857919807114;
0,385191673113741;
0,791565803471028;
1,17785125099485;
1,54020287281633;
1,37849115912217;
0,287767983307532;
-0,357928841151651;
0,00762898093604441;
0,130365450379925;
0,629700154555798;
2,23124585259949;
2,73970953309489;
1,70925839892416;
1,21342226889679;
0,966723244398916;
0,125688074689243;
-0,246749688154219;
0,0349964702951968;
0,0767985505870855;
-0,0883247146790892;
-0,165674072066788;
-0,173301763759622;
-0,0446506576002593;
0,135639985150012;
0,228636766256141;
0,264163282311891;
0,282488898373137;
0,302654951877268;
0,357731378188778;
0,441852470607508;
0,494379450062636;
0,468600657636225;
0,413466489968734;
0,402243774966592;
0,317778085634627;
0,0607453531384223;
-0,0800148660698145;
0,00267619202168771;
0,0287846322123819;
0,284706062525654;
1,0582717665377;
1,57453727139761;
1,58857694671963;
1,81705221906608;
1,61097755245708;
0,305738600415174;
-0,417262192432934;
0,021210480748496;
0,14654000134511;
0,527807517325236;
1,8963220453128;
2,20084026999379;
1,07354334429792;
0,460287420497699;
0,319976533403069;
0,00175409988571337;
-0,0815204225634329;
0,0283032403162132;
0,0179477301710102;
-0,309774097994774;
-0,926084550724948;
-0,99408224915649;
-0,339280329747862;
0,153708755254368;
0,216190406237165;
0,0588142445984886;
-0,0573430151557917;
-0,00387729691479878;
0,0231135945942003;
0,469803097319448;
1,64612728746101;
2,24730566206999;
1,86901802427525;
1,70878281627359;
1,81917985035051;
1,72280533377483;
1,56251787295719;
1,3915308799125;
1,13202682888654;
1,09638376255716;
1,54770700600703;
1,76570708412833;
1,38878746221063;
1,05776541502276;
0,682049778010382;
0,0581213901904251;
-0,161239980510274;
0,0301618836834954;
0,0473262002947983;
-0,264223393316484;
-0,772777668417268;
-0,940749683195427;
-0,666633209767049;
-0,519567844282034;
-0,396995102670694;
-0,0551687470666079;
0,0991720230270786;
-0,0116269204319727;
-0,0320120972525642;
0,317705709768493;
1,08919357527388;
1,6089172640229;
1,56363206585585;
1,55646708721387;
1,68373628650464;
1,7412937732002;
1,83120745516539;
1,88899598934881;
1,80859284064728;
1,71187857173819;
1,72583933789635;
1,8375863905457;
1,89024795711094;
1,80604964379053;
1,27926179088474;
0,200651186343252;
-0,3101568262586;
0,0223841138815757;
0,106603007444276;
0,0484129226487603;
0,337465931068338;
0,498162091493181;
0,357325012045362;
0,311445690221213;
0,302038107044766;
0,0740459371377895;
-0,0818224127004928;
-0,00100431558649844;
0,0309227839915154;
0,365492967407561;
1,29908868335765;
1,81296850932068;
1,63492844251673;
1,68597257374423;
1,42432862988253;
0,24661908414506;
-0,3636762821446;
0,0257221865940876;
0,12466208433191;
0,417906401697812;
1,6159045939464;
2,20055689786112;
1,69213341279424;
1,26581804213324;
0,795678683972273;
0,046472533127392;
-0,182793052143562;
0,0411195337142598;
0,0507476055757327;
-0,585194202344728;
-1,92835661683529;
-2,65341246846511;
-2,22844234313585;
-1,95314472991896;
-1,5409042732285;
-0,260603706056828;
0,390876006287769;
-0,0289615506672358;
-0,133477387918789;
0,0868606284965353;
0,197926533378191;
0,54268610991565;
1,02733087413912;
1,3290101415359;
1,10157756306709;
0,21389719172993;
-0,278727495325187;
0,00865796787460865;
0,100524096934388;
0,136309024694696;
0,499803711206479;
0,397125489021789;
-0,226222235152652;
-0,639385212683618;
-0,614392196150137;
-0,158756980691849;
0,161359669708187;
0,00840688068536226;
-0,0639746317958011;
-0,232483576514546;
-0,811535141490708;
-0,952941197726557;
-0,498022464600697;
-0,23910045051851;
-0,111838768300755;
0,152281054781069;
0,343202229869663;
0,455497621555257;
0,626547656784737;
0,836249414920098;
1,00328429886601;
1,07732919632666;
1,07581942973591;
1,07721972341972;
0,818057554684896;
0,137998792834077;
-0,203084547165579;
0,0129681474136678;
0,0704037408888259;
-0,0366367604867637;
-0,0386797886395514;
-0,0916339828575027;
-0,214912833591608;
-0,289875521003839;
-0,338638195279624;
-0,424825137909086;
-0,544343745281911;
-0,604829667706471;
-0,48720887050442;
-0,22295755886865;
0,0722630529924235;
0,401223890769038;
0,785439505178677;
1,15314787184174;
1,45225506204162;
1,72424735252595;
2,04763637304783;
2,47034576589389;
2,99786727190364;
3,50242859083948;
3,77442657556327;
3,84338358591099;
3,89566860628286;
3,84657187886808;
3,4628237163614;
2,80042522938819;
2,08898316021463;
1,395209310415;
0,723689498794419;
0,116959699254461;
-0,468944697272286;
-1,01900414738447;
-1,36500553044399;
-1,48637768060316;
-1,553038276247;
-1,61442177268061;
-1,58912315540788;
-1,40550832536113;
-1,012989215995;
-0,499086565608758;
0,000615984771451386;
0,525923651603219;
1,11793402065232;
1,66928108796751;
2,069472225304;
2,29588892482278;
2,39267440141323;
2,3873512615894;
2,28000955982788;
2,17607388152469;
2,23656086769878;
2,39069918372963;
2,40751386474983;
2,27254401509789;
1,59962044247872;
0,240684434581247;
-0,386841746948349;
0,0317289453505014;
0,131299737156059;
-0,210488698192442;
-0,470790666625037;
-0,442680097024472;
-0,0907321366224483;
0,304798617351606;
0,4086544929464;
0,109136627693774;
-0,113350485103185;
-0,00360804122373484;
0,0437483836495153;
0,41976778171458;
1,48987572691959;
2,02617418020396;
1,65767038850415;
1,44476575722808;
1,07740746911502;
0,135697876013803;
-0,265192835409549;
0,0351893817625298;
0,0839027507674086;
-0,109110148980559;
-0,162563707980562;
0,00772504514494554;
0,362316032478771;
0,719990279409365;
0,720929383780521;
0,171249568561562;
-0,19060236189718;
-0,00279377471470334;
0,072365410219941;
0,730682594351642;
2,67432651774063;
3,8677012139825;
3,56079933705671;
3,5172178253994;
3,74969098187623;
3,51198580825323;
3,23801080077096;
3,16774622649422;
3,11966813680875;
3,12975603204131;
3,29321990942101;
3,43057392111712;
3,19160491836128;
2,48618336323077;
1,65744718574115;
1,05705751735309;
0,62854907531487;
0,170226290806925;
-0,213146567514262;
-0,331098127853008;
-0,230361148535176;
-0,0348815041897721;
0,202584066659153;
0,512513812770063;
0,894783351274321;
1,24353086415886;
1,54567440351145;
1,8887066114614;
2,30024650364992;
2,76738788525942;
3,2594439245685;
3,67060602630884;
3,88352440115419;
3,94956893233811;
3,9278630894663;
3,7084524479295;
3,27013272249427;
2,69759530473472;
1,98648926900788;
1,2067270122203;
0,569841677841979;
0,147943979174358;
-0,172187251468552;
-0,50277201507238;
-0,850986838952967;
-1,07861517642833;
-1,07772107967555;
-0,93518058736322;
-0,767842401395449;
-0,565897687017233;
-0,251429796594427;
0,236914668892787;
0,861666322901186;
1,41229191155576;
1,24448222574971;
0,21929599124166;
-0,315445045762878;
0,0195305446555137;
0,109431054748722;
0,330546293429089;
1,20070416906069;
1,37631652595807;
0,646534829302946;
0,242994929030017;
0,0721195220712001;
-0,347135024655437;
-0,698352871566851;
-0,767839597041774;
-0,65399554683875;
-0,390325397773551;
0,00925924372909223;
0,435248305753586;
0,837078837040655;
1,22622531715022;
1,57455186631059;
1,84142165360437;
2,06543361344418;
2,31163689852915;
2,53633039368025;
2,67828531130092;
2,73077092695792;
2,70047603525031;
2,6231484319508;
2,53451582400309;
1,83397116596459;
0,286598150559281;
-0,446572410937679;
0,0336487963198672;
0,152800326528645;
0,324580537537287;
1,2869892851679;
1,58532644864499;
0,911264358046784;
0,587178286047302;
0,490961147221953;
0,0742885197608043;
-0,128166458352432;
0,0150091823670365;
0,0412128055374014;
0,320124840176636;
1,20046490295846;
1,77084432262102;
1,79944490844497;
2,03380313008884;
2,32870913874974;
2,43045040048811;
2,5928511313201;
2,80026264411139;
2,93757881795574;
3,02631114638597;
3,09367272093531;
3,1860475494984;
3,29925480126383;
3,29504123708601;
3,14063465085258;
2,9840674138519;
2,79089796433041;
2,38712263452055;
1,84213334843877;
1,36958123124005;
1,06384611275524;
0,80778900424128;
0,407452896835242;
-0,0516741100297024;
-0,379602942726189;
-0,675858457932583;
-1,02478348832961;
-1,23075944929056;
-1,1126656573372;
-0,713641336435116;
-0,249085206183564;
0,0761892832863913;
0,285513415671156;
0,534499572746534;
0,576237785008732;
0,14327591579791;
-0,155907777474798;
-0,0028762332399303;
0,0593541215984662;
0,283475468188999;
1,10912633663822;
1,70471398847424;
1,69199052114851;
1,78975572195635;
1,85413128399305;
1,42558081711137;
1,13457688644588;
1,33071607549078;
1,53293912916811;
1,60468367432566;
1,61786576944463;
1,5078457315145;
1,31477324117315;
1,08965220934475;
0,897554898593816;
0,822198459208812;
0,818262837755725;
0,849412363729833;
0,907900079356863;
0,898464933429939;
0,852006074890622;
0,873630425463285;
0,912637616305424;
0,924779295689917;
0,696242795736783;
0,117144986037544;
-0,172248598670734;
0,0108220882369536;
0,0598103411980532;
0,145062707644552;
0,513761601846585;
0,491557336790915;
0,0323955691821784;
-0,205951654532241;
-0,300766578449651;
-0,505807800988371;
-0,661388141700687;
-0,671856003544528;
-0,482799306189544;
0,0132148898469574;
0,64546972442627;
1,06621824378726;
1,26184771171562;
1,3965019999738;
1,08908240406304;
0,177479891920697;
-0,269956455067463;
0,0196587563223761;
0,0925246781930276;
0,519986217297199;
1,89038424303123;
2,46150944533586;
1,81985699648057;
1,57229590121639;
1,68318261808729;
1,49313247366538;
1,26421697601134;
1,08804114276111;
0,87555324818153;
0,736495552728891;
0,685008048584578;
0,667733720544658;
0,758214916985439;
0,896505863564454;
0,685399250572673;
0,0910986602788639;
-0,166729583336078;
0,0192327534262373;
0,054093851381524;
0,230751775590655;
0,821026868264859;
0,989912476573413;
0,698194737202452;
0,730758694545192;
0,943106648196043;
0,98199244561753;
0,958314943962321;
0,931865406931437;
0,839280804312227;
0,634709937203274;
0,328776192261966;
-0,000980795053746275;
-0,201282184839784;
-0,301782012159364;
-0,556276604143782;
-0,975119887724352;
-1,34560919753118;
-1,57977325794289;
-1,6842334056778;
-1,75913202230091;
-1,9330786210216;
-2,15194850610149;
-2,34005699169838;
-2,56452176229533;
-2,83725102396842;
-3,04303502317673;
-3,09648379915988;
-2,96151989992204;
-2,59758203701622;
-2,10299281916753;
-1,70671890028921;
-1,45694280832225;
-1,18845810974267;
-0,814442753803066;
-0,440222315675124;
-0,235175695739178;
-0,232528223013321;
-0,316127822794421;
-0,445185279140982;
-0,613920085242944;
-0,747483531967871;
-0,901656471711199;
-1,20746698893231;
-1,6424927989713;
-2,12794780116626;
-2,6094625800784;
-2,98041964850001;
-3,16899673088828;
-3,24116123474354;
-3,21865211829676;
-2,99261367019839;
-2,616919165227;
-2,26393464645435;
-1,88617463547044;
-1,43139465305539;
-1,00868331831479;
-0,620943181773154;
-0,225387997049115;
0,164570267155034;
0,530949582468064;
0,826612872261939;
1,13219312780186;
1,53376957309187;
1,85816952319868;
1,90968661386577;
1,71463300884354;
1,48536756520082;
1,40697447995541;
1,43445742001502;
1,45672467102405;
1,51901962996588;
1,74066453499668;
2,13992151781439;
2,47303761518066;
2,42917869510019;
2,13862143716403;
1,92581543122337;
1,72675927703049;
1,39501091840438;
0,725886105114787;
0,365507537293109;
1,41348418018742;
2,205687389777;
1,43447030213199;
0,506423664501553;
-0,341364266575192;
-1,01663024030537;
-0,989314024154319;
-0,915596608858397;
-1,01986296995128;
-0,904099415843421;
-0,637069171188371;
-0,469575833274264;
-0,414903340752484;
-0,316523371227099;
-0,0608118644927421;
0,309576660829478;
0,611593739139799;
0,731196669988576;
0,805983644017191;
1,00311061532158;
1,31560380917884;
1,6496364535134;
1,82552043793315;
1,70664218980734;
1,42941086160701;
1,16903952099456;
0,962719786680584;
0,889696926305867;
0,990406112650509;
1,19618726092937;
1,46831249397222;
1,7480112913067;
1,93455521513591;
2,0111288628505;
1,99991043951701;
1,85577712116223;
1,57676610838625;
1,28960342629583;
1,10484151916854;
0,985691122526172;
0,862381340747649;
0,772719178608113;
0,714619473084092;
0,649824884181375;
0,640333740143718;
0,662691592275693;
0,653516391299052;
0,726363403650213;
0,937826250421653;
1,18346650935813;
1,48742645511906;
1,9295594960081;
2,324215953594;
2,42793265017027;
2,29432153712068;
2,07614293343434;
1,82528381276557;
1,632518731472;
1,52865357727777;
1,33708709976853;
0,933878764185106;
0,414321646147064;
-0,0438377882539189;
-0,333356760368718;
-0,49846752704803;
-0,619842114943838;
-0,583409471573453;
-0,191119706153602;
0,330526717418978;
0,542076557659647;
0,618891199832961;
0,971479230271733;
1,4018609627082;
1,54727318325451;
1,51481815334728;
1,66360895163207;
2,10070863819597;
2,51272909458352;
2,64668373977842;
2,61990892181809;
2,54390746244451;
2,37983218714305;
2,1670372319812;
2,03796633157321;
2,03308692899625;
2,06312031391416;
2,06686925267607;
2,04447153618058;
1,9776817136059;
1,92158249163774;
2,03632184583238;
2,36406349513073;
2,77649659100741;
3,12094998508969;
3,30795787901624;
3,37257415283508;
3,39577953370433;
3,38380551846761;
3,31652667916088;
3,19053219136213;
2,99240670633011;
2,71678439213437;
2,37457323505909;
1,95465450764021;
1,44738660230461;
0,968259887778181;
0,682681056965687;
0,552850314084694;
0,440031720634982;
0,348613654444315;
0,293584265420258;
0,199724973847547;
0,0431208517099372;
-0,15114270709705;
-0,336180316164836;
-0,450281955307437;
-0,456168861540596;
-0,353063424675936;
-0,0861258443382351;
0,110624076194972;
-0,235033194109826;
-0,600040758464758;
-0,385957727652454;
-0,0420945708793379;
0,1542255092399;
0,0876700055909679;
-0,226977071963102;
-0,46152769322807;
-1,13643687262271;
-1,78082773621258;
-0,7150323120613;
0,351657832170177;
-0,348031617238841;
-1,42434423699761;
-2,51051350504319;
-3,14059936137618;
-2,69528069247976;
-2,21183035880998;
-1,8885894711702;
-1,3005533155961;
-0,762696921633675;
-0,408312138198727;
-0,0103681348808144;
0,475965547668705;
0,920874887966134;
1,25587397714926;
1,56096467740283;
1,86732488821605;
2,04474212787447;
2,02527510031446;
1,84838438554;
1,5919647192612;
1,37464837624243;
1,21048970582003;
1,01735144956927;
0,773195011112145;
0,542236704903255;
0,389535630697936;
0,285015037078446;
0,173816580740972;
0,0829088651343391;
0,111724130085217;
0,288667597298752;
0,536243600138055;
0,852204508389874;
1,25129374560587;
1,65778532221968;
2,01129078331188;
1,85441354908853;
1,06927992984335;
0,925822418023806;
1,67989163545214;
2,12358896781582;
1,60257243553433;
0,282005575673558;
-0,391792317216407;
0,0169917039291405;
0,13956849049883;
-0,0519534524967707;
0,0348504905053485;
0,16643384429948;
0,286147221501627;
0,52320867888314;
0,710699076614793;
0,715282110171967;
0,661373247389017;
0,664322009751918;
0,708621956259139;
0,778929576645976;
0,872387301708546;
0,921542658071547;
0,890954387963021;
0,81989122302605;
0,702471541058746;
0,517721803678435;
0,297620561214256;
0,0544478577536217;
-0,199829507066497;
-0,443816057062203;
-0,703441582992859;
-0,959715199216883;
-1,16682278352621;
-1,28523413670807;
-1,24839109251906;
-1,11984676721279;
-0,97162135220191;
-0,713600819948064;
-0,338365376265871;
0,0864450264402336;
0,568150122349466;
1,02086706929571;
1,28515327508248;
1,39476948049513;
1,54932617758948;
1,82043312495191;
2,12182408757391;
2,39324788381753;
2,5587460544382;
2,55130235722821;
2,43915104147102;
2,25269060341253;
1,92976460270991;
1,54447393240045;
1,25496531154854;
1,02648180690781;
0,741564825176892;
0,477693368053603;
0,322009631054077;
0,217746265277441;
0,148713700639051;
0,160936613561668;
0,235911921221812;
0,305053889092497;
0,38964423753535;
0,61321773844957;
1,02872118855184;
1,466040588901;
1,68437878628578;
1,65824451298147;
1,50761391945382;
1,30907056927972;
1,09272875661491;
0,878595651330895;
0,694953980727205;
0,546706416626834;
0,402285939300912;
0,291935551340436;
0,31316517501639;
0,471235461995804;
0,694796517211357;
0,978122571585209;
1,31903400712798;
1,69581829028671;
2,12029028463645;
2,57138870040922;
3,01634639040309;
3,43721219798475;
3,73978432048196;
3,48017201269174;
2,72013026583538;
2,6985562720438;
3,4813586835409;
3,83996719703169;
2,79435818915225;
0,444640426524987;
-0,67726346765796;
0,0460857024533533;
0,234026396892558;
0,189386756258729;
0,906671561075841;
1,04580092864452;
0,438081711879453;
0,199775178176117;
0,15067305549468;
-0,0194846389159456;
-0,036109026412304;
0,0205794850614889;
0,00444793824937094;
0,212284392139739;
0,834909643564739;
1,31591110691213;
1,35787328629332;
1,42502735805116;
1,24543680465642;
0,318729823045516;
-0,432766991564064;
-0,521229333901383;
-0,747878819275523;
-1,10391730471308;
-1,13692892198353;
-1,0372682697521;
-1,01770483485108;
-1,00840947244402;
-0,917867818137614;
-0,788937982216886;
-0,678614694215902;
-0,568515680751657;
-0,452600354541587;
-0,485913119140487;
-0,727591376754077;
-0,784417423855804;
-0,557635117076866;
-0,417708480105009;
-0,0930512390104621;
0,708209118178869;
1,23581407188428;
1,20031489134125;
1,18838121316746;
1,11781475986863;
0,867634667036953;
0,936635407943329;
1,23760089908798;
1,28407268635544;
0,799070949619293;
-0,168896363900349;
-0,72346945908396;
-0,520535086099223;
-0,312028160443095;
-0,284863424012678;
-0,30778617168609;
-0,464763103210967;
-0,550266446841071;
-0,396165892130946;
-0,0677850492705548;
0,409699386786793;
0,802324644370099;
0,945813010726035;
1,02333106247767;
0,90772027187405;
0,553408357807512;
0,569070369067752;
0,964923994494304;
1,10259264262416;
1,15126277531876;
1,4093679310463;
1,45948013455481;
1,24838180314499;
1,11502995542627;
0,988118204788294;
0,808039215643092;
0,696641166401164;
0,626465497398079;
0,588846190366935;
0,642511828936355;
0,743081587544797;
0,813483982035794;
0,813652111398846;
0,72331367416111;
0,602851660000807;
0,543866858142448;
0,557363756110594;
0,591034355151087;
0,582947377589264;
0,555012315382156;
0,598135200009206;
0,679569019922316;
0,743357181226887;
0,903020905754454;
1,1949231184949;
1,47885561451666;
1,76305948185808;
2,13711173906073;
2,45375356575733;
2,55392446214087;
2,54338577257329;
2,54427705319773;
2,46808183652208;
2,17905322038103;
1,74288505126627;
1,35835085343919;
1,0356964576708;
0,628544476886106;
0,111789737459325;
-0,434992422273548;
-0,909535192922203;
-1,19132322371452;
-1,25444511422527;
-1,16652678710624;
-0,961130362070106;
-0,650622534511933;
-0,245184592160416;
0,227002507040544;
0,657825260136916;
0,937894695292018;
1,09129445208172;
1,26023684684079;
1,58405088183584;
2,08170501996109;
2,57550788122984;
2,86600077709608;
2,97950526118092;
3,03612366763636;
3,04114141611339;
2,95308930052678;
2,75359138094807;
2,48612997653398;
2,300344971162;
2,25328636012964;
2,39151107722725;
2,66741833430162;
2,62107600474536;
2,2904106320841;
2,2069536806472;
2,08554065367211;
1,64295256349354;
1,44861724486894;
1,52888902359164;
1,36793826257736;
1,1674250072965;
1,29165248268899;
1,533117400737;
1,56040291875867;
1,43973251391535;
1,47056468390188;
1,69030456964969;
1,89636006540128;
1,93389907779962;
1,79530621812286;
1,56756945565052;
1,29081131276605;
1,00361828523863;
0,844192179580605;
0,882797887212094;
1,03017264198102;
1,20437698406566;
1,44720044368349;
1,81723040712755;
2,24999301059277;
2,58706649919628;
2,74385689177133;
2,83768503689771;
2,97283900870635;
3,08556107380516;
3,18754479505522;
3,31070276264498;
3,34902343376969;
3,2907772254438;
3,19545348494943;
3,04354843393264;
2,84933133477419;
2,64864615228248;
2,47468682524054;
2,37077743894852;
2,28020952361123;
2,10384553373646;
1,87138729237661;
1,59697597434819;
1,12044944362876;
0,991183442488079;
1,78600610252935;
2,22006261039336;
1,60233561256836;
0,988182391537705;
-0,0638131291619138;
-1,91677976071923;
-2,64267666609089;
-2,08265858611942;
-1,90526506853612;
-2,04227221430643;
-2,08717742883102;
-2,17222903890744;
-2,17096671278641;
-2,04312583756758;
-1,1835443101421;
0,722371096339064;
2,11625085572184;
2,39797290249099;
2,7691600999149;
2,60457897631367;
1,32949569025395;
1,17316506308053;
2,47302207720057;
3,08944061121486;
2,77632756165893;
2,08876689809273;
1,27166521287821;
0,682762129591597;
0,124100149976633;
-0,284194323815732;
-0,134511028549171;
0,100360372387438;
0,0148022907787652;
-0,0433025881871589;
-0,361289945265862;
-1,25982674910861;
-1,68185446646985;
-1,32753483355278;
-1,17998079101654;
-0,957645765097304;
-0,156722276184332;
0,243271098496695;
-0,0204097001176435;
-0,0820042616134516;
0,210823885665167;
0,672627161983858;
1,07596071201735;
1,19052072177192;
1,26542221773665;
1,04335017957918;
0,194575691497824;
-0,266877346012044;
0,0132451808037314;
0,0939656792984058;
0,00812161148601845;
0,125467519442381;
0,132518027628158;
0,079865647571577;
0,275133828646657;
0,384165660075165;
0,0967780597662417;
-0,107938692818685;
-0,000140609534437352;
0,040159970886972;
0,506319465575566;
1,81562545454793;
2,51141552451592;
2,09973488695133;
1,96626774460542;
2,23658599998516;
2,25410671719903;
2,11200792739601;
1,97148755415407;
1,86260904090646;
1,82611309798017;
1,75596188827318;
1,61216120305058;
1,48767150154761;
1,38107347049059;
1,24054707827781;
1,00120234421627;
0,704791783697892;
0,524115706584681;
0,484641319171081;
0,529755329135592;
0,610902025970368;
0,600179256085096;
0,493155811734614;
0,386313825558007;
0,299675254797189;
0,367453343886225;
0,70803631188004;
1,10126091741892;
1,35014069202946;
1,63301940905915;
2,08356300022195;
2,49383498264005;
2,74887125434173;
3,00697466855921;
3,30752915274323;
3,55770192440196;
3,71695022333094;
3,70252300067388;
3,51198785437947;
2,48219366311134;
0,378288582932427;
-0,600560917138687;
0,0473702303685331;
0,204668198344585;
0,699356816244794;
2,67690507560273;
3,56423055449206;
2,76832672264488;
2,54222440035037;
2,07445097291035;
0,301013251796673;
-0,525395906282884;
0,0595304605693811;
0,170295580180029;
-0,0801111576384923;
-0,0504983372389601;
-0,236752839929415;
-0,650997760680198;
-0,868152510549772;
-0,65364157726473;
-0,0137357054159087;
0,438350141127194;
0,39525091515977;
0,371796145363767;
0,51331445138794;
0,598797089517547;
0,679259245779956;
0,859294171066474;
1,06749086879744;
1,16675115722854;
1,13499468587056;
1,1173797379501;
1,22552202206014;
1,32716892562293;
1,25131525594027;
1,01679968340232;
0,751126105256377;
0,566631325994091;
0,449479128388781;
0,282529880549903;
0,0780282421668076;
-0,0170179540837694;
-0,0585952037609394;
-0,228014286483588;
-0,428799072299175;
-0,497840977981511;
-0,455888947946607;
-0,284827295654118;
0,0279779876687969;
0,376633182205618;
0,657141915466673;
0,757869714553396;
0,620587381355461;
0,382812279854382;
0,195946219521851;
0,0786030050714929;
0,071927553233562;
0,176958361812383;
0,284525835098992;
0,372565565063823;
0,474319665265127;
0,501764545697335;
0,361600651589404;
0,180183273769951;
0,0680551380627273;
-0,0748749928888244;
-0,183804065086513;
-0,0621678892195216;
0,22347645068279;
0,517182571936861;
0,78876402051869;
0,968355161172199;
0,99038580591517;
0,963076964566792;
0,994721074385053;
0,95733050846271;
0,639755754400615;
0,0843567563375126;
-0,446916363372515;
-0,832907389617715;
-1,15449566065127;
-1,40928166187266;
-1,50863194337214;
-1,47272574100038;
-1,36663771541445;
-1,19828687087166;
-1,02468618685184;
-0,970576109600267;
-0,988462501624709;
-0,906844893808508;
-0,720119958461139;
-0,496731777293266;
-0,218990917690131;
0,0981220431953323;
0,347916833399678;
0,444408865137457;
0,396828373693747;
0,318567488004942;
0,272530246711033;
0,193660624415691;
0,0611136091163364;
-0,130343324466256;
-0,361314779548805;
-0,525926159621341;
-0,771585534903551;
-0,902137810189184;
-0,412028410979791;
-0,100718573800193;
-0,503313335936048;
-0,902218629339428;
-1,184168688066;
-1,1637265807293;
-0,681315790202304;
-0,388003007877098;
-0,487516647629258;
-0,708358338836256;
-0,969014633654567;
-1,20200464365729;
-1,25288587931867;
-1,06940519401805;
-0,766347413339786;
-0,449320731981035;
-0,129500993314633;
0,130998801112156;
0,251280998732424;
0,312711312885951;
0,382387170772196;
0,434936275147259;
0,505047651764231;
0,565900503718659;
0,549207759414265;
0,552751509950314;
0,681731919170633;
0,879187919446813;
1,04579566649563;
1,16290369588442;
1,29617950208456;
1,39373336597305;
1,31773820166248;
1,15614205004912;
1,07016577874145;
1,06874151924108;
1,11688492434109;
1,14942032908355;
1,122174513915;
1,11558803864656;
1,18393506615971;
1,24092235042575;
1,19917159291118;
1,09345871912909;
1,10419655605045;
1,32135234199397;
1,55613464967628;
1,71456432822417;
1,87841073678074;
1,96057307794655;
1,86452075337081;
1,67418939502393;
1,44751212442086;
1,25241044981815;
1,25769714631566;
1,43986594821966;
1,59240618686396;
1,68400202140133;
1,31151280876548;
0,232638834154823;
-0,327512829445678;
0,017095083524126;
0,115175771291186;
0,252490197262464;
1,00433459672892;
1,32625160943461;
0,962592183749537;
0,792506411619581;
0,616275016391861;
0,0849529039624878;
-0,153653629201974;
0,0181684865771682;
0,0495389103297551;
-0,0550512084679211;
0,00986008209842596;
0,37933102035329;
0,907073062824812;
1,33286390384203;
1,1847548566529;
0,245515074049302;
-0,304836295416644;
0,00571036030441089;
0,111457929812229;
0,856013530993364;
3,11033858548669;
4,28229628391214;
3,54607433687625;
3,22241156074445;
2,5776602377714;
0,409044647997031;
-0,652079635480764;
0,0587619081380546;
0,218090906983755;
0,415280341796683;
1,79177208306456;
2,52220403568977;
2,04400799534745;
1,84625504635501;
1,96416803436163;
1,92214730456025;
2,03717338599179;
2,36997501457129;
2,70996780671593;
2,99999812952833;
3,24477040413774;
3,44420813386057;
3,60350914397193;
3,65867517909662;
2,67417625703357;
0,405228702375194;
-0,65046094004573;
0,0540034628157743;
0,220369756881692;
0,433522352540037;
1,78642926406675;
2,32340873052876;
1,57585650845464;
1,24799836017494;
1,3557769086001;
1,31908075381028;
1,38382730421781;
1,55384050046241;
1,6460773628424;
1,67037337547211;
1,71372234166332;
1,88887787106152;
2,23463970253497;
2,60558940059608;
2,84733670197863;
2,9474192530996;
2,95301440387622;
2,93512500360469;
2,93157664631527;
2,8467672532213;
2,63360345586685;
2,37510522994703;
2,10348035533326;
1,85989967647215;
1,69250692781573;
1,50728896958389;
1,21239905841127;
0,8997581925045;
0,691669703685576;
0,542739892878328;
0,400849109880788;
0,325985596420652;
0,304140301004753;
0,226943570173142;
0,0810756117027601;
-0,0165518136780625;
-0,0119363472706212;
0,00930715111874207;
0,000593953260177573;
0,0493280918472667;
0,184409900700216;
0,260825463891451;
0,247163783207753;
0,254417437580389;
0,20464658199925;
0,0331087536096165;
-0,0511460302079929;
0,00403768082417176;
0,0173780888037605;
0,140117944592069;
0,529014726452832;
0,767531424002139;
0,680407623996827;
0,619962965830027;
0,480196730994015;
0,0757502792525934;
-0,120435129779578;
0,0105358018683373;
0,0404517547631318;
-0,0347352840609607;
-0,0348477849379789;
0,0128874215829104;
0,0464579386191862;
0,0285137906894839;
-0,00933781430151069;
-0,0112122066540975;
0,00488512096535219;
0,00243496690419615;
-0,00283482607853043;
0,0218961935097402;
0,0531048607774036;
-0,000526809612602925;
-0,111535205451777;
-0,171645080939143;
-0,14983145606447;
-0,0386921272110177;
0,0383498364043074;
0,00261785536757657;
-0,0155083366849761;
-0,151124751116609;
-0,549306691137601;
-0,715997747645333;
-0,395189842457717;
-0,107375455653955;
-0,226946970388317;
-0,583567289968319;
-0,690431171426916;
-0,391228648054716;
-0,118516891283542;
-0,0393697818586118;
0,108461007177499;
0,360544490623274;
0,573579768303479;
0,712311857555154;
0,771244066573528;
0,786287699890397;
0,833144492973717;
0,923844992619709;
1,05473619664771;
1,19702876529092;
1,25647486735563;
1,22926066406248;
1,14523974042421;
0,958810852154661;
0,887777449997818;
1,14543582531058;
1,32530640430304;
1,1540430711883;
0,919469554778918;
0,511292710228742;
-0,179479270138267;
-0,436281202240179;
-0,120719589628433;
0,093271370535182;
0,100046182683048;
0,0410362224725636;
-0,0260529581630196;
-0,00790204752990643;
0,0132399564751504;
0,493080138039602;
1,77821425308122;
2,62635797871349;
2,47526729788504;
2,36761786001954;
2,45945861459792;
2,370187701778;
2,2694712269115;
2,27188412826576;
2,29055552996163;
2,23934605194644;
2,06095767193018;
1,81204666277661;
1,63985881388805;
1,60534120244351;
1,62173793921029;
1,56399955857893;
1,46494473695914;
1,43578386741344;
1,4858862333755;
1,56108880049837;
1,55307274696183;
1,40946996676326;
1,20532581761594;
1,00391412916634;
0,647877698251361;
0,089327184635803;
-0,15200735891449;
0,0135940340626897;
0,0512388343004636;
0,226108644186415;
0,880113493898115;
1,26959150219381;
1,1413067589013;
1,11815149215338;
0,912798159447383;
0,15448743506344;
-0,231345121563964;
0,0169929662362036;
0,0790721316382057;
0,426733571246628;
1,5717247674587;
2,14061536362416;
1,8154377597502;
1,77321939623427;
1,43423757758314;
0,211579015212467;
-0,360381636381077;
0,0380419844333714;
0,118133617895969;
0,37904985071333;
1,50514247095308;
2,09699399998335;
1,76945693487471;
1,68273662573945;
1,79842298297063;
1,7278559551912;
1,72663738020528;
1,80939733632387;
1,80335487937273;
1,72888060849577;
1,66979096352073;
1,57099805230532;
1,38271742443155;
1,21100851678048;
0,844294099900509;
0,129513088834222;
-0,205023407432596;
0,016189451187146;
0,0698397816427887;
0,311349541807674;
1,17770806473454;
1,58221246792484;
1,13631547310405;
0,784243089089619
