-0,838848346875502;
-0,430742260423498;
-0,121761277161072;
-0,388827882221391;
-0,597703859252817;
-0,407363934922548;
-0,218082528735338;
-0,258655280437001;
-0,423795616513681;
-0,531751103540736;
-0,221081305529723;
0,456128321890917;
0,647878058832208;
0,120374361302464;
-0,413514214809726;
-0,279786395133779;
0,423230416465455;
0,671251507305574;
0,124063104389353;
-0,423650063492532;
-0,410098877728043;
-0,256066341219823;
-0,755018947562396;
-1,29916169490744;
-0,869527802054045;
-0,113102994123409;
0,0896263060508691;
-0,0158438249305736;
-0,022290131288179;
0,0145037738925745;
-0,427355810118419;
-1,3949177419255;
-1,5831834237667;
-0,64557387647188;
0,297636324227874;
0,981524606021703;
1,38280621464806;
1,04875563749055;
0,279161195649591;
-0,252065572389444;
-0,580133842462258;
-0,756503938908968;
-0,50601612851022;
-0,0285019024410542;
0,133300492213083;
-0,279498520662157;
-0,751836562737608;
-0,569001793143236;
-0,0110376009626416;
0,149523166877504;
0,262044992474944;
1,17997254748124;
1,86771888447025;
1,2399133409431;
0,478440909172328;
0,436454205174856;
0,730966065711577;
1,12138355352648;
1,46414115149973;
1,55743537493655;
1,10377176109718;
0,0995332763898236;
-0,840030507291135;
-1,50490532718181;
-2,26581974716412;
-3,13784155953817;
-3,88344041674102;
-4,42432571890807;
-4,74821529797415;
-4,77334143139297;
-4,5466909145607;
-4,20765249382311;
-3,72131549053058;
-3,26985358299416;
-3,06665349058423;
-2,18644344569119;
-0,302522102305638;
0,528541287521596;
-0,0544048217577917;
-0,174496043573344;
0,0527544467543229;
0,130498330834021;
0,864886344817985;
1,94979793432481;
2,31292413155778;
1,97875982960525;
1,41444638139803;
0,945294614280955;
0,928013312954051;
1,27544957394483;
1,15956068925493;
0,230171312830444;
-0,297801775441412;
0,00953991206266521;
0,107144099280232;
-0,0491063104723737;
-0,0173829116770397;
0,0247146101294071;
-0,00416983793368714;
-0,00703869313919785;
-0,00537041320811508;
-0,18971343018404;
-0,767944756249091;
-1,52868846568416;
-2,04275278723347;
-1,67485388236029;
-0,482827140902333;
-0,350385619088616;
-1,55210164849995;
-2,18885729352247;
-1,63551121353214;
-0,509240028001559;
-0,298424061542738;
-1,25954298663246;
-1,6803431206869;
-1,01059817678573;
-0,0757510252746984;
0,217632314437388;
-0,0367815054580935;
-0,0662981427078394;
0,041531839449736;
0,0060605342575026;
-0,0172835757445671;
0,00508239768792633;
0,00401503116508896;
-0,00348831066679014;
3,3981189883097E-5;
0,00122567378215294;
-0,000525459152477737;
-0,00021557005737306;
-0,319230693766329;
-0,962306227382374;
-0,987764119311911;
-0,495691842072163;
-0,540698027452548;
-1,11090902823924;
-1,72744081889559;
-2,00666864114132;
-1,90029074211895;
-1,73668636009415;
-1,58389049206918;
-1,51382518426766;
-1,58480376546411;
-1,61530957166231;
-1,57366719130578;
-1,51419621856578;
-1,36051438671398;
-1,08854048503901;
-0,849143538720668;
-0,914683059110007;
-1,40281249576693;
-2,05952083636722;
-2,48035350679571;
-2,43672419191792;
-2,14550730997977;
-1,92020633937422;
-1,63650007563261;
-1,44320986296599;
-1,85570690250944;
-2,81083128115742;
-3,93699049382009;
-4,92490355155551;
-5,48417394213362;
-5,46531994498412;
-4,78677888221722;
-3,83377249167112;
-3,60285484587872;
-4,84865402231692;
-7,248275788814;
-9,71595419276399;
-11,5020187452453;
-12,3608093940286;
-12,3194552562023;
-12,0569645959836;
-13,6359466472276;
-19,1669274116347;
-27,2408399330158;
-34,887181708301;
-41,8890674408695;
-45,64442547561;
-40,3888937189026;
-28,9326843862348;
-19,9760846882992;
-16,1883658402294;
-18,0833117566416;
-24,9130205462632;
-29,0916868035863;
-23,7235910928845;
-9,46631105961702;
6,64111399035115;
16,5567685036944;
19,725454736259;
19,8756365740321;
19,9210268629175;
22,8677720130214;
48,9089241175625;
78,9444052666951;
45,8447133436054;
1,85348103795795;
19,0098081363413;
57,3278896797705;
100,451010269455;
122,81442694538;
103,186484649658;
88,7566487076387;
95,9418387638741;
108,929516655455;
113,286305035637;
102,936519931939;
92,442460413233;
66,4040804901512;
7,39366330319837;
-34,2894010190642;
-35,7445152777407;
-34,0516462941536;
-31,3118234592554;
-20,6020687247959;
-17,1639943018706;
-19,823283234376;
-17,2148271214621;
-11,7531494524724;
-11,6576687353965;
-16,160711388756;
-21,4577384096555;
-27,1243725121362;
-31,4075878790582;
-30,8532217474087;
-24,5784154450783;
-15,6716112998595;
-8,20541289026946;
-3,69987108982262;
-1,66362661443786;
-1,86664885164278;
-4,09687457960702;
-6,74315993969126;
-8,4523908081395;
-8,86437844524621;
-7,81545759819983;
-6,42011081707751;
-5,48076097394584;
-4,46539072540813;
-3,48964640167552;
-2,86201311961359;
-1,82302487344939;
-0,239292815895732;
0,740832780558585;
1,36758145585726;
1,54016279093436;
-0,962652017902037;
-5,39086353509052;
-7,57716427974718;
-6,44306469658168;
-4,71291810805689;
-3,51475292459173;
-2,15577541033807;
-1,65536133049762;
-3,68648883040574;
-7,41389530528357;
-10,8023472054807;
-14,0518355954911;
-17,193789749798;
-17,7410746650276;
-15,8150579913629;
-15,0548646253985;
-17,7590862223587;
-24,9186894418435;
-36,2652277121909;
-49,0834762037669;
-61,3542547320773;
-71,2439940114893;
-75,7917117577655;
-77,2173042823832;
-80,4291866434082;
-83,1749517016793;
-81,2174098412759;
-76,0335218623926;
-70,2822609346219;
-64,500432508445;
-58,6593105562309;
-53,6107517243474;
-50,1347174974525;
-45,1612610645658;
-36,8826270314134;
-31,3352443074491;
-29,6197959389914;
-23,0897235053707;
-12,0921091843704;
-3,90062190212221;
6,43286692109374;
23,3108184684296;
34,9148043816171;
37,9711817746081;
43,3151292441115;
47,8300824968744;
43,9582158986206;
37,7840769154439;
37,2874913464039;
43,4757154560595;
47,864225281146;
43,9092639972354;
30,8969336078529;
10,8265887025756;
1,21191286371529;
8,12898281608232;
14,3080936767851;
13,2811167588642;
8,6162120680877;
5,26875060153518;
7,71124171554667;
12,9625472485717;
10,1636959241094;
-3,07313785192747;
-7,94321957528309;
-1,04570213370614;
0,13019071119951;
-4,39311875099562;
-6,00649896240493;
-3,96858055522185;
-1,28326268370055;
-1,24399084997392;
-2,89625482727455;
-2,92175193337456;
-0,365860894292104;
1,83789809829144;
1,05144851066931;
-1,20080938265671;
-2,67448517555555;
-3,02888271908204;
-2,85020410600273;
-2,27006130417041;
-0,907963711406808;
0,975596618758834;
3,17797226705965;
5,4459112903382;
6,54581143418963;
5,82217570118643;
3,62734965420764;
0,75072989737341;
-1,54034800153217;
-2,6464485460279;
-2,66342473474523;
-1,22699294375746;
1,44552935605575;
3,6612676619524;
4,33786615451871;
3,56990222424547;
0,79219748742332;
-4,13604447139943;
-9,44800358436705;
-13,4908116202213;
-15,5389764937354;
-14,3812163023856;
-9,53000935148177;
-3,38469521015654;
0,263514065841281;
-0,275558576515316;
-4,08370977378986;
-10,0452516635884;
-17,2851411228179;
-23,2201298079449;
-23,4085923750833;
-16,5058196434923;
-7,76297542388873;
-2,44611718692994;
0,176079903481451;
3,2724196907791;
6,65220471488997;
8,03633341324868;
11,4788008155875;
21,2705196293353;
30,1677089299582;
32,776837681642;
35,2680981376642;
43,4525929124868;
56,1246782121984;
70,638920725379;
86,4907154126223;
97,3221841443933;
94,2279942853868;
78,8332423592851;
58,8870190508374;
41,3873087577535;
30,0684040803998;
26,4747842365531;
32,0680453122277;
39,9346506364355;
42,4418327771848;
41,0742308115514;
32,0796212922536;
12,0604955406192;
-8,53882178511003;
-21,0874223520024;
-28,0678434521856;
-33,314346185329;
-35,5696056862387;
-31,6011279077282;
-22,3798793734306;
-12,3784595729827;
-4,05059947023146;
1,40580537111233;
0,423653960984464;
-7,28384305804086;
-14,9826699360967;
-18,0642813312879;
-17,5164608814087;
-13,8178403598784;
-7,8992266630409;
-3,51146508959032;
-2,30383564505741;
-2,5425213306196;
-3,05919473476642;
-2,76158447250665;
-0,996665518279311;
0,403009367488836;
1,2350943306132;
3,02687369841091;
4,73242092653612;
5,12110557021172;
4,67434302630706;
4,18419032183849;
4,3965025031142;
4,48623716435866;
3,03760641957567;
0,709302672771703;
-1,03370502796793;
-1,38477839857397;
-0,590293323676155;
0,332241017662054;
0,6840019812367;
0,143159291555528;
-0,754436449017986;
-1,03159773597223;
-0,701707579038684;
-0,309142241243534;
-0,663207184625478;
-2,46789598223425;
-4,63316649481408;
-5,49732890543502;
-5,90066384700797;
-7,99625586961445;
-11,5329351974808;
-14,6495872660164;
-17,168382810479;
-19,6441561291154;
-21,6129879679892;
-22,2267832079358;
-20,8477839863227;
-18,6592003623655;
-17,890044439594;
-18,9525492719253;
-22,2151975010207;
-27,818660939541;
-33,3214397818493;
-38,1082996135633;
-44,7401950969068;
-53,8313343304289;
-63,5072687842206;
-70,4578198537619;
-71,6123781923805;
-69,5708421030746;
-69,0889169443596;
-68,4931336159698;
-65,6602628776233;
-63,5281439107103;
-61,6945255619531;
-61,083190278792;
-65,6794377034301;
-67,9232124592506;
-63,859358488842;
-60,7072555638854;
-43,7973745763451;
-4,94422401925025;
15,9377773832734;
7,34543191330246;
6,02636892259436;
10,9455951053713;
4,48482241273534;
1,9816282563895;
8,34255918263853;
10,8064803487698;
8,66316804416371;
2,57742706877963;
-2,22383604056908;
-0,291149493562743;
0,960946505550794;
7,44773536184655;
23,8382998692455;
25,0015556542228;
9,87341750928774;
8,03076620536237;
12,4910902844866;
3,5987588907357;
-3,72088529118106;
-0,0732779770300304;
1,40912006304835;
2,32019342309784;
8,67498842395125;
9,67465555926732;
4,51750544104847;
4,23148166043889;
2,6147879059593;
-7,09049651357593;
-10,6851498946686;
-3,67092606124941;
0,995556632630002;
0,581411503285447;
-0,831128706155392;
-2,79117576746481;
-4,24356905555404;
-4,43951281598489;
-4,21307318958925;
-3,9108277180421;
-3,02111446471642;
-1,35016218148473;
0,63902204041939;
2,45239276087758;
3,59119050818728;
3,45851020646134;
2,12548888448693;
0,646339822639226;
0,0234674707951178;
-0,0275104233479476;
-0,138214656539535;
0,191994343141743;
1,28781531429967;
2,14719868581304;
1,9524427807877;
1,00167979456868;
-0,334743397256805;
-2,08569698274402;
-4,0291945852992;
-5,83748780990565;
-7,34289297959242;
-8,15980614803653;
-7,93353376875312;
-6,98601744028276;
-6,2553757732111;
-6,79157449194882;
-9,6348591165706;
-14,9259498088112;
-21,2761945970799;
-26,6779489587129;
-28,4300743665693;
-24,69457765042;
-17,6906648638521;
-11,3201584164784;
-6,44991318773255;
-1,5596173113706;
4,06400093858975;
11,4337811373034;
23,281394805977;
37,3744762508;
43,6622735535046;
35,8618470274891;
22,7156623088672;
22,2006270007941;
41,1583805114482;
67,5807292228018;
89,9668612126775;
110,308756044457;
129,496341055017;
138,521865636529;
129,305394311519;
106,283059825469;
81,7234984351781;
54,7496729465334;
25,0811138137012;
10,3631788978317;
4,65704015921707;
-18,2740960281014;
-51,4903174662099;
-69,2360281307316;
-61,9954234753423;
-37,2948451185077;
-11,3721892159463;
5,13866834240373;
12,3097192758268;
13,2210689623951;
7,93519893472759;
-6,38276911281391;
-25,6577946338711;
-37,1856742039575;
-36,2181672487683;
-29,4257285628641;
-19,5863989969713;
-5,82974709039818;
6,05981533133832;
9,48809979003244;
5,47159609969057;
-0,362595226201163;
-4,3223643106035;
-5,91825141195791;
-3,96085615830469;
1,99944270221673;
7,8964719125001;
9,67761335355583;
8,88449310459295;
8,2610255838694;
7,2772337171044;
6,00439260244034;
5,74453272876119;
6,75729054099428;
7,9769696671251;
7,34454477715984;
5,53668659012644;
5,09847371292667;
5,45174225909041;
5,09339295604444;
4,6505871311463;
4,4376395372817;
3,21701064608566;
0,872639520486936;
-1,25972925186512;
-3,07393261495383;
-5,53310801764946;
-8,2816374069414;
-9,98959711368404;
-10,7736212015443;
-11,9137752438211;
-14,3100499662354;
-18,4998723018922;
-24,0918212467567;
-28,7136525173663;
-30,145238732477;
-29,2264980065016;
-27,7931559927661;
-27,0966586177884;
-28,7450040508532;
-32,2921773516501;
-35,5886465928168;
-38,8221862165737;
-43,0807823325072;
-47,6449255666046;
-51,905748059471;
-56,4020573693804;
-55,400373961874;
-45,9858660787048;
-43,4765239662684;
-52,1532855312444;
-57,8537983313351;
-56,4469840591536;
-48,4111767202273;
-37,1723801636411;
-30,3160875160751;
-29,175695969026;
-23,8694003766335;
-16,7048380288869;
-28,1549968727953;
-38,887248734278;
-29,8164691019764;
-20,3586462275338;
-8,02091995937589;
2,12900898460182;
-3,44072025618065;
-7,3104785392032;
-2,78530590936691;
0,89797325848057;
4,6884536926989;
12,4962661776791;
23,5326137575729;
33,3805526875848;
38,3513448944416;
39,7080552560715;
40,2393040560158;
40,895678696554;
41,608060662046;
40,3177170322091;
34,536872455181;
26,1896163652275;
19,6173912173316;
15,4120468560914;
12,6077327217335;
13,0967699789619;
17,1449034039833;
20,1619916503711;
18,0457825416233;
13,0840298728892;
12,4153607238168;
17,1890724296005;
20,3970908841621;
13,9643807489734;
-0,835033188897177;
-7,80882861944284;
-3,32013991296714;
-0,903623117903367;
-1,95075929673249;
-2,73195599362981;
-3,95320417692312;
-3,84968671526922;
-2,11740818655394;
-0,559718949200798;
0,133321622525591;
0,0783904188660829;
-0,0699728301654935;
-0,000178549124951272;
-2,56026109403905;
-8,8501566218614;
-10,9315633491537;
-5,46872177764288;
-0,168813781104097;
1,13577532038959;
0,34287566341773;
-0,31660281469556;
-0,0258055510439933;
0,129132024334073;
-0,980833161187853;
-2,52902109547206;
-1,56989212822458;
0,81086613830899;
1,10289885940233;
-1,29406524573847;
-5,37581865301817;
-6,26494575848482;
-2,48969027616764;
-0,488756365140465;
-1,33175386859586;
-0,70790229254083;
0,468616075590804;
0,103053891813933;
-0,217290131309648;
-6,42278276826423;
-21,9534979176402;
-28,9668860414293;
-22,8091238268216;
-20,5298072183477;
-23,3677720197659;
-24,7821865188864;
-24,6102204240468;
-23,1769074901802;
-21,9958453652324;
-17,1780651597413;
-2,30834758304972;
14,2501677095159;
18,4679650078175;
12,4067546269146;
5,72607110864841;
0,824599693698564;
-1,17667135001985;
0,00905493708187972;
0,444655175401955;
24,8096834858918;
89,0367819681164;
130,934917732595;
128,830765037773;
138,914688170176;
160,480221384505;
156,82815496641;
119,485768167507;
62,6589431745323;
15,2949945132018;
-10,3413107250061;
-23,4326598381108;
-29,8680684547935;
-30,398489124763;
-22,0541315257308;
-3,49979299575988;
8,48808539227459;
0,617210342805027;
-8,79077350521104;
-1,05034436011978;
11,9730569440123;
11,954301818318;
-0,0873107591553942;
-16,0684441899669;
-31,6599517075339;
-38,120464884436;
-31,9567632978879;
-21,1506471021531;
-7,69013006068791;
8,45737892674562;
16,8391202945068;
10,8282751359692;
-1,58790559428542;
-9,10505021710128;
-8,98152217489274;
-1,6215672186763;
7,56755569858645;
3,22124714506964;
-9,46647314941024;
-10,6177630590997;
-3,8140234354373;
0,187729746249561;
0,0673547554622765;
-2,18498112315157;
-3,43704318899799;
-2,64743666027146;
-0,380346028694504;
0,157582458018021;
-2,06313281655099;
-3,51345474957058;
-2,35793619225058;
0,695178010944193;
1,73978224715557;
-0,476724831213322;
-2,37757264891157;
-3,2170849943179;
-3,05261654584847;
-1,53386634767048;
-0,15298088338581;
0,620940736669675;
1,40566579433323;
1,50508364639803;
-0,0559189756955573;
-2,44191412194184;
-4,54384629121668;
-6,54471820358639;
-8,54400389656065;
-10,5498984895683;
-13,5737048344873;
-18,2575085244785;
-22,5922706798383;
-24,9067955379945;
-27,3533566514141;
-31,2285960964197;
-34,3489481278008;
-32,3534311393183;
-25,8357020195335;
-25,16365229421;
-31,5512551065637;
-35,0339903419096;
-45,7134141314794;
-73,7364100799301;
-90,9695212081078;
-83,6883431139332;
-74,4699763788552;
-67,967071486371;
-57,7246401871988;
-48,3908682411736;
-42,3170371468853;
-37,6895645009751;
-34,3783501066387;
-31,5425334494214;
-26,2687186201853;
-19,3088719292376;
-12,8027314748573;
-4,99348818507062;
2,65200256617661;
4,32652698088275;
0,289447434628321;
-3,98577450599851;
-6,09572385483672;
-6,53238608789631;
-5,21634025223986;
-1,83503899615116;
2,0806245486618;
3,48707496611142;
2,43866018033651;
2,66534188140623;
4,50682034245157;
4,74213177484082;
2,68188855614638;
-0,514780456264968;
-3,97657246650018;
-5,85545031679813;
-3,71883430473558;
2,72722142775018;
10,9147392350661;
17,7488348035221;
20,5157084913405;
16,9962127146863;
8,52785869022941;
0,225864772816421;
-4,66651692252838;
-6,51424904957151;
-5,63941718619149;
-1,87690941387803;
3,00356382820199;
5,8615644568562;
5,29924320793989;
2,85186078460902;
0,140226422846966;
-3,79714750780806;
-8,73428034383811;
-10,5454188539634;
-6,7803182464581;
0,462022338328967;
7,79127038572384;
11,8510052815888;
10,358074017976;
4,29443736168587;
-3,22027046010842;
-9,37596645841138;
-12,4947615721327;
-11,8678207904666;
-7,0923184095468;
0,564804616408274;
7,56751330489024;
11,1605104769593;
10,3728460389316;
5,78937324895221;
0,598958224225776;
-2,02299101434216;
-2,12956235181799;
-0,826748427981538;
1,91470027508923;
5,42812458004074;
7,71766326615335;
7,52363602603021;
5,67631342473743;
3,90236368720017;
2,05290101412756;
-0,880667669930241;
-3,68213204305385;
-4,8046269336668;
-4,59365916955221;
-3,3021618521885;
-1,21160790962631;
-0,436553566420034;
-2,74794167021267;
-7,54280895999048;
-13,0016527549611;
-17,5616261759303;
-20,732825037909;
-22,5148926637955;
-22,3617410828483;
-19,8126552712799;
-17,4867959625879;
-19,417246516042;
-22,9224196956127;
-22,6856066814043;
-16,3994489310786;
-6,65243339758823;
-3,05904505688148;
-3,26700257533077;
3,02137950194995;
6,43542843206911;
-2,45696158921252;
-8,89918367283089;
-2,95097405880897;
5,06605639738741;
6,55618104819307;
1,76013426010364;
-1,74569641558341;
-0,103809994736114;
0,697144780180037;
27,1624259127647;
93,804041715147;
122,836674412365;
87,9248040358764;
61,2445841144218;
51,4699613938039;
34,4658467543721;
25,0139400572989;
21,062434939563;
4,16160423397459;
-18,1945624521081;
-27,7548172157679;
-24,1905908246071;
-17,119011239809;
-11,0441358594509;
-4,95580668683409;
1,54567624486689;
6,82217705064218;
7,71073940559298;
-1,15861087949052;
-18,7743759016304;
-33,7215517499501;
-38,0084656693307;
-33,6947552749832;
-23,9518816527898;
-10,6996117951765;
0,620479375063626;
5,26015546940183;
3,90024657645242;
-1,2961783201719;
-5,45440929361463;
-1,90502327370433;
4,94139464680959;
4,85418214397673;
-1,57020058132353;
-2,68746480164302;
6,58985077967305;
10,6883598281662;
2,65922411322328;
-2,32137846547459;
2,25895188039329;
9,00680558878988;
8,95841881485382;
2,35990634614245;
-1,55500128258789;
-0,511934565171307;
0,49118413252085;
-0,00946429665823826;
-0,17289142876539;
0,0761395475608793;
-0,282161731309185;
-1,58053570540606;
-3,05007925199071;
-3,1570427907549;
-1,68102712796079;
-1,0389574068072;
-2,91604592567473;
-4,30145041623807;
-3,91833576654942;
-4,82354388268643;
-7,3091935196182;
-10,5145334974565;
-15,2468132433456;
-21,3258986161129;
-26,2840628390818;
-26,8738615913283;
-24,4154681073945;
-22,7721518318531;
-20,9550475811375;
-17,7292404349122;
-16,4887480670135;
-20,2084060140657;
-28,8080488124618;
-40,6039056056072;
-52,594281277787;
-60,7403781952484;
-62,1756919605241;
-57,2715105628473;
-49,6080239781304;
-43,0901316782962;
-39,5133920435266;
-40,9696175855037;
-48,4574676049736;
-56,0870748836895;
-56,1520465405377;
-48,2723223379088;
-38,1918571739598;
-31,6414149629964;
-30,350483391519;
-33,8419246781472;
-41,292016320546;
-47,9151433688022;
-46,9962377879272;
-38,723292842212;
-29,5257153667615;
-21,9341741931067;
-14,8644699305014;
-10,3220092734185;
-9,19093184538704;
-8,90782909862325;
-10,445024957833;
-13,8414550922973;
-12,9146113339703;
-8,77267863230025;
-8,11332873958182;
-3,18554701206482;
12,6585211832758;
23,33335471358;
21,7350061578935;
20,115201723402;
18,8633412184272;
15,8194065505137;
17,8330665507601;
22,3354833981981;
21,9105831261693;
18,4576817144714;
16,2621826775513;
15,2110134539484;
12,8669390758493;
7,85192136170871;
1,91933296960584;
-1,81967978686749;
-1,77129475991663;
1,7701350051937;
7,93894318608949;
14,6485062900052;
18,1317809662742;
16,1976826941321;
10,4511167845875;
4,12253449410698;
-0,864610606350738;
-3,85688863385956;
-3,98024408359527;
-1,17830851032918;
2,62511925708318;
5,68999015553861;
7,40034005683587;
6,18228232596107;
1,10670301629565;
-5,01361647929856;
-4,75196930678185;
4,15638791442479;
8,42975850060231;
1,35972389860102;
-5,92500118795997;
-4,42580585302393;
3,91880259644255;
6,85761828344308;
0,882867865115078;
-3,35219594135593;
-1,19915025204519;
4,47917842682331;
6,00450808733382;
0,957306581335507;
-3,06688176379627;
-4,25022691605222;
-6,39199569955344;
-10,3634451272471;
-13,8596413833897;
-14,8070672903468;
-14,4495867360399;
-14,0242177687641;
-13,0127235030528;
-12,5533913004686;
-14,6686803368016;
-18,5928797354467;
-20,9184445520232;
-17,623397389325;
-7,91511313276423;
4,29836380934767;
16,3723527713188;
26,4662186342407;
27,0594930009035;
14,1606549229394;
-0,660288666652;
-1,29526451877978;
14,5852619372648;
33,3964762903339;
43,1198350838377;
47,8531479153066;
53,6073873885526;
58,3915641511092;
64,3700807054686;
76,185396924649;
94,6888434590893;
117,606964315327;
134,480243667594;
135,758571212487;
123,34002677441;
98,6308926782339;
61,646319796048;
23,301364005962;
-1,69283455651062;
-11,3120705851691;
-16,1748018223576;
-25,2019657307214;
-35,4654371170475;
-38,7907645836667;
-35,5741146918062;
-29,3641814393475;
-17,3961282335066;
-0,672034932374804;
12,3520879995284;
15,8788131559994;
9,84460955331812;
-3,38253159472348;
-19,4474286318648;
-30,8176409938471;
-30,4352670573667;
-20,5061845789072;
-10,7929219375366;
-4,33008138811587;
2,28065984109536;
7,46452608494885;
7,63177169332433;
4,82368336079139;
3,87509460716786;
5,68782613573576;
7,20292815007983;
7,56361522276838;
9,60552972707028;
13,5014862553071;
14,9401804622944;
11,8712479894166;
6,89689169661092;
3,23710032960093;
2,07328973910414;
2,6321352280846;
3,63567800623998;
3,97801283555052;
3,24529351331728;
2,35006264438821;
2,50974899666241;
3,58912381821688;
4,04092517712539;
2,44947562900784;
-0,760421838948968;
-2,80147572118589;
-2,70842900648726;
-3,12598299795165;
-3,33265958971567;
-0,84512598314652;
0,924758365937262;
0,0102747147986218;
-0,34840382634365;
-6,36108750951326;
-22,5146765719782;
-30,5766782887428;
-23,6734779824285;
-19,6711551277343;
-16,7573627225838;
-3,62333315508792;
4,38845423274216;
-0,0615254143200618;
-1,61149455316577;
-10,9950641393246;
-39,4397895322516;
-53,3742428613644;
-46,396646778053;
-51,274430242522;
-62,7508185744573;
-61,8083339309967;
-54,3616067335927;
-47,4150429185629;
-40,8663185841011;
-36,1700010310934;
-35,5283400606428;
-37,4014602081295;
-38,4292700912321;
-36,4763498718928;
-31,9211993045119;
-26,7564066958188;
-21,9877320063537;
-18,9758969303465;
-18,2925685348362;
-17,281653816252;
-14,7280194823682;
-12,7799232308662;
-12,1217115169842;
-10,4817629454548;
-6,62321419899177;
-2,41290684383024;
1,84409309706348;
8,58823407171467;
16,0800322086433;
20,1597722150358;
21,8745421432366;
23,2250679043014;
22,0668737687802;
17,9450609591718;
14,7269366182056;
14,0053579939642;
13,1122003784668;
11,0260229476482;
9,54072436981365;
9,29168688285112;
9,38745833794168;
9,04255261099488;
8,79187435132729;
10,0743877860133;
12,526885664392;
14,1499192195454;
13,6039747855606;
10,5482512572913;
5,79038000914049;
1,63742179722057;
0,378087845435017;
1,68970076540618;
3,24020948488473;
4,12686539644778;
4,45144289487778;
3,42254123439446;
1,28338488284411;
-0,339587209255895;
-1,15150454123399;
-2,05560496099487;
-2,52101997082688;
-1,69006526558482;
-0,809144885177445;
-0,528555449724703;
0,494555004059014;
2,13332009625714;
2,67471541468446;
1,90937762976417;
0,977938682293795;
0,112386182502598;
-1,13761643893981;
-1,94303693703861;
-1,03348386598519;
0,907791517628471;
2,06378112313458;
1,60066026342941;
-0,369540035305406;
-3,29676566850138;
-6,16592556053411;
-7,96656474775567;
-8,25134814848801;
-7,28943829636244;
-5,91197400959804;
-4,95432467559599;
-4,83875489098687;
-6,28273580146903;
-10,5993088820236;
-17,1000954167847;
-21,9168409884998;
-22,35932089361;
-19,6043574893093;
-15,987339609073;
-13,3043731035174;
-12,4154804140826;
-11,4882527829621;
-7,85876563668641;
-1,92313146099004;
5,03826896670706;
12,5427992115379;
17,9579828734733;
18,3726748110424;
16,5499367540431;
21,479782046067;
36,9465831117675;
53,1607451061178;
61,8334382530379;
67,0335031851531;
71,3964497895685;
72,5160005603632;
74,4862594724638;
82,2967120949241;
91,9894165198889;
100,362116232137;
105,326015137494;
98,3854429241324;
78,8686134683447;
55,7294087914698;
34,9517815588131;
21,9995596688535;
16,94567112641;
11,4416749143904;
0,916204549176399;
-12,0697556638724;
-20,8079894091287;
-20,5455648454826;
-15,206126117026;
-11,2620380748179;
-10,2465624280757;
-9,10785651336853;
-4,90352055498985;
-0,683869370000382;
-2,16578097508325;
-8,90353276949408;
-14,860782116983;
-16,2824888477319;
-15,1748810140074;
-14,694946971341;
-13,9654397439546;
-10,4369599512808;
-4,63454697659965;
0,0523598714411133;
1,43600615799509;
1,31715222789547;
2,36517426822344;
2,89090971080227;
0,719198441125265;
-0,813048598197316;
0,00322578394648822;
0,300582430732055;
0,331543456418174;
0,955766998978283;
0,308858246891506;
-0,257050815642201;
1,34034025110216;
2,58297785363848;
1,41979435476835;
-0,347744693431178;
-0,200503253397067;
1,55852186516726;
-0,119236484154538;
-7,35943767578007;
-11,9881297854337;
-10,5176027737195;
-9,77491161344711;
-10,3751133734463;
-9,33484202567856;
-9,31822768264559;
-10,6482009673344;
-10,7144453659978;
-15,8006701277057;
-28,5490918458513;
-33,6561828727644;
-27,8555876121754;
-25,193887845796;
-19,8804869483902;
-3,45632589815286;
5,00681945479761;
-0,313089114500069;
-1,73650227991421;
-11,0123445208498;
-40,4998243901295;
-55,3844506102872;
-45,6389055015761;
-42,7107294075734;
-46,2583297410386;
-42,9089170165858;
-39,6885180324373;
-40,2181407623292;
-40,4380575953982;
-40,0710470417288;
-38,69803899239;
-34,8658802912344;
-31,0994047476988;
-28,3673251250935;
-24,9685536709878;
-21,0755530288286;
-17,9652336931564;
-16,6465249062435;
-15,920132383033;
-14,2657485515464;
-13,1217331286082;
-13,5505124571891;
-13,1455680859886;
-10,340255805125;
-7,98793913212442;
-7,77819230111386;
-8,37311595345143;
-9,76385081079188;
-11,5896685203164;
-11,9640240053668;
-10,4937748037243;
-8,06507334187038;
-5,50083850539357;
-3,5288284325464;
-1,99450473523635;
-0,957214317263096;
-1,26546585196638;
-2,00149831263414;
-1,4932496058418;
0,18575419684627;
1,98192431600596;
3,32693802923133;
4,43285461229949;
4,9940882635472;
4,45920839056922;
3,82604573703199;
4,46394919099526;
5,67288873986718;
5,09249621686787;
1,93163874974181;
-1,40066752736731;
-1,95905637005312;
0,534790559682635;
3,94246623913675;
4,43036310079222;
0,0855231582521487;
-2,84760864319839;
0,280171681354481;
4,38055398648453;
5,49728007185453;
3,6958720363378;
0,789775112920487;
-0,103369882387792;
1,2434348555494;
3,02922255169774;
3,31532972765563;
1,35476960518589;
-0,130054964447441;
1,04195468725057;
2,94267702508179;
2,73238883366021;
0,329750823979534;
-1,55162009177303;
-1,2064897606224;
-0,0397952302952042;
0,229131208020703;
-0,0651981993757647;
-0,0567691716784577;
0,0473697687414663;
-0,548576455126662;
-3,19118675591883;
-7,24001096368233;
-8,27092900570524;
-4,44916902211783;
0,0840496703018525;
1,27638705424924;
-0,805982168707592;
-4,63720584704595;
-9,80798907689901;
-14,5870364079806;
-16,0570955385988;
-14,922612341076;
-14,3531938357116;
-16,0459594553074;
-20,3399397077077;
-25,6472860748825;
-28,7060849486652;
-27,7865221030068;
-22,9628932078478;
-15,3349016761107;
-8,17965507591483;
-3,62428064004877;
0,530836421198805;
5,58936573015698;
6,23311223384147;
-3,0549570732532;
-10,5577215620218;
1,51605983741004;
22,7753776422286;
30,4904403983529;
26,0657686979129;
24,4394176216845;
30,2914083336511;
36,8887781901591;
42,0766822285383;
56,7457227522939;
85,1179767641322;
113,133385867014;
129,509579960261;
136,349141809357;
136,265685758792;
128,590666629844;
111,466028614301;
81,0438820440721;
44,4576013142009;
21,5571993349515;
15,4907764656724;
8,46146794249502;
-9,29159163619964;
-33,7647159433045;
-51,9532681454007;
-45,5332617286977;
-17,5889209904872;
5,71113486352017;
-3,86023883696904;
-43,3020612763802;
-54,0116756043539;
-18,0273433480857;
9,05325614244367;
5,22444483447339;
-12,6172884657769;
-26,9633259155041;
-27,4321609587517;
-20,9411498459972;
-11,3433616388278;
-0,283426420202248;
2,49090119698313;
-0,679703608095849;
-0,642321272796663;
1,30522165541031;
1,76683349694279;
0,572930503175343;
0,46967410737882;
3,06504205057922;
5,06875077046871;
5,17937406612364;
5,05338811013764;
4,43544342037321;
2,26339381821882;
0,064519363849721;
0,352001858942623;
3,00974659331569;
5,80029830775539;
6,84326135954917;
5,68100515288108;
2,32852018894995;
-2,78479082892867;
-7,78017292843159;
-11,0857534400207;
-12,6750575885071;
-13,0106640045417;
-13,4933486035536;
-15,8063408571025;
-19,8626319157968;
-24,3806554355849;
-29,0973193976919;
-34,4217925863235;
-38,199701082824;
-38,3433503580747;
-37,4727402245717;
-37,6412511836232;
-37,9854320034515;
-39,2740252240357;
-43,2622438485005;
-51,3565062391913;
-62,4161260397981;
-71,3012873106544;
-74,4869304117616;
-72,2157582735847;
-66,1630582707157;
-59,7839646615932;
-55,4307961446493;
-51,5348105957979;
-47,0817537769348;
-42,6257316987504;
-37,7847568255724;
-32,3478906753918;
-26,9372904336781;
-24,1132217665173;
-26,051912230895;
-28,9846410344515;
-27,4602157208889;
-22,9815772368529;
-18,8802847359666;
-14,7722754368771;
-12,5511807146327;
-12,7723403726094;
-10,7039465140961;
-4,60451006431806;
3,57544827524186;
11,9047042049379;
19,1844380314594;
25,1590687474581;
26,9818237517447;
21,5865221546119;
11,9680089916588;
3,65514342802328;
0,0144590810252965;
3,2979953839085;
13,0678694522447;
24,1035008872435;
30,7143687374761;
30,3340352806467;
23,2745489945657;
12,2758054628074;
1,47318684685673;
-4,40211658044344;
-2,1448380615507;
7,17922892418272;
18,3565648100765;
25,6058074528095;
26,8726449371013;
23,0797795481904;
14,6278045263967;
3,64249797582519;
-3,90097106454787;
-4,92812363191153;
-1,56999952052017;
4,5589776392611;
11,2137798343928;
14,8871159472552;
15,3992261911488;
13,7460920518418;
9,67702822906434;
4,23420191687048;
-0,519436031120452;
-3,13249765979329;
-2,57441697707639;
1,4311054558419;
7,09089281407133;
10,9844699455219;
11,3715904896896;
9,05002610789488;
4,74851016319923;
-0,259402548411112;
-2,75856828544803;
-0,739386825332907;
4,42170078656763;
9,92474212077289;
12,874580685212;
11,5317659702251;
6,66004772713672;
0,0736236750436233;
-5,80206693527212;
-8,60417088571715;
-8,37940379204307;
-6,22612523892965;
-2,66056571819477;
0,934781256294381;
1,96024142283488;
-1,57988462897974;
-8,66473224710455;
-15,4338104831832;
-19,172689192541;
-19,8566196524871;
-18,3975739184208;
-16,5121190602521;
-15,7604932279448;
-15,9956293044097;
-16,6496230184281;
-18,6576206465293;
-22,2411966193811;
-23,3954026963973;
-19,9539775563292;
-15,2400906927167;
-10,0114160081078;
-4,36207545408854;
-1,64945616313805;
0,16249750454811;
5,40096750904524;
12,0097753445904;
18,2069675480237;
23,214209773493;
22,7910673985483;
18,3849373814759;
19,7585836139322;
32,5677879046965;
53,2453305384888;
75,0013693475047;
92,8818845837281;
104,44914279558;
109,759761148442;
112,109095521622;
113,830528374268;
84,612255491123;
13,2354954496944;
-20,7419229227599;
1,62708175226308;
7,06433511174;
-4,40201957194805;
-5,52081476696431;
-8,39712288236241;
-13,6109981961535;
-18,2047349566718;
-29,2830086749253;
-38,3652532131667;
-30,4572834185539;
-13,4220250995858;
-3,63961089743955;
0,957928010229266;
8,3651445864833;
13,3467943744815;
8,69738730119366;
-1,79051330057044;
-12,2834891275411;
-21,7132214292805;
-26,5097621468883;
-22,9227457559562;
-14,649613573942;
-6,76071750806613;
0,00111670849395569;
4,710641155123;
4,96652044523497;
2,11261809005453;
0,223231532439321;
-0,0293442559781293;
-0,28043935877466;
0,00683721746441447;
1,81349845322695;
3,40586504811139;
3,31778714983658;
2,29341341408958;
0,458461488203452;
-1,80883076347071;
-3,21241733393814;
-3,99470347521679;
-4,51510625857349;
-4,10171819066699;
-3,0496735952408;
-2,21036257830412;
-1,14484305942319;
0,404482122344358;
0,854075531661524;
-0,785377007056222;
-3,37759735047149;
-5,49216533846948;
-6,50050605533926;
-6,91331530213856;
-8,00655866651825;
-9,68695078618372;
-10,7925868606609;
-11,299141085606;
-11,739505449471;
-12,2267354130254;
-13,1601930955287;
-15,6194653966253;
-19,9434593037667;
-24,1179487266562;
-26,5301588164307;
-28,5338281014568;
-31,5113257910887;
-35,8271204596934;
-40,7056370835703;
-43,5442924103684;
-45,9383533262798;
-52,0012639975944;
-57,8717496396738;
-59,6317124259236;
-60,7634820313233;
-60,1428931731965;
-53,7913025310113;
-47,513817741721;
-49,480212689854;
-56,2018901204183;
-59,1063414384478;
-57,8084041818044;
-55,2037222711627;
-49,9110869471623;
-42,1279384704444;
-36,5212444607231;
-34,486318333849;
-32,3854727199704;
-28,240825359664;
-22,095765272238;
-13,5568811470014;
-3,00115925309581;
8,1867540452853;
16,6325782024661;
19,0186238231456;
17,3635738457433;
15,5100207679481;
14,5660936419527;
15,8095307265448;
19,7145325803965;
23,8202755966981;
26,5585060589491;
27,8091139663397;
26,2029238682013;
22,3948046709534;
20,4642983553204;
21,234766969946;
21,8559136466301;
21,9475290034834;
22,6438496523548;
23,1601403164526;
22,8945284808906;
22,9359373549336;
23,1694555263027;
21,6894302026357;
17,5738716195283;
11,8496510757693;
6,49796369248711;
2,95186480646493;
1,54102248038544;
2,31768223542574;
5,91011536077393;
12,1483225886993;
16,3952682943193;
13,2292641506996;
4,94425707016958;
-2,79627612143366;
-8,91365949338237;
-12,5085615594528;
-10,3420087901794;
-3,0301336712564;
4,56124291581642;
8,58521642410693;
8,58814917296215;
6,70880429653976;
4,23553339110942;
0,567372220152572;
-3,28751965178343;
-4,27632441008907;
-1,83193185350196;
1,07431050337845;
2,43775244357345;
2,82179077168108;
2,94734706809191;
2,62436945749589;
1,91099520916785;
1,72471985296822;
2,13955928126124;
1,95414106347071;
0,618653825026622;
-1,20182603991845;
-2,65862924916996;
-3,46800095496565;
-3,90295076523121;
-4,11448058748471;
-3,53597565961818;
-2,43701052222425;
-2,87615795061388;
-5,37687793806784;
-7,86363520879972;
-9,30626788840825;
-10,343682051449;
-10,7938393807656;
-9,95640112742873;
-8,97426458437877;
-9,95335891664875;
-12,6937910331277;
-15,2312537960638;
-17,2932600012821;
-20,4394419214051;
-24,5536817783109;
-26,4005639415353;
-23,7807254433454;
-19,193788975746;
-15,5644818415087;
-12,9261529161933;
-10,3713401653765;
-6,35750326000859;
-2,05988892809056;
0,910453785517326;
6,99726052778998;
17,0234193348608;
23,3457255284656;
21,4030853316005;
16,8784142615103;
20,8338063388922;
35,0109414629462;
51,2017183739836;
64,8049889301518;
74,8468536996365;
82,2105841530856;
92,903318308654;
109,204534960882;
123,141733926272;
127,855802642059;
121,531525098274;
98,7695416176624;
58,314605186277;
17,286084542368;
-4,29135181558932;
-8,02040888565514;
-6,16310754455793;
-6,63122884923504;
-18,5269074758813;
-41,1639645339176;
-54,8588640551433;
-46,7131685892334;
-25,756562424496;
-1,74812019895648;
22,7785315882943;
39,013208087252;
38,8877213987828;
27,2975800272259;
11,5453655189534;
-5,18205047965313;
-16,3444577456044;
-16,7110920445422;
-11,7257858834191;
-8,88866386575362;
-7,46497586828234;
-4,22858562251306;
-0,690280741717256;
0,687191793482442;
0,826434497314496;
0,751889395377903;
0,748809016894666;
2,81472760052296;
6,76333781344204;
9,02878624311458;
8,98344392770188;
8,17481450255728;
5,19108412540694;
-0,959997629409053;
-6,85293530758462;
-9,31361980765737;
-9,50702554660088;
-9,36061893342318;
-8,46251874279559;
-6,79132811670902;
-6,3044166432869;
-7,1880355149201;
-7,69289342150234;
-8,27344751093535;
-9,35746645647211;
-8,98572030195766;
-5,46827682380893;
-0,467278964537265;
1,21792996057061;
-0,198097440697378;
-0,373050698574515;
-0,859525863492882;
-2,9302988831923;
-2,39220225429051;
-0,761150556071326;
-2,87937572966857;
-4,4369993125823;
-1,12303945767292;
1,26659066879152;
-0,00765316433960532;
-0,466589805549207;
-5,12844605793034;
-18,2415999128025;
-25,3845799655499;
-23,1831846356841;
-25,1485346789525;
-37,7108292550134;
-57,1535975129149;
-64,8978647155784;
-57,6196795231277;
-53,9100688145238;
-53,7730830779236;
-50,3890518419998;
-47,9223042554791;
-48,3976963047552;
-48,2643798515462;
-44,9395621777861;
-40,6333461351281;
-36,752943334222;
-31,6718231555426;
-26,7144945529508;
-24,8242141266257;
-25,9303454020789;
-27,5894074057043;
-27,0046989953557;
-24,0084299476123;
-20,1028367897722;
-15,9211365356892;
-13,6177460442806;
-14,3122299661453;
-15,5024975274619;
-16,4770956030842;
-17,7804702628576;
-17,3380164315964;
-14,3798183108881;
-11,5432904113048;
-10,4055361721369;
-10,2749363145563;
-10,18231236478;
-8,81814289271711;
-5,14950560262715;
-0,246254770931667;
3,31826418782859;
5,49770330091214;
8,15639022018874;
10,0748339459543;
9,3835986211205;
6,69893161112819;
3,20244686449997;
1,39163752556976;
3,63746441862038;
7,75324723740704;
10,4890910178439;
12,0948719120665;
13,2733627427384;
13,3847930593589;
12,3488043894302;
11,1281252281304;
10,2699508945412;
9,22741044110845;
7,80184116270839;
6,96247360334138;
7,94231507347797;
9,9142635803753;
9,70365702133699;
6,26857100171836;
1,87046526365695;
-1,84526882233326;
-4,50274184771238;
-4,85469254288901;
-1,33972689783366;
4,84647697396398;
9,90767332975762;
11,3081415546471;
8,82235127988559;
3,56187380607641;
-1,98384364899759;
-5,45047064789163;
-6,24968316678454;
-4,67257559683427;
-1,32832358355028;
1,89569025007812;
2,69871155134053;
0,720378582816302;
-1,85097193340477;
-2,40206227429303;
-1,00758396080242;
0,515038793541101;
1,79968758698015;
3,14633245396829;
3,97798110324808;
3,82592438905753;
3,12447516666395;
2,61953556272036;
2,38823786702912;
2,14500424114895;
2,30358425707972;
3,22149731781699;
4,10269430116653;
3,90752188415496;
2,73631510606522;
1,42219961159778;
-0,0330083626618281;
-1,81099208712141;
-3,38606464956733;
-4,81264945112148;
-6,24142820981295;
-7,18630571364532;
-7,31436881919114;
-5,94604136958215;
-3,20230838376934;
-2,67452247585939;
-6,19325798867007;
-8,36347136058948;
-5,96011847278344;
-2,80759048724117;
-0,169578745789144;
1,60979054772812;
-2,10313257307012;
-7,66070152671776;
-3,484641452971;
5,10035885048701;
3,33397942634808;
-1,98999348468891;
-0,544660567567258;
0,966059802458157;
4,31210643927822;
18,6410573502255;
37,5585699000952;
55,1328530179566;
74,1709212482314;
90,0593598164657;
97,9289791903613;
99,7320944225868;
95,5673392144244;
86,1358724988017;
77,8145669263436;
72,1586217252245;
61,1444952821543;
43,6764883605764;
28,0451344049458;
16,7276481166009;
7,8560263797226;
2,34752243204702;
-0,361039552852214;
-5,11495852344106;
-17,1151411388138;
-33,6264272352832;
-42,035471338742;
-36,0866151970769;
-23,6379393733924;
-10,0627834478493;
5,76907362364393;
18,3614795386847;
19,6476663479162;
11,7460605629211;
1,64232765881826;
-8,60012190302521;
-16,3598594498618;
-15,824207047626;
-8,65947402778938;
-2,57765834649476;
0,679977049876907;
3,07574156712099;
3,50273773937473;
1,25280959435563;
-0,574301293566715;
0,59970300736343;
3,08921380513666;
4,75483242014209;
5,34306485866287;
4,34900066821586;
2,40514721782224;
1,60038478675338;
2,02146167953514;
2,02733361017462;
1,44472638583424;
1,27852733247731;
1,46305614526659;
1,52020370081824;
1,84997796654498;
2,75614460004048;
3,08848341736447;
1,55890784950699;
-0,916985242501068;
-3,2717371885045;
-6,71942426898604;
-12,0450237617542;
-17,5475991500357;
-21,2103717111348;
-22,2205985459303;
-20,4609837858958;
-17,4611462225447;
-16,2596093903999;
-19,4446371467501;
-28,0591147626223;
-39,2660454750586;
-47,1921895014959;
-49,4737570047136;
-49,7162404215376;
-51,4196360708191;
-55,0276637071441;
-61,5334523607658;
-69,8717229761909;
-74,011549797794;
-70,2202171175859;
-62,4250261436562;
-56,5297786677378;
-53,4352778473577;
-51,5960467168631;
-50,5861897564821;
-48,4672985590385;
-43,665087150102;
-37,8161796162005;
-31,962336099619;
-26,3804601142604;
-21,1024762230705;
-14,4702665253837;
-7,11004337194527;
-2,17075139233155;
0,268108998246131;
3,11343685913201;
6,8111875933046;
9,65494119337973;
12,1819154980509;
14,3532496167219;
13,957588099386;
11,508777011507;
8,91726295671956;
6,21116458918333;
4,02925036425472;
5,65867229834166;
10,6264930842;
10,9226761950458;
5,89290075832071;
3,41677796072067;
7,16849513389523;
16,4801727561228;
24,5848447506479;
27,4268362646716;
28,6591683360835;
25,7283014281719;
19,0074667598748;
20,1138873954237;
27,8968083515827;
30,1313936414539;
21,7074675762146;
7,06960872375787;
2,10665291527672;
7,65827099117619;
7,74542607214314;
3,21014622635869;
1,0978112777958;
0,74388986521361;
1,82200322089538;
3,55153162177637;
4,13734369889471;
3,33831035655062;
1,85755036913618;
0,638660778303694;
0,980752420067613;
2,88224825158982;
4,51592196509784;
4,06296809699736;
0,605706129387999;
-4,51689045315729;
-8,1677747505731;
-8,98967633031281;
-7,52003006560427;
-4,26825906031376;
-0,317003825987465;
2,4968085919291;
3,48621580939086;
3,23664585963015;
1,95230465334387;
-0,0245175418312452;
-1,54624671225784;
-1,85128164998781;
-1,16904929827899;
-0,364527033893147;
-0,189995013622731;
-0,552836788280333;
-1,25616651040541;
-2,76905896019472;
-5,1834269584193;
-7,69099977432895;
-9,25636394552626;
-9,4467070696374;
-8,74515177345121;
-7,70759728247811;
-7,15686226570519;
-8,25767807407812;
-10,6356234776246;
-12,8127380887461;
-14,9641684774624;
-17,2549635078319;
-15,7356851507214;
-7,47294732256912;
3,31901553539398;
12,4481748701928;
19,5598462834494;
22,939900141554;
20,9192579619718;
16,1491470005447;
14,3799909143543;
17,9758260963456;
22,9934036069374;
26,6029847850068;
32,6992755998978;
44,4738647021008;
57,1779240744944;
67,3220324326692;
77,8910676014211;
88,2602000487884;
94,7010657210279;
97,7050194812934;
100,015346536342;
104,224363543682;
107,260862293207;
97,1027735473436;
69,744927676643;
38,3705734770863;
12,8547369930842;
-8,32322396186211;
-22,2793510021736;
-25,4729664455556;
-27,3002818198232;
-35,3543410037872;
-41,5999911108672;
-37,8917532411208;
-27,1436913007071;
-13,9923150942715;
0,25785037978431;
13,2517291501702;
20,7228216700767;
19,2126989431936;
8,29434644651251;
-7,75619054913111;
-21,87645398505;
-28,8595204456753;
-27,3624024698233;
-19,7054454641426;
-10,1073703607997;
-2,42370032790267;
1,81822773202147;
3,55844979349892;
3,40767059644209;
1,65549923089386;
0,268585183893888;
0,681761212107149;
1,43855113130116;
1,58960788742602;
2,21059823348222;
2,62397477147713;
1,18776676526306;
-0,832862079711006;
-1,21663653472906;
-0,640226987439681;
-0,811016899890986;
-1,24953410048208;
-1,07638788142871;
-0,926874251376057;
-0,740055174171664;
0,570984317695585;
2,54178867679813;
3,38888505214916;
2,05364415047008;
-0,544897858056453;
-2,77318467666881;
-4,65358236670091;
-6,84140611586326;
-9,3996235968629;
-13,0413539495019;
-18,4440846623895;
-24,4223706030464;
-29,7664604144224;
-35,164135292215;
-41,4677132114407;
-47,3947607666515;
-51,0782216947165;
-53,8280645371538;
-57,3963231979143;
-61,3376430963408;
-65,4923225271337;
-68,6382759768253;
-68,6409582986659;
-66,1435893280361;
-63,8531432903238;
-63,1490608977655;
-63,8330091954412;
-65,87525986848;
-68,9500585627702;
-70,9443865289657;
-69,4691907894868;
-65,0901228547573;
-58,4563613575465;
-48,459872015282;
-37,3320422154152;
-28,416277237164;
-21,6559161350661;
-17,1453787110541;
-16,0673581708866;
-17,2222791486501;
-17,69351514778;
-16,3482012990202;
-14,3460923718808;
-12,4673468207231;
-9,25406261000802;
-3,5539491882479;
3,62422096517066;
10,8127663701144;
16,4576286909626;
19,226741130947;
18,9825518331097;
17,2025840717307;
15,7426245857097;
15,0016028743359;
14,9888494260707;
15,7418267625513;
17,165471803304;
19,5119908866438;
22,2758730617243;
24,4306283986881;
25,1918310120614;
23,807557581833;
19,7048566897482;
13,5855724922561;
8,44327740403663;
6,52799545477424;
6,46190590141706;
6,51341941590836;
6,88008717654819;
7,10910446279409;
6,14505203900805;
4,39283286061632;
2,7185890193014;
1,69100508552601;
1,87760239369194;
2,73664590961528;
3,03926817405631;
2,89553907962701;
2,78289970673818;
2,14076076484407;
1,32820313276368;
1,3080049129071;
1,22417986405548;
0,572165609383925;
0,516547381481931;
1,18121341783093;
1,84759289799747;
2,52059126005198;
2,95051901269144;
2,79456590892944;
2,61635819693724;
2,56478513485633;
1,9081537009332;
0,456811638141213;
-1,22075570419994;
-2,24166125826124;
-1,99016839892831;
-0,767419892786098;
0,334439125089892;
-0,364975857256221;
-3,6820693231977;
-8,51254226458023;
-13,3515029854278;
-16,9725551628462;
-18,1735107606113;
-16,1098147902628;
-11,3726876411821;
-6,30287135458313;
-3,26771238052925;
-4,46886233927449;
-10,4316795755369;
-17,656377300835;
-22,9701368711562;
-24,8701709347171;
-19,6121373179146;
-6,9218970338048;
6,54460800856564;
16,4192278608731;
22,8405429189932;
26,3912841230223;
29,6373747831578;
35,4798726906269;
43,647909200919;
53,0591289172767;
62,966123632157;
71,5082601691368;
77,4561993152733;
81,7505417037501;
85,4614883987766;
88,7512474328205;
91,658890939837;
93,4255454971521;
92,6112906773462;
85,7901527449812;
68,5567137945709;
47,4047851260333;
35,2617273960605;
29,8562589222596;
22,0082326038468;
13,4834969071399;
6,7040180346018;
-3,69822126427965;
-22,1004223816334;
-42,552404569195;
-50,9903082501437;
-43,1296537368297;
-29,1689155948091;
-15,8070831776527;
-3,83372556990026;
2,90119192395847;
2,32587511550273;
-1,96233267658563;
-6,02345746307557;
-8,37528036466764;
-9,38750448044503;
-10,7482841964364;
-12,722011169202;
-13,701870229705;
-13,2836870523514;
-11,8343707635239;
-8,54646687374427;
-2,99156096852141;
3,0047015800772;
7,53556258446176;
10,601114742099;
11,9283067197337;
10,5059900631736;
7,45052120865517;
5,79559650875414;
6,94557378734868;
8,78854276005328;
8,4050417034917;
5,55757960401819;
1,26309088310705;
-3,37390797713705;
-5,98017064177728;
-5,19094937225834;
-2,19664027039426;
1,12634029687459;
2,98547124039357;
1,81031158171795;
-2,06576193035795;
-5,56874473946822;
-6,57161585603808;
-6,57667106072813;
-7,25705994298194;
-8,60515715320818;
-10,9268912826788;
-14,4682551457268;
-18,5019246090406;
-22,9366872293695;
-29,5353248382413;
-39,9980961196673;
-51,6799589379419;
-58,8600332021099;
-61,9363064428541;
-66,7535710038445;
-74,0968075673144;
-82,0405983781676;
-91,7281723666638;
-102,03654854427;
-107,86732678839;
-106,419833888387;
-99,4466112642374;
-90,0976085082788;
-80,0972162706623;
-68,7144021779923;
-55,1763834360701;
-41,4067731652294;
-30,6218328064885;
-25,2093118168759;
-24,7527237578117;
-25,4620461131498;
-23,2721715167034;
-17,2081246213223;
-9,63326707087735;
-2,41676234534709;
4,40999507142202;
9,92244506691017;
13,559406313406;
16,9049057630506;
21,1170830375387;
25,400528197307;
28,5586257938215;
30,1900859468672;
30,5781624605147;
29,8077357992065;
27,8877816982631;
26,3020649705411;
27,0022967774226;
30,2133440889163;
34,9731526995281;
40,8992336700352;
47,2176971570841;
50,086282258097;
45,3180607630524;
33,6872737543154;
20,0419864783966;
10,0293885033437;
8,12562795139501;
14,2218123168;
23,1562340277981;
28,7796793328409;
27,3299304082554;
19,1742130725931;
8,73862321269023;
1,54812733772408;
0,123567254005853;
2,86676631580604;
6,77577651301134;
9,6170268288344;
9,8059331758232;
7,26893201418155;
4,42248538569163;
3,71627290197043;
5,15176042500643;
6,50424690828662;
5,7497960977701;
3,71302220552367;
2,21407355476516;
1,12099733334924;
0,207428010102728;
0,805848092525541;
2,80668967268043;
3,88724010308894;
3,25815992841938;
2,31978277671768;
1,789887096245;
0,694215928547672;
-1,55678162411457;
-3,36627589113987;
-3,15907819316633;
-2,22016026696766;
-2,39287469747052;
-2,98704987203186;
-2,98278882248483;
-3,54034058050738;
-5,81347415205564;
-8,33571465969614;
-8,85338579962566;
-7,68813379134388;
-6,74003281477981;
-7,03223754019637;
-9,15006052310232;
-12,6542313001237;
-15,2514017218692;
-15,6185891982109;
-14,905814530926;
-14,5339666200428;
-14,6973110051969;
-15,1351790052689;
-16,0556474134048;
-17,345487928765;
-18,2383854378675;
-16,154866489012;
-7,86802556226527;
2,96380905635735;
9,9737627569129;
14,8210497765857;
20,1998695196139;
23,8803943258691;
24,7517219920415;
24,5262112594178;
26,3809468580727;
31,1526060598088;
36,8904078555604;
44,6885047984159;
54,7478641794092;
62,8686394810762;
66,0186877953487;
64,934770871734;
65,6289459626627;
73,1703887878715;
82,8593499832101;
88,479259826195;
91,057997217801;
90,3171368621329;
77,6247901555182;
51,8075024176684;
29,0248400744;
19,4572756840373;
17,6565379979213;
14,8953601934409;
-0,134457890966447;
-31,5973095259633;
-65,259834093406;
-78,8518358004143;
-63,527750865713;
-35,9759767690123;
-13,7527981017299;
5,93110676646683;
25,8937322121736;
36,4992087415956;
29,295545420444;
8,17658868527293;
-14,1209492787653;
-27,760730446309;
-30,7554490196837;
-27,0540807952789;
-22,0984853149793;
-16,3096981892021;
-7,9875104351826;
-0,606901247281964;
2,10892769276491;
2,04240122629651;
1,9193552206461;
2,12037083873037;
2,77152276556458;
3,60170439971674;
3,597071921766;
2,92674319619702;
2,91018992353721;
3,56733359017326;
3,63455815805877;
3,30970977748881;
3,24369925360432;
2,1409247885447;
-0,271487558478794;
-2,03052774145869;
-2,14268278511209;
-0,951248204675629;
0,736055753171849;
1,56709781016036;
0,285107182452408;
-3,69356046143719;
-9,0592392205417;
-12,2816501215742;
-11,5097327929533;
-8,96899556248306;
-7,55720135116643;
-8,28762882764401;
-11,5094818750265;
-16,9246249132635;
-22,3857956602277;
-26,1297413351249;
-27,5191305803117;
-26,1575574805279;
-24,4433244737883;
-25,2036613466173;
-27,9127421973585;
-31,9249012067255;
-37,9400871732473;
-45,3308716694664;
-52,2207796676482;
-58,0050983836857;
-62,4738474887986;
-64,0605585506572;
-62,4238723996475;
-59,3468121522593;
-56,6569813649349;
-55,4186225120525;
-54,9753249629629;
-54,0682884648464;
-52,5826031651157;
-50,2606219476419;
-46,0943327649431;
-39,9711920091208;
-34,173710123288;
-29,760384691189;
-24,4503085725607;
-18,3245768079331;
-12,6994846769398;
-6,68007720701933;
-0,419213978616172;
7,30280978442658;
16,6075322619337;
22,9241195082186;
28,065451561476;
36,6422214905488;
43,586221383903;
43,9016050805416;
39,7530869681322;
32,9931971344379;
24,4043197530092;
17,9671739010035;
18,0768145942642;
23,7760631110629;
30,0328163600844;
32,9691014351826;
31,3192303427973;
25,2531662962845;
16,1031885271123;
7,31222390740538;
3,2074472121054;
4,41533632854567;
7,35370489081028;
9,86600490177618;
12,1245127067776;
12,2125601934903;
8,64688040271457;
5,5502566479016;
6,26109031670887;
6,7558497465945;
3,7298982942639;
0,229464735582736;
-1,6547773421117;
-3,34051024477899;
-4,42172790907951;
-3,28237355599053;
-1,0231837937186;
-0,0850637499706793;
-0,767428014721991;
-1,08262891209018;
-0,546112948802588;
-1,26661940632019;
-3,10764239235929;
-3,17863566892262;
-1,41497461852026;
-0,515687722249093;
-1,02590017058929;
-1,2942690013168;
-0,843450590621158;
-0,434477387209938;
-0,249702465136786;
-0,0838005965931147;
-0,3628527611799;
-1,97377709155979;
-4,62848636395503;
-6,51334100096457;
-6,36522076616391;
-4,49873416231306;
-1,96107866678265;
0,265314930383067;
0,582283381212472;
-3,01913363077526;
-9,88479739073879;
-17,1380563586635;
-23,3542365113659;
-27,6107377720744;
-28,3803336408832;
-24,9067640424865;
-17,8208735349101;
-10,7741061088275;
-6,92955096553011;
-4,90859399739915;
-4,13000500572075;
-5,5032368267025;
-6,79926786935408;
-6,10381833262706;
-5,87346104189843;
-7,89294600417823;
-8,49047240488201;
-5,34068101479835;
0,196819369553506;
10,9712539305247;
28,4953243811536;
45,3429023594928;
54,5172576537515;
57,8568944215895;
62,3722028057372;
69,9858926349464;
76,104306621392;
80,0407849233021;
83,819099787104;
85,1609782218155;
83,8236833081003;
83,0426612261996;
78,7032698244801;
61,875898622476;
36,0596379653357;
14,9545265494669;
1,97533656062487;
-9,14469894564086;
-19,9478252655164;
-29,3528733769713;
-38,389999548861;
-46,1672968757332;
-49,1075273591337;
-43,4565243508201;
-28,4829622602614;
-7,33668125522832;
14,2633115016387;
28,4291649073843;
30,2132662939526;
20,1694588910168;
2,08492202975162;
-14,8654614972312;
-21,3310748601934;
-18,1109332196707;
-11,5839490150794;
-5,35709195955636;
-1,02642519659466;
1,52245836740887;
3,71135264595282;
5,61185299954672;
6,87052216831331;
8,08294099514906;
9,36006762737776;
9,00109967371622;
6,09432140395266;
3,25318142120295;
2,2935987531627;
1,8573040246076;
1,57418335385522;
1,41896903073852;
0,352950936963298;
-0,64976156904876;
-0,410373826012904;
-0,0656131111103308;
-0,00531727672127903;
0,802632076101536;
2,09868690931513;
2,80581081332524;
2,53858947429132;
1,27488950859304;
-0,459210653558474;
-2,30321645817217;
-4,72899073757139;
-7,15578126288258;
-8,55614810831508;
-9,67687481102001;
-11,6173157240975;
-14,3011682141227;
-17,8116693199811;
-22,3200057286746;
-26,0715676885559;
-28,477284215163;
-31,4093349379103;
-34,0597776256204;
-36,3129463807967;
-41,6033414205474;
-50,2263310468294;
-60,2929166534016;
-69,7313622824017;
-73,7531368983728;
-70,4807830374186;
-63,9302477564123;
-58,2274596270501;
-59,8757766132332;
-70,264384682602;
-73,5120272395869;
-64,2068435002186;
-56,985664917399;
-54,7521132011042;
-51,1940942178249;
-47,3909565148192;
-44,8127947950719;
-40,7822388315779;
-34,5801263681171;
-29,1049096519877;
-25,254530384292;
-22,0264380824989;
-20,4002723973106;
-19,0047944435331;
-13,2371427012347;
-3,48425248563187;
5,36937821464605;
11,4664375054202;
15,8911026193518;
18,9994697206184;
20,3802680569643;
20,2772457446665;
20,3516261646642;
22,4639193467906;
26,2782448469914;
29,6146152079387;
30,9672526189241;
30,0581314680531;
26,9489898313136;
23,0509368634195;
21,5083797912925;
23,3692368430086;
25,9936806935176;
26,5406214306942;
23,7606387133584;
17,6715603705321;
9,66549244631619;
3,0259039139304;
0,855752825780738;
2,09990071613061;
3,45884870519462;
4,05753204288967;
5,00144692777089;
6,50720585743225;
7,15459477267995;
5,57908162167069;
2,82193386217877;
1,38779867267384;
1,23463189994384;
0,309211292638186;
-0,779330434515192;
-0,0911362062664073;
0,793188550509585;
-0,334382777560468;
-1,86331668798546;
-1,69968358929174;
-0,60357367912924;
-0,339119840786312;
-1,20637148606851;
-1,92378062542621;
-2,10159742131689;
-2,53353358304189;
-2,46283909826017;
-1,50190081160994;
-1,62301639052205;
-3,1522181720206;
-4,26012680757909;
-4,49379356227869;
-4,23871793114005;
-3,15085479107593;
-1,75822252933493;
-1,77884377921977;
-3,18004471626583;
-4,59514548644866;
-6,41844347730599;
-8,66935278490663;
-9,94770466304046;
-10,6451932363758;
-10,0157404746098;
-5,54569867220765;
1,23105631878547;
6,20481540033863;
5,63383164577186;
-1,22232203140502;
-7,57906035053854;
-5,76852729367518;
4,02952764554955;
15,148793380324;
20,6749275881085;
21,0465781138294;
20,0568801454931;
17,6983365570392;
18,6016681314123;
30,1390653598764;
48,856284424863;
66,8418557981391;
82,6204661815391;
97,7681820881373;
112,046941568585;
126,408096501617;
138,859724922602;
137,379548525528;
121,612139795623;
104,006180315894;
80,237179137977;
49,309395666899;
27,2241623289694;
13,9683726856296;
-0,709054811890587;
-15,2555845762673;
-25,078550616237;
-28,0220133053732;
-25,5477218430894;
-23,5800037251255;
-23,561069038557;
-20,4386162524222;
-10,5634811528758;
2,87641201427403;
12,5979872880045;
15,2609641151613;
11,5619567528912;
1,64364465106183;
-12,9493163105121;
-26,7393999049194;
-32,1398133871987;
-25,1443736260333;
-10,5056995698875;
2,22749737053163;
7,26203969056546;
4,92563110143244;
-1,05875805857258;
-6,31698801986963;
-7,94728948955456;
-6,05683502309452;
-2,59690813929314;
0,831706814995599;
2,72234385793472;
2,05412116322313;
-0,17364239392476;
-2,26410554019759;
-3,69273845760935;
-4,1249231296651;
-3,24535029666451;
-2,31229504587659;
-2,87608604550211;
-5,1773408906109;
-8,7307322591702;
-12,6691188662188;
-16,8962200135948;
-22,0567014027199;
-27,1229987602284;
-30,0480062834895;
-30,6679254059019;
-30,3259474823372;
-29,983517423499;
-30,1650731566495;
-31,2785284288128;
-34,687013886993;
-41,4857591715254;
-48,4883881185743;
-52,5302440613473;
-56,053950968145;
-60,6338503927566;
-63,2231911419445;
-62,930691021093;
-63,1687111699246;
-66,0275785948235;
-69,3427962945302;
-70,3223224546445;
-68,4406991526258;
-62,7623237295879;
-52,661465341423;
-41,9755132636132;
-34,6727576233581;
-29,982155954527;
-26,7157597319364;
-24,9456507836257;
-22,89109101707;
-18,3292640630812;
-12,1259627061047;
-6,76959150583147;
-2,19300056238679;
2,82410100193182;
7,84981314718964;
11,2467639660998;
11,7782222921813;
11,7942965584086;
13,4885607554086;
14,2987818007054;
13,5703252574404;
14,3397250505393;
16,7838648456326;
18,7314919525273;
19,3399849399717;
18,6667112715426;
17,2796891843685;
15,4309643039829;
12,4146857266684;
9,05866029726601;
7,53253904071456;
8,23074067221848;
9,7403973708908;
10,5715523948629;
9,99004546551744;
8,52783654538827;
7,5141445027495;
7,02969729198333;
6,16483661491853;
5,52590926975599;
5,66541011149965;
4,63287476149329;
0,964217669058058;
-3,10600303147952;
-4,22586667773635;
-2,3872778890718;
-0,312568170614186;
0,445169374411948;
0,558112235563521;
1,12284537737714;
2,00223472653058;
2,14977822995807;
1,07385109629744;
-0,772943993412095;
-2,2976969868619;
-2,45390477379575;
-1,16384544393341;
0,787506885807658;
2,61487413125031;
3,97704959992623;
4,48199983210737;
3,57386367776485;
1,55617280749627;
-0,378341563490328;
-1,26251225800934;
-0,547852587048941;
1,64432088818852;
3,81237186341203;
4,32849863793862;
3,49058347384295;
2,79751847615384;
2,42621373290585;
1,47659340358603;
0,295494679389825;
0,0579572266926889;
0,650658271058039;
0,969172940785653;
0,580055168410588;
-0,470539298911134;
-2,39157254915115;
-5,27310801089947;
-8,48953595661122;
-10,2568100442122;
-9,2369296731911;
-7,13304318461533;
-6,74740366160145;
-8,15591988873243;
-9,76643413502391;
-11,1164443738273;
-13,1754866387824;
-16,8015953211821;
-20,0012411401418;
-19,9196081665836;
-17,6975588016878;
-16,1432024311029;
-16,8590896891661;
-19,1612412662441;
-17,4532457706865;
-7,44862278171209;
5,58726344336705;
14,4380035238186;
19,9680480504293;
23,9562022780265;
21,1225844364358;
9,18017897091769;
0,098808346307874;
6,45066521957363;
23,6738686946156;
40,5902646312707;
51,9570573835837;
58,2314478390065;
66,2476535045849;
83,0850695005407;
106,008308561484;
121,36657200255;
118,314682091697;
100,493978590087;
75,008886039799;
44,1818047393851;
13,8947851661101;
-7,4625446671856;
-17,2596592595004;
-18,4914162177348;
-18,2733277969532;
-22,1364254149501;
-26,9230189175558;
-27,5001471001855;
-23,2095709323661;
-14,9883232985348;
-3,68539060073119;
8,87183535046339;
18,4567084342503;
21,3180168595664;
16,6788343355984;
5,50624216771848;
-7,84793808447059;
-16,6413620725227;
-17,637226600343;
-12,4271622851094;
-4,46974117229949;
2,47350803126426;
5,23423898731918;
3,39839210744698;
0,248720429230993;
-1,1679413398051;
-0,772664035775429;
0,94619512477501;
3,16011736474824;
4,46523552123045;
4,00049229715417;
0,949371541899776;
-3,58052701550183;
-6,4543899679044;
-6,44522185547169;
-4,47565100967426;
-1,76756322757186;
0,701145667505217;
2,14326707692122;
1,63230050454833;
-1,27413172379779;
-5,14854367493553;
-7,36151019034216;
-7,29711693793877;
-6,7139741835489;
-6,96296500526431;
-8,0293080845392;
-9,50560788184549;
-11,6218988168218;
-14,388659455463;
-17,0906556708032;
-19,9273625298217;
-23,0141553864955;
-25,799526297818;
-29,1221446828108;
-33,9844096646261;
-40,6277836079065;
-49,3288678890495;
-58,317232791353;
-64,1996492696196;
-65,8750297050752;
-64,8120362297938;
-62,562903028493;
-60,9182250007743;
-62,064588153423;
-64,6988798531075;
-64,831787252715;
-61,6270908951105;
-56,4766990999479;
-49,9659503093462;
-43,5397532049591;
-38,5889807392127;
-33,5174348606291;
-26,7379092923352;
-19,6380664512161;
-13,248429101507;
-6,94471556575926;
-1,30172699484379;
2,80734993228161;
5,81158777660437;
7,5209372134477;
8,60718344971547;
11,7630923615732;
16,6435280624088;
20,0140471910172;
21,5853732781594;
22,4612461118195;
21,8813285225607;
20,086162053963;
18,479370798348;
17,4309012530956;
17,0860368093546;
17,4649646697845;
18,2053830132144;
19,0155713141808;
19,5961863983759;
19,4597919834683;
17,966065703904;
15,2072306552294;
12,2880876887429;
10,9947416884642;
12,7103686236375;
16,1228563560267;
18,9416853207844;
21,0161898742969;
21,8424584143905;
19,0557404275697;
12,3230844616824;
4,37376486178197;
-2,81081734094427;
-8,25099256904832;
-9,27551852716813;
-4,20129807269189;
3,86366588503064;
9,60608368577326;
10,3956424400252;
6,79914149973258;
0,4017205126881;
-5,83719211977858;
-7,88331922681041;
-4,6240014343099;
0,879467819517343;
4,78558041713117;
4,93037739026613;
1,77015965209492;
-2,20841117786102;
-5,04775293849423;
-5,74359274414473;
-3,86938125732483;
-0,671656335927594;
1,77662133814045;
1,86112084029256;
-1,20760760651821;
-5,43531139018224;
-7,05266119908124;
-5,85669685547859;
-5,37008838884101;
-7,11305957364494;
-9,32565657382519;
-11,1983031161186;
-13,4238233037482;
-14,7118846764767;
-13,1418219403154;
-10,7195964359507;
-11,5392594888422;
-16,5767526277424;
-23,8974556490459;
-31,1062971382863;
-36,0678125396361;
-36,7665429737824;
-31,6555547276977;
-23,2430118649344;
-16,5413365453094;
-11,5498282126588;
-6,91127180005493;
-6,13411805930257;
-11,46840391607;
-21,1606276706267;
-31,9773997996197;
-36,0758403997062;
-26,2968743152448;
-7,23852313129667;
10,953988576451;
22,3832907203801;
22,0367990142256;
9,5371727657462;
-1,3412776386072;
3,52806950717244;
21,5770414555194;
43,5770243599653;
63,1311567455785;
75,9786953713033;
83,2609385995672;
86,9663772805128;
86,2564649692305;
84,3091855304623;
88,0350381544156;
94,200156040722;
86,2470954525073;
61,0519385286255;
37,7119103009695;
27,0528278483209;
22,3696615336489;
16,4579236748199;
5,56480747519419;
-11,2584681134679;
-26,3714667025414;
-28,8659438108472;
-20,5945021153163;
-13,6496223908799;
-9,84563351701639;
0,864406555494375;
19,9781377527313;
33,3042947346325;
28,3983418638267;
8,45020866988217;
-13,9558205889751;
-28,4247124706484;
-32,0880865711315;
-26,9412262194046;
-15,5385964259028;
-3,05855079353157;
3,87141654487335;
4,60706497460499;
3,04431245164189;
0,621303512498776;
-1,44337830543722;
-0,204000155662772;
3,51030265717007;
6,1855528080686;
7,13887078943348;
6,73297491697596;
4,66217584445697;
2,31737965707647;
1,31133521102908;
1,40207113732452;
2,02364696501443;
2,67702083509371;
2,38933713874646;
0,557115558165626;
-2,44057346067238;
-5,79189280503614;
-7,80582191334568;
-6,73302098313983;
-3,73654197435856;
-0,997048232064685;
1,04480304146734;
1,55476902830762;
-0,837070362323483;
-5,32589264550776;
-6,32966280000476;
-0,611474667940317;
3,1402749494749;
-0,753480682029053;
-5,94964600169559;
-12,8704324684926;
-25,1410937851693;
-33,0445640519887;
-32,541569739506;
-34,5449511964339;
-42,3861731406257;
-49,9450598411681;
-54,5597305788329;
-57,5143594700863;
-59,5271242858071;
-59,9073222782705;
-57,8904530659846;
-53,8256854970592;
-49,6428399613669;
-45,9192262824844;
-42,0270141801838;
-38,9134287781142;
-36,9657440505042;
-35,8588904062168;
-36,046039777708;
-36,5164755462711;
-35,2011673379755;
-31,5214093181076;
-26,4252572952327;
-21,025619265984;
-15,5378879513272;
-9,9206394661152;
-5,69670541605161;
-5,61674661907144;
-9,11913634009032;
-12,0909867180555;
-12,9348233946235;
-11,6321589842207;
-6,8977321204855;
0,307290560635841;
8,00893348852841;
15,7940225018061;
21,5711273588424;
23,3163617063257;
22,4075330601244;
19,5283899898895;
14,2071168455834;
8,80031457235598;
5,94422346209383;
6,08405188813358;
9,04328052702323;
12,6921226338519;
13,8970236387499;
12,440677298406;
10,0116459835155;
7,78113363684829;
6,75274062954088;
8,14949587653986;
11,5916071871447;
13,9954310890864;
12,5024188971067;
7,53252115036897;
1,29875829480092;
-4,15826637528698;
-6,09075296952445;
-2,96553330107027;
3,23297424584232;
9,68713765740087;
14,1284935399688;
14,0584450467497;
8,5985383677359;
0,160739492990446;
-7,05921046961727;
-9,56114619937353;
-6,87237908212092;
-2,04266964594815;
1,94826651555395;
4,80669601936782;
6,9094861148584;
7,5525488331805;
5,81006756204745;
2,11586707220434;
-1,33332296968077;
-3,1235603176542;
-3,77533668181743;
-2,96143060539559;
0,398266141857065;
4,92861993131944;
7,60536575742688;
7,67085577850957;
6,81547838111875;
5,57062508234875;
2,72400427867491;
-1,19688567020994;
-3,5080673533035;
-3,32958015002253;
-2,06455344046026;
-0,556318853765659;
0,736441991424223;
0,98426454264512;
-0,14963923336356;
-2,2127919405671;
-4,68958138501849;
-7,46147759922189;
-10,1753549236929;
-12,4515361838779;
-14,388419157919;
-15,9935775265293;
-16,8053933439991;
-15,8800127965264;
-13,5037453086309;
-11,8818637177108;
-11,3673570695808;
-10,0222033694315;
-7,39051739525821;
-4,37424104702976;
-1,65776718355666;
0,942236604563959;
4,55714630030688;
7,61301139197741;
6,44978448369274;
3,76273032217934;
7,36519470908546;
17,1890474042304;
25,0023328050775;
29,9179617627721;
38,3428160395956;
49,5155253043905;
58,5749942053791;
64,1262488288856;
66,3058547996904;
67,9434468656831;
71,4312046731086;
74,7202399534446;
74,5789210151198;
69,2741420357559;
58,8090339783987;
47,3662472831658;
43,690836272657;
46,6216081338269;
46,1971253249203;
45,3168595286253;
48,3833326665089;
44,9208406519632;
24,8390789177221;
-11,3402564139656;
-47,7878960790413;
-56,9182438707969;
-35,5218097048406;
-13,1728728348376;
-3,97233073403958;
4,92692952461055;
16,387391467008;
18,4375145848717;
7,12660587134597;
-8,16547164013157;
-16,4211749118991;
-16,2456097718061;
-14,5266418431544;
-14,197096721376;
-13,0052618350155;
-10,4653873135648;
-5,61372462767014;
1,98683844107151;
8,46682341133853;
10,6953800791502;
9,5390283643632;
6,57109735894015;
2,67982160361519;
0,280119867089257;
1,52529170604828;
4,2547118573666;
5,53708134966109;
5,75914162451251;
5,09518757421731;
1,99206425916151;
-2,34909740905499;
-4,20302271793298;
-2,87363060443432;
-0,0723116333539911;
3,09775958908998;
4,71391340595583;
3,10751378376276;
-1,00834967941666;
-5,95129976309975;
-9,65718345574193;
-10,7271332253751;
-10,5497849159696;
-10,8939139202205;
-11,2332021888542;
-11,6960552858893;
-14,1204047727193;
-18,1558563816474;
-21,5756842219113;
-23,8689660972394;
-25,4447239744916;
-26,1920939449016;
-28,0894933067577;
-35,2052441962267;
-47,0069864852037;
-58,2425107434215;
-66,0723226963439;
-68,6766822467394;
-64,0850917022058;
-54,7407135389611;
-45,6709903220669;
-40,0658469242611;
-37,8285437385608;
-36,921862304057;
-36,3385296068099;
-36,1545439430415;
-35,740442743798;
-34,1375919047077;
-32,7603866570988;
-34,166532151423;
-36,7819708436517;
-37,1676820042483;
-35,4530067111787;
-32,3673696828671;
-27,6875754928894;
-23,397426667058;
-20,80803712982;
-18,8441258026313;
-17,8419680656925;
-17,5128184707362;
-14,5137134852564;
-7,57431788877509;
-0,281198924124888;
4,85236948790577;
9,72655598106371;
14,8299145298092;
18,3246580093922;
20,0882760277772;
21,090070230102;
22,6996101831472;
25,4826557093652;
28,372582235779;
30,706911924414;
32,3060063949046;
32,4839746937254;
30,442372096677;
26,3338535269074;
21,1729109677863;
16,1970609810226;
12,5645458438922;
7,9084423801295;
0,964934201773278;
-1,85774865143897;
0,220147606413004;
0,602173072080467;
2,24371612433107;
9,22919113909934;
14,4014650304704;
14,943592221783;
14,939203874219;
10,3094527564771;
0,890375363393083;
-1,72228440230191;
1,72593648628397;
1,53043186537756;
-0,947955880112011;
-3,36311845386524;
-6,70101342393512;
-8,60858826580095;
-7,81793202258922;
-6,04691893137298;
-4,5863614704584;
-3,97460140513083;
-4,58480161914597;
-5,87438022968327;
-6,97698888921801;
-7,85570022938385;
-8,8650651471993;
-9,78636418821055;
-9,74375076539376;
-8,5976694889518;
-7,69052789918996;
-7,61207352557003;
-7,76539288953386;
-8,32558038994151;
-9,42385485453149;
-10,6247157284881;
-11,8418841756709;
-12,8898293094846;
-13,7287777975644;
-14,241340789778;
-13,5463358294575;
-12,6432475135136;
-13,3406272343777;
-12,9935175360967;
-9,26545879343485;
-5,47550564823098;
-4,89970998910135;
-9,46328562830782;
-20,2733202979671;
-29,8569080129196;
-26,5003509643737;
-13,909785304338;
-8,36592359627099;
-12,6140208974507;
-16,0473167010735;
-17,2392351988881;
-16,6202482883062;
-2,87200672463322;
24,1399053440922;
45,17702682895;
49,4651698230015;
45,3716809704911;
42,9323564533505;
40,8977352582349;
37,7313221084498;
42,2697572100533;
59,7530647596995;
79,5405851111348;
88,9895686347729;
88,2416302554128;
83,8993172819401;
80,2677208784313;
77,635810149811;
74,3843074181206;
69,26855951828;
58,5851507811681;
40,7285635012822;
22,5445833125079;
11,6403512639953;
6,95905246292188;
0,253673644714125;
-10,9660965925298;
-18,4414851877238;
-18,5919718086828;
-17,9370801477276;
-17,8268727858494;
-10,0548977494452;
6,75502816586445;
19,9512898304591;
19,5701257853167;
8,62238001369342;
-5,57913279788638;
-17,0876833891561;
-21,4620307901592;
-17,7858278723879;
-9,0881350530805;
-0,445246497397168;
4,27809426622632;
4,22610767131252;
0,936388679102948;
-2,01503617452914;
-1,62786176489995;
1,74666869713861;
6,10747273779776;
10,1014410902899;
11,4060632579233;
7,40760285969162;
0,848971113769641;
-3,17656748313638;
-4,70436979973709;
-5,67172776707498;
-5,33607064680312;
-2,65614868105444;
0,890505621447275;
2,85902883353265;
2,33402859867036;
-1,02931347943645;
-7,16487160518331;
-14,3261043285672;
-20,3835914981438;
-24,1039937080415;
-25,2061588849711;
-25,2784947485859;
-26,4872994338673;
-29,2742800015249;
-33,390813479996;
-37,3019931662625;
-38,4651236316316;
-37,688197490199;
-38,4471374975896;
-42,8364995580321;
-49,9801544252285;
-56,7113926959342;
-61,2756965156752;
-63,8303707040687;
-64,0679838350454;
-63,7057941201625;
-65,1017457841228;
-65,9662288877853;
-64,4636523476961;
-63,2549625581267;
-62,852020140715;
-60,8191269673595;
-57,0890703733171;
-54,05953600909;
-52,8229958435097;
-49,8634587669331;
-41,4202724266543;
-30,5310059252336;
-21,6896940992661;
-15,0471963583468;
-10,0650784306605;
-4,89103368545968;
3,43478883724285;
13,8329770799329;
23,3687132890924;
31,4471198533641;
38,0205534708748;
41,4097851494162;
39,8111536303283;
34,4239964866713;
29,9020545429097;
29,5271897467529;
31,9992394219224;
34,9719445170311;
36,8760872602639;
35,9834197970727;
31,6882321790898;
25,7082677758615;
20,6762759283232;
17,7359563032964;
16,421477092232;
15,512566480812;
14,340298712078;
13,5631814001999;
13,4479251318443;
13,457390004302;
13,2875073450508;
12,1688410208624;
9,12413520513713;
5,3649445530857;
2,83693182681337;
1,178246130506;
-0,40871028612427;
-1,77327374886291;
-2,85928439249707;
-4,10199878376402;
-6,04680506405106;
-7,57120466200841;
-6,97710613254174;
-5,04453232765765;
-2,83967302732318;
0,529449144243765;
4,2006538102304;
4,83103925273571;
2,32130095722512;
-0,0348329993439732;
-1,37601442276679;
-2,59518383911807;
-2,56129193185357;
-0,0858355021117778;
3,58897013069922;
6,36885661499546;
7,64008333871706;
7,94572839355828;
6,8747132456673;
3,89744795011947;
1,14035286967038;
1,36641404185023;
4,18750201798672;
7,56247237693668;
10,4117590218065;
12,0753219650316;
11,5579717128035;
8,74817580867861;
5,72752733413702;
4,73568579599792;
5,57809008614662;
7,23267514809559;
9,48288881831034;
11,2629589755385;
11,1023766693141;
9,30613205855775;
7,15660172953346;
5,47503028802686;
4,56613827458176;
4,64695455334294;
5,7506692410901;
7,09865222843964;
7,42251611034618;
6,25988092718088;
4,45843540337935;
2,93023044435209;
1,93653713836256;
1,55274265480964;
1,45813370985912;
1,13467578440882;
0,72820332238573;
0,649832775330804;
0,580899641561412;
-0,174084313475335;
-1,16903704697624;
-1,26031264241118;
-0,919918139437025;
-1,33552293607232;
-1,71625632865884;
-0,769938576434167;
0,410448311468137;
0,284411894967028;
-0,321392823563289;
-0,422107759071635;
-0,789374706871178;
-1,66512911413342;
-2,14180905248494;
-2,08032454693927;
-1,89093813178319;
-1,52499603709344;
-1,01786513489219;
-0,717027303750414;
-0,664545845306168;
-0,638581446482843;
-0,773008470094639;
-1,35813412289449;
-2,08243510294292;
-1,95294010683374;
-0,840494395240948;
-0,449755368583619;
-1,38703160967114;
-2,19073113314947;
-1,73962329593864;
-0,283189783692299;
0,424659531823164;
-0,0277489238328149;
-0,14715528504492;
-1,11316206063541;
-4,96654022314566;
-9,89037982352886;
-13,8109050481883;
-16,302845103914;
-12,4846919927652;
-1,78525134421107;
3,04884404510773;
-0,304066783362181;
-1,00993854497416;
-0,85213352234613;
-3,81254935390257;
-3,02825684960248;
1,66933855752358;
3,20197793988731;
1,98924545740205;
0,974704886519576;
-0,533248528143676;
-1,84615595108264;
-1,32818259459826;
-0,00255118729044509;
0,532324762974826;
0,523235208424511;
0,530115160980215;
0,0607874442490816;
-1,17217818827144;
-2,00156248788586;
-1,58399026464339;
-0,758937560241556;
-0,196364427447817;
0,350138826709494;
0,685941987339824;
0,261286212139789;
-0,73036178675231;
-1,53254620636564;
-1,7701009081381;
-1,8346884387067;
-2,14405038212622;
-2,30709148347313;
-1,83187513383818;
-1,06540148398793;
-0,760180898993702;
-1,14135601313849;
-1,49112929975092;
-1,22796148596804;
-0,936459822698532;
-1,03726210730928;
-1,07763878447086;
-0,975300771928069;
-1,14300058073253;
-1,38111475344581;
-1,17281283238934;
-0,810746275128791;
-0,73548848186826;
-0,964934010404163;
-2,12344249358255;
-4,54156033338385;
-6,1528685413365;
-4,78446073259124;
-1,19892961890668;
0,296564043415183;
-3,45565657828164;
-6,94437707355312;
-4,9218297524165;
-0,846919986502738;
0,462453196128354;
-1,69670075936093;
-2,06118444415435;
1,35016477735937;
3,04737928485237;
1,83915816965134;
0,325166476916194;
-0,966416750473227;
-1,62928472951779;
-1,09492539731189;
0,0838610416096293;
0,832490028497062;
0,766908890496677;
0,418720210539749;
0,226911489975154;
-0,0489018939315979;
-0,388998849496788;
-0,41053826358562;
-0,21952711540732;
-0,0290912540986386;
0,134458684914996;
0,225358265295066;
0,377407778908447;
0,77133694430142;
1,43321843343134;
2,10742637795974;
2,22840657232665;
1,83497745328751;
1,7006330891157;
1,83538570102393;
1,6599993903837;
1,36305547244279;
1,4224775126025;
1,66050948753438;
1,65981406283888;
1,60547564687732;
1,81583145104385;
1,87613774136561;
1,43419232587047;
0,860113464445294;
0,272891112511756;
-0,577527549618414;
-1,38260652206989;
-1,57873919283897;
-1,14080081243108;
-0,593208237445341;
-0,569411253104465;
-1,15631760254735;
-1,85612336600016;
-2,33305525142344;
-2,58221470813055;
-2,45657142960907;
-1,76010029418677;
-0,997554810762994;
-1,16227277084938;
-2,23366209274374;
-3,08427600050931;
-3,14550392250223;
-2,79495552296682;
-2,40218860769415;
-2,10098098618804;
-1,92120230259588;
-1,86834844265667;
-2,04260773744974;
-2,19789174185314;
-1,79858995730971;
-0,920766280739863;
-0,275806008831511;
-0,309693936525921;
-0,901692592902846;
-1,70320038296452;
-2,26304313963726;
-2,26042583622506;
-1,75329979702017;
-1,00809230700144;
-0,462479438163896;
-0,483242610936736;
-0,955041222867092;
-1,4514836892281;
-1,423429376917
