-0,308451115193609;
-0,061601765542789;
0,0746509019668354;
0,000256246431986635;
-0,0281666902844076;
0,119757600827637;
0,407297340614683;
0,468670367442615;
0,086056198590434;
-0,00762111045983687;
0,341591719036775;
0,222625791462442;
-0,12710594186282;
-0,0397606447464959;
0,0640298786981855;
0,0457707065714094;
0,0625006117371425;
-0,12367370237734;
-0,145725589062703;
0,47971421331171;
0,844128622158766;
0,22420013674163;
-0,243923177879702;
-0,0012844794515537;
0,0910032427779291;
0,0283890083031798;
0,394180036742387;
0,933428313602761;
0,996717086463067;
0,600413571500265;
0,182112186824552;
-0,0361687517025753;
-0,0289708380373549;
0,0217262399384675;
0,0017144588979052;
0,171813144201956;
0,675103666557742;
1,01766630552068;
0,776443255610839;
0,146972853441832;
-0,108952861267025;
0,535439390471007;
1,11836417024556;
0,793031300356923;
0,102787219395763;
-0,321532341445935;
-0,392440866757168;
-0,366938528895809;
-0,0750012264416579;
0,457337609390434;
0,458676612990346;
0,0836432154331517;
0,19902758004664;
0,715888852285425;
1,01919596070706;
1,15277991716646;
1,37732082350682;
1,65256893201587;
1,82073301193947;
1,3675450152133;
0,658681546887702;
0,998646123264311;
1,84040944505916;
1,89984031264098;
1,26397071897251;
0,805858901616088;
1,25870873133505;
1,28709406966199;
-0,254865051934849;
-1,78581760960713;
-2,06450674056401;
-1,57488716441752;
-0,952038592857201;
-0,179282842874287;
0,740721438483116;
1,4520739715105;
1,68799622474526;
1,32543025476972;
0,450359806908766;
-0,682744673625309;
-0,280141693885393;
2,17476006714721;
2,47266742586211;
0,133135630612942;
-1,01092326331246;
-0,901605411745491;
-0,330848003573457;
0,238102656687506;
0,0528627935753726;
-0,112317335255513;
0,178105697300646;
0,49239599707085;
0,501603807428447;
0,218003854041646;
-0,0789463183482272;
-0,00601313553804126;
0,600786614633207;
1,21067705103997;
1,45321161506749;
1,47852548036431;
1,11558181467333;
0,60097572238642;
0,859550530725473;
1,5377888440874;
1,57779404877438;
0,948285672550796;
0,109907170926963;
-0,213133470479109;
0,0232859923286284;
0,0702678490641096;
0,222318295614502;
0,524819300353913;
-0,196816120366187;
-1,20424182629868;
-0,831291465980773;
0,336331369237285;
1,43762478227627;
2,41717427913391;
3,00723983659458;
2,97357696831063;
2,3557516488932;
1,40357290289441;
0,269245795795171;
-0,654631179670017;
-0,436076005511212;
0,967437411541095;
2,1791997273562;
2,36320283776517;
1,78643959655786;
0,744514934186174;
-0,167643268020329;
-0,123771021251191;
1,00583995508961;
2,30563668927236;
2,48381845157756;
1,43394419112728;
0,139252185711084;
-0,932842574547122;
-1,659166144334;
-1,40087908485603;
-0,183576141033601;
0,952940846704422;
1,40957626399551;
1,0528483685706;
0,149506413795141;
-0,52348672182191;
-0,733593933705287;
-0,642187768653213;
-0,0372368047554834;
0,966795395345771;
1,62841137703289;
1,41032896058326;
0,534171775654705;
-0,238253409596335;
-0,739544564999622;
-1,51578000047341;
-2,32407323349432;
-2,65836674198102;
-2,93344553630853;
-3,22128856888006;
-2,88892670733026;
-2,07944970004611;
-1,51027297468985;
-1,09146659746038;
-0,546648144493059;
-0,350447115614489;
-0,593586580426855;
-0,731317759805697;
-0,870013147822109;
-1,44539442398336;
-2,12510089755674;
-2,10950473553284;
-1,14472682790581;
0,407832124287565;
2,24205598760592;
2,7243795613656;
0,67538717957494;
-0,749790889434626;
-0,00543491914319525;
0,281366910195361;
1,02486643716008;
3,78470511657464;
4,69039551424776;
2,58532043549306;
1,59301021004216;
1,68548298009669;
0,438327083319637;
-0,483207561815195;
-0,000841734194995624;
0,179619971020551;
0,0101218499500092;
0,345760393881607;
0,915089809991168;
1,6560084796053;
2,64719468048576;
2,45574327799176;
0,452091874536514;
-0,634285700086164;
0,0371973528132269;
0,2206101508292;
0,0749698893179054;
0,610364784820785;
0,789534674296002;
0,119576750753403;
-0,389357809838864;
-0,295488394290075;
-0,0286888784368398;
0,0611844739490327;
-0,00658238047230573;
-0,0203920973602329;
1,66744689688827;
6,04034141096548;
8,69531006752584;
6,84632463525107;
3,6994932359295;
0,595180257010409;
-2,4814863443066;
-3,3373105858338;
-1,08072657920692;
2,2907447723608;
4,78048141630743;
6,30065366087827;
6,71574547678522;
5,3595942801641;
3,01206853697966;
0,88372370476901;
-0,692542235787692;
-1,68520493272093;
-1,97407435957398;
-1,36458115429625;
-0,0901139285865223;
1,31500506929668;
2,26856988958926;
1,98088420753334;
0,328806287298965;
-1,48037427367276;
-2,43197631661013;
-2,84561474420703;
-2,86612684585835;
-1,86374028488582;
0,0103903337661861;
1,84705749332402;
3,35455982995893;
4,29745159076172;
4,05478243981124;
3,05955644844481;
2,3131546848824;
1,73475772398861;
0,922311144856235;
0,434520966298907;
0,92472034454978;
1,96153229021484;
2,89497258294399;
3,57502858767221;
3,65755058233266;
2,47861781640357;
-0,163908759441838;
-3,26196701062012;
-4,90300864979327;
-3,89588637835821;
-0,862497174532813;
2,32108023187021;
3,58899376470052;
2,16485090057611;
-0,379202661981453;
-1,53332070774857;
-0,30194394068489;
2,19881500628206;
4,15848563940468;
4,267138875089;
2,27462669502698;
-0,259673642214688;
-1,01641916230223;
0,548588409834051;
3,01203457128382;
4,61649296561724;
4,51354872389287;
2,88135120462923;
-0,0555172105240914;
-3,35637688347563;
-4,9737473123417;
-3,96834721139953;
-1,4362947191286;
0,908970395126913;
2,52735606753959;
3,74273335065444;
4,14552899517906;
3,48177297436692;
2,80529212282385;
2,692525618511;
2,23156376506908;
0,901470960982835;
-1,15059182508935;
-3,84827951912853;
-5,94528999322943;
-5,86500246013132;
-3,96154409572909;
-1,53012635565247;
0,82030303461415;
2,6157722633837;
1,31552699183629;
-2,97126745223774;
-3,29937167978701;
1,01965330649018;
3,19119413310923;
2,15343073771975;
0,319282160438661;
-0,486218916650051;
0,0247639829569653;
0,172811364058646;
0,105350280640118;
-0,0410080157817224;
-1,57314672593964;
-2,94600607517352;
-1,93421799879319;
0,185623504408081;
1,63899711094795;
2,0443591427739;
1,32695399666608;
-0,177872810375911;
-1,76585210013563;
-2,68115953392279;
-2,51363720413903;
-1,51938073985796;
-0,332600698148222;
0,615645382372684;
1,49934966171518;
2,3062243628831;
2,34934616762175;
1,46785457468458;
0,195965024518188;
-1,07620109206133;
-1,79826063051537;
-1,50049472738644;
-0,555258100691851;
0,376424899303353;
0,648274190133682;
-0,184174195397987;
-1,51338765446662;
-2,1666127871866;
-1,67011760855136;
-0,769369081418335;
-0,538717887622453;
-0,719063137419277;
-0,408165065131529;
0,384973254815554;
0,923458906190446;
0,631057179947368;
-0,116830492989598;
-0,770165765074135;
-1,38619855098761;
-1,66164952349819;
-1,22759431191121;
-0,815681524820444;
-0,956403025458299;
-0,787163596050312;
-0,0626622068212704;
0,194649667344945;
-0,0416144337274358;
-0,0545514620769693;
0,277224282370065;
0,947340794713945;
1,79343120628032;
2,52872150509188;
2,92107170886474;
2,17608882944154;
0,321459570410364;
-0,522989125920635;
0,0437952465796874;
0,17721236334116;
-0,199132949568528;
0,27491678387607;
2,32241115601283;
4,5861084830768;
5,24704465310943;
4,79122553569022;
4,49915563893469;
4,7110702325601;
4,86500826741862;
4,32489602397754;
3,18965238177541;
1,45120006710846;
-0,801544066027817;
-2,29307293391188;
-2,36186550252732;
-1,62306975445952;
-0,354690397534876;
0,759635152948969;
0,847256734831512;
0,543408703597968;
0,59754912980945;
0,711085266527887;
0,728025344895824;
0,702593882214723;
0,58808702881508;
0,840373334208195;
2,02446389143443;
3,73433078516421;
4,72898603424153;
4,08047196959878;
2,19447551626036;
0,542790603404878;
0,0916541813701584;
0,343393594136887;
0,351976959567076;
0,111386149171353;
-0,147800709544504;
-0,346071682434417;
0,10098283835838;
1,35834761346598;
2,68974015693298;
3,18277618542141;
2,39127641531108;
0,793258272018237;
-0,663646424966135;
-1,39355830061307;
-1,18315558016949;
0,0104789100912357;
1,35355228077506;
1,68795242388367;
1,24542721275346;
0,972546651101349;
1,01562544494832;
0,936712192610653;
0,571741041015652;
0,187982224266712;
0,162130815281901;
0,330062107588331;
0,0970590646069775;
-0,429789449308361;
-0,969888602621711;
-1,47147728871318;
-1,22241891508464;
0,159695748279699;
1,77252772943869;
2,78493709967804;
3,50455166460902;
4,33941544481916;
4,75344744900975;
3,96303056183916;
1,92778014916986;
-0,627223080177378;
-2,74410162819817;
-3,11726946947985;
-0,969352464310319;
1,21538807737768;
0,662930500482356;
-0,462420566808943;
-0,0811105986402221;
0,204542175490823;
-0,455740204169169;
-2,17672009762748;
-4,81966239859329;
-6,09457950486132;
-4,15680129182777;
0,0156085081473489;
4,37098147190963;
6,666223944465;
4,74735033378911;
-0,844813743984654;
-3,31308378319091;
2,46999571542424;
7,94220325101989;
5,00001071819429;
-1,42183085807672;
-4,05420693645238;
-1,26970569165649;
1,1861465598577;
0,0790942003670084;
-0,474476712926419;
0,777481957307381;
1,19544710822567;
-1,25394342917123;
-4,27179364720121;
-3,97431049976444;
-1,52974103649011;
0,10067688522683;
0,246323829864768;
-0,0985321102119594;
-0,0526873046284234;
-0,0889073082722897;
-0,977440983694127;
-2,42573864093478;
-3,12015716309747;
-2,70919200653365;
-1,66638717454965;
-0,228753453955153;
0,389574372876898;
-0,0345798783766642;
-0,131478330543311;
0,280246397470286;
1,740153285989;
5,08276906720506;
8,00672418564622;
7,91018591626317;
5,52711689934376;
2,4644940717734;
-0,288654029228883;
-1,7348381400162;
-1,52655295401091;
-0,276114622832341;
1,08518741643856;
2,02816117956861;
2,56813292476969;
2,6759053458858;
2,22112512396837;
1,49042706775409;
0,900304660308429;
0,467252853714616;
0,24672409820848;
0,454648386041949;
1,12043992717572;
2,12900101314922;
2,55192361105983;
1,36467359678008;
-0,672616172534733;
-1,90110299597359;
-1,77712058680565;
-1,00609641978221;
-0,426769040175871;
-0,399467868507295;
-0,616739033386589;
-0,598176572956004;
-0,87553738958589;
-2,10863255138535;
-3,42336400897775;
-3,61061826480459;
-2,62178865897303;
-0,948082298779806;
0,737118611895213;
1,8234213793456;
2,3475924006263;
2,30150938780301;
1,1579088312622;
-1,03623785465984;
-3,07570658591297;
-4,25460908602112;
-5,00528270929787;
-5,08895930776242;
-3,88927766050952;
-1,82075482361732;
0,337605363652858;
1,83093715087292;
1,89247448486719;
0,505762808094665;
-1,05995313765794;
-1,27223328198172;
-0,8032638975695;
-1,31576597949984;
-2,55242043388075;
-2,85431304361393;
-1,4141289511403;
-0,411764748495109;
-1,38088789427945;
-2,67197036222575;
-2,53093509172076;
-0,607783439471945;
0,655338060603911;
0,0205521485528234;
-0,254060111464816;
0,120693143240131;
1,2732007231645;
4,61892135659323;
7,76495067166322;
8,49513989663929;
6,46620783534422;
1,29726383416613;
-1,61400553376886;
0,0204706856566003;
0,595917752461064;
3,10189414459281;
9,62193163498934;
7,64840748096991;
-2,66948553992824;
-6,59793192056805;
-3,3739605398575;
-0,125481309685069;
0,632063798477665;
-0,121981793040043;
-0,189119238945513;
0,41513938889488;
1,15443359675533;
1,89967784945004;
1,93516035835774;
0,915787962219402;
-0,742220463747809;
-2,28568473491716;
-3,54299266821953;
-4,73870065661962;
-4,7112717820419;
-2,41135650551832;
0,644841133192783;
2,68991672630085;
3,41140125414604;
2,82668454049784;
1,3001162759936;
-0,402000646867547;
-1,63783666026381;
-1,99647256307796;
-1,72317713771447;
-1,27001831090622;
-0,628955526433485;
0,413575424202343;
1,95041225768961;
3,01612264654532;
2,49967193305287;
1,02293807623361;
-0,277836411823284;
-1,20371702029718;
-1,60365141639642;
-1,15405990529123;
-0,336176254604266;
0,234016559168831;
0,75970110854067;
1,40461744073698;
1,75272302487531;
1,5089129109651;
0,89806716702017;
0,414590778806085;
0,277025825769585;
0,357566291018349;
0,423758954939217;
0,227992058147784;
-0,395157908296123;
-1,63843113686844;
-2,56983279246124;
-1,38254401122718;
1,54102412803374;
4,30942052694072;
5,93549874124213;
5,39934866379416;
2,5325615875096;
-0,558839341023658;
-2,25312993767708;
-1,83270743302096;
1,23016480266312;
4,76675392900321;
5,80052437800722;
4,34922178393149;
1,87620881052741;
-0,501744417832581;
-1,06020978162417;
1,31977225979135;
4,79632514224711;
6,54700332801271;
5,22196126020049;
0,938298068241183;
-4,11832485765808;
-6,72161055790104;
-5,66755733009568;
-1,99224143122107;
2,51739110151522;
5,3534799307043;
4,73971194543494;
1,71705090542883;
-1,31191459874946;
-2,7878741512218;
-2,54632341851464;
-1,56926517932968;
-0,891663812056892;
-0,914642958101225;
-1,20690455797615;
-1,05489307509588;
-0,443744544451698;
0,506370141294146;
1,72624985433038;
2,23151669005418;
1,21698444763628;
-0,229609372862263;
-0,582843308223138;
0,572552227691794;
2,77834940387994;
4,4757678166397;
4,28036149951302;
2,77484094635668;
1,15113287550238;
0,00585581945011703;
-0,219772075775147;
0,0595858398290003;
0,0579719873192248;
-0,0501440959907764;
-0,179196815127163;
-0,776431867501385;
-1,33752814948003;
-1,08769826711719;
-0,526466564510006;
-0,116628920978976;
0,103632666453738;
0,0190102062880062;
-0,0481184920395747;
0,67058050350173;
1,95886144233271;
1,74500674717144;
0,120270201379587;
-0,602097317420174;
-0,36202120592162;
-0,055445167567161;
0,0755050365980676;
0,000182280085694943;
-0,0288308562893663;
-0,140578553285016;
-0,47319135971642;
-0,404921664708252;
0,184455055713918;
0,2987331987258;
-0,166680411869183;
-0,202865550840571;
0,0863006794716115;
0,0451334590260505;
-0,0510326005770364;
0,107491742643975;
0,19999652857992;
-0,199075307980705;
-0,924215524898834;
-1,37944972736482;
-1,24114804383217;
-0,878407876813417;
-0,646140419282699;
-0,164772275524172;
0,648398926994016;
1,19387964078354;
1,04796812273791;
0,162437884912873;
-1,18516781595991;
-2,09941577355132;
-1,56891274120206;
-0,141505638841439;
0,363737913375995;
-0,0619535666027294;
-0,109691455265193;
0,219905239203057;
0,508906954627735;
0,676192219610091;
0,964501462941304;
1,75013918837666;
1,85951473965392;
0,405965306734538;
-0,499733215143063;
0,0125498137160456;
0,180682012010949;
0,0851577464092801;
1,11275527671807;
3,34169237016888;
5,18667924510643;
4,58793756981092;
1,81684868928514;
-0,280746823417282;
-0,28626294023383;
0,181374383600737;
0,0318506266465712;
1,46388300234752;
6,08602658345404;
10,0220485841121;
10,0733756563269;
8,14885279064182;
5,09226817769412;
0,818627063407912;
-2,81257221301766;
-4,72821320222811;
-5,11196396564918;
-4,10344801479836;
-1,91472058942098;
1,12445128095522;
4,10210083577909;
5,65122420680906;
5,06472714182438;
2,80044859426035;
0,0258388974180117;
-2,24178442544541;
-3,32017345759992;
-3,09239756242731;
-2,2179708005951;
-1,07822201420725;
0,765634277015668;
2,79960184723699;
2,69087963394464;
0,36492932870138;
-0,679968496494615;
0,087093820111822;
0,215983310188898;
0,502165309183065;
1,52137343366142;
0,0523758218743341;
-3,61105247628389;
-5,04266459116121;
-3,09411688485217;
-0,225504675616974;
0,666505494891401;
-0,11542880006329;
-0,201797914446099;
0,509883098530739;
0,865581696865776;
0,0905187172829486;
-0,677347326302465;
-0,266326712111604;
0,108946676868146;
0,0444537569116636;
0,0688315500055144;
-0,0665759461148028;
-0,600757339795114;
-1,20498959557649;
-0,799683717059942;
1,37415201899798;
4,59663066656738;
6,58546809028556;
5,16919524675163;
1,31856588291046;
-2,07138512228111;
-3,46596939373765;
-2,62364143398042;
-0,106011516400847;
1,34333491622564;
-0,969162854777521;
-3,81568444865696;
-2,88806923748261;
-1,22631787894344;
-1,65992715125122;
-0,120260225908287;
4,29633357188124;
6,44375845765602;
4,14651422114203;
0,291988857491579;
-0,912060719447683;
0,169883998173163;
0,270193305056661;
1,22720703940923;
5,08191213176086;
6,66384332727879;
2,47536799428429;
-2,97324825934036;
-5,55602326305436;
-4,92424030319471;
-1,88167321579727;
1,5334188046349;
3,22203883669552;
2,48596998587847;
0,20300377423755;
-1,83324606612484;
-2,54668728374745;
-1,71592098940222;
-0,0275252060170403;
0,367488580916458;
-1,35646673965078;
-2,74977836030224;
-1,80904797483886;
-0,453995542043915;
-0,854754220470549;
-1,11463257745761;
0,088612303033809;
0,72977009398008;
0,276460753866629;
-0,0509439374883023;
-0,169448276164893;
-0,419629542388166;
-0,504745088398528;
-0,243449575809597;
-0,103193838520845;
-0,336618514255729;
-0,448239587338182;
-0,244243628304367;
-0,119481037434362;
-0,188930803703087;
-0,350161159110056;
-0,411238568529846;
-0,255063249410144;
0,346281562568937;
1,39705360573745;
1,58068516033096;
0,597754753586857;
0,213102197784142;
0,635530895743244;
0,374045227949526;
-0,209784965165044;
-0,0724496825204333;
0,109247761420032;
0,157681913984651;
0,351141100057975;
0,101001289068469;
-0,0565120668496726;
0,536740963455759;
0,806016698577544;
0,36805737742935;
0,109298045743086;
0,13420496251448;
-0,173692210896812;
-0,885737122637584;
-1,3910218660062;
-1,01298604945458;
0,374522587783625;
2,02413618598023;
2,93129106286354;
2,40409288170785;
0,584414946730616;
-1,09495020299526;
-1,5257071056319;
-1,16998059457875;
-0,785461804401232;
-0,90779245983776;
-1,78581630168551;
-2,7054417525567;
-2,4344260603119;
-1,01665210441254;
-0,572512099563139;
-1,81065585306484;
-2,81950489553199;
-2,60828264419754;
-1,6096908289155;
-0,705162415547846;
-0,401947860828627;
-0,105192898534607;
0,283677893294915;
0,163949830266458;
-0,10447905192135;
-0,0248126537252304;
0,0491608578506705;
1,80308759889411;
6,15915346407606;
7,85993849607459;
4,80489113672215;
1,54823218164168;
-0,0462278728589195;
-0,332312726423933;
0,0888784319364135;
0,0914634729162492;
-0,0715759064566615;
-0,161038999126924;
-0,497494589134959;
-0,389657328053593;
0,857424759541323;
2,48870217795723;
2,36750624079381;
-0,032022190302778;
-1,03787886647499;
0,892924161868425;
2,71541712419792;
3,70084242222105;
3,96584087784005;
0,795414948703049;
-5,21188275654152;
-9,04076998293244;
-5,694271446397;
2,60104213283676;
3,06761746398426;
-5,41891674688911;
-9,8028127689257;
-5,20873644195485;
2,65972738216488;
2,9561378092653;
-2,84863088441509;
-3,59810489093766;
0,283539432793454;
3,3392521903274;
1,60923848816535;
-2,66696073058746;
-3,17312294517324;
-0,191916702448629;
3,67904747045812;
4,56916967356408;
0,721945662154456;
-3,22341150385042;
-3,50739279017474;
-0,729674955088625;
0,903977615331296;
-0,0165885458992164;
-0,330631786002579;
1,26033618988807;
3,47238566794492;
2,98285631834413;
-0,217162154303043;
-1,46155266499157;
-0,383282923801083;
0,171717125541631;
-0,00218970710701687;
-0,0495863025075187;
0,0198796137544907;
0,380035003203084;
1,40393652512432;
2,12524701216278;
1,39394513505947;
-0,258988877904676;
-1,08342030355112;
-0,325888321569511;
0,328400175029779;
0,00888315302560916;
-0,125296044620055;
0,322554805427629;
0,326796467902177;
-1,34476502167468;
-3,30792588185633;
-2,86162659812339;
-0,170292419974159;
2,84796165836205;
4,69882075813298;
4,35616154561676;
1,80589440073107;
-1,43310990266526;
-3,65507556081893;
-4,1460091370131;
-2,93713591331516;
-1,27205014333818;
-0,892495611058189;
-1,71730339752497;
-2,7691325281846;
-3,78973854997117;
-3,91602582679998;
-2,34198634147603;
-0,168243904638876;
1,30931847953678;
2,1108902141743;
1,96109011960352;
0,697164826039395;
-0,223293735605093;
-0,0854283361714259;
0,104246650251328;
-0,0115720050716635;
1,08677656548337;
3,24301699658327;
2,37271091513935;
-1,21877271496504;
-2,21849768607869;
-0,575462067958419;
0,27999536020077;
0,0178167184315434;
-0,0959860243916638;
0,0321291969994995;
-0,229965443364489;
-0,937814862171101;
-0,998249628675711;
0,612302363893307;
3,16454389220299;
3,65768855978997;
0,825893531712923;
-0,984314536789382;
0,0139172866537797;
0,360641978130794;
-0,927019866427685;
-2,28165562768117;
-1,59159899784276;
1,04729991390512;
2,76500606551122;
2,44257301134489;
0,995079434942608;
-0,39014899562271;
-0,912222327189713;
-0,627238408985689;
-0,209329679312016;
-0,200305141031309;
-0,405667448205998;
-0,504594061563091;
-0,573076899165344;
-0,352847465706797;
0,228780233617455;
0,243084774777747;
-0,420808296770752;
-0,736937206119109;
-0,661392145076351;
-0,50292266598051;
-0,0498158793280466;
0,742676923100765;
2,08063536215552;
3,39875254896836;
3,64999403672407;
3,06577583744155;
2,20354493931771;
1,53004908725762;
1,56072031571096;
1,97167702906704;
2,24947796420943;
2,55699294126988;
2,83702621304558;
2,5966801910325;
2,03154161647455;
2,01605511779092;
2,60816228189762;
2,90257371866045;
2,04271790208496;
0,282206202536304;
-0,482238381744888;
0,0443372424506864;
0,161921221376657;
-0,0556171226803892;
0,090683358761273;
-0,012521030926972;
-1,02953735422022;
-2,42615576778246;
-2,2848521262548;
-0,342087824302694;
0,582311694755323;
-0,0632148339754877;
-0,189862768062962;
-0,568861270921051;
-2,09700773197061;
-2,43179331192125;
-1,28450751942321;
-0,629674039603158;
-0,286830213408942;
0,0879164971203148;
0,0527566143963844;
-0,0513875472753857;
0,00246146224273131;
0,234862598162422;
0,446492964217451;
0,00765726768663469;
-0,28829430280573;
0,661414569162967;
1,70934358142867;
1,71236901498178;
1,40529026121887;
1,42230828063506;
1,49871256123101;
1,47059913014889;
1,35367425293411;
1,56985682349364;
2,45449086844013;
3,58615382389762;
4,35685163078895;
4,20616175101775;
3,43588550349606;
2,76379227619034;
2,16593307856539;
1,74803159006164;
1,53832314800172;
0,910775337195984;
-0,496763122058997;
-2,38135568772529;
-3,88504159342679;
-3,59344191438716;
-0,116460083705602;
6,04537855048945;
11,3905356869905;
12,1122197557843;
7,75934594875645;
1,2791178149621;
-3,80311744884275;
-5,64946829096816;
-3,88055666233389;
-0,365299859810241;
0,885692669363016;
-0,138714335384723;
-0,272936788702797;
-1,33333424603188;
-4,09212808378984;
-3,41302108524844;
-0,623498075779249;
-0,416440588275869;
-0,523712476185256;
0,187670259642404;
0,110526500872028;
-0,113473695184217;
0,00831765176547694;
-1,53129812947937;
-5,18187994393536;
-5,58011620759514;
-0,824701976647468;
3,65652416169782;
3,99469273940249;
0,857580184032455;
-1,03327439300017;
0,00984147618424043;
0,381861463401386;
-0,805421944583391;
-1,39028322321296;
0,750274430009509;
4,07391437017588;
4,89803515353791;
2,90386381895444;
0,213457809142397;
-0,6338884882325;
0,112392876122308;
0,190471147090224;
-0,0491410530847941;
0,353336299543163;
0,782208840354586;
0,703764270057996;
0,351437549049844;
0,0795953105304527;
-0,0220990362778257;
-0,00923804978548482;
0,0101726679762931;
-0,000731471775074265;
0,684671388507476;
2,30171009726854;
2,62638401663922;
0,508911724695498;
-1,95451593723516;
-2,28234955202079;
-0,427176874175025;
0,603820970079313;
-0,0398822881437521;
-0,207613314458769;
0,0281847277480953;
-0,665439701413833;
-2,43872637084477;
-4,4210718479282;
-5,30262759961404;
-2,92083770286367;
2,25837344584553;
4,40791337719708;
3,21442500057572;
3,56760641211726;
3,90881470605673;
1,56797904500344;
-1,97252689663741;
-4,82942819448647;
-6,13022434595917;
-5,52748230552667;
-2,64905615078776;
1,81034959077487;
5,29961952579358;
5,20204850438443;
1,11085869979622;
-2,39867941486759;
0,39190810115734;
5,63907551767299;
5,59028548081377;
2,15242424409292;
1,09431458171618;
1,56819233203595;
0,00764252184049773;
-2,89344986023149;
-2,95320563558475;
0,84691887418801;
2,64851143193758;
-0,224180284232187;
-3,20136925212872;
-2,82082835958739;
0,0489976372607462;
0,559625737867857;
-1,16498553357643;
0,0318406287993209;
2,10175497266182;
1,19506206178552;
-0,825418421840034;
-1,12600488518159;
0,529012847348137;
1,34117315360921;
0,0834090878221525;
0,222776740596264;
2,48535574305531;
3,33771510395127;
1,70907104861248;
-0,229108456025221;
0,29177533027945;
2,55663117861894;
3,28506319668833;
2,85221600480434;
3,66309114244857;
4,86747478894446;
4,27800399574323;
2,10445666982572;
0,146889149948064;
-0,3194250824461;
0,0686396863510261;
0,0868383010178421;
-0,0610951677739089;
-0,452143717686087;
-1,70769678632972;
-2,69535704612576;
-2,00096566945243;
-0,189580171552284;
0,893457522319596;
0,343329312433202;
-0,293856062419426;
-0,0254854191607555;
0,119327406542055;
-0,32385243440747;
-0,753832734544124;
-0,00538779551916162;
1,69769695515635;
2,44210515248489;
1,60279858580248;
0,183769876541819;
-0,355073829226652;
0,0372181186294438;
0,117935999966696;
-0,738084467758802;
-2,05835823485096;
-1,85708826131589;
0,252857356352799;
2,33899391911839;
2,60727891323992;
0,614771561438542;
-0,702229623937865;
-0,00072988343987288;
0,262002738900248;
0,0905003852781747;
1,48971480380546;
4,73048462605926;
7,97748061183471;
9,34230332484005;
6,8927155697139;
1,03656970011095;
-1,66562849946414;
0,136215756093003;
0,565555264920765;
-0,586130893859465;
-0,607654750022353;
1,10715317174731;
4,15663630143654;
7,14903467623794;
6,653796815474;
1,35223495453386;
-1,72356416200562;
0,0499655179163499;
0,622007828307267;
-2,28442491351376;
-7,12041529349496;
-8,87065268745715;
-4,45733826903488;
1,60909876353228;
1,87596072667286;
-5,83869777484544;
-10,1350075343377;
-4,50233147740788;
2,09620201184519;
2,57289937554914;
-2,80192343188367;
-6,03676272883775;
-2,56046332794721;
1,90229401411803;
2,09177591775364;
-2,83399792658107;
-5,92593046173525;
-2,58382567643302;
1,87083779899128;
3,22692483754316;
1,05724491511781;
-0,912341551361402;
-0,100958647299704;
0,383571305880412;
-1,56427237590289;
-4,8357053314179;
-5,38532494415206;
-2,1868350477648;
0,699157041761466;
1,4570710131354;
0,521950295434052;
-0,408337639662145;
-0,0664719126689222;
0,181217450436808;
0,977468795616859;
2,76396788620534;
1,51034655172073;
-2,24948150972484;
-3,05382575097833;
-1,33297820244909;
-0,0229989805706042;
1,11594285302875;
2,02016034159891;
1,84182823796734;
0,726955152116922;
-0,0890306160568926;
0,77602057683118;
2,12825998813701;
1,92652095352843;
0,79470117053841;
0,00255062145521205;
-0,141298392170937;
0,0357478592169749;
0,0388191258639859;
-0,560737399683401;
-1,51570377065233;
-1,01753277513149;
0,979889156236636;
2,30696522327581;
1,94842182354339;
0,358057017411641;
-0,484081293783175;
0,018716763249781;
0,173217525402864;
-0,1629573772419;
-0,0251329258724334;
0,769349844034343;
1,61817234042944;
2,05748644517866;
1,68145137409805;
0,312913186427528;
-0,427421146202632;
0,0200810116908733;
0,15107298241951;
0,193010261916804;
0,523516320365053;
-0,0549597635886665;
-0,813486650069888;
-0,328622547139435;
0,273243647087278;
0,0835234171495193;
-0,101839444712479;
0,00817389667588466;
0,0335341168506867;
0,00253008736623713;
-0,135635281401476;
-0,632282334485337;
-1,16961253118247;
-1,66539504131151;
-1,67541836562683;
-0,434501135915297;
0,455346797922079;
0,0147437511210354;
-0,176108859455918;
0,418713994714853;
0,89416402170345;
0,299203914589191;
-0,493064886808023;
-0,146744404823716;
0,240547781682579;
-0,0119576120253319;
-0,0804157052931433;
0,0379205944586503;
0,0127021796696741;
-0,050162171346359;
-0,345088648060681;
-0,997623949137423;
-1,13007422047211;
-0,156091448354201;
1,10119800509855;
1,6715504990114;
1,21193848997081;
0,0289971748279736;
-1,07286114669046;
-0,760753399976416;
1,15072681803144;
1,74972550071768;
0,0430641203864379;
-1,27849181987487;
-1,10950168686641;
-0,21052433787889;
0,267477946773121;
-0,00314079236455042;
-0,0991538026893012;
0,174833479705213;
0,235103183575665;
-0,294039331337949;
-0,615533456225169;
0,15835044000431;
0,764981760184962;
0,200582779255238;
-0,237620377463196;
0,00949453384643105;
0,0834523118584726;
-0,189732470434157;
-0,592670252491013;
-0,866469696545851;
-0,781830555544663;
-0,704279376483506;
-0,634078850323572;
-0,161268616472722;
0,170846084907612;
0,00509861706624827;
-0,0659248168841781;
0,273267240959294;
0,753815076880997;
0,605898329404574;
-0,3126105094391;
-1,24268407310308;
-1,76255167904115;
-1,65355571466727;
-0,835225643584546;
0,271273726628359;
0,69062270006899;
-0,399408468496154;
-2,42429694035954;
-3,94968838853323;
-4,19035009811915;
-3,58022928859541;
-2,97860584116284;
-2,32105125921979;
-1,12264137673337;
0,414750842237312;
1,96819267853931;
1,69632029353064;
-1,34068957785648;
-2,31638608314498;
0,427139380633794;
2,40935591531664;
2,15637890904309;
0,539574225718661;
-0,543166209219698;
-0,0354460459562211;
0,219184828714565;
1,1323524915279;
4,05048300660439;
5,39094002760801;
4,27385701485354;
3,928309854609;
3,12195903339839;
0,41083929511492;
-0,783261792827229;
0,103086088559019;
0,247735095130628;
-0,0620206565794477;
0,482194285811675;
1,11383051903497;
0,678252328489487;
-0,274926918376882;
-0,339057612408518;
0,0970793486429138;
0,0710868764119346;
-0,0628930312095436;
0,000855583490682456;
-1,18935365327445;
-2,64648689856685;
0,866884296933141;
7,26310218225198;
8,72393344305234;
4,74982704937679;
0,161600090267499;
-0,978531179434335;
0,229284889719994;
0,271281609653307;
0,18597784490298;
1,22172141103235;
1,22395319276883;
-0,428621866177798;
-1,68424623116946;
-1,32691232448008;
-0,132350822007117;
0,309454484449074;
-0,0481043094658324;
-0,0953051513315986;
0,771384328217928;
1,97139856044418;
1,22746767265301;
-1,02091239319143;
-1,79767501397903;
-1,0196546977235;
-0,0873930025157751;
0,213216046741361;
-0,0288119644531019;
-0,0683803490763224;
0,523783012627245;
1,03750896078417;
-0,263199457988814;
-1,9636692100939;
-1,12688627665896;
1,02899170682909;
2,35976519967409;
2,66001475438063;
1,88243235925592;
0,559627772954695;
0,00929396890413891;
0,854200053705459;
2,43919337836496;
3,24334045404085;
2,36296469611565;
0,533537819913944;
-1,2049741374637;
-2,44006914033649;
-2,91570467038553;
-2,36731804577641;
-0,645646073691652;
2,28804868190188;
5,85919276037657;
7,83629065146449;
6,00369354986799;
1,92002625098425;
-0,443682570407716;
-0,235064950180295;
0,214736405210704;
0,000170898941611743;
1,74552020430808;
5,62523117857719;
4,98638047143035;
-1,03492366448333;
-4,5039887676903;
-2,94253227285717;
0,798608043894667;
4,7482179213027;
6,80647446189137;
5,4550440660419;
1,41836263832303;
-3,02058713876453;
-5,21083114631166;
-3,64838451948455;
0,134090143222809;
2,03509882097732;
0,58731512809579;
-0,622778742830535;
-0,00279922578937867;
0,231231615827154;
-0,74017071924142;
-2,26538185862406;
-2,8682218661176;
-2,12606300865833;
-1,64000199849846;
-1,25878913342105;
-0,186902691688122;
0,321480748415569;
-0,0358722316736914;
-0,104367405212491;
0,329740732854297;
0,882829852322649;
0,735189781554699;
-0,315467598045481;
-1,07153138539232;
-0,875575441583317;
-0,15000211180929;
0,206511027121505;
-0,00664510793539849;
-0,0748231466966023;
0,534211200015156;
1,67589480357458;
2,28295618129109;
2,24193314217954;
2,19423067255317;
1,44238733201124;
0,0895743545992187;
-0,324935515527535;
0,0685822241035693;
0,092422364450376;
-0,0306611613463934;
0,0375807685326944;
-0,174697750335616;
-0,683629250712864;
-1,22151856815028;
-1,28618792971898;
-0,354316450034249;
0,347310641840758;
0,0213731386474784;
-0,138881535389591;
-0,573693818632815;
-2,03423598903674;
-2,44141711799155;
-1,12286067950718;
-0,0658007737662231;
0,164873937353547;
0,080083272285861;
-0,0473789798499432;
-0,0157109669160213;
0,0245443799497306;
0,296992203870155;
1,14809151211764;
1,64515732319054;
0,803574400742827;
-0,671588285067122;
-1,16706469516493;
-0,282038454674741;
0,326313516879847;
-0,0036987011759093;
-0,119621789441761;
0,0424392080242918;
-0,0169582291916689;
0,0613484946767382;
0,555441634587456;
1,05009653587893;
0,894780944637642;
0,140327494883719;
-0,219581377646597;
0,0171892553047497;
0,0747941963058266;
0,367692631035667;
1,73893032824549;
3,32178990132003;
3,78713103178557;
3,14024255930333;
2,07568718082723;
1,35106567118071;
1,76865804117178;
3,13788243851774;
4,11549512804475;
3,4519506496429;
1,6558806907824;
1,39639047588436;
3,14672350577957;
4,25024910017933;
3,0562046617616;
0,411743146029165;
-0,719288711217442;
0,0694787901579445;
0,240100688100546;
1,74455550481038;
6,84804064005062;
9,96760005038981;
7,12332707177973;
1,80490939458028;
-1,66336649108678;
-1,07050393334469;
0,629862193580212;
0,181585648199451;
-0,310219897474321;
1,91742228676668;
6,58202765687417;
8,54832907628531;
5,26161487270826;
0,925347936013951;
-2,1644236549983;
-4,16701204592191;
-4,46863246065436;
-3,44840847169639;
-2,20766521013086;
-0,908558365893402;
0,661831336057421;
1,98370918144506;
2,36692504802301;
1,68793411358579;
0,493264299234169;
-0,177289463132164;
-0,0556872538242489;
0,0791539221338345;
-0,0122217822793921;
-0,046718196327582;
0,44126241246239;
1,99831261106788;
3,64771739439832;
3,82259590377761;
2,48549440238152;
0,622850742022935;
-0,719447113729383;
-1,29477640489551;
-1,4167852350509;
-1,03792354184164;
-0,304411226763961;
0,444320668752134;
1,44164034747259;
2,56114518702743;
2,2851859441347;
0,363686938422756;
-0,575077525803519;
0,0499099588700708;
0,193275631943761;
-0,400148682325859;
-0,745226403530371;
-0,0431033094352585;
1,15952440055364;
1,54111695343425;
1,05633040920849;
0,184273222511428;
-0,248603192741578;
0,00631129591032519;
0,0908403980109485;
-0,456659213357812;
-2,0586668106925;
-3,89897349616212;
-3,24548202997648;
0,442700273425824;
2,87943355073909;
1,02125417876579;
-0,895898815226699;
-0,0757068353172032;
0,364085782528611;
-1,04907632039353;
-2,34481857903774;
-0,312067283724842;
3,71370803246495;
5,04325148055049;
3,19055013546234;
0,375511121662329;
-0,713435648536962;
0,073819084905736;
0,237166310893079;
0,240638532629685;
2,0091398762621;
4,73331499715318;
5,77833652150209;
3,96768780197922;
1,049194792951;
-0,375747824413009;
-0,0981392781714231;
0,156068766961698;
-0,0275417763141203;
1,1963832166342;
4,12052740121367;
4,62584844004872;
1,55783885035135;
-1,02024582377685;
-1,88886706091541;
-2,11887352238201;
-1,46675156000782;
-0,362392085823482;
-0,160365287837877;
-0,599164862519542;
-0,489336298508612;
-0,0399179069038586;
0,0220683254124326;
-0,425073274832951;
-0,961315571072909;
-0,905744052063173;
-0,27091318873738;
0,582731740365506;
2,02231275464118;
4,19838830161442;
6,311244464712;
7,21136430055994;
6,08777184238288;
3,31513416900602;
0,638367096144394;
-0,317901089104764;
-0,0175603349015968;
0,108284795702816;
-0,0372026976735467;
0,933353486429071;
3,34216237301292;
4,47509687429416;
3,39145283506725;
2,20192531014674;
1,09626485485942;
-0,298035135770436;
-0,929839459091661;
-0,363672093099261;
0,861960183152956;
2,08782796989081;
2,9189592991455;
3,47028224832035;
3,45576574239964;
1,9753889044569;
0,0509680475930617;
-0,343662349604054;
0,114673493922497;
0,0758887801431456;
-0,0728266332722282;
0,0486576955625963;
0,415874082886819;
1,11759676079846;
1,76415306314013;
1,96616124652157;
1,3962075528027;
0,172679832492479;
-0,336669313399939;
0,0429024274461169;
0,10751633898164;
0,142652787254944;
0,475583366378623;
-0,00163850049771761;
-1,21128724836159;
-1,78885274435105;
-1,23396550547706;
-0,137023328060314;
0,28471744834261;
-0,0370869362740003;
-0,0909680149838797;
-0,110569726549947;
-0,90716552668027;
-2,51381756602994;
-4,28755955528016;
-5,39322042502359;
-4,24766547688771;
-0,708560267592801;
1,04587668647007;
-0,0657290354034227;
-0,36330579303475;
0,500026444993602;
1,08360810148237;
1,04620771213248;
0,400613971240139;
-0,415984034718715;
-0,830622775278141;
-0,3163500810164;
0,24666785948302;
0,0378074491791296;
-0,108055664938469;
0,424574758071015;
1,817341680825;
3,56469571503426;
4,42607159882073;
4,24836890700106;
2,877809830704;
0,398405233949298;
-0,685243306445582;
0,0654952974050116;
0,228791098338314;
0,308162038921089;
0,829424277632762;
-0,658879604546243;
-3,16429314149677;
-2,67800062881266;
-0,195148986194636;
0,518656504846686;
-0,1290396530744;
-0,133289330774494;
0,10216832977014;
0,363219754433935;
2,14615315044969;
5,07664275642368;
5,35472845214569;
0,907733028315763;
-3,14478299966607;
-1,49565846566518;
1,08018859336684;
0,184363331803342;
-0,477830106876951;
-0,664460450491116;
-2,49098944997379;
-3,17692624604816;
-2,03338557641728;
-1,78973135181256;
-1,72135603153257;
-0,0168073678698297;
2,51833062311317;
4,37009117075656;
4,49009472362434;
2,49540690576524;
-1,06151901072576;
-4,62466007517895;
-6,10663751642145;
-4,27135106907879;
-0,861122301866843;
0,590163760187543;
0,000346236312176516;
-0,200644486406988;
0,0824495018646055;
-0,43342431279042;
-1,2316570294657;
-0,341853517476325;
1,71347374852234;
2,68806271250836;
1,9886343476218;
0,305298935030875;
-0,478321855831432;
0,0353810041478554;
0,164139128146231;
-0,110185191393932;
-0,368291589203697;
-0,987040523465748;
-1,30727358090484;
-0,586208468715127;
0,666997820424526;
1,54317250627612;
1,64041065663007;
1,02851962210827;
-0,0944524860408604;
-0,726467179361971;
0,185663585486794;
1,65508534005104;
2,10623451727797;
1,67060250954197;
1,18841367314577;
0,676375670497919;
-0,325161855340098;
-1,51897198268891;
-1,79579764548638;
-0,601723996076014;
1,43139853639616;
3,00009819708704;
3,08882010891036;
2,0105880470176;
0,711736081790617;
-0,354681277466043;
-0,641852842332099;
0,246774400253526;
1,63797403764011;
2,72458806963139;
3,16000082085734;
2,67780908245881;
1,56462524101069;
0,623876659243812;
0,42671999268609;
0,639320216485469;
0,150914828110632;
-1,26091076416353;
-2,66096285824624;
-2,92927808175353;
-1,24191500805878;
1,59061563420428;
3,49684986907641;
3,47074098619147;
1,87546733204778;
0,0537906937114795;
-0,388276458065955;
0,0958570605513758;
0,105409133979274;
1,39266909850931;
5,20904501014737;
6,99254440917289;
4,18482082414069;
0,306530554689346;
-1,52223533358449;
-0,658370383850519;
0,489315601886497;
0,0809369488910958;
-0,216042637252721;
-0,924902540268293;
-3,0764225035518;
-3,19667671359691;
-0,313788872897232;
1,79869092038115;
1,57331862189314;
0,234541305583273;
-0,376888021770921;
0,030055063868752;
0,128413458200991;
-0,273362586696597;
-0,662525605673054;
-0,428811767860887;
0,524720275287245;
0,914962658062732;
0,290035393141108;
-0,157522927475146;
-0,0182288043132185;
0,0606353441303659;
-0,0184443987942555;
-0,227560680105998;
-1,08350267571302;
-2,51573917074094;
-3,51550738753523;
-3,30148290102957;
-1,78384731980182;
-0,0280450361279351;
0,3722862114237;
-0,10264398061335;
-0,0961963791154458;
0,552224878406128;
1,47017777986701;
1,32505671635988;
-0,0302267116596915;
-0,649692838932838;
-0,321913938624849;
-0,322512644826102;
-0,73917295971143;
-0,865770574526938;
-0,279768378802453;
0,772135567689421;
1,20488414850472;
0,533299133791191;
-0,269504238391723;
-0,601761909322908;
-0,486348211503598;
-0,0461641516153476;
0,124528466589975;
-0,0250313758622238;
-0,035476455700554;
-0,534622786777494;
-1,71751881067875;
-1,70761860863819;
-0,321867521048759;
0,418607202420298;
0,250959369481255;
0,0103204857873651;
-0,0471675794721222;
0,00874567211350556;
0,014265302949711;
0,249474562156196;
1,27844804636123;
2,55297487711867;
2,62844635448211;
1,53069403441885;
0,633771949211425;
0,353811435948958;
-0,0755230485312826;
-1,08023930154413;
-1,9832935855471;
-1,81773723273639;
-0,63493065905401;
0,615645010353832;
1,45744920567209;
2,2161000920513;
2,17010101119464;
0,510078562763773;
-0,575932921917263;
-0,00486339932560871;
0,217012385080364;
0,90889326213568;
3,4926077135677;
4,70376688549679;
2,60736512349791;
0,220930486465797;
-0,172897333214906;
0,202860081523914;
-0,348676354981345;
-0,482212784759645;
1,39016428047255;
3,77213953594687;
5,16088830277045;
5,69936314679398;
5,68600716438735;
5,35704962082825;
5,05573544860569;
4,3871228141462;
2,58019976695917;
0,0195052071280916;
-2,42659076816834;
-1,87530992409116;
2,89878032661871;
4,36642246529333;
0,00638736505665737;
-3,08863464935817;
-2,08998142996996;
1,96976164643098;
4,61299032315129;
2,54963009768346;
-0,360706317587895;
-1,13472593845486;
-0,338033103946901;
0,31573301139995;
0,0242060305845753;
-0,1281144672554;
-0,185331919629401;
-1,06741122459795;
-2,13287014852002;
-2,13049910153043;
-1,19373421585259;
-0,303371342015308;
0,0654573830145738;
0,0358468275659984;
-0,0312223497672138;
-0,000781991810342258;
0,201739022167891;
0,816716520830244;
1,6604638565862;
2,1394952451727;
1,75474020636317;
0,67271490505467;
-0,10807355125391;
-0,102566121736664;
0,0669173560619555;
0,010717894324443;
-0,183490941774527;
-0,388491758804202;
0,0815048277814122;
1,63255372832333;
3,25752314147961;
2,87572055858892;
0,422036468434985;
-0,722588088749224;
0,077202490736493;
0,236454404231013;
0,726259889432573;
2,61100598227946;
2,37578792087745;
-0,765104088297244;
-2,66563004377044;
-1,40076141696926;
2,11122948121343;
6,05545103449309;
7,54018732185538;
4,99037506369314;
-0,715451188305426;
-6,742381774037;
-9,30854897869859;
-7,09661504989162;
-1,6808593793388;
2,4666304688893;
1,34294954243965;
-0,901618759784825;
-0,184852316816265;
0,411391016116129;
-0,769322000391383;
-1,4910228464368;
0,832700078215709;
4,56271637362847;
5,31008696177431;
2,78450873715258;
0,0281134829348946;
-0,556600121279919;
0,152674096230298;
0,145054335625209;
-0,105031126806116;
0,0672976947434412;
0,265830985611994;
0,772801675050079;
2,28220192378973;
2,97946021263625;
0,898379900500193;
-0,613968617193925;
0,756469610319966;
2,61592989982982;
2,64918098031243;
0,919785215388716;
1,34263550300855;
3,37464851204871;
1,90703712080424;
-1,22178909026085;
-2,36490111929419;
-2,1492101179892;
-1,5252537526556;
-0,977047040631663;
-0,918037151405134;
-0,700968601085816;
0,358766306752917;
1,46336293529964;
1,58380793709907;
0,91423103087094;
0,382120081702305;
0,649326812901557;
1,38447159231559;
1,70259996892299;
1,39770354193929;
1,00609900632524;
1,06057610601606;
1,60938283545618;
2,13257092889463;
1,78223525715638;
0,333331343887365;
-0,911300675366977;
-0,859629540265019;
-0,280957090740722;
-0,043349680789103;
-0,00605517845913126;
0,010154351855391;
-0,000867040311278125;
-0,0034415934824163;
0,105669697702958;
0,540315712432316;
1,15110247972611;
1,29316031736759;
0,597798678003045;
-0,265335838302928;
-0,27175117920545;
0,125357062943342;
0,0571976254920851;
-0,0705919325653229;
0,334954320600456;
1,2523687860725;
1,81344901409701;
1,23071920899051;
0,0458430744638702;
-0,537886534343178;
-0,166245920030086;
0,169323504254703;
0,0026615129378394;
-0,063595608382645;
-0,103316314676921;
-0,299841217802008;
-0,146313604248518;
0,128536043409373;
-0,0642087584847221;
-0,275497050556551;
-0,0798682192170799;
0,083591883596457;
0,000944480318884212;
-0,0313068061660466;
-1,02592306487292;
-3,06996331564242;
-2,63895020469848;
0,263029387350161;
1,57903290642446;
1,17647956790155;
0,386576599594284;
-1,00232357295579;
-2,46550832105112;
-3,11935427910496;
-1,99561984919815;
0,0562756253352224;
-0,279456784761377;
-2,5648792210614;
-3,34829418575943;
-2,04258416907629;
-0,159446444692051;
0,452094260818727;
-0,0787228390252338;
-0,13626909688244;
1,28015637582849;
3,4706706410123;
2,68816030868795;
-0,657057084750996;
-2,11232138200417;
-1,63433918518929;
-0,467136062591738;
0,395771558417312;
0,060585338709301;
-0,175605160902636;
1,39624811643272;
4,16119161633594;
3,96972217432849;
0,592903766316525;
-1,40997600986373;
-1,188601062099;
-0,234449271677349;
0,282850270630019;
0,00252998279557223;
-0,107564143373787;
0,490058238754864;
1,98321820969585;
4,00386618200043;
5,41614794091918;
5,32288182871917;
3,14226726091134;
0,166072788456107;
-0,68396502468208;
0,147864015377992;
0,193785048284205;
-0,182766456145581;
-0,505965454522842;
-1,55096314898729;
-2,62494757408051;
-2,54376522115414;
-1,35746109039164;
-0,0401715540606775;
0,282235427656206;
-0,0695525771164203;
-0,0766331344712352;
-0,175577213660896;
-0,252485125798192;
0,721998331896417;
1,19326254269515;
-0,298935732034255;
-1,361277381108;
-0,398053665503041;
0,409135367813924;
0,00836052101409426;
-0,154984709499314;
0,731321978262888;
2,59084732187166;
3,96958186477866;
3,52540312301196;
2,12529828131631;
0,763547368713544;
-0,0870783730621162;
-0,128774824801385;
0,0680769706395593;
0,019921038800892;
0,956922454262274;
3,34789052322945;
3,95682976245348;
1,38759492217175;
-1,45680815767889;
-2,14680881913629;
-0,562913067987263;
0,589143822349387;
0,0182111562094729;
-0,227315001337293;
0,854833449838148;
2,59850916955617;
3,00957674207017;
1,71912776814685;
0,957572817740232;
0,716741497212011;
0,0637187878771124;
-0,189144339223028;
0,0419554525804166;
0,0519730534811214;
-0,525131320990464;
-1,32457576525156;
-1,35531671059866;
-1,56181869873808;
-2,15695183648482;
-1,12281409436412;
0,312918417097793;
0,188970094598955;
-0,177854801600494;
0,00534341839370183;
0,680707735806363;
1,90038543157049;
1,92633363099412;
0,182787696711765;
-1,01520063953923;
-0,546292049424121;
0,172641242093373;
0,0938282060159981;
-0,0962245501669296;
0,00624996290390869;
-0,579876866020124;
-1,94608895345764;
-1,86080638362913;
0,177181354270027;
1,75067048292908;
1,5245651552043;
0,22589535933914;
-0,370192105802651;
0,0325813434145894;
0,124617679516017;
0,219388723029822;
0,422696028793567;
-0,851232338898957;
-2,56112152936351;
-2,24000689282867;
-0,732721343334186;
0,0888627737176673;
0,0957183420563772;
-0,0514834863186503;
-0,0156571309272861;
0,648698476377669;
2,04017626564982;
2,36016748773989;
0,992498355673572;
-0,326816786934339;
-0,686270065844313;
-0,215785220851151;
0,195238075109782;
0,016951190709199;
-0,079985694103754;
0,845420843524787;
2,76533126077665;
3,34215379009127;
1,66509537671781;
-0,264481691023946;
-1,03966636354945;
-0,389575294639802;
0,313694366617797;
0,0417710560946084;
-0,134492154934311;
-0,484930105773222;
-1,69447950057739;
-2,16362037713055;
-1,43151825426641;
-0,937368893279152;
-0,842454226265895;
-0,6548811993893;
-0,66831483744464;
-1,21546057671292;
-1,91596746778623;
-1,79167568811799;
-0,774648165198808;
-0,427943470826496;
-1,25025797036767;
-1,99052398212832;
-1,54559625916283;
-0,587303498944069;
-1,51971900122382;
-3,49439569559024;
-3,36379790383491;
-1,50510765861055;
0,00668508311417019;
0,277381368625292;
-0,0782020464712428;
-0,0722308301929923;
0,458938109975328;
1,22047693641812;
1,26021066068593;
0,807757375215148;
1,10142804970029;
1,58311166397981;
1,42032830722449;
0,963323918851791;
0,831549849582872;
1,2016659720576;
1,13205407687166;
0,186552493452541;
-0,294110715264379;
0,0273556819041431;
0,0977588925585161;
1,48340230081063;
5,47346024774164;
7,39012490733331;
4,46398062408458;
0,860566051852564;
-0,48852597544905;
-0,230359541906668;
0,169048742945086;
0,0270835485950892;
-0,0739676865672622;
1,0978901753643;
3,67889929390422;
4,33099921837292;
1,52390127068054;
-1,42967989178774;
-1,94503959665544;
-0,431915300623587;
0,515103374727218;
-0,00566190826423974;
-0,18968001147472;
0,563121936628899;
1,31360191052677;
0,886859303723496;
0,227381512953432;
0,837931379328353;
1,10130812299255;
0,136909712741999;
-0,296695012933898;
0,0515170374484932;
0,0876967536567994;
-0,192860151174773;
-0,414685161963236;
-0,356556504248517;
-0,0474929600531545;
0,216832767858905;
0,612761028382372;
1,42946861076694;
2,27372378812931;
2,49967297559266;
1,8201588958204;
0,281894969366945;
-1,39655359979714;
-2,0438106061792;
-1,24611194294205;
0,527002828830201;
2,51027624411688;
3,55016407014087;
2,88779412854767;
1,46536787785637;
0,562797264856568;
1,10555469160215;
2,97993440863751;
3,33895132527857;
1,52453908829314;
0,370451335894755;
1,01529488964732;
3,0098651847204;
4,3624192013384;
3,11375897603528;
0,621177836404787;
0,070108312476304;
2,65850233362499;
4,67536848326098;
3,13452366054713;
0,496974422530655;
-0,660800338359871;
-0,296707035771888;
0,216192181142096;
0,0375535297647055;
-0,0961606951017478;
-0,17047996531413;
-1,31171273328773;
-3,26814287439551;
-3,43506574764578;
-0,447932075305453;
2,09331574345923;
0,896959674645416;
-0,705099361195321;
-0,0891619401268855;
0,298373312775902;
-0,551650351140249;
-2,03110912426521;
-3,42193804569776;
-2,9900352974628;
-0,223100147624166;
1,91777538709267;
0,809797541752951;
-0,636526359888843;
-0,0820987596421493;
0,270279942133827;
-1,1009218839501;
-3,20604617631004;
-3,04166571933811;
-0,526860860652122;
0,895276401604415;
0,839114260585198;
0,418262716315262;
-0,600683387700387;
-1,88805354738594;
-2,5183389941041;
-2,07751825289753;
-0,71562519073058;
0,803879182169361;
1,53662576693555;
1,4898516920483;
0,961510702295849;
0,117869699613233;
-0,226197680538729;
0,0267241596977664;
0,0733452457715602;
1,97221945269035;
6,57570747370583;
7,48406205159756;
2,77258418162436;
-1,46180408552047;
-2,3797814151985;
-0,710113576383983;
0,655049783549392;
0,0553705459174063;
-0,268276205986452;
1,47458771938838;
5,10211410409699;
7,1328825043557;
5,24395780760643;
2,19608279459123;
0,276458167049095;
-0,261825227987555;
0,0167454615541756;
0,0852045003592223;
-0,0415064725315505;
-0,00508097875266224;
0,264584689942061;
1,08077756531546;
2,27172028506953;
2,69102625501554;
1,52631971078188;
-0,0446427927473721;
-0,314750088285951;
0,114588676223138;
0,0691255490739619;
-0,997675080854588;
-2,60382196558323;
-1,5926787741959;
1,7875985994;
3,25794651327032;
2,9846991452348;
2,90040400532837;
1,92696662990922;
-0,47100978377206;
-2,66629883630005;
-1,70301084469241;
2,24002293636711;
3,04488259481802;
-0,573870882049629;
-3,04126808825593;
-2,33918587598766;
-0,304310290098051;
0,547485235902855;
-0,0559868252910895;
-0,181472489070755;
-0,121993187081797;
0,0129021392646592;
2,1398451105211;
5,08973000631913;
5,8929219951705;
3,89674812833416;
0,486621705907272;
-0,89981303508352;
0,0947816645062816;
0,297422209419129;
-0,662808441080493;
-1,48685594792293;
-1,29775667822662;
-0,534840669323686;
-0,195124056521886;
0,0506111591285012;
0,147881659511351;
-0,0388805342484299;
-0,0427804171208779;
0,0327685674640901;
0,536444240097149;
2,18010701359966;
4,08620804161039;
5,03793904360729;
4,97985951594687;
3,34226835257892;
0,410655397992267;
-0,78042514353701;
0,0891234192154051;
0,254608804677748;
1,40202818318745;
3,90618387305628;
1,16961141204464;
-6,04757194818362;
-9,73997825144171;
-7,29184610790221;
-1,15284502227826;
1,750988431941;
-0,113975597041492;
-0,607850920688972;
2,73882566200718;
6,86751017905857;
4,17465846477405;
-3,92774403257183;
-7,19946160182372;
-4,55660964351632;
-0,545258395987474;
1,00327159548816;
-0,0926215619840343;
-0,339005505378908;
1,1211147884854;
3,31946133057947;
4,18293509698072;
2,39672402643105;
-0,21603963203375;
-1,36082878638494;
-0,448104071506376;
0,415528924926507;
0,0257552591416959;
-0,164904677306821;
0,992014191408092;
2,88264819803038;
2,71949997126779;
0,233990281086219;
-1,67178342189922;
-1,75070733391373;
-0,398759755019868;
0,458990303150824;
0,0018038815395617;
-0,172188366637916;
0,306053629643083;
0,623081893985037;
-0,0380255293395108;
-1,52631815612797;
-2,28405975548693;
-1,46396404501282;
-0,0716771225810884;
0,318961563633896;
-0,07146792833539;
-0,0892444481904066;
0,522382954955431;
1,69049443950305;
2,2568075161477;
1,11071605529474;
-0,727729217238315;
-1,37312693308829;
-0,3644807406824;
0,387530866026997;
0,0073379871179407;
-0,1471720253377;
-0,0634490566765841;
-1,13073926726558;
-3,21886351676807;
-3,58507300446103;
-0,899999616914376;
1,35823248169545;
0,589319856804374;
-0,484083813591178;
-0,045599423760975;
0,197325039007807;
-0,0909402254022866;
0,0286772979263647;
0,657551056314469;
1,59715120012732;
2,8233282626798;
2,95204433119686;
0,733644951211247;
-0,794559492033221;
-0,0169819384340966;
0,30363538288751;
0,164768652068033;
1,5046854577609;
3,65908435307411;
4,79839171653673;
4,21509813460861;
2,35242823667588;
0,565378128201629;
-0,0230281303630052;
0,0324622794568543;
-0,199628596805578;
-0,841964118911979;
-1,48194910681152;
-1,46362413555181;
-0,595733229111929;
0,139050025779994;
-0,0053372352185023;
-0,174923780669084;
0,0346308600729115;
0,0540907209443606;
-0,0359824789604339;
0,519371628620685;
1,9802464743708;
3,11103143431243;
3,12024730164355;
2,56553471343033;
1,5891633173125;
0,553456978878547;
0,20263732958465;
0,60097346351963;
1,49663616570362;
1,88593213479975;
0,925821452202635;
0,0363861338028244;
0,523174614480712;
1,59070432454622;
1,68366969186304;
0,36042246009458;
-0,447144071260385;
0,0113022018166854;
0,161784700774906;
0,556231834798208;
2,09750158383917;
2,82064909984028;
2,0661142677015;
1,4277396007119;
0,921197003711296;
0,102246671035901;
-0,216280603309061;
0,0298587617714689;
0,0682324650236857;
-0,153494460213999;
-0,41425835602794;
-0,713380659568868;
-1,16703075259749;
-1,79928925438302;
-1,68286021261469;
-0,340553007138286;
0,435314923251947;
-0,0129001875784746;
-0,156991492500191;
0,140161916982745;
-0,215861456504301;
-1,55457783531794;
-2,50270046450172;
-1,81958829728801;
-0,52333085731816;
0,0931646037864744;
0,0616155336058739;
-0,0454005251903852;
-0,00502652081771033;
0,16167451288179;
0,697379256246771;
1,3603342585524;
1,05005837244889;
-0,433139851623119;
-1,22014080292518;
-0,316847344259911;
0,363210126782568;
-0,00732694264279431;
-0,131130289341816;
-0,429746005252055;
-1,37607759554349;
-0,914473527540892;
1,05995009803649;
1,81542694866837;
0,857711039736453;
-0,0757932645554718;
-0,145800142139812;
0,0678436066873107;
0,0266014838619024;
-0,0612450779960843;
-0,352118785508303;
-1,06023986573728;
-1,16874743008251;
0,0518124499588221;
1,02258628506786;
0,37494522858463;
-0,327236029516209;
-0,0268219258952571;
0,132398241489509;
-0,362277424047098;
-0,815496952731886;
-0,0444892326900212;
1,1407874847271;
0,0255802562721648;
-1,8185058507645;
-0,840415032354124;
0,623449235514363;
0,0969728662148779;
-0,271626437413475;
1,68421272688476;
5,30752948388785;
5,7166548414168;
1,5075518533044;
-2,21203136809398;
-2,55443323261145;
-0,543111423782374;
0,65886960827994;
-0,00744134211673289;
-0,24303155105282;
0,390558477556489;
1,01045874212485;
1,20428019199339;
0,560042889461915;
-0,403953209380255;
-0,478553744661063;
0,0759845173299192;
0,119962598912317;
-0,0743553055267206;
-0,0119554933058197;
-0,0586580966276236;
-0,243096363271776;
-0,128286186415397;
0,00151367436585294;
-0,476045822653991;
-0,818278889842941;
-0,226669686283625;
0,240119610302473;
0,00306640831544506;
-0,0902885199730047;
-0,260639135174619;
-0,652551690675607;
-0,278650442855069;
0,127331342667221;
-0,438677936548692;
-0,749200568016633;
-0,161977900768185;
0,202899564712999;
-0,00662374894250279;
-0,0726380040789382;
-0,201919710002595;
-0,385599414869358;
0,862647901141466;
3,07302816842918;
3,87621869216533;
2,57857657499523;
0,329914329003782;
-0,586751503706473;
0,0543764195246771;
0,19752264711703;
1,31720261170946;
4,72212736689225;
5,69487857761209;
2,74230161919206;
0,402607924012087;
-0,137618259147531;
-0,150671800167665;
0,0419867724471915;
0,0470624750319474;
-0,0363934386539352;
-0,428523440089821;
-1,64522364508556;
-2,56047660306526;
-2,13590679995449;
-1,39524084072707;
-0,884002435001574;
-0,151136845489577;
0,219143534317428;
-0,0129840706073525;
-0,0764283861144794;
0,925214046327255;
3,0095614413783;
3,53975058387611;
1,2984766334801;
-1,26724482059105;
-1,94426131543775;
-0,521509676402042;
0,537746261637595;
0,019013632069493;
-0,208430294009044;
-0,584436822874947;
-1,54184741173776;
0,0976074590373758;
3,82588840066166;
5,10352567055714;
3,02853270930857;
0,190314370176093;
-0,645478022880941;
0,121825913999716;
0,191217242627122;
0,0098274455922375;
0,263566776542395;
-0,453236380224837;
-2,63941824575281;
-4,96858904276839;
-4,63553153066914;
-0,89180983262405;
1,19333855118148;
-0,0517219194132864;
-0,423272328631213;
0,228366468768383;
0,331884730738695;
0,955155655703821;
2,57712945274826;
4,33984288932143;
5,62177955486699;
6,29922709867222;
5,83080562188979;
3,73607499913126;
0,984396114287864;
-1,0021918931226;
-1,82294474956581;
-1,46972066243393;
-0,335477114015534;
0,618240991611932;
0,831771148060282;
0,0150124110252487;
-1,48611618772219;
-2,46879637513527;
-2,44164161523806;
-1,51532678687444;
-0,406665624571712;
-0,921381151343025;
-2,48479086226709;
-2,64686756528462;
-1,45131136068345;
-0,156218458686189;
0,304443775430683;
-0,0281415431678457;
-0,103371334870702;
-0,400358991446363;
-2,22488889068465;
-4,87432845957455;
-6,33396990981155;
-6,07650727426678;
-4,66252184246267;
-2,17874315659722;
0,633925964578018;
2,49735110401529;
2,94757710554284;
2,40395171548071;
1,44090381704395;
0,0994591959250604;
-1,22193890023423;
-1,61310759075711;
-0,928896099302946;
-0,0200972766488513;
0,192344579675375;
-0,0502580317322364;
-0,0509860588435204;
-0,146415240814761;
-0,557606444925264;
-0,340723718918871;
0,971319640557167;
2,75461231974948;
3,06685642789853;
0,753148711667633;
-0,828813717355621;
-0,0118990487535465;
0,314051313769766;
1,02101560908146;
3,98912475841614;
5,76592411513331;
4,72464425470371;
3,63295844839934;
2,55587540562914;
0,41144607188546;
-0,624266183174438;
0,0429203926845712;
0,215368724187134;
-0,34053862622181;
-1,24528051106715;
-2,62112511241345;
-3,64666137057065;
-4,31695689350427;
-3,77481181832875;
-0,824689176932779;
0,984208197663675;
-0,00777016886468778;
-0,364213293009301;
-0,145718569604974;
-0,790916856395442;
-0,637586513118092;
0,490303738919355;
1,00267344958679;
0,779239679654329;
0,195409056992846;
-0,190172238088248;
-0,016514927447901;
0,0787442825389209;
-1,05883201628596;
-2,44954594283311;
0,231164550260948;
6,04011994885263;
9,25570200685343;
7,24281135359996;
1,25645960452413;
-1,77265418071889;
0,0855391775489551;
0,627570691994435;
-1,580494399252;
-4,36542651652546;
-4,94626085502979;
-2,08299669560847;
2,10349600177317;
4,08857890022457;
1,39205904556708;
-1,20379819068928;
-0,122447070338488;
0,500058819912951;
-0,296648185474663;
0,165189652704169;
2,32049773940856;
4,18030445494004;
3,83389183630508;
1,67558876895755;
-0,512522805085154;
-1,34219238461103;
-0,473546741025145;
1,80528475629601;
3,98858723887108;
4,06845680014509;
1,38935462175854;
-3,11695314435157;
-5,84897666687653;
-3,65721850483259;
0,151113312544777;
0,753570315100934;
-0,292837667214376;
-0,157315692374006;
1,63418724787816;
3,68711567092191;
1,27817991889937;
-4,24127638692264;
-5,99800650058025;
-3,41805707518672;
-0,16461160834781;
0,723763919881752;
-0,155927652978942;
-0,205999308833074;
0,600653185692079;
1,05637836829775;
-0,0263032489004873;
-1,61089815465165;
-1,65496148873341;
-1,22756119549823;
-1,45860831150905;
-1,40698147252368;
-0,730256342561147;
-0,318147224285734;
-0,711082071110182;
-1,4214472093705;
-1,48043457375579;
-0,732606654863115;
-0,28790102934869;
-0,356863016023435;
-0,133131147277571;
0,116165854290506;
0,00918775661190115;
-0,046805882605425;
-1,39275928879659;
-5,61401730184965;
-9,07896044890463;
-7,80807406138045;
-4,09636928792245;
-1,24234865956573;
0,118702199252505;
0,196058549627528;
-0,0932991940825358;
-0,0355214870449632;
0,256597331103961;
0,540534685166767;
0,169802896069536;
-0,73640776421123;
-0,913834328182227;
-0,288747041713036;
0,101574954221264;
0,0263952663217953;
-0,0418237570521208;
0,00729079676944986;
-0,193871686646573;
-0,904178224419931;
-1,30003493641898;
-0,0451452495770783;
2,35613067929444;
2,92694039402607;
0,629935179564041;
-0,789931564842016;
0,0255033552364097;
0,282997723462006;
-0,266855696425335;
-0,482285410372426;
-0,418850002390668;
-0,0709839787480365;
0,613303688229572;
0,905001213907328;
0,240237660721177;
-0,258934291480917;
-0,00281083495962253;
0,097312942055628;
-0,577496777886758;
-1,11297466036065;
0,615933298023556;
3,57278579904967;
4,67951083197781;
3,17249084671255;
0,363034293465352;
-0,740864199952884;
0,0959312089115708;
0,236673715526594;
0,180215824582743;
0,572853503730525;
-0,437652566768126;
-2,08279807612712;
-2,14820276127521;
-1,14404002490191;
-0,14511274962472;
0,242285445582052;
-0,0142440075312378;
-0,085801197866208;
-0,193324570982035;
-0,633521441726249;
-0,567222137400906;
-0,311841319159649;
-1,05049088811545;
-1,10995374035257;
0,899451994268747;
1,24889150675383;
-0,73985477664279;
-0,656052702976343;
1,37707796564128;
2,5852471181039;
2,71524371402608;
2,20041068003193;
1,36721817008688;
0,685882896699033;
0,136475759911508;
-0,14906075095328;
-0,0101331135236229;
0,0610379298571895;
-0,332274750112314;
-1,17412857799023;
-1,63770553283209;
-1,01052620240822;
-0,347526777766446;
-0,43942894915441;
-0,291656731914872;
0,143926396333034;
0,0646755191039641;
-0,0816201525164771;
0,454730993410926;
1,69710369093033;
2,90443203909952;
3,52722419850929;
3,19815867940291;
1,57948530762553;
-0,073730554869527;
-0,299929909855831;
0,115309633808163;
0,0640959844413351;
0,0547410443167343;
-0,508123707419136;
-3,15584524348476;
-5,75679678939931;
-5,41212004765195;
-2,80271861779232;
-0,124921243771516;
0,580822439563654;
-0,124798774258039;
-0,165911751844871;
-0,0489435102949322;
0,162102370611807;
2,19648841354373;
4,43918212109304;
3,73889665975367;
1,2106976955931;
-0,222595540560618;
-0,151616672567583;
0,113248269257884;
0,0111099722635566;
-0,145612865251057;
0,0455496555079834;
1,12631391156352;
2,72600559699074;
3,73523289207329;
2,89733444707433;
0,397411750586058;
-0,711061005585762;
0,0797181760764708;
0,231526577881887;
-0,462428969725968;
-0,448743388597977;
1,47601503288048;
3,91480737348372;
4,44258773300433;
2,80490488725799;
0,291304354511194;
-0,638887026289761;
0,0880146846126573;
0,202269000391317;
-0,335492647603149;
-0,576788571334178;
0,0749512856027784;
1,63806763794117;
2,94427697883437;
2,50965484437658;
0,418207046405176;
-0,624787562453892;
0,0429717523121501;
0,215178364174833;
0,110418116324334;
1,43474183639553;
3,93906127624906;
5,18878391930832;
3,18365481017511;
0,0251165668564883;
-0,673272051275554;
0,200775272154092;
0,166667814702144;
-0,142988470424695;
1,13979626698783;
3,35449533420423;
2,55605928201172;
-0,904172931499145;
-2,37785812272076;
-1,44584007300827;
-0,152087605555023;
0,30616894644464;
-0,0311877405162516;
-0,102573156720744;
-0,468237968590071;
-1,58801962065207;
-1,26166634256641;
1,00497510962066;
2,48773581740949;
1,80999359010283;
0,181928940735547;
-0,410649321029572;
0,058410521407659;
0,129247548530569;
0,0316840644149979;
0,715816183381229;
1,83015838255792;
1,90549641859206;
0,294986432503338;
-1,02410009490001;
-0,416771002958657;
0,348175610569069;
0,0324615443815806;
-0,142131026405955;
-0,251155451745331;
-1,1592197247642;
-1,87098628695322;
-1,21015035096125;
0,478793148848216;
1,47235672898051;
0,527566703839593;
-0,446784673336473;
-0,0475081986589951;
0,186171098801562;
-0,848302708885373;
-2,56367396711363;
-2,55968245387685;
-0,129763725096962;
2,09078235052805;
2,07333912182544;
0,341594702011318;
-0,524897429976099;
0,0421885838703424;
0,177811139836712;
-0,765182703371505;
-2,0094453080131;
-1,44210609773563;
1,32320301649152;
3,77011272788085;
3,48214789105623;
0,610218011986281;
-0,886514748254033;
0,0583148808754165;
0,305905139112922;
-0,721678532222832;
-2,0640117205275;
-2,55934657077304;
-1,28871901133233;
0,70861128087837;
1,51547744095346;
0,449367974295882;
-0,438651592133377;
-0,0216473082950853;
0,172215088929018;
-0,449777480965642;
-0,970250270265655;
-0,0439852632470482;
1,71249912713513;
1,89553514264135;
0,57151385403988;
-0,218294563251087;
-0,0512272473868242;
0,0894696121453581;
-0,0177491157289942;
-0,840038508283181;
-2,87825868531637;
-3,94607391774212;
-2,68048250880069;
-0,775956519363445;
0,401097815271636;
0,346630939981089;
-0,168769457545394;
-0,0713645694770424;
0,0928649289410089;
0,191814386681608;
0,838130858516413;
2,06649309772962;
3,60787382653869;
4,25709517425086;
2,61616296030857;
0,0802156086712352;
-0,56027800967176;
0,142298522622389;
0,149661617175702;
-0,181514111015453;
-0,00556245074501312;
1,00242653154597;
2,92106666406407;
4,52064053227492;
4,54837499071627;
3,49877006029421;
2,33086966915712;
1,36055629419756;
0,627835357175357;
0,104683285109645;
0,319506855177418;
1,13955018259447;
1,03038711393616;
-0,227020785897803;
-0,795028994337329;
0,353577002066117;
2,08654337186725;
3,11725088785923;
2,80281212263576;
1,1132223048893;
-0,494868698619773;
-0,510249706164892;
0,762062606342758;
1,81823811028288;
2,0664729463128;
1,9235578833752;
1,21659792171901;
-0,034359515100407;
-1,05048153472426;
-1,45287240981511;
-1,32727615904065;
-0,876861567759857;
-0,537965833293254;
-0,701300022458196;
-0,996815082022;
-0,676449776219366;
0,309392165006279;
1,70745619202318;
3,29903202266445;
4,05400594639488;
2,97012004466015;
0,6708846985418;
-1,60558651428893;
-2,92426590081446;
-2,7101862522126;
-1,54762849311381;
-0,303994213715702;
0,633873286822382;
0,917743495784606;
0,594075136374002;
0,077171351837484;
-0,131167319417856;
0,00972042711691221;
0,0453691182466808;
0,265240548221714;
0,846497624533726;
0,870986150672022;
0,426810533706428;
0,344168873971451;
0,281856159516136;
0,00525626748751674;
-0,0668066932646925;
0,0204787822610398;
0,0160611016312578;
0,101502276210409;
0,837120018902077;
2,25846586009862;
2,87923589344619;
1,3938615249628;
-0,501580270733218;
-0,48595551813111;
0,254828933956822;
0,086109739334972;
-0,129831622370265;
1,55125060214359;
5,38585023740631;
7,11518523009829;
4,43236062897096;
0,539076569765923;
-1,46003700283976;
-0,65928171253841;
0,489718915428492;
0,0775869324727712;
-0,214227679159208;
0,0966888082326638;
0,394769508569285;
0,846977261427907;
1,26402565983673;
1,7938969114176;
1,81003556299338;
0,407048548441817;
-0,495673461261466;
0,0125350028419971;
0,17891722632496;
-0,200230717874682;
-0,319300535616323;
0,0763995487354121;
0,946681751543062;
1,66212144988246;
1,28318686527445;
0,104434640197235;
-0,306974631722905;
0,0609091444306216;
0,0884393158032103;
-0,449533512155082;
-1,02595075631807;
-0,287523597120387;
1,44728203532843;
1,85654040839982;
0,768603122060422;
-0,10074664166123;
-0,117687923528538;
0,0671576356616481;
0,0165448905887859;
-0,276272385256932;
-1,09991207610303;
-1,8682770181075;
-1,22747475366803;
0,737173873987891;
1,84196803697306;
0,623722025439104;
-0,54532173550555;
-0,0519937777090153;
0,224908734565254;
-0,134040965997401;
0,134410335194312;
1,19923503127203;
2,04988904974865;
2,35304407977736;
2,01217114456156;
0,478765430588785;
-0,526396893022608;
-0,0113591139852977;
0,201631162195593;
-0,719019208757097;
-1,70205550470329;
-0,922933783873086;
0,714848475210958;
1,02706596658607;
0,617907570906814;
0,171518617702331;
-0,146950381418356;
-0,0223051049150025;
0,0652011539657072;
-0,0395575466131377;
-0,0288932815054632;
0,127701104175006;
0,462104840644516;
1,04921717068851;
1,11909768123381;
0,214445493122123;
-0,302044909839181;
0,0209001238039903;
0,103261544018735;
-0,294478973226056;
-0,807786868194558;
-0,854083609078927;
-0,34932016308188;
-0,0747799379531571;
-0,106402695106992;
-0,0324256856806003;
0,0364438775681307;
-0,0013699710586408;
-0,0127552762542354;
0,691948614797391;
2,26794762558005;
2,43766266888541;
0,165159688007218;
-2,21559438060205;
-2,37002407783918;
-0,447033159957725;
0,614036199088749;
-0,0324679746056452;
-0,215083953975604;
0,505116116617161;
1,12212877526114;
0,721415405566442;
-0,145859133846166;
-0,222495341472024;
0,421804799661964;
1,09152141612295;
0,755038385725815;
-0,147667695966763;
-0,233909993958162;
-0,415609483340351;
-2,1229344560478;
-4,52932537494282;
-5,82059860440052;
-5,26763441769644;
-2,87205549755604;
-0,0658008466680072;
0,608970583073445;
-0,162079766483933;
-0,159592489681409;
-0,0423716081169725;
-0,77725899819171;
-1,6571434857589;
-1,91220437542676;
-1,1094157656765;
0,172036506168582;
0,386114746482728;
-0,134978292230374;
-0,0946284390029517;
0,0898182721129457;
0,94830797548122;
3,42466927088883;
5,07654957223584;
4,20433161141583;
2,11142421836292;
0,0641624084693757;
-0,49980305029869;
0,111213628748382;
0,143001273803709;
-0,10131706806025;
0,438826041383923;
1,34559137780285;
1,0216946924935;
-0,0470826845769813;
0,230069018144893;
0,848823675530967;
0,233026085209565;
-0,272226916569735;
0,0110665962376487;
0,0953149752659572;
0,0889297903819905;
1,13686726009082;
3,01148112583641;
3,17543768058586;
0,880554140815791;
-0,794041818136433;
-0,307440315824791;
0,288355642601871;
0,00792614101360228;
-0,108891925097291;
0,819507502471431;
2,74006525240652;
3,49474650596924;
2,08505148852544;
0,808163120641482;
0,497840497098621;
0,124686530369494;
-0,137317623170481;
-0,0013529109921858;
0,0516802429737291;
-0,346918957801772;
-1,12889980271568;
-1,21999188822847;
0,180626095024719;
1,95967510477299;
2,06225064286969;
0,348577434810474;
-0,534511726613671;
0,045417369970021;
0,17960943089828;
-0,392648823839601;
-1,69030073508977;
-3,62808073784329;
-4,3429359066776;
-3,05754934168166;
-1,04651473419582;
0,187851265948344;
0,164032943490554;
-0,115003805959739;
-0,013377620960206;
0,733054225418279;
1,81768193222585;
0,804388516330751;
-2,14062471819855;
-3,63986101711423;
-1,84961953734176;
1,55125100339736;
1,39900850130033;
-2,22608895962914;
-3,82633127708182;
-1,81977608078755;
1,04315639338269;
0,0456285934417736;
-3,62168320859595;
-3,89534334859168;
-1,32484261063585;
0,206520013031404;
0,170804394326369;
-0,111117707246585;
-0,0195279437537627;
0,0485245149162604;
-0,18209270889157;
-0,43958199297654;
0,0455525668961695;
1,39055261879864;
1,83535916189008;
0,439056117911252;
-0,504083694774216;
0,00246370355048971;
0,186476178277655;
-0,231235359602118;
-0,358909450150095;
-0,0233365233216892;
-0,167117916874476;
-1,35537286138904;
-1,66268057227531;
-0,26446324679338;
0,450018057188702;
-0,0546171657643048;
-0,143395996821286;
0,0353921036600162;
-0,580206542993015;
-1,97905684963654;
-2,73907537483302;
-1,64824605325443;
0,503007351817203;
2,10170901302801;
2,45840746342529;
2,28231708308621;
2,25131968113464;
1,95685229588722;
1,52256401145924;
1,6326172449249;
1,85117208519624;
1,45998245866269;
0,809226059800875;
0,727950745351947;
1,32227146508758;
1,89691569363529;
2,16001961072234;
1,99105174019851;
0,849526936465282;
-0,801007806248391;
-1,2625449973439;
0,0602975585115937;
1,10538233675381;
0,360216352034664;
-0,356094085836127;
-0,00861262585208936;
0,134888245028724;
-0,0247805998051756;
0,271522367146695;
0,712519860759041;
0,296886479912801;
-1,04584105189143;
-1,58845002671042;
-0,407145860753203;
0,444441569877976;
0,00460451276035522;
-0,167196422626554;
-0,21271492887576;
-1,26727713410641;
-2,6466853006072;
-3,06921651772628;
-2,39974767216844;
-1,18368015907435;
-0,052727844138456;
0,241399986124997;
-0,0504680110699941;
-0,0697187745942223;
-0,549910838986437;
-0,777419417092672;
2,65067905019354;
8,12391211197096;
10,6644804880141;
7,79412554484586;
1,08525704603315;
-1,8719867693893;
0,184051529631562;
0,622240800515729;
-1,25858602909805;
-2,78646935390561;
-1,76704846660734;
1,78200151980219;
4,35841484214471;
3,61027001992698;
0,548478290931455;
-0,881191178353094;
0,0740699935337125;
0,29804101245382;
1,12239638087871;
4,14813552004359;
4,87761133224974;
1,9911225342988;
0,164554715355478;
0,419488135374329;
0,309456397901372;
-0,162931870646054;
-0,0600898450122126;
0,0859873065110801;
0,0319264617679938;
0,34071937299281;
0,829786725904546;
0,843672641330392;
1,00794506644453;
2,14404017115859;
3,38618130066839;
3,83119221333741;
3,49804027373758;
2,71921813155667;
2,26496356495673;
1,90610620612523;
0,300319477156561;
-2,07316280282285;
-3,50449391358815;
-2,20421979619728;
1,21284473793474;
1,373663808361;
-2,14872926661861;
-3,87456792122992;
-2,35238039719304;
0,517833902224319;
1,5190691320805;
0,354383062676858;
0,205613268132593;
0,593080365164123;
0,0802201598932739;
-0,186504844062956;
0,0404335440027163;
0,0508092742707892;
0,113089132988446;
0,565710260032135;
0,540248860953312;
-0,341210669370663;
-0,299937877697045;
0,911934347852647;
1,09924224704797;
0,222822844134049;
-0,427989169001212;
-0,145996004665917;
0,397303390872903;
-0,422009969461847;
-0,582214899778231;
1,55804193560759;
2,99823898525086;
1,9866873555266;
0,133380436773118;
-0,432967618357657;
0,0818233065760159;
0,127879455503497;
-0,242728129124974;
-0,400633706015165;
0,430331358032754;
2,74512654662977;
5,08176108297276;
4,4328189654557;
0,706196525650455;
-1,10703345239421;
0,0916045650654531;
0,374297592658673;
-0,864712847754866;
-1,62209379526294;
0,707621305168873;
5,67761650169855;
8,4058966238519;
5,7953701905157;
0,514576185676827;
-1,32115055384026;
0,21931674219109;
0,401676464399551;
-0,0951383154366056;
0,555288099560166;
0,969130566889502;
0,746534605619336;
0,393351910712299;
-0,116254939949581;
0,186516926359152;
0,985557718745866;
0,893783900251056;
0,322185688650928;
-0,0460795570036867;
0,465681999912337;
0,510674684637843;
-2,17239289773068;
-5,31700926914902;
-4,60333287600326;
-0,613313971165155;
1,12486106763992;
-0,13147258362979;
-0,364032645055095;
-0,336785574706612;
-1,65382248037031;
-1,95242751218606;
-0,66351653531298;
0,588081086580549;
1,07940412850099;
0,397220305955345;
-0,319763108114686;
-0,0437296256791455;
0,137752044224378;
-0,207723998662703;
-0,839371970697447;
-1,57612622086644;
-1,57847352064384;
-0,529064159633621;
0,418932822448938;
0,262287794933278;
-0,16502715247229;
-0,0389539950114087;
0,0773260620983345;
-0,181609008579089;
-0,84098958123946;
-1,73373873261239;
-1,91951857286164;
-0,910525181163608;
0,152833598887547;
0,19807169134266;
-0,104016144585848;
-0,0321058494917789;
0,0512545712010611;
-0,284612404978441;
-0,841486892013513;
-0,708453261815071;
0,0311140415430563;
0,13809299195839;
-0,492030557910597;
-0,954039844596476;
-0,629491569535929;
0,0446845993518372;
0,1032909170904;
-0,348819019949765;
-0,963987159298503;
-2,12292026023648;
-3,18014934552723;
-2,53646121069912;
-0,626820037487815;
0,330714827625687;
0,032022321178733;
-0,122687576696566;
0,0386953099551701;
0,492169123436777;
1,71370021790526;
2,61746536537703;
2,39201289890905;
2,06630742889544;
1,48506059988399;
0,184935378407809;
-0,36725702593616;
0,0503874831368869;
0,115407209136581;
0,146463612876878;
0,961636694616905;
1,88564875535944;
1,83976608915829;
0,685758396589989;
-0,427279948265413;
-0,322589782499594;
0,180813968350606;
0,0557457226106174;
-0,0902827669726778;
-0,0756654533007813;
-0,0350709398901105;
0,547284321968557;
1,08309742809533;
0,690543428842547;
0,00366060366657689;
-0,0877675544963468;
0,570852013883194;
1,08725411300769;
0,681170148419989;
0,233370964315798;
0,545860082573873;
1,0652984066124;
1,23123327789058;
1,33196195116674;
1,82732186797446;
2,27362044624148;
2,11893926646687;
2,103826864571;
2,63682956186436;
2,75391673679536;
1,97624419122222;
0,850145925659805;
-0,440440526517188;
-2,17968815027943;
-3,77089334284749;
-4,19448330141438;
-2,91824261402664;
0,282743562174944;
3,83830391722674;
4,91542249906223;
3,25670587856233;
0,53319849365834;
-2,11691863668852;
-3,74170431894757;
-3,10671790975169;
-0,502164339288545;
0,768079996847485;
-0,0566608529690723;
-0,262988789957252;
0,773441508874257;
2,31192307099263;
2,93300007128919;
1,63592940277167;
-0,263203104321388;
-1,05799296004266;
-0,350451383801844;
0,314449762365108;
0,025864788908327;
-0,127831597119774;
0,539140408900615;
1,67593599223404;
1,6722644238529;
-0,118721400029939;
-1,2506043678506;
-0,431625586577917;
0,308962978964594;
0,0251094424627722;
-0,120511443073108;
0,0415794891200788;
0,364524669951585;
1,3156018768226;
2,16195606255;
1,62454534605824;
0,214842575225372;
-0,35857045116846;
0,00530446310849448;
0,114521504680197;
-0,0481572818142014;
-0,0208039794569547;
0,0043119002258428;
0,269699617703456;
1,35888259808848;
2,64950759016148;
3,33152786626071;
2,73202596772844;
0,549808463550376;
-0,690896748795794;
0,0131060006693334;
0,252893288821602;
-0,0734092123872489;
1,04638638843167;
4,39350197317859;
7,99774630930721;
9,02529718328065;
7,50560418941172;
5,46095735138568;
3,86853735504246;
2,43085965020336;
1,42676788530696;
1,48318709550209;
2,25301571090426;
3,23113088101989;
4,09495577291118;
4,74188464186835;
4,00392051773413;
0,864324292314178;
-1,02571567681406;
0,00211420293889139;
0,382754115413972;
-0,273857508797526;
-0,340627392479663;
0,163174416559329;
1,12339072118141;
2,07356568400131;
1,65232544558985;
-0,0431955550369334;
-0,359453969689789;
1,19118133092754;
2,23812749095921;
3,04397212395134;
4,76671717157469;
4,86513351159655;
2,11143799931433;
-0,534269813850084;
-1,09520936329613;
-0,233565278948537;
0,293617431822014;
-0,00931581021959729;
-0,105317487086611;
1,2164544600921;
4,26082648522392;
6,09126959972712;
4,76994988515816;
2,61729091507939;
1,10536077688098;
0,0398046944179575;
-0,220993883932246;
0,0485487638926172;
0,0629471498390207;
1,22189847491314;
4,12464940994634;
4,61545344881429;
1,70375664422436;
0,116942685326675;
0,588818214514186;
0,367542645725665;
-0,224038839085587;
-0,0588492690306319;
0,107775228422199;
-0,210993781173;
-0,651494506274338;
-0,448562822759605;
0,82786347465865;
2,19037118017557;
2,02625378443334;
0,345383524606982;
-0,508910741713447;
0,0340131176215225;
0,175574071962399;
-0,128208069919759;
-0,0686086108965866;
0,354299340726244;
0,854848944223726;
0,950668264299064;
0,540853192272169;
0,0384419083360937;
-0,11173840551062;
0,01783709670218;
0,0346693440194201;
0,0218783033903698;
0,365737927988192;
1,04397148884398;
1,45491441250734;
1,2200197625658;
0,5658471561198;
-0,017527425213249;
-0,111017024191664;
0,0396207350923403;
0,0249415946725089;
-1,89290115903044;
-5,84929334148175;
-5,72149347991805;
-0,290296593982108;
4,04310029282961;
4,26956137169167;
1,0742259066371;
-1,11373444251937;
-0,0505664269501581;
0,438471804452835;
-1,08839513124645;
-3,30363499075192;
-4,26635587559005;
-3,04510732014145;
-1,20619149323912
