0,760881089629986;
0,128198173013774;
-0,194434877632765;
0,0153278591174432;
0,0659450488939517;
0,21118528524882;
0,829110728796817;
1,1421340988472;
0,930740558386898;
0,873842766578563;
0,970261052523303;
0,953185647341811;
0,935535132501281;
0,960419269297752;
0,969985742598381;
0,971928689260497;
0,978841509356519;
0,9818512398794;
0,986858269727892;
0,993160873964405;
0,991491064750243;
0,985453234646454;
0,97704085551141;
0,964198778780446;
0,953138268794873;
0,94974737766455;
0,95121237982634;
0,952200092244376;
0,949697512679011;
0,944245027273406;
0,936756802062369;
0,926270486489228;
0,918508147676429;
0,920149575102278;
0,927880659503774;
0,938248100331232;
0,947727949153196;
0,948252163997233;
0,938553251957135;
0,927260938777512;
0,924731064216259;
0,933460554032245;
0,945492068273949;
0,952351016718519;
0,953034137619883;
0,953444556043972;
0,952470649056217;
0,940919106563529;
0,928780813340215;
0,930004276843963;
0,935005413473635;
0,937962519241602;
0,942576564115837;
0,943433730045085;
0,937345055423677;
0,929794598321148;
0,925350952498483;
0,925061151011884;
0,928578429582489;
0,934149621424763;
0,938812568200834;
0,940708076630559;
0,940265913859249;
0,940007983890455;
0,941930245306642;
0,945831225893745;
0,949604550241067;
0,950000889448779;
0,946094870501377;
0,939549092829773;
0,933474019076793;
0,931619135347356;
0,935338481503629;
0,942909286581635;
0,950780274632107;
0,954720637635126;
0,954188481051209;
0,956875424092303;
0,968875734021274;
0,983896912750816;
0,993190290542045;
0,996229232599678;
0,99828726009432;
1,00352702060609;
1,01067545924769;
1,01769345671289;
1,02718974590307;
1,04363960275534;
1,0677708769734;
1,09118570997151;
1,10617650054756;
1,11645955267167;
1,12667127335651;
1,14339851163504;
1,1780021827176;
1,23146996106521;
1,28505348184829;
1,31883406552825;
1,33500638477174;
1,34784487638182;
1,3775318914331;
1,41486641902996;
1,42324183741435;
1,42385211580625;
1,42975183737193;
1,39406645737384;
1,3375778433988;
1,3209876204319;
1,32273143837309;
1,29224436446549;
1,23953779743927;
1,17921037129516;
1,09101536316172;
1,02512824100685;
1,05080077664317;
1,13284242831303;
1,17773837577761;
1,1107708619512;
1,02035208959111;
1,04530802054291;
0,825514913564034;
0,140852205205889;
-0,206817553163365;
0,0134996286755107;
0,071510842717757;
0,161785057434306;
0,638555688581581;
0,789228186989079;
0,439340879461496;
0,305362980912351;
0,417154211478525;
0,354407867736791;
0,218259678088774;
0,233016929833465;
0,275796715688113;
0,208682068125027;
0,100039845343784;
0,0441955338005443;
0,0976814819392931;
0,282396122307508;
0,509625279217123;
0,678642198302482;
0,785736235354867;
0,821551323890654;
0,79627761168018;
0,784368157809005;
0,819190368327223;
0,877058364814804;
0,918691981287753;
0,937022416490202;
0,951569409849867;
0,956524853509919;
0,949444780504296;
0,937215023208786;
0,936287150870075;
0,955301140802177;
0,966465431082489;
0,969428281817296;
0,968477744298474;
0,942983242824351;
0,921396251896829;
0,945949772757536;
1,00124742864582;
1,04430113960903;
1,06777076725202;
1,08786667538455;
1,09696846216406;
1,10532934712377;
1,12959266480719;
1,1428479755349;
1,13916958036643;
1,14267850780767;
1,14503362540152;
1,12784891509082;
1,09922471998168;
1,06341542207746;
1,0106126899845;
0,953166196484047;
0,912527191632963;
0,885800983413113;
0,862908179072775;
0,841228055733669;
0,819568382788074;
0,801826966500783;
0,792222027481695;
0,79158725392843;
0,800720185431705;
0,810934513272227;
0,821952734203717;
0,845425951525535;
0,871722113523417;
0,890462889829717;
0,909603137717153;
0,936150954820185;
0,973765148827903;
1,0203641647409;
1,06156900092512;
1,07621221343214;
1,05338610480438;
1,0055650225436;
0,962264308564891;
0,94332331411229;
0,947989853657625;
0,969491150812904;
0,994048260710897;
1,00849011681752;
1,0162943251008;
1,02195706725264;
1,02291035587962;
1,01747799391588;
1,00397630899732;
0,985593032380792;
0,96250005776921;
0,928659676129392;
0,889955285043594;
0,852725444689209;
0,813067091546865;
0,768785805092742;
0,723394275110785;
0,68626575557724;
0,659366076071288;
0,627294729473725;
0,572996286565669;
0,504860214722402;
0,460838756304882;
0,469637125200005;
0,50803765479246;
0,534865965182519;
0,556129490449708;
0,583427693483816;
0,624056354505642;
0,696219590306716;
0,761325807801866;
0,80025543169139;
0,838827207466173;
0,861225049527216;
0,875468166361337;
0,885500853457283;
0,866105810649104;
0,852133040390476;
0,872220917775457;
0,909025279890383;
0,944669982878762;
0,962183556776894;
0,971473765955402;
0,992800198747415;
1,02767874773507;
1,0722627792713;
1,11284819458226;
1,13308683334139;
1,13252706228216;
1,13394677782764;
1,14277754214193;
1,13364718195314;
1,10856442119934;
1,08733485343659;
1,0759174374609;
1,07876125331605;
1,09685176386404;
1,11741905488847;
1,12399125832941;
1,13076437368454;
1,15938387271506;
1,19422355144013;
1,22087285980803;
1,24270416503596;
1,24045394654893;
1,18321626424413;
1,10388586628187;
1,0592695776147;
1,05335170646515;
1,08510179510877;
1,11068767260879;
1,05515088345956;
0,938923224362229;
0,82815554077716;
0,763517323721961;
0,768331421329606;
0,810875753649349;
0,84260678067064;
0,86248053785471;
0,88239927341749;
0,909313370311162;
0,948252800646827;
1,00502228498969;
1,05619511303667;
1,03826430669481;
0,958114103644628;
0,890620811624805;
0,875906519222784;
0,913648072217903;
0,957521257385582;
0,949142376131959;
0,886022767730067;
0,80290108837019;
0,752322274297198;
0,762675010901655;
0,789470668549587;
0,790313635379797;
0,773284784306884;
0,759359271328281;
0,767366351254803;
0,811665395254518;
0,891843410111117;
0,982471108702679;
1,06278048377035;
1,12158987814583;
1,13088455238176;
1,09067321340565;
1,04038421062444;
1,00664385690299;
0,987622449423345;
0,960842709730935;
0,915453544108107;
0,867945211600661;
0,83174949228079;
0,811868426695265;
0,810362410188089;
0,819365559982043;
0,828985619276803;
0,836012839344732;
0,84301061124629;
0,853216942817464;
0,869240926859759;
0,888803451707495;
0,903375316646587;
0,913064727932371;
0,922962042594983;
0,936663480685834;
0,959411562776634;
0,989434547138167;
1,01925710174576;
1,03583242176309;
1,03699158869575;
1,04927688662706;
1,08614511134199;
1,12897490650177;
1,17024270959386;
1,21208904439288;
1,25174492595216;
1,30143183976309;
1,36345358762597;
1,41830899925006;
1,46052540149921;
1,49601014188873;
1,52925997570016;
1,56455947473478;
1,58988297378716;
1,57981545016093;
1,51804231340597;
1,40521151333393;
1,27980839955417;
1,20422085258879;
1,17774296073786;
1,16064993373377;
1,14222048504498;
1,07891817926415;
0,922751646750564;
0,739395945562112;
0,646392304150834;
0,614150670706397;
0,563008193506538;
0,554033594279338;
0,58609738985109;
0,636414338165534;
0,784094993256804;
0,957770490553366;
1,00182005770164;
0,820495116361639;
0,46501991889096;
0,178619871543569;
0,0647397817166954;
0,0326961572497343;
-0,0243555437786359;
-0,157336095862634;
-0,262798375430604;
-0,209500956855661;
0,0304890430300923;
0,356220416793299;
0,567812071145426;
0,623469782695445;
0,634298579728377;
0,657282926492787;
0,7117262803027;
0,765337922570538;
0,745244223786373;
0,65594191874488;
0,627515840299813;
0,712924604162371;
0,775983112735231;
0,839313240896268;
1,00244722289706;
1,09865459917714;
1,07446322185395;
1,08832732231983;
1,1222295867751;
1,10714377482645;
1,08457302283925;
1,08083928850328;
1,09414795978232;
1,1244844630509;
1,14858250227005;
1,14913426515531;
1,14236941451573;
1,13524480081897;
1,11804606346061;
1,09405382261681;
1,07268557218351;
1,05759462400963;
1,05435470026885;
1,05129500963885;
1,02201715391664;
0,972615606962818;
0,927249147388921;
0,899584829107319;
0,901136233642838;
0,926631894779836;
0,954075492826663;
0,963115000032522;
0,938535388877784;
0,888357023929146;
0,839192347465522;
0,810067184584439;
0,807035324769257;
0,816906726841514;
0,822297008736921;
0,815741423054088;
0,800826750253288;
0,797282677193369;
0,816902565212813;
0,853340576671859;
0,897322016921311;
0,937881761373257;
0,959634505971292;
0,953023589836354;
0,938026692089037;
0,940547739664441;
0,952376334605805;
0,966561893656838;
0,989952407374519;
1,01159208352358;
1,01903070007191;
1,0137328529101;
0,997773145035098;
0,973173469524573;
0,70828111260314;
0,11188458749611;
-0,172780179993368;
0,0126699825227414;
0,0592640217486793;
0,204813643029986;
0,786015019120072;
1,05712143492088;
0,830652741425635;
0,767956335269664;
0,844465831417734;
0,796371796758446;
0,744757423130616;
0,732257556229207;
0,690515001300483;
0,609522043404689;
0,517771013712631;
0,436726062423804;
0,377590767646628;
0,352423645470898;
0,261314255173302;
0,043218197974894;
-0,0645723239743027;
0,0043336155831962;
0,0223011663104505;
0,143270212483686;
0,538352710286597;
0,776058968682198;
0,719746078090772;
0,753913714273891;
0,646991175520824;
0,118639541859009;
-0,166350174448761;
0,00955962456539886;
0,0579670680833343;
0,249526191529649;
0,956113185047418;
1,34819245298352;
1,15738627475379;
1,10869722545611;
1,1935155262001;
1,12140322774376;
1,10100032780775;
1,17721439671186;
1,19220869424488;
1,19365674866823;
1,23953689202475;
1,25050356604977;
1,20623597799955;
1,17138931606879;
1,18498562844864;
1,22191081602203;
1,27355202999763;
1,34880773571309;
1,37910751111782;
1,34824772202228;
1,32823533383465;
1,3166301264343;
1,30052950426581;
1,29995978405149;
0,963025315888429;
0,150211530231536;
-0,235991252744455;
0,0186507726122015;
0,0803155781996797;
0,141071168157332;
0,592486572791388;
0,764880853732131;
0,518261124115166;
0,48367838397184;
0,646004323803643;
0,722454883734885;
0,78500510396754;
0,878503800000721;
0,95542649399571;
1,02028463918219;
1,07665676177434;
1,07429260216432;
0,997656531531388;
0,912008538781501;
0,644414704463663;
0,0984700366136507;
-0,156530817810673;
0,012543778277756;
0,0532383035786224;
0,20330617056208;
0,778943036691357;
1,06283735063527;
0,866519516666451;
0,830091665022032;
0,70379646644568;
0,121259119860475;
-0,180758591335384;
0,0135738617194259;
0,0615796963544869;
0,199154078298368;
0,770659853139315;
1,03907448990841;
0,815546109478381;
0,75731849820834;
0,866070098549381;
0,88448689714524;
0,906456144528147;
0,958494892773734;
0,973633519795331;
0,96499563603043;
0,968099823846973;
0,983745437979761;
1,00428161860896;
1,02916920904176;
1,03100918051901;
0,98588030475545;
0,965233954064376;
1,00375124060681;
1,03628227694695;
1,11758420996135;
1,29820132312848;
1,4188659363566;
1,44715920460192;
1,51575765231546;
1,17965337602677;
0,197835629354794;
-0,293408912640351;
0,0195117833955822;
0,101355488022315;
0,327530137707407;
1,27585404388937;
1,72182093713113;
1,29615514582665;
1,06623719333062;
0,821273095996355;
0,110666390942019;
-0,20626690787409;
0,0261525620171591;
0,0656741797081584;
0,157465530995046;
0,632684119212168;
0,795207081227472;
0,511167012659298;
0,415764463502875;
0,486899531516496;
0,456434953434297;
0,477159084800642;
0,6277341661692;
0,691042730900998;
0,572226642631221;
0,426770790348276;
0,317861751357511;
0,238905200950242;
0,24469162664271;
0,291950725579185;
0,268462929998953;
0,198660199418433;
0,207388083564835;
0,306189329732889;
0,415549673745199;
0,510038566850808;
0,589646560808959;
0,649603763239976;
0,694099204087107;
0,74061965077075;
0,804607354487024;
0,86627517583666;
0,9090046705394;
0,945317686052202;
0,986067175548773;
1,01844700330904;
1,03076721040872;
1,03083402153473;
1,01642149785635;
1,00664426734377;
1,02403998875765;
1,03795526047399;
1,04163995044755;
1,05438307259725;
1,06052785627463;
1,06021144205585;
1,07168424484745;
1,09125661754208;
1,11440351597842;
1,14006317133374;
1,15735337897556;
1,15487981947728;
1,12884675818947;
1,08874562487442;
1,05644590328415;
1,04197274540863;
1,03829560077319;
1,03350660443121;
1,0026637325709;
0,939567535623016;
0,886837289273644;
0,867076907120783;
0,861419313490161;
0,868084939563956;
0,882445142650603;
0,880381721128696;
0,857122722221543;
0,831517007162659;
0,817193261925696;
0,601895888642551;
0,0957552166283506;
-0,147389033579339;
0,0108055376893521;
0,0505386371601663;
0,211324219845279;
0,805141967078965;
1,11664997059255;
0,951648262343534;
0,931360117506701;
1,0247675756663;
0,984602586830135;
0,940473991881063;
0,936920478679453;
0,928451670636669;
0,937950608124355;
0,971632357974738;
1,00321558856304;
1,02065875835714;
1,01506805801882;
0,985794655097819;
0,968440476879702;
0,993628913011753;
1,02484538246316;
1,01687459859507;
0,965335305772468;
0,896549266219985;
0,868964841123659;
0,883510737090389;
0,886591363513403;
0,881955707339508;
0,888127261617089;
0,888181338772503;
0,880664529339712;
0,880603175724521;
0,864455238760042;
0,805776389152475;
0,743718357216639;
0,706595424249883;
0,667601766001093;
0,629694920856011;
0,603655612661768;
0,555248916719464;
0,476612477497619;
0,400826806072596;
0,34979356858046;
0,335449962843563;
0,347520404361814;
0,36235023228539;
0,37914397907041;
0,409386978290337;
0,462104415190148;
0,532869569798229;
0,619470798236987;
0,723555865310476;
0,817960329091407;
0,902050022006579;
0,998015325199501;
1,0836316439616;
1,14159483358148;
1,17336472981638;
1,19238788234645;
1,21749575282175;
1,2466322789035;
1,29056890146052;
1,32569251495113;
1,31913296180458;
1,31585545430057;
1,32844735769052;
1,35181556528352;
1,41430390816457;
1,4531782769385;
1,40268972397723;
1,30200846727426;
1,18770050631745;
1,07647357704421;
0,985527400991621;
0,90258659772513;
0,813479220244341;
0,7304854208304;
0,674715722236714;
0,64404504228497;
0,665230832627776;
0,761738881935163;
0,866408027653584;
0,964905735488803;
1,07795967021638;
1,13095199181817;
1,11050122761184;
1,0782537659945;
1,02338269909497;
0,946851822966457;
0,892638297590587;
0,83527746783655;
0,760813555710529;
0,735512410299105;
0,772334787643548;
0,820812314259449;
0,875931069712134;
0,935001712462584;
0,945790292457525;
0,911466014386455;
0,90838063621281;
0,949153352836391;
0,982199418009976;
0,990572528289497;
0,969975877019617;
0,924144320784774;
0,891041321751001;
0,874281589128202;
0,845551098280051;
0,808060433206704;
0,779112589889443;
0,772246219635663;
0,795360072667175;
0,833932726879372;
0,864418338090149;
0,879336387422516;
0,886446266690876;
0,89721276836104;
0,917973084502369;
0,946069142713933;
0,969210395607673;
0,969899056283471;
0,942885475239424;
0,901969420993843;
0,867270741306728;
0,853358136639869;
0,858287189164108;
0,876090890998114;
0,910950617618991;
0,953717208279851;
0,980739095674655;
0,99133736057923;
1,0027458517011;
1,01555706560018;
1,03421011995911;
1,08346253033424;
1,16800511193456;
1,2565297107632;
1,30626416397453;
1,30989680653496;
1,30424752642485;
1,305936325768;
1,32445199191082;
1,37786716788059;
1,43277811714524;
1,462439340591;
1,47960147851648;
1,46038096875053;
1,39570188410973;
1,33020465935402;
1,26763118806329;
1,19634797841941;
1,13795338651363;
1,07338558290884;
0,997069908866085;
0,946741674379729;
0,895371183062017;
0,812693614413292;
0,726992205014867;
0,648741458279965;
0,571501603472169;
0,519104809087104;
0,513964945791617;
0,530459120178806;
0,547460796500945;
0,53883543347596;
0,487870842489302;
0,473255810101974;
0,501870630910692;
0,488317906480974;
0,423188352227893;
0,343531134822555;
0,318357817171838;
0,353798211811637;
0,341292139109944;
0,267785401856823;
0,239527186115987;
0,284285497113708;
0,377517231526558;
0,523097545733452;
0,665291872049827;
0,743546685490262;
0,783927737123869;
0,808409698661853;
0,819021596339139;
0,84801484888943;
0,895802495342697;
0,936291279023991;
0,975716330832976;
1,00397630620352;
1,00032170286892;
0,99053450976918;
1,00098012107694;
1,0175531335066;
1,04380553440219;
1,09174914411915;
1,13119636697388;
1,15134879462631;
1,172801370849;
1,19711771183986;
1,21815480155897;
1,23600882463568;
1,26131294792324;
1,29602817912673;
1,3159341023022;
1,29907129880693;
1,22909609418312;
1,10568268936744;
0,968480315701128;
0,868217015536831;
0,826554713891711;
0,827511247090154;
0,837850712473943;
0,828618160859094;
0,806857410970724;
0,802956487011328;
0,809261137547163;
0,809919271030283;
0,815097255844702;
0,823142720233599;
0,828414868633055;
0,831126772186842;
0,825849720311299;
0,82306441384553;
0,834241016310172;
0,854743532005746;
0,885316988429935;
0,919172803729895;
0,697435145865471;
0,115388542881517;
-0,172002206749209;
0,0113535797926602;
0,0594985007078453;
0,21887956554605;
0,8419762178557;
1,16273315759507;
0,971920843510765;
0,94203913756805;
0,788514962122385;
0,131608379322137;
-0,201419804831095;
0,0163657506500233;
0,06810010247826;
0,224213847770515;
0,879192599061075;
1,21530780839409;
0,997364208722652;
0,929536168276508;
0,761404020258946;
0,123594003311231;
-0,193514625210427;
0,016709191727432;
0,0650187392105547;
0,201347426799168;
0,794456388191148;
1,09555394858644;
0,900821651541921;
0,853592283449242;
0,9332749599517;
0,885968678854728;
0,83509327971653;
0,817233797054785;
0,760603139959833;
0,681625967944897;
0,616666382164142;
0,5636129869978;
0,516721043633044;
0,475829167403129;
0,445579652635747;
0,42683621564561;
0,415269546770359;
0,408613166615094;
0,409043281818405;
0,424955651888653;
0,459118815210595;
0,501566513463002;
0,546092946662531;
0,610740556320532;
0,506839749663662;
0,099248990093225;
-0,129020978216278;
0,00408052130946456;
0,0464764914918708;
0,27120307104672;
1,00492608669611;
1,40631336453381;
1,20939781963795;
1,13022590230859;
0,887350808635949;
0,131490890144657;
-0,221989070753015;
0,0227245348940498;
0,0731120188070355;
0,236575764339174;
0,930146278151952;
1,26209892481143;
1,01224098331966;
0,983023609961556;
0,852151520756771;
0,14855010923291;
-0,220479360496641;
0,0166393339152503;
0,0750274802887994;
0,294467378964954;
1,1175275790778;
1,50471112271806;
1,17056631986437;
1,02468288413238;
0,822356455974227;
0,128977433098316;
-0,208117263877493;
0,0194363118852273;
0,0693006665860604;
0,134959624410318;
0,591599343489231;
0,88116737835505;
0,835310469783003;
0,888941339310397;
0,744495193866557;
0,12488147749564;
-0,188996067858762;
0,0145097775720955;
0,0643099799835175;
-0,0326024065269715;
-0,00912254678437547;
0,0153967023706538;
-0,00320440308155635;
-0,00413084416225324;
0,275458397565856;
0,919756143183378;
1,1915317753774;
0,919117140881421;
0,812776012729913;
0,83209574089359;
0,690761372759945;
0,638898831910409;
0,733038004113222;
0,789428890073251;
0,60221401825549;
0,109580285488688;
-0,149157733587229;
0,00597735819954517;
0,0532933596079203;
0,223035248958813;
0,832492594325755;
1,11812905931324;
0,888073683747183;
0,845571221555856;
0,953395722412768;
0,898213531405603;
0,821040592488682;
0,796953074410134;
0,77590134200045;
0,777279325193267;
0,798793955301822;
0,819799869371156;
0,851384108253046;
0,879283171827786;
0,860921447965057;
0,805034730493543;
0,799921762306259;
0,855517458691328;
0,88493022416716;
0,920970343917339;
1,03054579600854;
1,11366459283525;
1,10589715466772;
1,09011958916654;
0,813520784895996;
0,131805405333281;
-0,200392088806874;
0,0142816495747357;
0,0688585607480168;
0,30828865543919;
1,16712180406329;
1,60699747431978;
1,33465930262826;
1,27708003758787;
1,43459174052414;
1,43378166418298;
1,42120342728778;
1,43176204873956;
1,37171121434684;
1,28970812889934;
1,24744506255754;
1,22113144807324;
1,17958809495206;
1,11378486599241;
0,778989829731379;
0,111953059530112;
-0,187257254420969;
0,0170171505756472;
0,0628570478905845;
0,0694330694378387;
0,325722999482319;
0,426591247643757;
0,32343690263205;
0,465745055928557;
0,581661747188948;
0,169236515705161;
-0,16429231952137;
-0,00929153468737869;
0,0651322747847707;
0,0459648999953324;
0,218558610078718;
0,270982734100458;
0,0592331469133755;
-0,135232405482577;
-0,148425270068088;
-0,0295849845976971;
0,038259099066295;
-0,00125020655426688;
-0,0137499697186888;
0,18826132730903;
0,629172510100514;
0,853966365438002;
0,734374407059607;
0,70782572389677;
0,59504463296692;
0,109941275998768;
-0,152615309490982;
0,00822456658602524;
0,053434217827506;
0,24468782217525;
0,916561933950801;
1,25724554174549;
1,04306922359328;
0,996909543744537;
0,833350765565788;
0,142103451924668;
-0,212965724860143;
0,0160797060584036;
0,0725442949575988;
0,27173701788454;
1,0514544513103;
1,46383754810504;
1,22762102426291;
1,15205286201383;
1,2408065913339;
1,21009524995051;
1,21066853831521;
1,25229186312494;
1,23566422494231;
1,11746530254926;
0,921319419736064;
0,838963751763912;
0,909337144355416;
0,943802261939552;
0,919215818750964;
0,900654983924235;
0,880313331815626;
0,858254249178866;
0,841283557777398;
0,824677941057064;
0,808368119581951;
0,798503720057318;
0,794527253911006;
0,790046395164108;
0,788781120151789;
0,802131833228466;
0,836625675341065;
0,887977499945144;
0,936903117107753;
0,714587734754211;
0,117664738211219;
-0,176452583638661;
0,0119968046204406;
0,0608761730976693;
0,216291563277468;
0,836000066113187;
1,15425973725524;
0,966259017374249;
0,951554315844806;
1,08579358703502;
1,08679757446371;
1,06664942747536;
1,06589252268492;
1,03211783875134;
1,0159340264475;
1,06372929415291;
1,0950478322883;
1,06316261466128;
1,02301425337016;
0,957451694250227;
0,847129428478005;
0,799703098911047;
0,830807752477901;
0,833626103433177;
0,808157784802976;
0,795205453267754;
0,782812399676055;
0,770581130664092;
0,761251983325845;
0,747638871318954;
0,730513999151195;
0,696768113671103;
0,624174262574799;
0,534718022499363;
0,471658105348019;
0,445188386177629;
0,445810394340973;
0,455085268394997;
0,451962859476108;
0,441507079260315;
0,453857260756695;
0,499220693381201;
0,563333853396576;
0,645401658146973;
0,741351242456089;
0,829832703614492;
0,904923294954401;
0,978006079022051;
1,04787259359518;
1,11062716705521;
1,16467093478762;
1,1846781339605;
1,17811697821277;
1,18331313084657;
1,18510671531563;
1,18124548353323;
1,2029835693961;
1,21639467166732;
1,19054385789787;
1,17921908920572;
1,2263736222656;
1,29768658421379;
1,35196371924085;
1,38835401135839;
1,38775061518906;
1,33994676877517;
1,26759727057278;
1,16068475378884;
1,01480329549392;
0,870117458297065;
0,753316742986127;
0,673810603412121;
0,657435052926409;
0,692884675558451;
0,730911500555419;
0,759725972198329;
0,789461508858857;
0,820539849298629;
0,856226462131672;
0,910071185163345;
0,978826026894702;
1,03960219769197;
1,07868270440684;
1,06880140782134;
1,00209890920871;
0,927688311802047;
0,888135122883277;
0,898984924943376;
0,945145014522171;
0,972963545485965;
0,946845410837887;
0,879830508008032;
0,82056275896988;
0,797730242768658;
0,792103965595905;
0,810968901139817;
0,865443955386503;
0,924461108169016;
0,976218724960426;
1,0079389261697;
0,991682709338749;
0,944833045538933;
0,907369267040195;
0,891053706976475;
0,658035807338273;
0,105453984568886;
-0,161411258359053;
0,011648397095137;
0,0554204835279025;
0,183285416686129;
0,722607676417783;
1,02050410126519;
0,885642318186279;
0,884160660219932;
0,990252839368665;
0,956282279378799;
0,897433233351643;
0,880608834248155;
0,872033581792805;
0,876400282267675;
0,885861027819788;
0,884309785175825;
0,875276637620222;
0,866907105925498;
0,874883028718904;
0,900662393046201;
0,92571434059803;
0,945548000124299;
0,968999950466588;
0,735368165400961;
0,12307571292172;
-0,1817740495179;
0,0116164105051131;
0,0630356544614122;
0,235702647056217;
0,915422206889549;
1,29494607055945;
1,11951796021659;
1,08130542605796;
1,29622883368535;
1,51771480633937;
1,55557404375294;
1,4137110701625;
1,33250668417028;
1,32888434034895;
1,33077898896418;
1,33205259697877;
1,30237030525926;
1,25560165604983;
1,18775443958057;
1,07273182889538;
0,960372758391554;
0,905478354276155;
0,89554886898323;
0,672895500475316;
0,115221688901297;
-0,16596480367042;
0,00932043713882767;
0,058135008031982;
0,11068133910836;
0,484845988447672;
0,722327144612824;
0,66345134431864;
0,690726920221084;
0,719972622566329;
0,587906942379357;
0,560007684789589;
0,679377523422052;
0,744195883244431;
0,658205956078112;
0,412704087066161;
0,200649287750576;
0,131791260908227;
0,0606572639613755;
-0,0143486318637251;
-0,0118469217946476;
0,00840942146170589;
0,000950407643314501;
-0,00342864990835273;
0,180483963599343;
0,617298159374384;
0,8212117355705;
0,654070585418552;
0,603351393180922;
0,524279586805108;
0,101336653372481;
-0,13682098006269;
0,0067206344996314;
0,0481249212536544;
0,24865814611225;
0,932996866924493;
1,30562708715177;
1,11869629349461;
1,0677388636098;
0,871799406600846;
0,143154958473224;
-0,221247922275832;
0,0182524619602513;
0,0747242188923311;
0,247682560523624;
0,973675281626172;
1,35954509904201;
1,14871992479289;
1,10428462119347;
0,91160815584475;
0,1506011699654;
-0,231817964655647;
0,0189720806309691;
0,0783479316837481;
0,221231243262324;
0,875002463098435;
1,18494359675525;
0,935205428248107;
0,874664921752812;
0,735086932456393;
0,120909253661938;
-0,188250722675613;
0,0162846258125493;
0,0631947139332553;
0,200056307881846;
0,776283453913694;
1,03157764152247;
0,774640719755881;
0,682458944600062;
0,758053527361689;
0,744633178696835;
0,750492626391799;
0,808464927422869;
0,839930845639322;
0,845080344574013;
0,854002558058445;
0,866768677884016;
0,89531817233831;
0,939456025243226;
0,972395067629781;
0,989829728957465;
0,993448807048604;
0,985852438638305;
0,988607523102788;
1,00482068854479;
1,01664993268659;
1,01689418883972;
1,01271709803401;
1,01299502775518;
0,754758193335874;
0,122899272496754;
-0,185490390865468;
0,0127444486328235;
0,063961942897816;
0,202817316191733;
0,787392737440756;
1,06624979690558;
0,840674534137266;
0,771509996399695;
0,842346596280093;
0,793916837357535;
0,748436466058959;
0,74347305932281;
0,719776540758809;
0,684055395197955;
0,633814029546506;
0,572410387434275;
0,517916187273726;
0,459564740450945;
0,474464314229613;
0,596475896799307;
0,625383015963925;
0,514886378847777;
0,441072533697385;
0,435120209095395;
0,460244830222116;
0,518614721808537;
0,586624042284019;
0,636229537868531;
0,489454634895223;
0,0818718625478663;
-0,120980064263704;
0,0077471611791739;
0,041946689263351;
0,250162672513304;
0,929282112263902;
1,28891788861046;
1,10285171138934;
1,08385958793633;
1,18170626379051;
1,09026875741587;
1,04575309443524;
1,12287087299578;
1,16580437423066;
0,868817284779376;
0,143375824160292;
-0,213516718629586;
0,0138644248412335;
0,0739838160451966;
0,279226023305753;
1,06223631099812;
1,44465157050518;
1,17815194052995;
1,13173501328659;
1,28914248720852;
1,29666922949532;
1,24758237367151;
1,19991673056674;
1,15131840185372;
1,11008016492791;
1,05029173934;
0,955709902542288;
0,847364444658093;
0,738910695786741;
0,630756492915449;
0,541299157669299;
0,47839175943025;
0,43967614135783;
0,4512073690265;
0,515888567546616;
0,552455592459501;
0,497865553430022;
0,430196185345193;
0,447837713264634;
0,664016479743158;
1,04166689364973;
1,1533101651632;
0,968826011247936;
0,927572642466833;
0,747737030073433;
0,127112244015663;
-0,189168592191847;
0,0134859507622652;
0,064848156847478;
0,186848020349907;
0,753824282800701;
1,06863376278749;
0,894829775469171;
0,823476515848651;
0,666807696523533;
0,110311541599408;
-0,169316909593392;
0,0136691715988943;
0,0573150448580192;
0,207251061486893;
0,808394084073969;
1,12854454968874;
0,946666338941292;
0,897390831605468;
0,98833550964517;
0,96780244916556;
0,945339941674262;
0,962474110716886;
0,94765801176616;
0,910903532686294;
0,887459200446621;
0,867524880722368;
0,852272185385348;
0,855076141737284;
0,639341481759769;
0,102484767944833;
-0,157298216885411;
0,01157899886127;
0,0538928740670153;
-0,0271375677504956;
-0,00771827808509363;
0,0128675576259591;
-0,00264443591304397;
-0,00346637585396771;
0,354124872637492;
1,21250140362405;
1,64633148093934;
1,39010773754418;
1,30930543730399;
1,06851246120591;
0,175975822035929;
-0,271576580461539;
0,0223863864904759;
0,0917182024097939;
0,263315828946632;
1,03971883985676;
1,40118528233867;
1,06042881032622;
0,897901240700087;
0,718075111330316;
0,113110270711624;
-0,181943081249209;
0,0168908280837665;
0,0606233691421938;
0,069002499190321;
0,426058363686993;
0,76352404679755;
0,720584476882617;
0,585534129959822;
0,527743915356069;
0,397509343252997;
0,375888793168283;
0,55723279200671;
0,638018525652453;
0,533567709895706;
0,409511482282473;
0,306171439484822;
0,20063241334537;
0,142656846929371;
0,153788013032966;
0,18881291194586;
0,225624122501006;
0,291312068536724;
0,417329390445597;
0,405038950472042;
0,0921183421943193;
-0,107066833249767;
0,000146417746995007;
0,0398888772560902;
0,261268834917614;
0,950104017999627;
1,31575174703035;
1,13020476404436;
1,0996288548121;
1,1882683430734;
1,10955832218757;
1,07527833994843;
1,14957248884754;
1,1809007511713;
0,86839534211459;
0,14108036633117;
-0,211969764041053;
0,0139634085518195;
0,0734034211580599;
0,232544937796357;
0,911767600949141;
1,26237966375382;
1,04328183958422;
1,00721676557171;
0,858463435533815;
0,151599882025458;
-0,220963804153416;
0,0152772764016643;
0,0758463533628574;
0,256569159425369;
0,998630249925566;
1,3769096659876;
1,11456080068188;
1,00589610382979;
0,806514662372202;
0,126115969441628;
-0,203853809423776;
0,0190740507104309;
0,0678726010416545;
0,17762870120042;
0,719387345313717;
0,994347415979098;
0,81739342127506;
0,785891681283597;
0,659736133108228;
0,110613299261899;
-0,16862644801634;
0,0135414411998752;
0,057080560147276;
-0,0291676139915946;
-0,0080014579118806;
0,0137078097934025;
-0,0028957359384352;
-0,00365978053560965;
0,251441148749533;
0,850935521870789;
1,14145551186334;
0,957044925382136;
0,916286252281576;
1,0125152341511;
0,991550821992323;
0,961250275711913;
0,967002193268496;
0,966634253397431;
0,969011766576719;
0,976644341847863;
0,9782032633767;
0,971080532552718;
0,953938603550448;
0,946740713831721;
0,967716139554401;
0,984919012644287;
0,972223528739799;
0,950948836884214;
0,907085708698386;
0,819763085723663;
0,759179373750705;
0,753853076117344;
0,737216718635038;
0,734459271855289;
0,788545842981578;
0,803018706104813;
0,75143265692621;
0,721880464566294;
0,726199166348487;
0,737036543558415;
0,724068095040899;
0,678456897845821;
0,638310820830503;
0,458714991612272;
0,0700775552747202;
-0,11157911022895;
0,00902579256212562;
0,0379073976614507;
0,135336631413998;
0,537402866370595;
0,786649049180616;
0,745999863487034;
0,803970929358105;
0,69072942787294;
0,123787873161425;
-0,177133702203327;
0,0111504715835782;
0,0613072822368635;
0,282205661018272;
1,05207519801865;
1,42405256583451;
1,14590904910866;
1,06246131261112;
0,884456819339556;
0,151502606373916;
-0,22594897592037;
0,0167325935033085;
0,0771144425924984;
0,213713153565786;
0,854474979138889;
1,19672459978983;
1,0155168898378;
0,969184388707399;
0,77576784888163;
0,116014531247048;
-0,194685770479135;
0,0197735035326426;
0,0641705714937005;
0,203856510808194;
0,812622485134132;
1,13136786204143;
0,939163215714298;
0,893565750036229;
0,748622077579794;
0,129238756790824;
-0,191755961100484;
0,0140327236727466;
0,0655041392689208;
0,200011504644938;
0,781624781760531;
1,05646861389242;
0,825420756883692;
0,766151613872177;
0,656062150830692;
0,115511815895849;
-0,169451738165432;
0,0121585362938094;
0,057951152647908;
0,158289153168867;
0,631737756504953;
0,87728974847044;
0,737966317244525;
0,750372914553397;
0,663783358746547;
0,125283666324215;
-0,172348730417371;
0,00927447500122045;
0,0602877353395087;
0,201725946493861;
0,775121410843781;
1,05643735133305;
0,856468588171821;
0,811647932336777;
0,675260226237385;
0,109382173140298;
-0,172165813690048;
0,0152298160100292;
0,0576681293859587;
0,204871466836926;
0,802960405235058;
1,11511744928392;
0,917294429359895;
0,847960960044364;
0,920008276956218;
0,899747639322037;
0,903022487486187;
0,950392011842892;
0,974038743143901;
0,979757389446973;
0,974541748628949;
0,963851466162697;
0,966239304353656;
0,974415049052848;
0,974355432091315;
0,970273827176262;
0,966047674699302;
0,96707583304974;
0,973246110655694;
1,02859168817173;
1,1548429680355;
1,20498902243795;
1,14876465717817;
1,1450733595394;
1,18611363635257;
1,18608882915761;
1,16318291603882;
1,15084968606027;
1,15974401497558;
0,874493123170673;
0,145251793821307;
-0,215946756677915;
0,0141563475565953;
0,0747346530927288;
0,294142657389696;
1,11606519130383;
1,5048305646253;
1,1770757066638;
1,05852989598515;
1,05943602426058;
0,769548422914179;
0,564626813539763;
0,581472421953358;
0,557628411657179;
0,366539938632898;
0,0523473302733156;
-0,0863543756871988;
0,00713263358931793;
0,0293589020740708;
0,150140428043691;
0,549709468505645;
0,722049572061777;
0,541464474580933;
0,432251219217238;
0,306874854981262;
0,0308835200065246;
-0,0740438521780182;
0,0124386370489425;
0,022311995676258;
0,0786724279821034;
0,344632920982055;
0,566734951799241;
0,633228928789996;
0,713133986735071;
0,676294890065977;
0,443271684268829;
0,413990432143572;
0,646150209543431;
0,764547870216839;
0,816740925528651;
0,983805271805828;
1,08613162559474;
1,06129767676429;
1,06967265576025;
1,09536374808266;
1,07499657783874;
1,05683189850226;
1,05990925433447;
1,07594222375698;
1,1069012542623;
1,13472135405221;
1,14856250576658;
1,15994822071557;
1,16096309384983;
1,13920842800433;
1,10757331144098;
1,08078965867047;
1,05511807914546;
1,02107334110816;
0,989504567058645;
0,974982713262328;
0,974745888229987;
0,975461761577324;
0,954074778497769;
0,899485808027601;
0,827777076640062;
0,766709484158191;
0,729226141585577;
0,708115586370321;
0,700455742957183;
0,706231963118435;
0,717102153578855;
0,730007852927213;
0,752695914491144;
0,791659156542319;
0,844351015081558;
0,896615755194424;
0,933074153052165;
0,954353662077122;
0,965290155710361;
0,971988768624099;
0,988404995936697;
1,00471786128325;
1,00228587003221;
0,992152806120222;
0,979025216356473;
0,959290506488718;
0,954851465578951;
0,976936220676489;
1,00795856830747;
1,03055484075992;
1,0291358762687;
1,00403128006349;
0,975948463110066;
0,9522396052529;
0,930618427253824;
0,91270111435476;
0,902088220558694;
0,899457152854122;
0,895844705750576;
0,888346602542201;
0,875466256459749;
0,851689883662467;
0,825370107413184;
0,601308681766946;
0,095100643503351;
-0,146894536383403;
0,0108292424593455;
0,0503532319514551;
0,125537946791699;
0,489911250601682;
0,63521526978374;
0,462715209932288;
0,404888823301916;
0,421115372534603;
0,370830810528177;
0,34373585082749;
0,370059351543488;
0,446385617796613;
0,540530622953297;
0,61241379246514;
0,676466965658744;
0,752971778723077;
0,854412706656787;
0,970629877648188;
1,06355489122377;
1,11342569435552;
1,12910016965206;
1,13115463362457;
1,13685845160921;
1,15050918479168;
1,15436232964933;
1,13864204221225;
1,12435674247176;
1,12258242080758;
1,13667976976497;
1,15970122970405;
1,16582879514486;
1,1598638222692;
1,17228519121131;
1,19935444314229;
1,19402085308078;
1,15388672709615;
1,11938209251425;
1,09620168558116;
1,10074069528965;
1,12911270036148;
1,11350568649936;
1,03884792218739;
0,724532694493004;
0,109043320953493;
-0,174447293318908;
0,013915798174218;
0,0594080087321055;
0,205051618270685;
0,786044728230121;
1,06402105504018;
0,870128490818254;
0,849031886759723;
0,957402946738424;
0,941397392038039;
0,906381200950369;
0,869661947142462;
0,798546371233306;
0,738881436861736;
0,699598805382972;
0,668050353804927;
0,665355006919338;
0,705245484571008;
0,792784590394317;
0,911482476267655;
1,00992817063177;
1,043238894861;
1,00138141520216;
0,938050696838644;
0,917876775192918;
0,940415818484703;
0,975358769829276;
0,982978563490588;
0,934895134952337;
0,86170363628665;
0,825325773462962;
0,837280797385501;
0,853795766940456;
0,858360841177033;
0,85078405458878;
0,8244209841322;
0,808047246093503;
0,82081226978889;
0,847457525665612;
0,876603054919207;
0,892576423275197;
0,888286233437038;
0,880502768730466;
0,874834948126485;
0,868082437172503;
0,870684862700598;
0,884863568739578;
0,90017354692801;
0,919645375023655;
0,950718460889575;
0,990619315585829;
1,03313989926911;
1,06851720290952;
1,05096665299753;
0,972275049144451;
0,958126416192523;
1,03541080278503;
1,07969785316373;
0,803295278248702;
0,132977984626249;
-0,196796502383699;
0,0122872203874719;
0,0684272413392612;
0,296035451592557;
1,12468504862061;
1,55900074463991;
1,30787890651783;
1,25818616746546;
1,36423147879252;
1,22110072048763;
1,06945870940628;
1,00590469243306;
0,886163061234652;
0,583051779957929;
0,0880006885690478;
-0,13820447798866;
0,00983547074728586;
0,0476612310148214;
0,118255930995906;
0,448732476557795;
0,562161246832767;
0,42587821454628;
0,462655614687836;
0,56791889112576;
0,583117990011833;
0,579216082067936;
0,577756356160143;
0,602095688868423;
0,610803944465898;
0,563352468518621;
0,487283886236642;
0,400474788495684;
0,348458034829941;
0,332208923410079;
0,313703400837986;
0,313860238294493;
0,355373692177227;
0,459891259901245;
0,607507446457475;
0,733583662353295;
0,836882253797406;
0,916770125814392;
0,949641362593309;
0,976917028716541;
1,02645466767903;
1,05905364941718;
1,07603121560186;
1,09281616257572;
0,808347649158043;
0,123825418998266;
-0,197440685451735;
0,0162350680839733;
0,0669353558898258;
0,251689236858251;
0,967391040576108;
1,31950305956721;
1,06988371107031;
1,01487881804941;
0,854878021152917;
0,14464346884893;
-0,219254525874182;
0,0174265856152347;
0,0742763603813915;
0,244962524546413;
0,95591045179338;
1,31094391252825;
1,06771990570863;
1,0118066117375;
0,845657668225429;
0,140390828248977;
-0,216219009665785;
0,0179871517631304;
0,0729118493747731;
0,181143347123429;
0,731994899961576;
0,999197383737743;
0,792095339718411;
0,737836530631379;
0,619136756142562;
0,103899573007814;
-0,158485728075556;
0,0128052022082212;
0,0536062870284584;
0,180606472705975;
0,709423690479325;
0,99277757318252;
0,847001281505452;
0,83430179466811;
0,702471877793025;
0,119935448034207;
-0,179751245453646;
0,0136252591676578;
0,0611996612838687;
0,225106582922021;
0,872662566134224;
1,21038598352833;
1,00303476118467;
0,940514546293792;
1,02577651854783;
0,993402168666128;
0,971100932542611;
0,998599919231946;
1,00160785358414;
0,986799776445047;
0,982855373339529;
0,988542927808076;
0,995174477273021;
0,996822105222661;
0,737476833448975;
0,11747548769533;
-0,180714827344234;
0,0132483748281537;
0,0619621295285556;
0,143509077672967;
0,579491633884166;
0,774629463693882;
0,574681487265379;
0,502457960515918;
0,555509627660059;
0,526915993893333;
0,50063227016639;
0,522431770252767;
0,546426807173492;
0,56317042207291;
0,589640447018684;
0,622055696493955;
0,650904551944266;
0,682081334672084;
0,718258752134853;
0,750862577305293;
0,770430248740671;
0,791127547292133;
0,829809567473386;
0,867744969573552;
0,90539319453477;
0,948437168484166;
0,97802314476542;
1,00828807329547;
1,05294254388746;
1,09982949715533;
1,12875098706539;
1,11449560665952;
1,06984308892004;
1,04485151492627;
1,06153910684596;
1,0970296742705;
1,12261287881744;
1,11901800230304;
1,10004034750278;
1,09623645870644;
1,1019033566425;
1,09528337088294;
1,07180707660769;
0,780963157353026;
0,124374453248032;
-0,190544272383393;
0,0135642746606401;
0,0655373192615185;
0,237615860360731;
0,924741520285922;
1,28145239716852;
1,03921647842679;
0,936228259943904;
0,757287366059512;
0,122171458115731;
-0,19250997149887;
0,0169610322863827;
0,0645297020734773;
0,224816485186184;
0,862957900059629;
1,13996227786584;
0,839296417393942;
0,720824299672824;
0,604024479535152;
0,102385077903218;
-0,155642621936299;
0,012653619958836;
0,0525798629871254;
0,194087010754978;
0,769701678415757;
1,11798109417647;
1,00838551900833;
0,98803093787021;
0,803504367060948;
0,134246965913523;
-0,203370834998244;
0,0155351806018312;
0,0692539152915337;
0,166410337375017;
0,675832454252884;
0,930901679583003;
0,765100187095532;
0,761504545710847;
0,658278228223098;
0,113566917596132;
-0,169645095557268;
0,0129657238969424;
0,0576762592954349;
0,197494158004676;
0,770146728229562;
1,07057128283937;
0,904417796573547;
0,888026431974504;
0,75007620153491;
0,128693113793494;
-0,192103147538598;
0,0143814157437812;
0,0654800170107788;
0,204147550043846;
0,809790808161311;
1,14974181741536;
1,02092212652665;
1,0500713899099;
0,892371091406828;
0,154147096380938;
-0,228312745090639;
0,0165360935780929;
0,0780760000552398;
0,297645700085206;
1,15256566409072;
1,61226635538688;
1,34594643066229;
1,21916959113438;
0,958869532729002;
0,147670658638723;
-0,240611714895818;
0,0226235564468685;
0,0801142215173757;
0,219323401445197;
0,862968761934337;
1,13943538385135;
0,849188592561845;
0,76148601047456;
0,650426194194223;
0,114518042370448;
-0,167539810801064;
0,0117913439245759;
0,0574126314666825;
0,150320446730541;
0,599138336501926;
0,808986045303688;
0,643199879405884;
0,647105390278663;
0,573435529061167;
0,0972234309745654;
-0,149175294630754;
0,0128196057541743;
0,0500468008202285;
0,0690996651491017;
0,327242585761033;
0,483483552213677;
0,411724284661054;
0,386513091679765;
0,442593671524657;
0,497421592524865;
0,595114002040151;
0,721205073581649;
0,801368320297687;
0,826033593863711;
0,838754336850586;
0,873590786872253;
0,917325238424642;
0,963388168736915;
1,02689751854871;
1,08216180040321;
1,11311815420881;
1,1234209965301;
1,10083512209392;
1,05602006412318;
1,021006432608;
1,01497482022154;
1,0225597457413;
1,02205371017551;
0,758109205312859;
0,124179763208232;
-0,186098675756846;
0,0123668282109301;
0,0643643993090142;
0,251014393014885;
0,946752495104293;
1,26951242690095;
1,00219872582879;
0,933292373185497;
1,03377513435434;
0,993195563484359;
0,956931125589976;
0,958744807693589;
0,93017866648712;
0,906389190423939;
0,904484646672018;
0,905214390597005;
0,905477379773651;
0,895386869712546;
0,651412223275152;
0,100766191883575;
-0,158601770100685;
0,0123767863384703;
0,054078931751422;
0,191623280723796;
0,74654601862833;
1,0390608744103;
0,872048182889221;
0,83712190546088;
0,933949711835493;
0,928990030917876;
0,92443531097143;
0,957780871709905;
0,967987008832874;
0,960848076679361;
0,959790485442784;
0,960704836482306;
0,967454375039747;
0,988682997109842;
0,751905937663613;
0,126982995370863;
-0,185997279230967;
0,0114751578323225;
0,0646785256209171;
0,216861269545747;
0,834018385979526;
1,13042363584211;
0,902085834466607;
0,846120617787069;
0,944155452625259;
0,91441328872559;
0,872259739224405;
0,872239839305123;
0,875663515457524;
0,888896107173584;
0,910017081062998;
0,918881930803037;
0,917675647194696;
0,92456191766445;
0,928013895971122;
0,908898923770552;
0,881347750460137;
0,855472321642511;
0,83215676943124;
0,828003573573581;
0,837473593129669;
0,822244124989818;
0,771245165085718;
0,704896334007358;
0,48267186773174;
0,0662362870664076;
-0,115405736522574;
0,0115061675924005;
0,0383058988728359;
0,0737457798366403;
0,320350440933811;
0,452464038996535;
0,380950359549506;
0,401675289517397;
0,510869845312942;
0,570627995955374;
0,63899588375685;
0,742586715459227;
0,83128532023634;
0,905319947912887;
0,972233643915521;
1,02867237968096;
1,07863108412581;
1,11227877578696;
1,12662772619824;
1,13381633454941;
1,14202766932863;
1,15907123217428;
1,1796600031839;
1,17938101372818;
1,16713855551318;
1,17062360103423;
1,18901791109547;
1,21550541101545;
1,21982890761423;
1,1812428619571;
1,1592731673623;
1,18734372294854;
1,22046525270441;
1,21508067426187;
1,16730823461998;
1,13314567832599;
1,1229187246353;
1,08313274173857;
1,03737876513156;
1,02019332039978;
0,990384648198291;
0,923594250865369;
0,855553862274842;
0,60829183409749;
0,0932179553844947;
-0,147974782440587;
0,0118537655473583;
0,0503234596410401;
0,173137423161831;
0,665134118397704;
0,897654576088614;
0,720336990093382;
0,693610947105222;
0,594950231511735;
0,10411110404032;
-0,153098555372406;
0,0109679212569834;
0,0523826917611626;
0,222759839864467;
0,826356728742294;
1,08192929428983;
0,810710665412387;
0,735370224293728;
0,848854128247991;
0,85291153800834;
0,852091496791619;
0,875356948719106;
0,844591292470205;
0,786565039980138;
0,745949866670131;
0,73116661564276;
0,739962909615309;
0,757990905157;
0,785101698454699;
0,818527315220586;
0,849084839739973;
0,886857615035315;
0,924173680200853;
0,941339780110223;
0,953301448109554;
0,971758313673125;
0,985592832191542;
1,00037030433834;
1,02181705899235;
1,04170714442408;
1,06811331681617;
1,08939271743974;
1,07628355989836;
1,04883171320484;
1,04098673836904;
1,06423001436897;
1,09041732454921;
1,0773705987012;
1,11636142370522;
1,26023215137325;
1,31878823445816;
1,26052874295048;
1,26945234356633;
0,987726035135075;
0,169733670978173;
-0,246458276766172;
0,0150679946890834;
0,0856995154045267;
0,208214976360736;
0,860064625981263;
1,23067956407539;
1,05375572306275;
1,04310695059459;
0,901554978487485;
0,166447328769105;
-0,233390345419421;
0,0137619840765403;
0,0811265254452269;
0,213116153963015;
0,857951948658248;
1,18143001290641;
0,884195281923822;
0,687985096948837;
0,534858671696867;
0,0912063497182219;
-0,135777978692257;
0,00979582947782939;
0,0464801777213017;
0,110992797939385;
0,482294824191779;
0,72877805237189;
0,623636985130247;
0,518768823129813;
0,518492581197039;
0,472378525778716;
0,403700447703939;
0,355094802050016;
0,294596332044065;
0,238706511460469;
0,223794862215677;
0,266595396314866;
0,351090004254122;
0,46735186018184;
0,614427236913487;
0,737911509591662;
0,809060085697593;
0,854686056886373;
0,910675650044088;
0,993792245223918;
1,06822626717198;
1,08957511805221;
1,07076788600248;
1,04923509635359;
1,03055633321909;
1,03524930913285;
1,07564390527468;
1,10435459458442;
1,10154428111408;
1,08578746667209;
1,08639173958334;
1,12516644986592;
1,16650242739993;
1,18154542042756;
1,17538618997471;
1,1407571823792;
1,09854885763722;
1,08561572813699;
1,08216095185188;
1,0495212978499;
0,9869031210373;
0,91361370706993;
0,85416989068143;
0,826292471128976;
0,82235927412538;
0,81611840012698;
0,785314008932538;
0,740777557591099;
0,716775281043694;
0,720947164195268;
0,732440303052079;
0,74388593939994;
0,765786009965686;
0,795466541270901;
0,605005371448097;
0,0999877460023375;
-0,149403121341103;
0,0100078694039417;
0,051610320045568;
0,229800574701371;
0,871864789841919;
1,20514115022737;
1,00480160864847;
0,956084530950138;
0,793349955029575;
0,132097524753489;
-0,202556361952975;
0,0165433055325276;
0,0684494581427787;
0,216787853484256;
0,847881955281421;
1,15639370204265;
0,932482529999174;
0,888848911332826;
1,0076543152836;
0,989811850931314;
0,948270192099353;
0,938885974059214;
0,907379842591402;
0,870800055404353;
0,862828367119373;
0,863274521642693;
0,851926204345537;
0,838320380924734;
0,815636922757259;
0,779408173737991;
0,751865007246446;
0,736368265974412;
0,71302415049862;
0,678446971417724;
0,64285555209841;
0,613954539956653;
0,598638761231161;
0,578486948434924;
0,536045515008975;
0,498587603677964;
0,482228132622355;
0,484989438763034;
0,516694921256996;
0,564324891169042;
0,606492154198449;
0,640032274953943;
0,674863483435605;
0,722916166528195;
0,567323694033754;
0,0983869404256941;
-0,141579298639535;
0,00828821524620004;
0,0493931079574293;
0,253036950493643;
0,947911017905052;
1,31546980621589;
1,11469460077427;
1,0722240285329;
0,890855353974775;
0,150890045687687;
-0,227354084605019;
0,0174418295242731;
0,0773321849385499;
0,254907350084599;
0,98697015939355;
1,34100842665015;
1,07338370790797;
0,988995713047932;
1,10213274945756;
1,12590510049941;
1,11760649476287;
1,09604294887403;
1,06232226918684;
1,02721285266785;
0,998136636525284;
0,996030992345576;
1,01470166931223;
1,00409703763875;
0,960263406726025;
0,937615600321596;
0,940512878969137;
0,952162269111592;
0,98147947009484;
1,01350201649039;
1,01727892630354;
0,990109353929228;
0,952357672144494;
0,92190278046263;
0,906817686102177;
0,914752120253456;
0,9383684549768;
0,950386802636444;
0,940443177549822;
0,918081317550132;
0,897185339304656;
0,893208024677689;
0,901311125195809;
0,911154586469718;
0,940776415434593;
0,977012102842398;
0,977154095412145;
0,962112293814787;
0,961434700770906;
0,947729463012133;
0,900853555082071;
0,843955267309475;
0,790693536840467;
0,727941393519582;
0,678118772230543;
0,667143085486752;
0,685010474496589;
0,731276361731996;
0,783930340306034;
0,807941643078752;
0,811058769101112;
0,811362747811731;
0,823825755329572;
0,855201999910529;
0,893522672834462;
0,939119555136303;
0,989443924238962;
1,0190428104102;
1,02147591124667;
1,01707942795564;
1,00762562244568;
0,979642530407232;
0,948783815329088;
0,947678889836316;
0,986492643800448;
1,05492213614747;
1,14313055807945;
1,23580863490367;
1,30895002167553;
1,35138616906189;
1,37412209298982;
1,40540757223898;
1,43806365666539;
1,4161848562758;
1,33590714480635;
1,23177216493561;
1,12520282007297;
1,08403987409709;
1,13102935917291;
1,17879563817663;
1,17171675124085;
1,11720984523841;
1,0465237728821;
1,01131131077743;
1,03176206280221;
1,06005257841595;
1,04215940972747;
1,00476404831063;
0,962867522518364;
0,890738124339361;
0,830510475156753;
0,786987129542838;
0,725626502840171;
0,712604798702477;
0,766831372515524;
0,757962388142467;
0,648407225109715;
0,55370225914181;
0,543771741119207;
0,624674584137007;
0,73130815110628;
0,715459511327064;
0,521822769526484;
0,276791300700869;
0,137054216071971;
0,098237730749892;
0,0585653934289348;
0,0302305793895854;
0,0648935481086548;
0,150962162194729;
0,291438063590309;
0,448275779462895;
0,565012329780571;
0,658991033916211;
0,537015503154087;
0,0939875837298661;
-0,13550043680494;
0,00834110891703204;
0,0470462620188309;
0,255093444731988;
0,95348155891779;
1,31089172800672;
1,07076022355209;
0,993117682741426;
0,831283531591853;
0,145171893640275;
-0,213698594041211;
0,0153248984337108;
0,0731163704470377;
0,232829596423757;
0,916524614321421;
1,27823768306773;
1,07165387209759;
1,03334178184304;
1,13751733105264;
1,07694617113364;
1,03856068407581;
1,09140999443801;
1,11399911113644;
1,13202924806768;
1,1759681033815;
1,17342026584796;
1,12465466767376;
1,06305636001319;
0,74303556070852;
0,105103061650664;
-0,178031185982647;
0,0166048563635844;
0,0595892405909103;
0,177340559752188;
0,705780182921417;
0,974312532013655;
0,7986624624342;
0,753952414944774;
0,626122249785376;
0,10463359765273;
-0,159673878947291;
0,0127881849647045;
0,0540759331615982;
0,202614250379353;
0,784714758976626;
1,09056424253551;
0,915689937198717;
0,879778156867711;
0,964011653141104;
0,91681164178791;
0,890133403434421;
0,93280541595918;
0,947000851565068;
0,959882624099608;
1,01118888822215;
1,03902231757719;
1,02337522789063;
1,01166344990084;
1,00434117660579;
0,985691760434;
0,971100131334287;
0,960076668168897;
0,945261062613206;
0,938945525866654;
0,945477664612026;
0,951697022712398;
0,946993204639975;
0,935081882077579;
0,925259944361307;
0,920772276405155;
0,91828114118773;
0,912646326570708;
0,900846680786261;
0,658818292097399;
0,102958236354595;
-0,160867652012198;
0,0123432280262326;
0,0549306165673404;
0,153810596257729;
0,60844214805817;
0,829882336813009;
0,663131157796281;
0,608981823287242;
0,656127023340052;
0,620870283170048;
0,585950106171855;
0,584295582917764;
0,585561671130428;
0,584969900299217;
0,595408495428604;
0,611515146694197;
0,614407704413242;
0,621383114312999;
0,652676915167701;
0,70328148038578;
0,766594237908988;
0,829789237025954;
0,883515689075151;
0,925513847072662;
0,964921870895649;
1,01117946979721;
1,0507197396011;
1,08394563216695;
1,11150308761378;
1,11625379426386;
1,11115135745018;
1,11783332915722;
1,13580760741267;
1,15195857413455;
1,14839927942842;
1,13176249363294;
1,12154079633896;
1,13003273157089;
0,858699223050394;
0,148619505412516;
-0,212771089913486;
0,0117919198041927;
0,0745704486413156;
0,266672680609412;
1,02343682222607;
1,40963161373666;
1,1555672773871;
1,07251579347613;
1,13505879003155;
1,01675433019301;
0,930001577096332;
0,942734278942828;
0,899554738598173;
0,615336914089953;
0,090010259947196;
-0,146616511355468;
0,0120260622905088;
0,0498316862149164;
0,159833227673068;
0,652861012302427;
0,981211047189596;
0,946401272000108;
0,971657963598346;
0,781815873734644;
0,124293757854959;
-0,196321642753888;
0,0168852376611959;
0,0660616877616007;
0,224115991263223;
0,863582823778489;
1,14555013792083;
0,860607600529337;
0,77023596223907;
0,860710371042425;
0,825196846372196;
0,808765816456516;
0,844350687103338;
0,824114617275729;
0,774102864537275;
0,751592385799666;
0,764364179766929;
0,817929839449227;
0,882121531813096;
0,922084524189799;
0,947551793600162;
0,953309722065782;
0,935363580289022;
0,923638720908706;
0,923805436586495;
0,915441917846025;
0,892240952039664;
0,869289704694097;
0,861212540724614;
0,866731536108863;
0,881777699039509;
0,893110507230184;
0,885572742072216;
0,859410434310504;
0,825791330750846;
0,812262980640579;
0,833529669916098;
0,873371808445575;
0,915930034947275;
0,942720214081802;
0,945622796166627;
0,950308109565966;
0,973693416351408;
1,00110019757853;
1,01363456645625;
1,00479776685451;
0,989708444409944;
0,991952985846121;
1,00909215921496;
1,0260264017103;
1,04063490539589;
1,04934174630163;
1,05391710852026;
1,06730807632718;
1,08855235500398;
1,11153147438877;
1,13907790909458;
1,16431946205864;
1,17817269580949;
1,19155249655719;
1,1994127341461;
1,17184559822371;
1,12460250040158;
1,09550277291302;
1,08193621108334;
1,08180613524269;
1,07871946041902;
1,03695726416563;
0,97897985325983;
0,94210603231078;
0,924146414819112;
0,923943428790578;
0,955461678507907;
1,00190564174706;
1,01881549446279;
1,01100877558674;
0,982026523727317;
0,925199254813284;
0,88173708622168;
0,847370128176599;
0,81484854735702;
0,794267568430116;
0,720341274990736;
0,606237418577016;
0,583115892841315;
0,732600194229799;
1,01578898491457;
1,28323343768135;
1,42515791626301;
1,08687107562773;
0,175297922914738;
-0,267856381180183;
0,0194913265167904;
0,0918583803200729;
0,0158381123052011;
0,141026685262957;
0,118032675860756;
0,0542581639581157;
0,293502758605687;
0,604592382532426;
0,755031709417172;
0,80088158806501;
0,791237310296598;
0,770674080675268;
0,575531225359817;
0,0991321819146554;
-0,142091263972378;
0,00780734784334555;
0,049844669419839;
0,195473018066153;
0,755916947711554;
1,0889072833743;
0,99257904355271;
0,992568223791531;
0,805472520695461;
0,131083353130612;
-0,202881149665325;
0,0164760836715531;
0,0686823476354253;
0,165751311681708;
0,679474527216918;
0,94704895226686;
0,777645479065484;
0,739641684882681;
0,623126577195423;
0,108203392640334;
-0,159759406998688;
0,0115005100179791;
0,0546543363553602;
0,216847450230308;
0,838237327633833;
1,18347458591292;
1,02671712254513;
0,991489514296454;
0,80719716744599;
0,130941764961664;
-0,204281555381731;
0,0172470818121632;
0,0688359402808372;
0,231670049958908;
0,908510106002342;
1,2590370265729;
1,04652479863504;
1,00830234575282;
1,13324500817661;
1,11400086088682;
1,0784823248035;
1,08361831950694;
1,05586831693782;
1,00468221800583;
0,960086844615464;
0,91765272866655;
0,890199128934896;
0,881873102696791;
0,876498420589046;
0,873383377158763;
0,863035597096369;
0,834950120303744;
0,797728126740782;
0,759257642686041;
0,731299714852572;
0,717696635268223;
0,706387920437367;
0,685148118048194;
0,650051042516483;
0,615706322015731;
0,584524258955014;
0,54694565709138;
0,514427311610465;
0,486024141806871;
0,45583916841386;
0,435011817204669;
0,418209749770125;
0,405853794551408;
0,425181591346004;
0,482766613058359;
0,553266137607206;
0,619733112348923;
0,688642122494055;
0,554700291153622;
0,10148366586787;
-0,139594194708992;
0,00654683682395611;
0,0493866739389977;
0,255874471571317;
0,96348220073044;
1,35954253502815;
1,18031554388785;
1,13600188346747;
1,24055043568377;
1,21370177697515;
1,18957327382011;
1,22162606779287;
1,23217175980406;
1,21865904514095;
1,20833582025854;
1,19586287373165;
1,1678609121917;
1,12720415126306;
0,809837798948846;
0,122281207639896;
-0,196730211602581;
0,016392390822645;
0,0666318089936205;
0,20579602875973;
0,799427290480056;
1,07489487359337;
0,859356965945415;
0,829273137374932;
0,700260267901399;
0,11302483535337;
-0,178952694685827;
0,0162036177557411;
0,0597635582441542;
0,230965860765613;
0,90469468555602;
1,27159715950759;
1,05881595426732;
0,951385561859377;
1,01057677111307;
1,02769498659748;
1,06877175861034;
1,08012512136964;
1,01770959726548;
0,712498686538254;
0,106446216211272;
-0,172061028549125;
0,0143112559823147;
0,0583194487046495;
0,186420072969621;
0,734558082954622;
1,01646421856463;
0,842958005178361;
0,820713788153089;
0,913039635416587;
0,853382081204978;
0,815175523578486;
0,865019990467904;
0,878553394548917;
0,850990382006565;
0,832888654226489;
0,840135351440353;
0,862749229910003;
0,870490160740549;
0,870141753772415;
0,877503041527376;
0,876618725898085;
0,875282734860167;
0,898091854040626;
0,926529875729928;
0,932229589437578;
0,917479642131161;
0,89352718920288;
0,871149516209444;
0,861912356901964;
0,86354191026548;
0,86107692094598;
0,851167384667781;
0,840727165405727;
0,83230157837929;
0,833125495403328;
0,839033890912568;
0,831563221556729;
0,817216685130168;
0,812023557029311;
0,819564194739427;
0,846373224510186;
0,889778668113696;
0,931617419645093;
0,963343204923403;
0,990879274913063;
1,01333242698683;
1,03122393072626;
1,04269666787712;
1,03916583817069;
1,03850963584988;
1,04735293940395;
1,05873445084795;
1,09168936751574;
1,12799217357559;
1,13640383285405;
1,14602594744185;
1,17624743043819;
1,20054602975582;
1,20587976151668;
1,1961509954258;
1,16190956194138;
1,09106081500892;
1,00249116805202;
0,960384755537278;
0,978192565098691;
0,988338499949515;
0,984350795419048;
0,985557629458579;
0,7200472260153;
0,106771967006297;
-0,175065559704506;
0,015483233744694;
0,0588918691052113;
0,197055051420844;
0,761795290274976;
1,02653595041892;
0,791248154827098;
0,656307008795992;
0,623931976428371;
0,50694907434892;
0,427310696685509;
0,418580815757457;
0,455516547827744;
0,548790724517858;
0,691889245878574;
0,871456937459808;
1,06482651357243;
1,23928667546358;
1,2986128006846;
1,11560256154047;
0,775045372703288;
0,533154443156712;
0,469680331580121;
0,353644056227036;
0,060544612219493;
-0,0873288452811802;
0,00496363211137501;
0,0305604719592731;
0,187644104280669;
0,725982638120426;
1,09032972253002;
1,03759865179877;
1,00588181421739;
1,01555422634867;
0,928763527340351;
0,891418710169762;
0,931271331122675;
0,966618096640536;
0,732965872161689;
0,123996988487439;
-0,181142817782911;
0,010998698335853;
0,0630741123192373;
0,201970985730514;
0,774162397044818;
1,02740656553143;
0,779905216934897;
0,711893117044117;
0,795483114169974;
0,758018679484983;
0,736925803564117;
0,774498996359699;
0,799067775579962;
0,820233129859167;
0,840198090028723;
0,849051505513503;
0,876715165358253;
0,927661947566667;
0,963521371642448;
0,968293913696374;
0,958695254003762;
0,953649396964244;
0,970393732857079;
0,992093772015405;
0,977885596599189;
0,951152397845104;
0,952349244407326;
0,973785727398478;
1,0070881130815;
1,03349925266028;
1,03549212580437;
1,03667910357839;
1,04878332302769;
0,78294275556439;
0,125500395046347;
-0,19223841759745;
0,0139558503563288;
0,0659624669996306;
0,213120001138565;
0,832078254731726;
1,14154859286314;
0,923414045310599;
0,859443956793378;
0,711129592499559;
0,116951588511799;
-0,181386718494482;
0,0153404683734045;
0,0610673774140879;
0,193298606808242;
0,756311112559769;
1,0305833742127;
0,82413209102681;
0,761236428437315;
0,628706368025729;
0,102869735479702;
-0,160171405019532;
0,013673872680306;
0,0538738289393802;
0,127177536683833;
0,514605296453526;
0,683219954609013;
0,507059400524906;
0,463283255854864;
0,522799346133293;
0,503543696211917;
0,519384175006331;
0,572091760273097;
0,591597241507289;
0,613699002714729;
0,649602280087037;
0,679614425541539;
0,714288814994461;
0,744608291279703;
0,767040898643601;
0,814512223963561;
0,899024178895379;
0,987634476025076;
1,04993069465351;
1,09354138125672;
1,1276474592091;
1,15218682646196;
1,17973525341681;
1,20367188708707;
1,19924660938151;
1,17262223343977;
1,13903516223465;
1,09427071773745;
1,05369978867906;
1,03798809082819;
1,03480971668477;
1,02314675799596;
1,0021841731074;
1,00564597173284;
0,773817067142398;
0,13829704218205;
-0,19293983462859;
0,00947702770224582;
0,0681232576883515;
0,264891181189155;
1,00020176393043;
1,35197689216704;
1,08196935332223;
1,02161972278954;
1,12583954472171;
1,03616091399465;
0,913306032824362;
0,834104546841303;
0,76215654724179;
0,740544770349992;
0,761214250951176;
0,772108749514411;
0,769373928048073;
0,768800498150213;
0,780899542732784;
0,803400239377062;
0,823054664275766;
0,836616896266288;
0,838895945920377;
0,621470059600207;
0,10302210450492;
-0,151997881202865;
0,00929890038815717;
0,0529431757982407;
0,204119545068438;
0,780991754799422;
1,07755850167257;
0,887972879461999;
0,828350620747005;
0,885389785040594;
0,817201895196858;
0,785131688710959;
0,837551699196725;
0,848258782784345;
0,608334578786716;
0,0932421654094794;
-0,147000202017073;
0,0112785803493583;
0,0502430514885481;
0,204467719172254;
0,787667349733317;
1,09977265630482;
0,927732623259671;
0,881980125238562;
0,728320290034861;
0,122605233575645;
-0,185658396520752;
0,0144538310086697;
0,0630626343062725;
0,184324746514779;
0,729195672995846;
1,00140578140366;
0,812129501114426;
0,765156281568148;
0,845819461939209;
0,816773027161927;
0,795889039110488;
0,831288737526677;
0,86094091093191;
0,882930924014717;
0,911908229618271;
0,940799590644502;
0,974218658965124;
1,01937615415338;
1,07195762300919;
1,11777621663743;
1,13474296258075;
1,13021534225562;
1,1364849377985;
1,16298771798844;
1,20826036768065;
1,25623158946066;
1,27415991778834;
1,25994031809411;
1,23124322861775;
1,21252694055542;
1,22146348194;
1,2378737705412;
1,25778519369481;
0,954344123769774;
0,160841662996465;
-0,236499184293337;
0,0149490460856808;
0,08206815661327;
0,206037118429957;
0,835151163020636;
1,16511100851912;
0,957637490983055;
0,902307637963934;
0,973165958869488;
0,884703211098254;
0,782133067820408;
0,724640430511805;
0,650809307548314;
0,443711864885326;
0,0681063431476469;
-0,106306481855616;
0,00765828411167744;
0,0365838263919328;
0,199607866622519;
0,785115806814938;
1,18016596160389;
1,08255079898012;
0,943119279901126;
0,831403518852889;
0,6604940575934;
0,573003166446012;
0,528274776865947;
0,403377894514609;
0,27210457120135;
0,300162043788709;
0,496641366616927;
0,695827371422713;
0,805022039437242;
0,636596795482189;
0,113038394669235;
-0,158959857644992;
0,00824130042877773;
0,0559262473942476;
0,206309164289401;
0,792971671632795;
1,11537265747491;
0,987940764580451;
1,0004380779984;
1,07125672642527;
0,970997426762052;
0,889672407094786;
0,8817233471608;
0,864740043439202;
0,833548828228634;
0,805424480305062;
0,778236238607008;
0,758136885446343;
0,75693145126954;
0,762162750963815;
0,762915672634371;
0,775098585927729;
0,801890306218969;
0,828680178413755;
0,842612828979635;
0,841693429152929;
0,846819897549025;
0,878559002558744;
0,930826182811087;
0,980519025668325;
1,00612640696429;
1,0164310696167;
1,04585726407685;
1,08612235103327;
1,09854726695826;
1,08038770121005;
1,04971045297322;
1,02460594072836;
1,01137782059592;
0,74497207083419;
0,118540636443535;
-0,182299693388145;
0,0132919966365298;
0,0625454602932483;
0,240263769288682;
0,922388993246738;
1,26652557836204;
1,02887047789045;
0,947923109035923;
0,777286964880953;
0,127446433822001;
-0,197890193486756;
0,0167158758705949;
0,0666435576903269;
0,188813600215249;
0,748316339396768;
1,01522988345503;
0,796130055568768;
0,722039953727943;
0,593017888964331;
0,0946138940064934;
-0,150926517667242;
0,0138287188084823;
0,0503498527871541;
0,147866976518698;
0,592300782976203;
0,828635454975023;
0,710761671731993;
0,719083463198295;
0,613653007946243;
0,104562293926543;
-0,157428365184737;
0,0122240422668684;
0,053458464768599;
0,154077952452599;
0,604681495765162;
0,812656765822076;
0,630345749608595;
0,57921348639998;
0,484658730281749;
0,0787380454970601;
-0,124021517516225;
0,0110946108720427;
0,0414736764766164;
0,195988166449577;
0,747596308016051;
1,05026031758056;
0,914432104863565;
0,910209850794271;
1,03372028252114;
1,04083501448479;
1,03494129384259;
1,06395452043201;
1,06884692451756;
0,791015328860225;
0,13141642824728;
-0,194040729821255;
0,0120464482585585;
0,0674917869021031;
0,239614181757663;
0,92415064156912;
1,27993106007728;
1,07046504761608;
1,02259747701087;
1,12676620933446;
1,10045279399705;
1,06252896209221;
1,06528554355655;
1,05027920275345;
1,04103342701051;
1,07776038650829;
1,0930751013817;
1,06205095638622;
1,04053989144037;
1,01459228111471;
0,966781640330956;
0,916759459329935;
0,862101760764904;
0,812283498008699;
0,790322863995268;
0,794942414333202;
0,815523975606857;
0,839312081699294;
0,856407454052821;
0,645241955611125;
0,107761842847387;
-0,159144524046118;
0,0100867799549841;
0,0552359070061202;
0,200278681748109;
0,774560633486506;
1,07663034478043;
0,899732883624024;
0,852047671839508;
0,896817049728176;
0,789300804868237;
0,737423008370831;
0,801902101476371;
0,829091255068503;
0,604896058235742;
0,097085892324729;
-0,147175676918104;
0,00995221654640805;
0,0508663042637141;
0,210542103785169;
0,804421256038441;
1,11115193300241;
0,914210251355535;
0,851613898643553;
0,939621361508278;
0,930465051795219;
0,919340811682081;
0,930722615678948;
0,915889822185199;
0,670536100205529;
0,109781895512594;
-0,164213537087672;
0,0107367972113956;
0,0568850113718429;
0,193190860374774;
0,753833273496269;
1,05153561672682;
0,888672960690541;
0,869697309693473;
0,985791226943248;
0,993719653681112;
0,998324569672009;
1,04448189066683;
1,10630718590756;
1,12255514206478;
1,02531906311335;
0,968165753311756;
1,04086312953226;
1,11933772020278;
1,207249325953;
1,32523860846753;
1,37307341250435;
1,35315751585144;
1,34625609874766;
1,00484147173539;
0,162498431551022;
-0,247019000730379;
0,0174798457870455;
0,0849511273020824;
0,224565764646299;
0,875347500418826;
1,12552539707919;
0,769405888500376;
0,638882081484447;
0,699806905381284;
0,628685014924237;
0,587269189319431;
0,575458103738758;
0,49353995061049;
0,315067698085781;
0,0451829239096524;
-0,0743851814212096;
0,00614312832429807;
0,0252849697672847;
0,082923972904374;
0,324186529695222;
0,469990600239928;
0,495654908848712;
0,657853328363884;
0,619600653029106;
0,118067722037573;
-0,161808142617486;
0,00872097664464326;
0,0565675913237892;
0,0531918766702382;
0,263151255191568;
0,387164048441236;
0,382722806521666;
0,512158342792918;
0,676759982758266;
0,732121228953239;
0,787493503520777;
0,88621881686082;
0,956671143914654;
0,912612275161669;
0,76080762425825;
0,737538984686735;
0,889677207233208;
0,974130025128245;
1,0179070846734;
1,13091945868728;
1,17331036764765;
1,10766299188073;
1,0514703085629;
0,761773458591511;
0,115811580903083;
-0,185630250402863;
0,0154197376977555;
0,0628756660253052;
0,16028209799544;
0,650217837338743;
0,909569090507792;
0,770560934560953;
0,757721181040815;
0,635210534755235;
0,107314662284519;
-0,1619425412801;
0,0124552651336615;
0,0550740638397906;
0,180211189942451;
0,698451873952459;
0,954079763995093;
0,789090352473277;
0,782913886652959;
0,881164116775469;
0,823579074574102;
0,767867019802574;
0,804341149304031;
0,845608316883049;
0,918932538958565;
1,05601851525308;
1,10331981318198;
1,04404931166448;
1,03560262811031;
1,07158087530569;
1,0819556264866;
1,08069647395169;
1,08171783800374;
1,08245524958627;
0,803576393216255;
0,129359348711222;
-0,197270962453714;
0,0140715657343587;
0,0678010852093275;
0,210866183337979;
0,825744474518799;
1,13073113842474;
0,91031462482396;
0,851335080793491;
0,947991362354525;
0,923775072141189;
0,89219844944191;
0,898717279832271;
0,879496688893645;
0,844222167045564;
0,817564737160128;
0,792679522948045;
0,7636014500406;
0,728999425887491;
0,521741750277936;
0,0809131960617614;
-0,12655007362663;
0,00954907404451726;
0,043309880219552;
0,152818265787942;
0,585486616958413;
0,791030467140216;
0,625514179832742;
0,565734635830627;
0,615061194225627;
0,606709080711023;
0,605255508782851;
0,624497647879562;
0,652751809805599;
0,512899193966093;
0,0933759793106591;
-0,128638624776205;
0,00599584132505235;
0,0455402537088012;
0,214680757170291;
0,817093583747877;
1,16983670321472;
1,05264638066752;
1,05142773711254;
0,869799834607655;
0,148023323825275;
-0,221104691586976;
0,0162289403258467;
0,0755577892174443;
0,246039607287788;
0,958798716075021;
1,32077785386366;
1,10315120963019;
1,09061919567747;
0,926958444698729;
0,156938090144066;
-0,237637131217974;
0,0187941296895709;
0,0805483501747793;
0,248464734397355;
0,972461691494219;
1,31947491406408;
1,04010833518735;
0,956334063448279;
0,80093488440078;
0,135489852396712;
-0,205250168643374;
0,0162404294928124;
0,0695695245689903;
0,178628625377652;
0,724103081417835;
1,01059994831388;
0,849529296408675;
0,831790699394586;
0,913330602963232;
0,851167219930745;
0,789268928383995;
0,803222358126775;
0,85634197996177;
0,938709017175338;
0,992906131751831;
0,962747939525162;
0,886217860071454;
0,813671529290319;
0,759385803827861;
0,739554260881565;
0,751559909327132;
0,771355596536869;
0,807275094184689;
0,85741199673939;
0,871434629278553;
0,848482054983656;
0,832843526448787;
0,821014837463413;
0,59812712797565;
0,0940957809243437;
-0,145558473343104;
0,0106609634365269;
0,0499434063225219;
0,198672929910309;
0,761363223538552;
1,04583208071085;
0,857525602621485;
0,823436195746482;
0,94271699044804;
0,945965380642037;
0,926841508990888;
0,929215064268328;
0,913805733300002;
0,91098372530299;
0,93084932566263;
0,947612079142677;
0,953065305479158;
0,941258350654367;
0,91320069850846;
0,880376746480325;
0,852124168252737;
0,846927378961593;
0,870607126546038;
0,899014584154529;
0,920435930584626;
0,939212321741661;
0,952991022733084;
0,972229832294961;
1,01334304881529;
1,06529003818531;
1,09989714937381;
1,10357059401704;
1,09197336858859;
1,08154295703861;
1,07471680479198;
1,0939650517684;
1,12146250272663;
1,09649121339664;
0,778684839673751;
0,117944208238209;
-0,187919775397519;
0,0148897656973993;
0,0640272183058855;
0,246703420167309;
0,943580175670598;
1,28238587285073;
1,02592343977079;
0,954568941516125;
1,09043892284794;
1,13535832052979;
1,16827530915253;
1,18372630862723;
1,13539000947062;
1,09784135398437;
1,105946061266;
1,1226804403868;
1,11420944019902;
1,03128037082406;
0,872654599955508;
0,689152785812946;
0,510105305083313;
0,388606692066187;
0,387056201811061;
0,347631036167489;
0,0858174772149278;
-0,0913111059682378;
-0,00305889636574409;
0,0354482740325109;
0,136070586599215;
0,516523312317245;
0,759311355574565;
0,734384472178459;
0,781653844823178;
0,690573759554825;
0,254597105354306;
0,0355234384542277;
0,243518442236128;
0,437359925335974;
0,528900714383313;
0,641505265242449;
0,735920369062881;
0,827250514539542;
0,957002924531592;
1,07334669742291;
1,12991622727377;
1,14138685522825;
1,12872425319409;
1,11353685220998;
1,10479398322034;
1,1166771755203;
1,13977984146063;
1,13346555194566;
1,1122231220521;
0,816470183490256;
0,127397874280298;
-0,200210818316016;
0,0158700094261366;
0,0681133693464945;
0,189503236921797;
0,749760855378094;
1,01577873671767;
0,801578809680881;
0,751653883938079;
0,63773118781823;
0,109071774325604;
-0,163819556574993;
0,0126557215239277;
0,0556511324773311;
0,193432219174569;
0,766635763993083;
1,09592438379353;
0,959063505126001;
0,948072431818878;
0,801963101369173;
0,143790366651806;
-0,20594867055159;
0,0130846979167932;
0,071218463764427;
0,234167150201093;
0,911692480383327;
1,25922733638225;
1,03588393384218;
0,9832772896996;
1,07471770070166;
0,994300866313391;
0,921595013335704;
0,937402902297629;
0,930477994333698;
0,923025256478081;
0,960250458790585;
0,969032607888106;
0,932921886624854;
0,914972999014082;
0,889027613456117;
0,813498065874335;
0,752961555917509;
0,733596267948198;
0,691590229036353;
0,679946398807087;
0,769298649915126;
0,808202259301049;
0,73212253113475;
0,671629421373352;
0,480543620737354;
0,0683311113789802;
-0,116651415615207;
0,0114614687056052;
0,0387391793700702;
0,113478040479793;
0,451257475983491;
0,614154319178502;
0,493517269443986;
0,481341909482389;
0,419764139079295;
0,0749199401614546;
-0,108757197079773;
0,00754724006155042;
0,0372980187768339;
0,172298698368574;
0,665113489837116;
0,968582650176945;
0,902705906939501;
0,930825830937324;
1,10969249399685;
1,27070809438602;
1,3280066343719;
1,28856438355132;
1,28396436325169;
1,29472986199584;
1,2510265999652;
1,18207086359523;
1,10200426769542;
1,02787728451979;
0,968378975513408;
0,923019587296683;
0,924668870344407;
0,955027037235526;
0,959872257072133;
0,939724361208458;
0,923766140432338;
0,931120105177123;
0,952601412209371;
0,958509349956288;
0,704366743013587;
0,110923101526325;
-0,171975344987627;
0,0128313096616969;
0,0588855572075943;
0,248434533138175;
0,943783464549906;
1,29032712498421;
1,04061679649517;
0,951084544838157;
1,00269449885837;
0,880675692308093;
0,801686211574503;
0,8453799711245;
0,867447881173432;
0,878926615647016;
0,91050933041088;
0,934555885389454;
0,95430077324688;
0,955931726414281;
0,93536639780762;
0,920818302337829;
0,911516460283853;
0,891499870604696;
0,864751331564749;
0,833065845180335;
0,793826181586765;
0,75483793495005;
0,731635433985601;
0,740191999013954;
0,570583700182695;
0,100637336219106;
-0,142105337165591;
0,00745914886383067;
0,0499668638443077;
0,183302996542311;
0,71123995075549;
1,00426697510546;
0,86364759342595;
0,837213575215075;
0,696525915353931;
0,119414730514626;
-0,177828004120061;
0,0130694594903202;
0,0607386080526368;
0,222158747268575;
0,856728860802241;
1,1692298337846;
0,922089769211066;
0,813038069443255;
0,656973550779047;
0,105856498789536;
-0,166980699235866;
0,0147533308932926;
0,0559546475047771;
0,212794876018998;
0,82825653164001;
1,16176741656618;
0,995512154223676;
0,969478699109445;
0,807816467325873;
0,137563437364863;
-0,206137991802862;
0,0154908916140348;
0,0702599234143588;
0,245634050902009;
0,924677278321415;
1,20716574130869;
0,918383414195759;
0,880877495805264;
1,04008942821095;
1,05934411708062;
1,06557735701206;
1,11875392512986;
1,19180954607597;
0,936879073444442;
0,16550087816211;
-0,234584296112581;
0,0128617324818561;
0,082203062640999;
0,22180163342358;
0,892867414317137;
1,26950060870237;
1,07768373473566;
1,00561669828313;
1,07679528015696;
1,02722526457672;
0,95745752573393;
0,92507486424157;
0,881301165999466;
0,614730793338071;
0,0851283843371526;
-0,147705746301627;
0,0147480476714082;
0,0489947072441434;
0,166897774814968;
0,666577344675906;
0,956859156359915;
0,852942120436877;
0,860854194611852;
0,979510538440825;
0,940094547732663;
0,778231225112569;
0,606559327660813;
0,472570673193323;
0,397469867795054;
0,374383146645309;
0,373063995787601;
0,369287103242398;
0,397613828417164;
0,351849343297575;
0,0825260866745408;
-0,0925061171534971;
-0,00121830061399871;
0,0350751440074379;
0,177336376879083;
0,654996162460107;
0,916832665909437;
0,803019362903578;
0,811534285061255;
0,933344352583735;
0,956594580167706;
0,953492933132941;
0,952355987924728;
0,915376319947562;
0,86729663715239;
0,845383174520478;
0,845926119207473;
0,863599602066916;
0,90350075764173;
0,943753169809138;
0,966390781551582;
0,979402619785095;
0,980227859153974;
0,973506322679119;
0,976650650082576;
0,988836389350581;
0,998778251422138;
0,999060226828451;
0,988341433892956;
0,972256886561953;
0,967464298235594;
0,983028536641081;
1,00181047282359;
1,00697269078573;
0,996229618258558;
0,972976989329828;
0,947578998093341;
0,924008624674062;
0,895817566078725;
0,869141863065809;
0,85228177913836;
0,837421235468728;
0,820881866326291;
0,812226732951692;
0,814779914897964;
0,817088109265951;
0,814052710218197;
0,805874636297982;
0,786577112333278;
0,767167026716385;
0,757709741085718;
0,745329113975473;
0,717428802002007;
0,67430483406461;
0,637725097463747;
0,620924194452142;
0,609636241167492;
0,59702435017662;
0,585140760860759;
0,586853058453933;
0,617743522088395;
0,672495153679172;
0,738239896280401;
0,786026076162632;
0,798305210546369;
0,807065567121225;
0,833844534226097;
0,871064820778569;
0,914489101275891;
0,948615827874076;
0,960943775856571;
0,973259697694604;
1,00855118184556;
1,05221397632786;
1,08737603683015;
1,11674018362449;
1,12752220324137;
1,11952557495518;
1,12095153789932;
1,12603056312165;
1,11869783009233;
1,11214601203993;
1,10341421258336;
1,08260464384555;
1,06550249787412;
1,06146627869101;
1,05457096285815;
1,04349650758421;
1,04908869289125;
1,06595833250491;
1,07816410003014;
1,08089067087182;
1,06476658059022;
1,03770651562284;
1,03406850505319;
1,06873447773481;
1,09053039263529;
1,06497474425643;
1,0340513070025;
0,759148255102842;
0,120694979867868;
-0,186078963178538;
0,0137667901605832;
0,0637441537000962;
0,217849967245803;
0,840236209775741;
1,13978351533955;
0,912336186888728;
0,854331377575837;
0,710870833133506;
0,115302069591456;
-0,181448906514625;
0,016086678973183;
0,0607557278740922;
0,160361852411562;
0,657943896191528;
0,94458658592581;
0,836091588723625;
0,827835089137425;
0,882438944829047;
0,80637777653946;
0,752368037770934;
0,767468300273248;
0,759265912135181;
0,741039101096763;
0,759407488151008;
0,791186529555935;
0,827905518288752;
0,886767642405707;
0,694239978827293;
0,117949941228615;
-0,17305298699353;
0,0110596471573866;
0,0599671763860654;
0,212268713186506;
0,818262839940332;
1,11923361852735;
0,902527756793685;
0,846015206267452;
0,711368241604174;
0,121066319153692;
-0,182589080367063;
0,0142855449930627;
0,0619518146414329;
0,189254924963852;
0,748358288192237;
1,03607714258727;
0,854823622556713;
0,817924701178063;
0,910093147168712;
0,886577685070373;
0,880979464602381;
0,940014870289285;
0,98183502810395;
0,964691796987125;
0,894067019097626;
0,874068753393599;
0,937771355657259;
0,98562329534375;
1,0063525685034;
1,03273105966204;
1,04232236459016;
1,04379652511387;
1,06040393287708;
1,06019359387367;
1,03530343215105;
1,02906629261913;
1,04733237271679;
1,06380932036265;
1,0858346749678;
1,1313964110014;
1,15931343284266;
1,13480024743505;
1,10268295947318;
1,115218209176;
1,14768558838387;
1,15148039020883;
1,13079702124781;
1,10738062412185;
1,1223198819682;
1,16517972016485;
1,14177596669752;
1,04778278171466;
0,966875975566343;
0,695406775343093;
0,112210130187242;
-0,169676672828994;
0,0114659923369279;
0,058631667394081;
0,112850601625488;
0,459176956217999;
0,623185843885146;
0,545058514338861;
0,660852419971554;
0,786745057919663;
0,603880755918741;
0,438841630440646;
0,552496880666092;
0,726166271187855;
0,779868688449786;
0,711041694330487;
0,661090679498327;
0,650414734348564;
0,50668927357161;
0,248246375919443;
0,0173163899063013;
-0,0506609517265323;
0,00796414043589395;
0,0157960438099519;
0,144867566257856;
0,524539580236615;
0,711716128163205;
0,608695392334324;
0,628432791456372;
0,555615778230038;
0,105175025036148;
-0,144084544404652;
0,0075303417571551;
0,0505051130608519;
0,197484865005963;
0,766833888457644;
1,10390895846154;
0,997627183957812;
1,00678301803789;
0,838169824369743;
0,143125523596877;
-0,213446977619605;
0,0156551083665151;
0,0729348363225412;
0,225347975906605;
0,881572430755529;
1,20653463271675;
0,977336963556973;
0,921062689269428;
1,03052897414337;
1,02027248942404;
0,99288065492316;
0,996835344350165;
0,992115484437542;
0,995309918425512;
1,02240990044882;
1,03518167950579;
1,0182219275699;
0,993437235272885;
0,961912370957054;
0,924417899755658;
0,893778218246672;
0,879344210293576;
0,877118377094841;
0,8791282494149;
0,886070443818204;
0,884461289143464;
0,871277838616025;
0,865172298115029;
0,863904075795477;
0,863280528851583;
0,86732607409708;
0,866156335081865;
0,855453537885714;
0,837826362587171;
0,814303431150177;
0,790647179274974;
0,767952929264857;
0,740606650752235;
0,697215944586681;
0,640045691971567;
0,589594702120366;
0,550416945655493;
0,523106289645565;
0,513073704857338;
0,506088297288817;
0,497181821038347;
0,507120033022653;
0,544501375414809;
0,592386506312868;
0,634227223444557;
0,679807187676;
0,731867088519169;
0,779200526943367;
0,839992756429726;
0,915908711855526;
0,985305124931868;
1,05402539191966;
1,11007437262996;
1,1310289339496;
1,13700933726022;
1,14347030412106;
1,13908081597296;
1,12323208300504;
0,824867062078189;
0,132143599009125;
-0,201764367079116;
0,0142923744425372;
0,0694121397527793;
0,25438021685837;
0,977933602969231;
1,34088694603977;
1,09010668314685;
1,00582379823127;
0,820263088271979;
0,1321164262386;
-0,208157043107854;
0,0182531382331374;
0,0698237040909377;
0,247453229057326;
0,954093184240172;
1,28284113508394;
0,994290644380027;
0,900443695064195;
0,954459356349335;
0,800073235899492;
0,683860019537674;
0,712188970808883;
0,718873601275803;
0,518201950124173;
0,0842726861571013;
-0,125955768777026;
0,00798830875521193;
0,0437710170973244;
0,188256139498071;
0,739394643662192;
1,08495739662135;
0,983604803879036;
0,952030412121529;
0,984879620114149;
0,880017270480544;
0,877709678562809;
0,999076082188171;
1,0225975013804;
0,98072845711182;
0,939123404156785;
0,885684927824985;
0,856164471690355;
0,854037834961247;
0,863966533267557;
0,883688983313342;
0,901637615273222;
0,907693342854237;
0,907168163830381;
0,911747313814747;
0,920196809989415;
0,927875774507008;
0,93110024074812;
0,92583800434608;
0,918097817199478;
0,917954883845944;
0,927039783590617;
0,932170908203973;
0,925698796089622;
0,682819790982686;
0,110264802922913;
-0,167340239932456;
0,0116464348663688;
0,0576515480668508;
0,192007569355925;
0,749233525250273;
1,03437071913505;
0,842551243110836;
0,781222627346413;
0,861939546754202;
0,849676469082523;
0,84043253464699;
0,864336254661327;
0,858749802702662;
0,838221024616239;
0,838803140181297;
0,853979522146535;
0,862437901044262;
0,854743803833382;
0,860753405954125;
0,915894838856235;
0,971958692199745;
0,977329906271228;
0,964257164105284;
0,948442053501096;
0,931686563390001;
0,949549147499992;
0,978668230200967;
0,972047654568415;
0,708966978587547;
0,113164536831006;
-0,173117673240797;
0,0122863188900422;
0,0595557806157492;
0,249110219757975;
0,957693725100006;
1,33726731519478;
1,11697763096443;
1,03925466132213;
0,851400425625509;
0,143064297381097;
-0,216915536160792;
0,0169382790561825;
0,073660578137265;
0,292624525353997;
1,12374569989216;
1,52919886116069;
1,19085731948062;
1,05149953820193;
1,10851271363218;
0,923415175377669;
0,773632365807296;
0,839424273692727;
0,880626012357621;
0,616496079361259;
0,0853741185269906;
-0,146358768792757;
0,0137674894438687;
0,0489787533660944;
0,17601062128356;
0,633215245344716;
0,772305596017308;
0,59879687359401;
0,698724827710577;
0,631689682040155;
0,0885769342427422;
-0,161734762841717;
0,0204368722866887;
0,0514340007905606;
0,0640838475884206;
0,305743073513367;
0,415604300589549;
0,329616101637086;
0,381407380594309;
0,39297984984366;
0,0910299827069195;
-0,106214023803789;
0,000792091550897438;
0,0392177358228085;
0,178883293670231;
0,6711074272951;
0,944329218902952;
0,823247242637383;
0,818057331148313;
0,885298096952953;
0,798174240460051;
0,75895697664805;
0,836887275688145;
0,881217851850365;
0,883347991840129;
0,884280058853585;
0,875502336623439;
0,873266108891694;
0,899408008912914;
0,921696900896943;
0,894433483954897;
0,863450555864436;
0,873781364331924;
0,903622257855849;
0,953785338687135;
1,01578532369019;
1,04150837062264;
1,02746405923404;
1,0182357888207;
1,0206523709712;
1,02025532251489;
1,02652388617305;
1,03046389415976;
1,02257277542502;
0,757965411564393;
0,124869040430829;
-0,186308312476652;
0,0122052060063046;
0,0645073118457674;
0,23496983646967;
0,904951411610836;
1,24385405395064;
1,01100286613811;
0,93233777537905;
0,988259144779827;
0,887888001503421;
0,810265257521623;
0,812496657061896;
0,782451895012475;
0,735872268169624;
0,714133791489414;
0,691990733650864;
0,65822924795686;
0,626465286185071;
0,447914791234734;
0,0664832955503134;
-0,108766972004364;
0,00952654605373289;
0,0366345658606197;
0,120114560314746;
0,464527996517856;
0,618506759340353;
0,471563622862478;
0,43461797137656;
0,377531187315743;
0,0681798697492502;
-0,0979715117556396;
0,00654177828495676;
0,0337085970174345;
0,145145661340216;
0,561642771583131;
0,807880851908279;
0,735246213957102;
0,761862491419562;
0,651276033160192;
0,116425711971879;
-0,167311372405015;
0,0108070061086453;
0,0577770822605601;
0,278644803808871;
1,05410222437192;
1,47783705482133;
1,27142929506438;
1,22380035642362;
1,00839853532892;
0,170875528420735;
-0,256528438668743;
0,0192354749175955;
0,0874770573805283;
0,2536537005996;
1,0009240335951;
1,368163032542;
1,09489227829874;
1,00828024646213;
1,03588078165513;
0,837459850311682;
0,705713792970229;
0,725120443984878;
0,694692240567805;
0,477192861613735;
0,0765191792956525;
-0,114222034693627;
0,00679414906524476;
0,0399476984037385;
0,174452360866815;
0,655268050995706;
0,902798962594249;
0,78592087473853;
0,829660357436722;
0,725880777678733;
0,128237625051644;
-0,187209025625459;
0,0131105849931622;
0,0641749575399555;
0,224857168873228;
0,860634980366648;
1,14546153357507;
0,844987236503301;
0,687594575899521;
0,703983689566474;
0,633368576719936;
0,582821475144195;
0,57589330430136;
0,548594036793211;
0,387369557489033;
0,0601610265170945;
-0,0937003781714239;
0,00690467806174147;
0,0321490464446176;
0,101650474730593;
0,411222898453075;
0,599248971584372;
0,539933485929661;
0,538845968832107;
0,595399768072262;
0,588145857925328;
0,581446434232674;
0,590897411744698;
0,597410548637316;
0,623474425891938;
0,652586200331229;
0,663860253395769;
0,671565988602793;
0,674194054269603;
0,662974365463584;
0,646895503213371;
0,665591100317437;
0,730818697960686;
0,771257711191724;
0,775912681874844;
0,786305876004643;
0,765795199746495;
0,708585661140939;
0,664196248162397;
0,653884514145911;
0,686876926106299;
0,730851366246803;
0,728434641408687;
0,6965500434305;
0,683374932067888;
0,696049725879445;
0,722728062094237;
0,727594544584344;
0,69994488256827;
0,729490581218805;
0,848459374981152;
0,917053566090237;
0,895993336176367;
0,88871924598406;
0,666858857787964;
0,105592754536508;
-0,164171867694531;
0,0126866879438976;
0,0559777168719733;
0,225522718200174;
0,86657047910352;
1,2011936891502;
0,998389016307841;
0,930982349066597;
1,00971637627524;
0,99527221854928;
0,99621242069557;
1,01827984861996;
0,998713446579547;
0,924263364323118;
0,811790573941421;
0,767458525021291;
0,803406334510359;
0,806228026745362;
0,776659036010281;
0,768324412340121;
0,765799711626016;
0,755422881746843;
0,749147311883209;
0,555704857306621;
0,0896200258536765;
-0,136419195245774;
0,00966147387756292;
0,0469174957059437;
0,167678067229928;
0,650008567855242;
0,903830690105095;
0,764293262520446;
0,744404817010702;
0,620867866991755;
0,103200478453381;
-0,158366688029776;
0,012933899741721;
0,0535211451385554;
0,18442088790783;
0,717678627888299;
0,988243130506393;
0,81330494501525;
0,773939704584825;
0,645981124998281;
0,108221650644318;
-0,165052355920357;
0,0132614657591087;
0,0558693107685569;
0,168767030104227;
0,666555703012094;
0,918045248776846;
0,751399574673703;
0,711958277606252;
0,792737976738908;
0,788246620600068;
0,782180553534928;
0,802442381974736;
0,819918243188046;
0,821149090099263;
0,795226167530447;
0,779880268210819;
0,79922685021363;
0,822351679783213;
0,83890307669048;
0,859575515119964;
0,879096089438112;
0,891139081985859;
0,902012897227255;
0,911323288780097;
0,90883884029547;
0,90294251380796;
0,900675733126036;
0,892442335287825;
0,883977771556668;
0,87733170009241;
0,860299839245302;
0,838943443348998;
0,827372381282044;
0,614004141103169;
0,100629534158196;
-0,150849130210563;
0,0100652605270729;
0,0521509684773731;
0,19496828584617;
0,748412476531504;
1,03006360349443;
0,848008394874315;
0,800430987252994;
0,88448320664584;
0,869119925490001;
0,858920083739389;
0,886330169103268;
0,889976430993737;
0,875739925302916;
0,866794891764398;
0,86137080313813;
0,857769919821089;
0,858092291496319;
0,863352767368032;
0,867815920885565;
0,863331967190614;
0,856904562354281;
0,857707136179012;
0,640370268560918;
0,105052314849482;
-0,157449229457457;
0,0105252935524819;
0,0544202648242345;
0,201268853196301;
0,769964669214062;
1,05137512610317;
0,859113834379778;
0,823899786763886;
0,923496591866412;
0,898409192923936;
0,874071932245409;
0,906204519425566;
0,935181375022078;
0,707871173727782;
0,119563981330495;
-0,174901280483115;
0,010678377247293;
0,0608759810878221;
0,209907680244729;
0,810419577817765;
1,11208226044424;
0,905361145047737;
0,851256100955379;
0,708522744502027;
0,117845465337573;
-0,181016510626935;
0,0148965020596348;
0,0611171810831354;
0,206467487846585;
0,810498056236578;
1,12848147306423;
0,94294270073609;
0,897645066883524;
0,980902918379754;
0,942573145825287;
0,924353736231481;
0,961467365849532;
0,96561485259269;
0,707507143393347;
0,114380079081899;
-0,172951214472316;
0,0117597168517712;
0,0597211148304345;
0,208440301239189;
0,806925705467476;
1,11343440522386;
0,922414165970079;
0,885040687368051;
0,741184410311451;
0,124867058825589;
-0,189520049920544;
0,0150047108254897;
0,0642461050312671;
0,209845883665331;
0,819782849109418;
1,1242179953171;
0,913729517997754;
0,866230566079652;
0,728847759615874;
0,123851542053805;
-0,186827016193988;
0,0145730337876433;
0,0634165705514577;
0,210809949521248;
0,82352088095873;
1,13432381860742;
0,92677632164152;
0,872777527799818;
0,972140918855043;
0,955297691158129;
0,927279134253956;
0,936604785550282;
0,937981771492117;
0,940930897773549;
0,953678650861258;
0,963424308251533;
0,965569331749664;
0,958891308786902;
0,947132467289594;
0,934066292664498;
0,922105021374305;
0,918262495350792;
0,921729342188072;
0,928435929160623;
0,932915661679994;
0,925988618663822;
0,917558610288965;
0,92056237947617;
0,688384799777289;
0,112519215584153;
-0,169288338236737;
0,0115067794748046;
0,0584269282499492;
0,205010679850324;
0,79091448098566;
1,08419300631854;
0,886195955031131;
0,845715154543748;
0,95190662915904;
0,943668848886518;
0,933480633157403;
0,957776924092352;
0,955459985623333;
0,943485047861898;
0,940739222630358;
0,93546224877715;
0,930116393057877;
0,929655024223099;
0,931422585480638;
0,937060609227595;
0,941256542607341;
0,936748959670926;
0,934143132575709;
0,939350919340318;
0,943044986943761;
0,941403125988706;
0,937033999697494;
0,935273452163452;
0,938711106899241;
0,940459537583923;
0,936578336098388;
0,932838328300775;
0,933274097684984;
0,6945016625816;
0,112645728809469;
-0,170618437798081;
0,0118768427318309;
0,0587672091647295
