0,0909250276971391;
0,0161618492109813;
-0,0234518001811886;
0,00160164297688314;
0,0080572649051764;
0,0235302118681679;
0,0928865034004339;
0,126438270921373;
0,0983198583433791;
0,0910532442684606;
0,11111513112574;
0,117699884063109;
0,108684470662684;
0,101262902821721;
0,102549455161439;
0,104880140023025;
0,107894806568719;
0,116938565468206;
0,128019641087876;
0,130968095470113;
0,124365399823281;
0,120805131306485;
0,124020837544913;
0,122877569437513;
0,118978744509053;
0,122800674919393;
0,127227286299158;
0,121664338814639;
0,116301162027439;
0,120255350593142;
0,119591566681323;
0,107929828352087;
0,10399276997676;
0,117807711229304;
0,133147635447473;
0,134384535533884;
0,129025728463082;
0,127675879618138;
0,123102973110806;
0,110352102020357;
0,102593159274326;
0,109351718183139;
0,11932012278489;
0,11972979534534;
0,114218303648609;
0,11365495021147;
0,117175590686877;
0,107333065095118;
0,0850127778379507;
0,0760386771122801;
0,0847737295730627;
0,0972712791071011;
0,110180576688336;
0,120895502186379;
0,121796930824058;
0,110839884140711;
0,0945253423936617;
0,0836742713982443;
0,0852986886619562;
0,0970226966404811;
0,109265069336782;
0,114521058971433;
0,115307423147837;
0,116902692296612;
0,116953761346436;
0,112788611217082;
0,111365072261182;
0,117861068574818;
0,123665070497246;
0,120948065686113;
0,117617050284836;
0,120939305944575;
0,121081307959172;
0,11296418854006;
0,10902894285666;
0,114026247716249;
0,12233791673333;
0,135867105699216;
0,155444969258304;
0,172970273268432;
0,185150293100909;
0,191939944917217;
0,185958154804368;
0,168815956856955;
0,161407041756175;
0,179837055347549;
0,224895911168396;
0,286464642098368;
0,335131572281539;
0,349554356000527;
0,338875990644005;
0,309668272228669;
0,268639474044768;
0,245121215322065;
0,270511616955749;
0,347416765578233;
0,423935107998424;
0,438418653043127;
0,397437236796303;
0,333634094498191;
0,254630246133548;
0,178504153915878;
0,144778244745823;
0,187238525859193;
0,285834258573721;
0,369457325968509;
0,403052836497519;
0,394571166919799;
0,322709322780208;
0,182436437764724;
0,0403926704306421;
-0,0600044996125049;
-0,0896599702670878;
0,0140095326214964;
0,184308328264497;
0,188937906433994;
-0,0209757043257888;
-0,134898611866874;
0,0152985831811707;
0,20044809585178;
0,19106466437352;
0,0284984926989734;
-0,0474487107092088;
0,0046126109480945;
0,0157462793066215;
-0,00927321782172437;
0,0029521742113318;
0,00883210917618126;
-0,0369332066932421;
-0,112068815783199;
-0,0754897823969452;
0,178215104355057;
0,359159704424274;
0,283371820761532;
0,257686524923179;
0,323366031338483;
0,182504235806128;
-0,138182506416436;
-0,352755462842906;
-0,396727754781555;
-0,366519506944146;
-0,24274515626245;
-0,0338986922647135;
0,132866052616136;
0,217004608504146;
0,262300303746465;
0,250662164897135;
0,184141972850015;
0,127454931094689;
0,101183679335344;
0,0896359899936194;
0,0861581004984351;
0,0878350835437458;
0,0978754252077649;
0,122162537040641;
0,161693644972126;
0,211066906075391;
0,258457013210903;
0,298265906696889;
0,330627354772907;
0,336631242957422;
0,295728593056083;
0,224644708861714;
0,16571821901718;
0,144829569749496;
0,150930976517806;
0,163708199937326;
0,179037401702562;
0,193231305579625;
0,203382285940469;
0,21377157903527;
0,212620130839266;
0,188117975823231;
0,15475763148643;
0,112969801964517;
0,0487311761681252;
-0,00246202921416688;
0,00632460075809894;
0,0467376915934033;
0,0714330110428206;
0,0879204054849897;
0,0955692160777407;
0,0669713889087183;
0,0128515543733066;
-0,0327666258652802;
-0,0474195836666298;
-0,0250471954158493;
0,0198227810509726;
0,0732045860833508;
0,116811025845135;
0,109078622799703;
0,0458528176872924;
-0,00821947881605066;
-0,0184468544912917;
-0,0073152428737953;
0,0258892791254202;
0,103136101286855;
0,206341740785704;
0,27767619805561;
0,277956195517338;
0,211145275429227;
0,118166144207184;
0,0513894127530034;
0,0244149651777285;
0,0206179535212516;
0,0315015206425334;
0,0577888004698776;
0,0922602244198917;
0,117726050494963;
0,134834797694112;
0,161155940623951;
0,188527736316488;
0,190660980538551;
0,167276156063647;
0,130302080076165;
0,0762699002191936;
0,0140057227295158;
-0,0262162768915847;
-0,0374548422612545;
-0,0337211649991847;
-0,0148682694345159;
0,0170579598536126;
0,0392357807468335;
0,0406346637859411;
0,0504725894720871;
0,0829583148494938;
0,0925638459081456;
0,0462146912771541;
-0,0126978155453339;
-0,0244621290692476;
0,01817610004232;
0,0826482932661352;
0,135433620555863;
0,178365028349518;
0,193096468927423;
0,131978084762399;
0,031608606829373;
-0,0646953879719851;
-0,170825265042748;
-0,233200058972168;
-0,196624774496441;
-0,117114434432632;
-0,0557638045793012;
-0,00696778456110273;
0,0294940739088056;
0,018659506931838;
-0,039111910503469;
-0,0849309458830991;
-0,0628292977464135;
0,0279224936028275;
0,128399084804981;
0,182563551332712;
0,19030722144552;
0,187756679447881;
0,201840870548582;
0,223612165320549;
0,231451507377085;
0,242777774158824;
0,29504462012177;
0,355939037869849;
0,359905445295506;
0,339260210846749;
0,364799856828157;
0,414022593159945;
0,450250463820872;
0,504582930665602;
0,570457854845669;
0,585663192238149;
0,567039441997836;
0,57107069043754;
0,574253199216717;
0,554530446166261;
0,542125438802933;
0,526313924069201;
0,470370654597678;
0,402488053101601;
0,374956128874052;
0,37699736022868;
0,359655345423804;
0,302313433900444;
0,220110427315858;
0,143107838241028;
0,108834915528797;
0,150200583512971;
0,266753879816275;
0,410709062338183;
0,513444592476284;
0,527742781081169;
0,45376677101307;
0,327307414131276;
0,187656617933756;
0,0738668747178235;
0,018337667981405;
0,025897069229297;
0,0802460943775237;
0,172992026943391;
0,294161635234944;
0,390679420888268;
0,415299405984906;
0,381594562827987;
0,296946218284634;
0,165836551326901;
0,0714041025883082;
0,082671350569889;
0,157548622931497;
0,243947946300445;
0,33463542805921;
0,395024526589407;
0,374946233300444;
0,294864855608357;
0,212790109399071;
0,148798870674886;
0,111785327704725;
0,12096425654863;
0,17002210298515;
0,223560519998487;
0,259733333911498;
0,277583334596641;
0,265238511593444;
0,217840649069712;
0,168016325886175;
0,151696094317078;
0,168727019774202;
0,194396235985542;
0,214117189322832;
0,225446716212068;
0,223915548925591;
0,213547491901586;
0,208720219984032;
0,229044285879075;
0,28511960873938;
0,342834862078874;
0,354097592631112;
0,327826767727803;
0,30039858383187;
0,27588594330924;
0,250080455379775;
0,253384674485591;
0,322970265698832;
0,437197712301736;
0,531814156808946;
0,565746716226451;
0,543226798544195;
0,499610596609889;
0,456776087959429;
0,422163756548713;
0,416688154895253;
0,441814702170323;
0,470646712459651;
0,467988665761305;
0,41589727470355;
0,363168713792901;
0,362817973931814;
0,37956851131066;
0,374333066561122;
0,346834763849428;
0,251224136545784;
0,0829617470071794;
-0,0468135321068064;
-0,119274468780092;
-0,229859180663897;
-0,320550764897983;
-0,265760272373984;
-0,148879257389916;
-0,156227402802989;
-0,298096710360568;
-0,426020089141768;
-0,500283476531972;
-0,463027674783916;
-0,10478171932311;
0,458622604276002;
0,792308291037664;
0,744097750718197;
0,484959112449222;
0,147399456962994;
-0,227275362329229;
-0,559002122026635;
-0,716432226813528;
-0,568732954587538;
-0,140200913618684;
0,322539483582733;
0,579049207541975;
0,608557925316225;
0,495700150512376;
0,271829393841883;
0,177764043972911;
0,449464034815262;
0,679421463944661;
0,517602649005117;
0,236592348414409;
0,086883849199108;
0,112181559805898;
0,197478524289592;
0,195584055816198;
0,15494821765492;
0,12368842301148;
0,0910475048514213;
0,0840884816006721;
0,0891589709071152;
0,0724068025334584;
0,055380892440692;
0,0559159343567794;
0,0497594017158917;
0,0338014008973715;
0,0446387482708435;
0,089242829911279;
0,125245529024914;
0,141147690179041;
0,162256728605011;
0,167368619719811;
0,122660445647377;
0,0587817240190692;
0,0332304173550155;
0,0605823665376504;
0,0987468775175924;
0,100255067599035;
0,0671323137846197;
0,029303992228739;
-0,00249807253277589;
-0,0358202146255962;
-0,0541077252711751;
-0,0146750045254987;
0,0683887319002894;
0,127936997516392;
0,1432456372455;
0,132638518640888;
0,0905640133778403;
0,0227598791526818;
-0,0183459195086361;
-0,0108513035715643;
0,0156529798873429;
0,0537798396693244;
0,116751892615933;
0,186993365808809;
0,217661549111625;
0,188207275725397;
0,131208110658192;
0,0805465661683653;
0,0464357093059747;
0,0420438894339483;
0,0706786182058702;
0,115378763975713;
0,164996618474439;
0,207248800919308;
0,213060406708924;
0,139710330641568;
0,0143230330391545;
-0,0321307866148109;
0,0046406167696228;
0,0100672504205274;
0,0206986136434541;
0,0910244896982277;
0,130899435792507;
0,117859316881226;
0,120917330578962;
0,12999720455947;
0,124419764497511;
0,119905193700357;
0,107651856106835;
0,0845768290447987;
0,0519469834400062;
0,00290778667314019;
-0,0445807089924309;
-0,0739636877558968;
-0,091150864938831;
-0,0745837904172023;
-0,0135686695574396;
0,0186736074786213;
-0,000857212606134663;
-0,00661758933320443;
0,0196897481366363;
0,0458096724212502;
0,0229868956274362;
-0,0319587414060631;
-0,0491975428794852;
-0,0296366409387207;
-0,00442276436375241;
0,00643836672463631;
-0,000182560475237018;
-0,00236124898329686;
-0,0332959984377882;
-0,101712252694779;
-0,0767423734037248;
0,0644387711107358;
0,179697282218583;
0,134162085323111;
-0,0663526796995255;
-0,119339055444292;
0,0646856649262908;
0,195530847661614;
0,255856376342973;
0,355579334354161;
0,409472987123812;
0,422900712957057;
0,483291336739917;
0,573103704211989;
0,638830532661646;
0,650827310284133;
0,612471968158702;
0,559739277770934;
0,521001767693114;
0,481924116054026;
0,423255790494862;
0,401157183882154;
0,476486954269633;
0,424473170831631;
0,0832910048049004;
-0,110378255070322;
0,00468706830219915;
0,0391614992839059;
0,0555847468085637;
0,231327133147733;
0,278893534398759;
0,151750413698258;
0,146871595107479;
0,263739114000407;
0,350640765473067;
0,421209816916129;
0,487578412719997;
0,478339391770936;
0,384746854800462;
0,287607643427743;
0,222017418862072;
0,168641312619397;
0,14158699445919;
0,110240504915606;
0,0222397870611919;
-0,0284325826351295;
0,00082574899766227;
0,0102638007798124;
0,0699082635286011;
0,235574844948165;
0,272732631041418;
0,166696507834199;
0,163796293716047;
0,169605452879357;
0,03388085869364;
-0,045933101867555;
0,002675622141495;
0,0159221112303105;
0,0543019458328367;
0,202199313151066;
0,261144551117921;
0,201121887158273;
0,208492723815103;
0,25460389110143;
0,259133445975424;
0,276281555288648;
0,325856491481094;
0,361274671465218;
0,353469084164365;
0,318980996517114;
0,282213271430562;
0,252028265556653;
0,26047891278445;
0,314780678255999;
0,334338242069352;
0,287108522887034;
0,244903091096297;
0,261662528080146;
0,324965791816902;
0,356775504511036;
0,326701906711468;
0,332977074712736;
0,410814779484609;
0,349091801741882;
0,0611334447155718;
-0,0882681601896762;
0,00551376016874177;
0,0306059569714869;
0,0817776724296017;
0,351445991751853;
0,529600041966459;
0,447288069572249;
0,339415250824762;
0,214517150214447;
0,0168782590939178;
-0,0506471440536577;
0,0100398301860535;
0,0146167132256028;
-0,055202598161;
-0,147893331263648;
-0,177162196114779;
-0,163281116238919;
-0,242612340035739;
-0,369114770091235;
-0,441459213603743;
-0,464331612928353;
-0,424814994267799;
-0,348677309143017;
-0,314546091509202;
-0,244860629904099;
-0,00905282378394087;
0,270983112765018;
0,408193871772127;
0,4161348689215;
0,334352363853436;
0,183925374958493;
0,0377363908088302;
-0,10004009289432;
-0,224820202947129;
-0,24072293799392;
-0,130384622930861;
0,00952590943370716;
0,110813270447823;
0,162988387843887;
0,173553732957598;
0,156854366704146;
0,130858143264427;
0,105849116742532;
0,0914658406587307;
0,0999410208909662;
0,113092660329032;
0,101857862220032;
0,0687919697074766;
0,0328369047153483;
0,0119218315927029;
0,0251835824507552;
0,0880418242055522;
0,170926143061018;
0,204619855633819;
0,17720381440794;
0,134242667382555;
0,0953510372358913;
0,0676513394962268;
0,0700342498191244;
0,0927401694099197;
0,103396144576384;
0,0941043606560131;
0,0745481785234244;
0,0511444290116279;
0,041090698449265;
0,059858009628244;
0,0823075056002865;
0,0687732837833273;
0,0303695498078873;
0,00325810859564946;
-0,0161783738323839;
-0,0385624705384431;
-0,0465741705666557;
-0,0390664551648917;
-0,0351697866529546;
-0,0340660349228084;
-0,0246320185766436;
-0,00335161346235654;
0,0158257947617253;
0,00895442001388507;
-0,00544546327885004;
-0,0015244648198587;
0,00267269965662854;
-0,00683440874536682;
-0,0224531522899263;
-0,0106516199687436;
0,0603820095199373;
0,144604274464335;
0,176966567812352;
0,171264084403576;
0,156383851025532;
0,113745429271246;
0,0429481154408559;
-0,00780659142017907;
-0,0153391852598994;
-0,00422715426287909;
0,0163433315890135;
0,062257518103654;
0,081148639958924;
0,014828816745274;
-0,0317084984809285;
0,0144742709190642;
0,0732293155940517;
0,0868261437505164;
0,0426727291315488;
0,00326014374455895;
0,030774622185997;
0,0777525846656985;
0,0838861943585081;
0,037890508574728;
0,0046224531890121;
0,0321708316883722;
0,0766412572814736;
0,111226077645883;
0,126137085008828;
0,0974437156930893;
0,0438446914493633;
-0,00134496939468117;
-0,0322507101926775;
-0,0486602273541378;
-0,0591579434454929;
-0,081727286527661;
-0,119361562498914;
-0,149876181263377;
-0,146323576097775;
-0,111478043738709;
-0,0678006080030533;
-0,0289547302391;
-0,00163537624203304;
0,00325253039674062;
-0,0211508765944457;
-0,0463860445823836;
-0,0282621389107173;
0,0132027870364119;
0,0264654855055917;
0,0187413061465895;
0,0104731234050663;
-0,00297360202937885;
-0,00322286163751751;
0,0345933714157664;
0,0894772071956551;
0,137327802749665;
0,191829910561447;
0,247885341000599;
0,284372988102811;
0,331534035025452;
0,412486074476403;
0,499840760350572;
0,589329810353816;
0,649759828303082;
0,631489573284683;
0,589053608756337;
0,56861400311612;
0,532396340725451;
0,498231570393006;
0,538409804734889;
0,651801429128566;
0,765741442939122;
0,824838567958433;
0,805485107620595;
0,71136249418717;
0,571831371801188;
0,400047609381967;
0,232859027477374;
0,157710303591955;
0,203263343988837;
0,320602044156334;
0,454304857096805;
0,562642361558457;
0,647659257448623;
0,70275543933286;
0,658427479938273;
0,520189703659499;
0,385143725774724;
0,264232501855576;
0,136860294258306;
0,100066561847245;
0,190006300370914;
0,263413778657133;
0,262594862229354;
0,267593894854624;
0,257110449747677;
0,173958163635835;
0,0977767938566666;
0,107256098589685;
0,162276676049081;
0,209903913723951;
0,24747447180773;
0,273653417801106;
0,2621402149805;
0,202798533255659;
0,138976859409014;
0,126600843285539;
0,162091583256216;
0,206165160482748;
0,252400854110437;
0,301078300074102;
0,323836796712657;
0,306147626590554;
0,270586222933506;
0,23662233742294;
0,206188642247991;
0,19042086541382;
0,198009703719838;
0,213409127546822;
0,223768637935416;
0,239829676963946;
0,274373443705955;
0,320527333192822;
0,354795048626173;
0,369804506069825;
0,379293082627001;
0,359455869295757;
0,286053251972724;
0,234390986048892;
0,290957929936829;
0,432871671142002;
0,589090017122014;
0,699946659609354;
0,712428389476153;
0,624502285258924;
0,487790673437107;
0,328932301862701;
0,168676845400369;
0,0921953067945575;
0,169349051523484;
0,334856467595311;
0,448670450927039;
0,460474436271593;
0,414402752814335;
0,32776056574104;
0,193970015143294;
0,0631679691183844;
0,00902909776818943;
0,0427351010744622;
0,10467714683104;
0,102240826209602;
0,006923212922107;
-0,104949921836677;
-0,204014484293361;
-0,330548734335804;
-0,424934703454349;
-0,371610390287185;
-0,187243062147775;
-0,0105471004590872;
0,060337104388121;
0,033885223183136;
-0,0725479247768063;
-0,232013657602042;
-0,307162439318747;
-0,200143719370267;
-0,0287249120507051;
0,0752305872897491;
0,158222918509446;
0,22746347916588;
0,17641643105492;
0,0263730324522934;
-0,107865065566528;
-0,174802241376766;
-0,15942958552853;
-0,0678899431320566;
0,0535182314638821;
0,165177819091766;
0,24788995846499;
0,264607933374223;
0,19032528721161;
0,0723822754232209;
0,0102925739082121;
0,0388576508149589;
0,0980387105515942;
0,133056617224598;
0,137660747642812;
0,117810746381705;
0,0809773419171951;
0,0614735425992795;
0,0753347784003751;
0,0936128885150544;
0,118034433919051;
0,150253870509127;
0,131287079708072;
0,0443007848198253;
-0,0437735111923582;
-0,0870719271711254;
-0,0947229706312009;
-0,0740793153693431;
-0,0287549765546296;
0,0126719158973721;
0,0394373998741441;
0,0604309022151978;
0,0487101858572068;
-0,0127970232827151;
-0,0836296449724677;
-0,127618202559257;
-0,149379689454533;
-0,16318676199896;
-0,165029397791678;
-0,131717048373047;
-0,0519634817620966;
0,0537731834296304;
0,138844820203466;
0,154982576018143;
0,0955056092879696;
0,00535200224610268;
-0,0609261194382323;
-0,0906711918859541;
-0,102913663547935;
-0,0940276675228803;
-0,0495086237494499;
-0,000878077101908332;
0,0085704822204527;
-0,00274623251360336;
-0,00198024838995437;
0,00181891046237821;
0,00709060086011642;
0,013739633770566;
-0,000752904264335163;
-0,00750040518787363;
0,0292303627199416;
0,0483998427489748;
0,0107743509316347;
-0,013695740406247;
0,00063647730530607;
0,0048027192493828;
0,0163910715551413;
0,0710705884412381;
0,12359626141293;
0,149551439836477;
0,177377536296346;
0,147332170621769;
0,0248193170652475;
-0,0372002227719119;
0,00271061556797835;
0,0127286360581627;
0,00594471486658804;
0,0370718943780382;
0,0533757061497367;
0,0527949148151101;
0,0688855788409918;
0,075844696263957;
0,0664377534574763;
0,0579435805049743;
0,0417872885563806;
0,0198485183991648;
0,00428689287371044;
-0,00648730203804937;
-0,00846420554866006;
-0,0032511615107945;
-0,0132408437116733;
-0,039528978159683;
-0,055199943525528;
-0,0573827488821818;
-0,0598567328853709;
-0,0607342549431904;
-0,0690974052797939;
-0,097694918371242;
-0,131319070638085;
-0,131633526941397;
-0,0749980443514836;
-0,00869121437569678;
0,0086208496536356;
-0,00180836956716834;
-0,00210300718349749;
0,00149135782123812;
-0,00973562173264839;
-0,0273042226501733;
0,00360033762584529;
0,107508788212147;
0,22384706549337;
0,214998161901671;
0,0428560621570175;
-0,0556228168723965;
0,00192780966107239;
0,0199354960415613;
0,125184304129231;
0,454081391696451;
0,614713972859223;
0,511949403515311;
0,507550337166107;
0,43451194404337;
0,0748417593208859;
-0,11170355438543;
0,00845071190114411;
0,0380236349356077;
0,115713541246149;
0,434631545689128;
0,532649661156654;
0,33119014140171;
0,282162075015197;
0,273342680778672;
0,0535625309827082;
-0,0735274762050158;
0,00446261954561541;
0,0254215098637485;
0,0828784323351966;
0,318526137428899;
0,431353247879267;
0,35017385335054;
0,34356448284129;
0,294477862855108;
0,049913262375437;
-0,075669356690249;
0,00604836165306488;
0,025615016443755;
-0,013077170477192;
-0,003595915485081;
0,00614943464407584;
-0,00129678374242037;
-0,0016427556571308;
0,0739262385513684;
0,25679126908614;
0,367882167423399;
0,341408794038737;
0,31725873950603;
0,259052930167585;
0,153912611729811;
0,169916408565962;
0,269804322727953;
0,288701409426717;
0,191307791861366;
0,0268296213103152;
-0,0448447130872412;
0,00379969892617922;
0,0152111454442506;
0,0539417293498915;
0,210766784181602;
0,288992572176524;
0,232904061847523;
0,227659786665159;
0,265747319696053;
0,238828592511315;
0,183148285243916;
0,160911038048527;
0,17092922377521;
0,191632445198844;
0,206110615914612;
0,22088593970835;
0,247753772149741;
0,255885875494482;
0,223518514808167;
0,196848795528244;
0,216452536206327;
0,252424330598595;
0,255581206955731;
0,25841747540672;
0,339232039315619;
0,43834679692876;
0,450117940577183;
0,413370906822303;
0,291028664916345;
0,0438218824677489;
-0,070770631940186;
0,00598406467323325;
0,0239288404666897;
0,150357310091827;
0,550653394595192;
0,733479940910797;
0,560769382953247;
0,476543841681313;
0,48763822955057;
0,419284675357886;
0,370407472976257;
0,418092916573546;
0,545123415888792;
0,676874938661511;
0,677740053471003;
0,480614968406633;
0,162660100649931;
-0,117014664416368;
-0,183631683176442;
-0,0391404174997826;
0,0497738829234022;
-0,00188462482346234;
-0,0177026000175485;
-0,00182463554169295;
-0,0238029773270731;
-0,0315221476809686;
-0,0562939424282493;
-0,134208454700188;
-0,127840430395475;
-0,0117792897537647;
0,032413210492302;
-0,00654480383114095;
-0,00923040493288588;
0,156365904211117;
0,515428276004108;
0,646026346844619;
0,362009857108491;
0,0494178702692712;
-0,0840911263211882;
-0,0479286061165646;
0,0280335042577817;
0,00876768863715801;
-0,0141869861422987;
0,120429126987165;
0,42476178461828;
0,581903489608405;
0,421396827410367;
0,202548937325029;
0,065540523533628;
-0,00891424540998728;
-0,0110536806683308;
0,00645079533962975;
0,00144048624097858;
0,0545421159913048;
0,206701798255098;
0,294542574508571;
0,24376941021061;
0,187301497664627;
0,128887277261307;
0,0181200846782114;
-0,0314280106804186;
0,00324270681158573;
0,0103639953969836;
0,0165611440123958;
0,0725258094596423;
0,0976105587651975;
0,0820243165498868;
0,105516701163871;
0,131977486445647;
0,0978397134149238;
0,0654038810061023;
0,0834406181567169;
0,116858411203662;
0,0894188066787649;
-0,0299717885207906;
-0,0990023854868091;
-0,0622945288736147;
-0,0427849966021384;
-0,0420429054654702;
-0,0185813193846413;
-0,000150014231824691;
0,0163281780823559;
0,0453613684785399;
0,0801094037993007;
0,110136545286065;
0,117754885895345;
0,0881510735783608;
0,040558477695091;
0,0104945793929265;
-0,00531121663431168;
-0,0187137476905697;
0,00122386461468314;
0,0642993350313687;
0,0870059573888089;
0,0209249322956611;
-0,0241701273954105;
0,000227916626029212;
0,00888506812571512;
0,0293488833199316;
0,113954056573288;
0,160247473426722;
0,130324137009441;
0,116455342932847;
0,107441388405497;
0,0659056917726501;
0,0806178801332526;
0,156029491967493;
0,182020564140755;
0,13249980376855;
0,0651650581162783;
0,0773228236168417;
0,156833202268569;
0,182988137776198;
0,147359381921013;
0,109466464326982;
0,112795340277553;
0,157182861084315;
0,178408661943952;
0,153017522971397;
0,114792495180387;
0,0739400168932138;
0,0201233460448928;
-0,0387432584004423;
-0,0797640605260928;
-0,0815742849390091;
-0,0532800635287898;
-0,036525620057069;
-0,046785652454323;
-0,0561403746495398;
-0,0506335347285706;
-0,0560633423247668;
-0,0855703459734627;
-0,120485710421089;
-0,145977185637795;
-0,150094801819613;
-0,125340615013726;
-0,0796129392295061;
-0,023086380353934;
0,0343920909287214;
0,0758630565946967;
0,0842443616204514;
0,063194769780946;
0,0238898999866108;
-0,0162085208368974;
-0,013733787774769;
0,0502861907360079;
0,144841325036105;
0,226517947705995;
0,279651342955478;
0,334501345372351;
0,410690271913374;
0,475946172445124;
0,498726408288726;
0,500258652867358;
0,523241191471829;
0,553929660031218;
0,56259625581592;
0,582088658706898;
0,643876213476849;
0,714742716897919;
0,721226337440844;
0,625670249255413;
0,469776647907214;
0,353098957208724;
0,350905992045825;
0,429339684400308;
0,510391538951067;
0,558276874912481;
0,582969516490277;
0,595421744623168;
0,575467955395466;
0,530869076681965;
0,501367910546599;
0,48034207354919;
0,436521921277019;
0,385722102810072;
0,357230674170483;
0,342889829604458;
0,331969550696716;
0,322811621215071;
0,285918396412402;
0,244089785028439;
0,299898879391529;
0,418468188747468;
0,432494266027185;
0,317771503114505;
0,187758553465967;
0,0871506861408457;
-0,0108060246993336;
-0,0596897388509882;
0,0147246707036292;
0,161114487609335;
0,277427031668079;
0,337436678757911;
0,343598815066829;
0,295496191331401;
0,214290300128877;
0,126787496239015;
0,0507790953950488;
0,000771920823511046;
-0,0093682686701254;
0,00222343537540199;
0,00262450038157896;
0,0743017261498862;
0,259923815075025;
0,333450124626248;
0,217759045166954;
0,139063691896257;
0,161074715569796;
0,186804639218685;
0,192079061127353;
0,19822235149998;
0,213615513507463;
0,228813804265412;
0,233462568537878;
0,234400625607339;
0,241470836731596;
0,244384756309429;
0,240765485708255;
0,244552037316493;
0,263158010166069;
0,303980486039927;
0,356234775472778;
0,285945806327553;
0,0471864383136198;
-0,0713824098430841;
0,00520423248261377;
0,0244476160096356;
0,0963048346286663;
0,371408374767854;
0,508924781304836;
0,384170276096977;
0,296508655962656;
0,394105520403423;
0,569174487387981;
0,55851460011606;
0,40526262585034;
0,416592583450536;
0,546689536014961;
0,613782115392077;
0,603092803680603;
0,564278454266709;
0,531777682248757;
0,440790523804514;
0,260232553031834;
0,111689945377003;
0,0577009753797864;
0,0496562064770972;
0,0451018955790238;
0,0140034683727638;
-0,0121196070714369;
-0,00144966533164594;
0,00516034230408379;
-0,0176643165609704;
-0,0965087627569258;
-0,254192631019317;
-0,415536787546949;
-0,47102510074396;
-0,338339054740698;
-0,130663380518246;
-0,180002653211376;
-0,425903172275241;
-0,494410764571615;
-0,20322339654858;
0,312923763137776;
0,500082195229813;
0,27057307729059;
0,0633485684003873;
-0,0493794980447559;
-0,0523223723041275;
0,0210878254627716;
0,0126760808367145;
-0,0132661142524755;
0,0325493960256157;
0,141730538456491;
0,249003511235556;
0,260718308483406;
0,187853987631267;
0,0886061016716065;
0,00204772895718901;
-0,0181755892035292;
0,00463970243671339;
0,00487272237746288;
0,00588189275118229;
0,0634744505333658;
0,172695174637901;
0,263110906567791;
0,282826024822071;
0,195296121511364;
0,0251869870357215;
-0,046314308536943;
0,00511631890006186;
0,0151634711372799;
0,0238745561853793;
0,117029034024244;
0,184106872633598;
0,169349801824259;
0,148408432104004;
0,104955005513631;
0,013011938107295;
-0,0254788536484872;
0,00331048311310498;
0,00810316931797395;
-0,00324376630672543;
0,0228252639964434;
0,0917664835202116;
0,162235079299679;
0,183343484152973;
0,124868694079174;
0,0151265246227145;
-0,0291464734706903;
0,00341459106392668;
0,00947098315318648;
0,011199030880359;
0,067347592153623;
0,123940286643192;
0,131331496138507;
0,112751500996274;
0,0772640310332354;
0,0157700862950622;
-0,0369059311050164;
-0,0527054847573065;
-0,0457397593495891;
-0,016311107505239;
0,0469330091371883;
0,130599120099153;
0,206911676927167;
0,241495992834248;
0,219494373877498;
0,182105286133535;
0,164055098824235;
0,140942230650234;
0,103597544301856;
0,0888281634111932;
0,103774380509868;
0,116682461683589;
0,120067365581708;
0,122584984319779;
0,0904685979503321;
0,0134316229894727;
-0,0220147600868739;
0,0019493949922961;
0,0074041076403359;
0,0393767058130986;
0,145230900976665;
0,196444373338798;
0,16675672878125;
0,175589875341154;
0,215632316725019;
0,231721486907976;
0,231611728897049;
0,214684152521057;
0,17459169671058;
0,119997483704383;
0,0614244313367053;
0,0166930966715009;
0,00973127230496578;
0,0247807507495372;
0,0358182795978739;
0,0484089119175175;
0,0357324461193793;
0,00896982232196196;
0,0179224772995564;
-0,00182348916457876;
-0,0667892067260332;
-0,0658106715732465;
-0,0241880320659557;
-0,0335536175841264;
-0,0386390626460617;
-0,00325125468944467;
0,010230973866232;
-0,00235912315621589;
-0,00277047412933438;
-0,0177088519488159;
-0,0901700060963155;
-0,177082093777134;
-0,17681661309131;
-0,0593307022920955;
0,0275307463363761;
-0,0627380030845937;
-0,195296915287644;
-0,180419607916744;
-0,0511124778218579;
0,0450591487257595;
0,0255740260378277;
-0,0173729039092014;
-0,00329515434758368;
0,00779001550004625;
0,114963920480224;
0,403613288205717;
0,571515991745158;
0,528764435632054;
0,531732937384942;
0,555362368775885;
0,515121210782652;
0,504804057270931;
0,537003064954763;
0,571074080652301;
0,61303421624836;
0,652369425166884;
0,652873003519226;
0,59905159218909;
0,520212567481575;
0,457455095423022;
0,409594389849696;
0,355522373238258;
0,321102627399255;
0,346996149185918;
0,399619131966786;
0,412133145099913;
0,364288889130392;
0,318227429993052;
0,344815301875447;
0,340173299213981;
0,207855464349791;
0,112639885180149;
0,164178368016923;
0,283386739041566;
0,293335771615655;
0,0738963399246492;
-0,0790733101387519;
-0,00203819338927746;
0,0303684662106022;
-0,0320555404219933;
-0,0662620657984567;
-0,0352621922397952;
0,0738494685751482;
0,207196290106109;
0,213724693097083;
0,0444019036724315;
-0,0562167161332721;
0,00169030922603083;
0,0202360633284178;
0,0332986742971462;
0,145333153200439;
0,221293864665861;
0,226163144667245;
0,269700961508135;
0,32108362956538;
0,31801070623697;
0,285452352490035;
0,246008689670138;
0,206095085253708;
0,185192784243534;
0,197731635600929;
0,224624332067341;
0,244254926026667;
0,266287683488711;
0,217258384369001;
0,0416851532203564;
-0,0551062262835583;
0,00199624258437245;
0,0197440215024723;
-0,00913671034874642;
-0,00316607602294498;
0,00456979962996583;
-0,000788092131755532;
-0,00129432225268077;
0,162246219997126;
0,569645259928965;
0,802723673519727;
0,683877221414974;
0,547732058620375;
0,35805770527306;
0,0334478562462606;
-0,0842628052397528;
0,0143743740356593;
0,0253604668510318;
0,0987195524738556;
0,411672437096248;
0,61061259220703;
0,531106902017176;
0,431846494641744;
0,292049009369276;
0,0341267219471237;
-0,0699534524765644;
0,0095442061403877;
0,0220749175682501;
-0,0698944513400494;
-0,110117093831059;
0,0119210063487642;
0,0706596602285627;
-0,0391773792171947;
-0,122835427604498;
-0,23977208800354;
-0,357648694475436;
-0,289862331191957;
-0,14090316053165;
-0,0234398098371308;
0,104161597511532;
0,233606343375007;
0,32700796459939;
0,35917060609517;
0,281047651860589;
0,0872784706569857;
-0,136438183276091;
-0,279177931159893;
-0,288706440019045;
-0,171813959278644;
-0,0120545260725575;
0,0377066416188372;
-0,00700870752313576;
-0,0111798265704317;
0,0372539348868739;
0,0875730288546829;
0,0811116545068431;
0,0502745102059847;
0,074177277168529;
0,108876348853466;
0,099804564118609;
0,06329540867702;
0,0513675221617624;
0,0803724064874336;
0,0758751726827153;
0,0122121886454582;
-0,0193182120452787;
0,00172874931214986;
0,00646275501207696;
0,0307818411430808;
0,109485144986606;
0,126464438194401;
0,0612419584569532;
0,0395802065580847;
0,0507725765191795;
0,0153295479223731;
-0,0149135004655564;
-0,000715483688086599;
0,0058403163419;
-0,000708804499439829;
0,0112995373390458;
0,0413385008621799;
0,0718821363370837;
0,089329077096159;
0,0707997067042463;
0,0124046202817456;
-0,0175418595728953;
0,000907936215302327;
0,00617648575877354;
-0,0132633705121817;
-0,0386883967531353;
-0,056112321978445;
-0,0587461387366351;
-0,058936079717054;
-0,0428566037057012;
-0,00500698262104248;
0,0103908449811811;
-0,00147342803349144;
-0,00325032218195883;
0,00191271468655067;
0,000349797297404579;
-0,000825691301602615;
0,000221401959503066;
0,000200771092758723;
0,0406401114717079;
0,136879752704978;
0,172456422476299;
0,11935352470659;
0,0914457914850282;
0,095756675338116;
0,0924730137825764;
0,098182802449089;
0,105124386316368;
0,0874779371191402;
0,0572500382779848;
0,0474872813139031;
0,0679636182009738;
0,106921864432045;
0,153091136161683;
0,152230165098938;
0,0742780966909239;
0,0409061190417755;
0,105893411835121;
0,163589054524658;
0,17428390412901;
0,151124840107621;
0,111211140973093;
0,0846433020356416;
0,0710113952741567;
0,0878640973317923;
0,133868264994579;
0,133228544828098;
0,0840777604677688;
0,0630226904839651;
0,0551721665864603;
0,00436083601160153;
-0,0611536442479535;
-0,0948763832675407;
-0,0984056821520517;
-0,0630885938841298;
-0,00362561570441414;
0,0144058486281597;
-0,00323468838491903;
-0,00400489501110461;
-0,0450257529399852;
-0,159593000277248;
-0,198068670753069;
-0,126763385981942;
-0,0784584045134955;
-0,0448678032586697;
0,00282302140421841;
0,0101235604842147;
-0,00450850990236636;
-0,00182642038034562;
0,028119102201121;
0,0859374794233371;
0,110472322993394;
0,0870003005893704;
0,0983618408481611;
0,110342841140339;
0,0318990687923756;
-0,0307084998693548;
-0,00194042052414024;
0,0122767074716047;
0,132029620198998;
0,442115070422052;
0,544725893981163;
0,39033402466504;
0,37327380967811;
0,336961235852108;
0,059398621762718;
-0,0877990560361338;
0,00665761743092174;
0,0298454798867602;
0,177520901576148;
0,641911578824348;
0,820760221383037;
0,554952181626443;
0,415102745490021;
0,33980703029328;
0,0580212642648995;
-0,0879717374016647;
0,00717803730431848;
0,0296954486302405;
0,116146319196443;
0,444034785160902;
0,597305788151071;
0,444370258482103;
0,349089097699173;
0,268418894759419;
0,042221194489643;
-0,0676211631437438;
0,00611408068802275;
0,0226154991151412;
0,0713944523625496;
0,258219972160274;
0,283068232781096;
0,114965430942186;
0,066022287006949;
0,091644682213953;
0,0231761853587329;
-0,0270997965981172;
0,000708343640280355;
0,00971670338442928;
0,0632830773763966;
0,207521108831308;
0,226768036307202;
0,132312623878188;
0,157817498040864;
0,175171311515449;
0,0336985117822334;
-0,0477447730796613;
0,00348496128843138;
0,0162293329573319;
0,045119346720239;
0,177091069028504;
0,245167350434197;
0,219287833991666;
0,251243021175952;
0,324371511235682;
0,366107382445477;
0,388955021811627;
0,393233581325815;
0,364664144616748;
0,322160624273212;
0,297096510731482;
0,296224997498018;
0,304235505346563;
0,320019607472146;
0,3361658430964;
0,315848104383704;
0,288546090019437;
0,299970447468432;
0,324664772540161;
0,418732845684488;
0,558752839177711;
0,495618772441257;
0,286635229991978;
0,227410937624019;
0,360072772878412;
0,542570577300894;
0,508001209830253;
0,289615453804709;
0,221378896568282;
0,201321389290619;
0,0361454005503242;
-0,0536037887989806;
0,00436277949234616;
0,0180561245894506;
0,1211924270848;
0,42081733016638;
0,503401207892086;
0,279826616142176;
0,119311480147975;
0,075462335753256;
0,0417034081738296;
-0,0368543612590311;
-0,15353613801265;
-0,234384223820197;
-0,21226525780068;
-0,0506643882548656;
0,0551798269878558;
0,00146749792389783;
-0,0212689705968526;
-0,0190473295019155;
-0,0387493633607157;
0,10850040532568;
0,399210953127225;
0,559441088991544;
0,405338002789068;
0,0473041311227623;
-0,0958326522328648;
0,0125468112092375;
0,0305153518094681;
-0,0795000923331677;
-0,206686300637553;
-0,238262022323641;
-0,151210754586978;
-0,0677780562249341;
-0,0754665903559793;
-0,191094982646776;
-0,245562259849654;
-0,153800052661461;
-0,0640820109208554;
0,0448220037440805;
0,211429679899076;
0,263080109521201;
0,198401362393821;
0,189642865283539;
0,231224562041857;
0,24192135438008;
0,22000274346602;
0,190346790408963;
0,16683735394471;
0,12240817444267;
0,0461226387841696;
0,00634756553868315;
0,0400707629675231;
0,0832782968898523;
0,101111693701286;
0,136775894579879;
0,188812766499967;
0,20074934721646;
0,171925690270411;
0,145394987257715;
0,131407809215625;
0,119646177800663;
0,107107642331002;
0,0916947890511066;
0,0761362900459309;
0,0662930513489932;
0,058752687733365;
0,0491584937503781;
0,0412601343198603;
0,0379023195472362;
0,0301477601346517;
0,00807031596185495;
-0,0167012801664882;
-0,0166930993253204;
0,01683755373416;
0,0541502263368641;
0,0778852660871334;
0,11238911357407;
0,150801041824136;
0,152428155347592;
0,125629564058619;
0,114978874303654;
0,1223965970055;
0,121497008965365;
0,116978174683695;
0,111096211905558;
0,0879707951231275;
0,0667177325180068;
0,0779685964787569;
0,110280385079818;
0,139843908613314;
0,168968210411261;
0,1986018240746;
0,20138788350295;
0,165537458315741;
0,128754495545194;
0,119648053827753;
0,122679001545685;
0,12364217609017;
0,124123802399502;
0,124115693217794;
0,121463757910763;
0,121935898636846;
0,1353274583053;
0,11159951557638;
0,0197780444979367;
-0,0283614416689564;
0,00174650613483765;
0,00984088541183264;
-0,020266682725058;
-0,0703926139760798;
-0,124745463868728;
-0,131612261418699;
-0,101556198073822;
-0,0947591539256071;
-0,106692347843371;
-0,0832402080378331;
-0,0276610407661006;
-0,00126714986649071;
-0,0191392345160027;
-0,0251385563407758;
0,00545255715396419;
0,0300636771520668;
0,0505398960696658;
0,0969482563604734;
0,123192086423104;
0,106698048278547;
0,0949316446754726;
0,0815171345808735;
0,0530789234639848;
0,0687584809122586;
0,15445551803338;
0,265492054156148;
0,349518495771507;
0,374133350078017;
0,362422423012438;
0,37870518185638;
0,439223408458186;
0,502017341743553;
0,547168389602872;
0,577146564405002;
0,596130529449178;
0,634577462228228;
0,694566558022044;
0,736302354192644;
0,759183108991884;
0,777605542406635;
0,744009678915039;
0,648981031587971;
0,438153961990837;
0,0728143359357674;
-0,104914723323752;
0,00518202887663728;
0,0371611485563236;
0,136417568042111;
0,522538214022997;
0,720877991773042;
0,582098449296856;
0,492111649056992;
0,502307926472004;
0,573114040260195;
0,697144052869301;
0,696928865503289;
0,536079544701094;
0,314446583431114;
0,0782168503289607;
-0,0924973575183744;
-0,113389230945928;
-0,0186442594408113;
0,136761056140915;
0,336228776750062;
0,511473323035359;
0,566782622059855;
0,477356733798855;
0,306241823202804;
0,138789948083544;
0,0303782348973927;
0,0145091288275359;
0,0807833246090725;
0,173059505393167;
0,256588299696937;
0,319632714782602;
0,330065766448894;
0,278024828852877;
0,215765166095054;
0,176579385016885;
0,142564989691368;
0,12051073651495;
0,134504899432598;
0,17573404562606;
0,219267083352378;
0,246871418091003;
0,256827965317588;
0,259238555448204;
0,259150087795404;
0,270184644419479;
0,307154030020533;
0,347669207920395;
0,363673893428538;
0,366110528693791;
0,363278003231989;
0,342284892556139;
0,321149692522728;
0,339870535407301;
0,380041825833135;
0,376648475844865;
0,335676226971262;
0,318540696400551;
0,343411282592211;
0,284206176737176;
0,0567000472268968;
-0,0723291416056735;
0,00183594373464152;
0,0262556580793759;
0,0941947777150924;
0,323927300473185;
0,360439078041295;
0,224809051292331;
0,327424713060592;
0,481488811158342;
0,366632853585236;
0,231280815247543;
0,255721949256964;
0,279514637101913;
0,197386616865102;
0,0326457021099503;
-0,047379081060687;
0,00246727022097743;
0,0167218116008886;
-0,0387613289458274;
-0,0713784547681317;
0,0123103226038328;
0,146305489749825;
0,205920507582263;
0,232029528269756;
0,196909121535735;
0,0106853836129143;
-0,226010324416433;
-0,322122604149767;
-0,236047681970561;
-0,0836334671793003;
0,0509659820331509;
0,145113099592061;
0,20030899960773;
0,215985276002391;
0,136219334850551;
-0,0289301028126369;
-0,16997666813637;
-0,226908520975885;
-0,224534782396921;
-0,193574997771856;
-0,106058981563253;
0,0401732363162838;
0,167537359504216;
0,239408199318972;
0,257734209855415;
0,205390244398426;
0,121257707319576;
0,0639908167737782;
0,0242681995418406;
-0,00387070094514054;
-0,00439076624770656;
0,00280090717230043;
0,000453080977531228;
0,00374389409779626;
0,0186442434922738;
0,0345831529457073;
0,0595586218069757;
0,0980160657590298;
0,0907926390933146;
0,0156605936235165;
-0,0233564794853011;
0,0017654962357784;
0,00795069643337342;
0,0205848352615116;
0,0705672088980894;
0,0639667379761296;
0,00133877349418161;
-0,0226777286697708;
-0,0125901531412978;
-0,00264049571132102;
0,00262278127232636;
0,000308542083929888;
-0,00113570555514937;
-0,0161503751151306;
-0,0555442490170945;
-0,0652799870678425;
-0,0211075818552127;
0,0209385291298259;
0,0241859586025989;
0,00381507117201304;
-0,00605526514765401;
0,00052459419025668;
0,00203643742596362;
0,000261347893758902;
-0,00364244289240897;
-0,0217541264800245;
-0,0331689595194287;
-0,0158824825063973;
0,00503214605482005;
0,00451684809406428;
-0,00250274611767561;
-0,000743757461060137;
0,00123066678039535;
0,0232819392124508;
0,0894393730974211;
0,14958516669916;
0,168737935413863;
0,171791137147902;
0,15563185884681;
0,12116344071541;
0,101992724508828;
0,109265862169158;
0,132955020665392;
0,1481845054306;
0,12883537822901;
0,101731313704947;
0,1066001006137;
0,134172157075584;
0,116458551046777;
0,0226519224856823;
-0,0298250890940974;
0,00110566795891311;
0,0106663593158667;
0,0371914796488014;
0,137087924421023;
0,165439387469937;
0,069786038324456;
-0,0300910129993946;
-0,0931367897755479;
-0,125415560762724;
-0,10895747975321;
-0,0582483406677923;
-0,0227524782211715;
-0,0253814805571758;
-0,0343671970751726;
-0,0227465209316102;
-0,000786873170361601;
0,00309184874127955;
-0,0375723305871448;
-0,104755847362841;
-0,137515782806882;
-0,109995635137879;
-0,0483942937112077;
0,0213220423344363;
0,081993031273005;
0,0930221419372031;
0,0340576524002031;
-0,0391264543609638;
-0,0628155878903257;
-0,028643443200583;
0,0420953963830777;
0,130506381540423;
0,224503134333682;
0,314638720820751;
0,387751330071892;
0,441080771598564;
0,480735520626417;
0,500029623830528;
0,504651048992771;
0,514993830847041;
0,534559538384356;
0,549378264546501;
0,553347478825381;
0,411416472058424;
0,0665771240435021;
-0,101181076146622;
0,00716283841068222;
0,0347940787906088;
0,150130146319222;
0,559135193668909;
0,720635068819688;
0,48291934113289;
0,341460669746682;
0,258401293989607;
0,0340597424291193;
-0,0654059898616383;
0,00884175091737187;
0,0205661131162261;
0,184239409068722;
0,660485161360589;
0,837678822337877;
0,517074100651439;
0,264837176570569;
0,163147829851193;
0,0183107742686159;
-0,0400668125058064;
0,00622016847992365;
0,0122782832901383;
0,0773650309666108;
0,306626490316102;
0,457486462432252;
0,40297116386719;
0,314825331846622;
0,198193951906918;
0,0194871894856482;
-0,0461106197428187;
0,00723970241732609;
0,0141727376767165;
0,0375428215481632;
0,164824067347522;
0,250290883970911;
0,232374710042122;
0,21322346506274;
0,157790389207729;
0,0228516919930103;
-0,0386830266548863;
0,0038077000267007;
0,0128315537770572;
0,0533498850843269;
0,208944015973265;
0,299460809289943;
0,273923529528274;
0,300656911590369;
0,273447412265195;
0,05425680840479;
-0,071595086833558;
0,00304843277260833;
0,0253836930686451;
0,0617947231499568;
0,266231905132161;
0,443446937699244;
0,527233560238027;
0,639123289601478;
0,528560557442903;
0,0824186565871181;
-0,132495863702192;
0,0119623612766551;
0,0443399370120379;
0,105045273932588;
0,45381309147912;
0,695534915904189;
0,668911199301139;
0,65135211134873;
0,49387468078423;
0,0704577344154671;
-0,121513506997241;
0,0126205809922459;
0,0400011369598933;
0,0448222882360512;
0,230607464537707;
0,341571291806392;
0,247403410558306;
0,123328743089568;
0,050422360284178;
0,00359902640788761;
-0,00982389187934364;
0,00131408623593872;
0,00318243129313446;
-0,0538219513310605;
-0,157912852229053;
-0,11619715413705;
0,12857070215219;
0,325224365872886;
0,261114097766101;
0,0286181690769512;
-0,0623539274018835;
0,00922243859003886;
0,019365389888847;
-0,0164349428933777;
-0,00856212675955134;
0,00560938506877799;
-0,028731137376748;
-0,10187441332904;
-0,159342829986803;
-0,17437980489875;
-0,134331833864951;
-0,0467266437443032;
0,033812819931503;
0,0764060789426684;
0,122122098874909;
0,183834174456943;
0,196250492990802;
0,153172736061442;
0,12821116914369;
0,127159771582646;
0,111098211556821;
0,100562366500159;
0,113195567484124;
0,124847017573536;
0,124237449607783;
0,110934814330327;
0,0921210108603042;
0,0867351149725787;
0,0690944753188198;
0,0130457099787135;
-0,0175327673486035;
0,000728284298329756;
0,00624026156487648;
-0,00475698579908503;
-0,0147773871367914;
-0,0311037950324789;
-0,0308687599961527;
-0,0118243843459893;
-0,0146430138527065;
-0,0319604363832698;
-0,0278376830576459;
-0,0236483954170576;
-0,0428569753350928;
-0,0518173396196857;
-0,0307814744860231;
-0,0112640243624397;
-0,0163775576356312;
-0,0339917364475849;
-0,033664621907404;
-0,00642466282303674;
0,008797520301812;
-0,000473220484128255;
-0,00307582732095165;
0,0413732003701189;
0,129645000911377;
0,149692740688962;
0,0830654221152525;
0,0502044849671189;
0,0680774185518399;
0,0907394237710294;
0,118888040395006;
0,152275531434644;
0,174739156865862;
0,17760899840387;
0,161743911855042;
0,1278747774902;
0,0844714213766275;
0,061853419603559;
0,0535832299054813;
0,0157537651732283;
-0,0144928836333755;
-0,00129544212966366;
0,00597379886591177;
0,0527046715216241;
0,182827126690944;
0,23606659675624;
0,171608458586743;
0,144786958976872;
0,160608436068766;
0,154170270487312;
0,138908042450252;
0,123449061323179;
0,116136551353831;
0,133351175479962;
0,160378084629259;
0,1828392479846;
0,214193143407986;
0,240564015149524;
0,222315586795812;
0,173497412469008;
0,137511630021079;
0,107705299132204;
0,064697157544576;
0,0291797931912977;
0,0160737446258544;
0,00516213356114121;
-0,0171729730826231;
-0,0333606243762875;
-0,0225592090311827;
0,000115772048557326;
0,00491278760920534;
-0,00161467012258392;
-0,00114661480397275;
-0,0103810514574616;
-0,0416062530305688;
-0,0653929944625451;
-0,0764698092216641;
-0,0967670542176567;
-0,105509616819274;
-0,079282104018319;
-0,0311627524064076;
0,0220383585336928;
0,0775534085458792;
0,147096116952602;
0,221173101033407;
0,247915524701263;
0,199169340001765;
0,115950463219139;
0,0513663558951734;
0,0293457996153389;
0,0611553354245028;
0,145728494792534;
0,253667603507061;
0,344630534641673;
0,422530830472993;
0,513267454540599;
0,590201074850711;
0,610332560756897;
0,54450041853541;
0,442440473921702;
0,469480244667522;
0,595827074985794;
0,624433025603376;
0,629788652862569;
0,734961003307811;
0,788556637574859;
0,725800259034805;
0,662823026394595;
0,603936346632629;
0,529730181132795;
0,482632190595755;
0,460412676388631;
0,448559611860016;
0,331342207979214;
0,0530518100547292;
-0,0816129870635776;
0,00608010645063095;
0,027926946812874;
0,0907394178376747;
0,340894594506481;
0,433786510469911;
0,313519553921792;
0,312539133686814;
0,297680465462638;
0,0589332046419998;
-0,0789747969887296;
0,00397160324132646;
0,027700199644435;
0,0810105210298469;
0,298018538244233;
0,363530703726496;
0,239210889609299;
0,22970971159863;
0,284428632431763;
0,241503048209369;
0,187895261326854;
0,197374249459262;
0,22773471406663;
0,265650821366338;
0,31499440363422;
0,348502238889311;
0,35374331198799;
0,348860981867016;
0,337091413927752;
0,29004342003244;
0,222518900382609;
0,206074461334545;
0,265231868240222;
0,354836889875681;
0,430710281831559;
0,456106833731961;
0,416317821064772;
0,353030460444859;
0,314386718972561;
0,325279107578632;
0,385129613145652;
0,439773262583527;
0,433996399316424;
0,376069649905651;
0,332217137267771;
0,371045021931707;
0,441504509790994;
0,438547159531748;
0,45216318651405;
0,581085561649942;
0,634914515891737;
0,524595675242381;
0,436281489157404;
0,317337310556469;
0,0523674142294456;
-0,0785870020224951;
0,00541049157499455;
0,0270756839488775;
0,0746422305667851;
0,265166911337541;
0,312641869739103;
0,273690023191382;
0,472590750896216;
0,543229103050896;
0,127919152100618;
-0,148374529104926;
0,00111085212931679;
0,0547397311081167;
-0,0663197199012131;
-0,135707642756097;
-0,127649644681846;
-0,151385840982643;
-0,267253658790862;
-0,247704064538197;
-0,030013523800258;
0,0628957258076345;
-0,00970159184748993;
-0,0192387721467517;
0,0279808474552314;
0,0380164724151868;
-0,00117534210653258;
-0,0184056930613291;
0,0569963653999062;
0,151814607717871;
0,195462511561211;
0,207133144982588;
0,18906789590512;
0,114320872393321;
0,00648786483640247;
-0,0644428413256461;
-0,0905715710050048;
-0,117750654318857;
-0,155591058634809;
-0,172232470560823;
-0,160566134092242;
-0,140415353165102;
-0,090874983782742;
0,00380129213439407;
0,0861294044289535;
0,110671641723158;
0,10496805891826;
0,0824381335715765;
0,0269048330177296;
-0,0214457281360163;
-0,00922373359881413;
0,0417088823109058;
0,0970324486883238;
0,148242691964282;
0,154389953795773;
0,0963638979982396;
0,0405818575116541;
0,0387322222183831;
0,0683981121569958;
0,0973771501331888;
0,125148380466129;
0,166308226231806;
0,200146593825453;
0,188489031745356;
0,15027657496778;
0,141223711062683;
0,158409020607297;
0,142838710416619;
0,082205371354951;
0,0226954438575356;
-0,0136481319997746;
-0,0511396584406698;
-0,0935220413966066;
-0,108183800286449;
-0,0880759141451461;
-0,045182139311593;
0,0258205913254051;
0,106115888019468;
0,14540560785525;
0,10482358998707;
0,0126766684030997;
-0,0246060828042587;
0,00295549516297191;
0,00795883406786487;
0,014362138233341;
0,0711877237483204;
0,124598777482817;
0,144207704491621;
0,15662044010603;
0,121351518031999;
0,0188581867983154;
-0,0299277875976957;
0,00248963775659591;
0,010124369597453;
0,0340253271356463;
0,128528370980188;
0,161647465837743;
0,104868052234257;
0,0850310701094353;
0,103496298568298;
0,107176527771652;
0,116288639280279;
0,135832285055385;
0,143849892004226;
0,146586001563024;
0,154873078841313;
0,156998997109287;
0,15227922728244;
0,155428120669049;
0,163620133357529;
0,159146153647451;
0,139639193621653;
0,116336553726905;
0,0810775088463745;
0,0209036924192526;
-0,0329293604800163;
-0,0380300980810481;
-0,0156252578576861;
-0,0155354812061611;
-0,0329358891152947;
-0,0430555447337132;
-0,0503283534919676;
-0,0433285515292791;
-0,0101109946666017;
0,0155919385661085;
0,0155020118608849;
0,0236048240414775;
0,055922134867422;
0,0756611870134713;
0,0510736547631492;
0,00483139365521013;
-0,0113410993912565;
0,00163341727289705;
0,00356866008610574;
-0,0322343541308219;
-0,115999512056081;
-0,189850809290548;
-0,204479837709231;
-0,175647606770482;
-0,0931905875477747;
0,00181832658123169;
0,0192917390976502;
-0,00665654765741449;
-0,00439694339648579;
0,107474395370962;
0,367037427768484;
0,526347084664959;
0,492781614538536;
0,517224280520607;
0,553183829587314;
0,452577958040904;
0,41109128484608;
0,498139835681288;
0,557929006323713;
0,576020425144385;
0,586987391288564;
0,612329109917208;
0,671106369761313;
0,714894629318848;
0,712122108751651;
0,663513891843155;
0,558208345422902;
0,418483440295037;
0,315304873294624;
0,277690772160404;
0,273369778650432;
0,306523260773711;
0,396171425557276;
0,494427208900024;
0,543240520721915;
0,537900841451334;
0,492626596999069;
0,426497545731535;
0,373403238510667;
0,338930393886256;
0,302086571751606;
0,271540596508387;
0,266399886837018;
0,314417949389467;
0,441583755280028;
0,562029886240978;
0,558869985165778;
0,456378199247962;
0,322543537996234;
0,171212698472111;
0,0458610767997492;
0,0126031661331663;
0,0628173795428245;
0,14878504197794;
0,266414815723289;
0,402206028349464;
0,4883262440851;
0,484690354223585;
0,415236559055895;
0,31015974085671;
0,203700818321573;
0,151159626141399;
0,165598544970999;
0,200550868148778;
0,228113085435241;
0,268044991307428;
0,32417251160808;
0,35796426384924;
0,357651657654529;
0,356288897658043;
0,361608916624305;
0,343417654318793;
0,301947185588217;
0,285085811834299;
0,318431147266008;
0,37684337673736;
0,43026103883553;
0,483182767976036;
0,531001848067327;
0,502391563595215;
0,3749171846275;
0,254441612724475;
0,224571988643313;
0,269101329672063;
0,378569431964408;
0,565521463509494;
0,74489925797387;
0,786791730644224;
0,675719923165448;
0,489626769116726;
0,328741362209688;
0,276451202491367;
0,335715953619945;
0,429513791928212;
0,440504940604374;
0,292876381232353;
0,0788716297411004;
-0,0349279680802961;
-0,0368067509201937;
-0,040517602332362;
-0,108109263419943;
-0,19654199634068;
-0,216133953562507;
-0,134097583122446;
-0,0317352511922485;
0,00653912649538037;
0,0159527275733312;
0,0613112585235023;
0,121727095608953;
0,135624491086283;
0,13224613295372;
0,172432118861685;
0,180095687400746;
0,0955908874453959;
0,0432664619216625;
0,115691402216867;
0,165883685623379;
0,0572620424677917;
-0,0880041572550517;
-0,141763355468552;
-0,162209594852604;
-0,190355529083213;
-0,145287010122136;
-0,00156019230363872;
0,0933300909112973;
0,0348756383222055;
-0,0298184899611862;
-0,00275187796479955;
0,0122021462992827;
0,0184867631580475;
0,0751476767705048;
0,115096756946835;
0,111236938122762;
0,096937749670138;
0,0538886561433901;
-0,000664754439058257;
-0,0111024904695389;
0,00365540981911524;
0,00261025984374726;
0,0597687706176692;
0,199569530175968;
0,226152396136874;
0,113230837674025;
0,0563044812255138;
0,108638673964811;
0,205190563454438;
0,212977690112581;
0,115713692350478;
0,0601117486205933;
0,0653168421443736;
0,081000195596557;
0,0951808205238608;
0,0997045057920248;
0,107917694751369;
0,0875175420315933;
0,0143293104720436;
-0,022203127873309;
0,00184563185123325;
0,00749291769854517;
-0,0352791549100163;
-0,101231322559893;
-0,099162626667914;
-0,00610403936472685;
0,0704772622768686;
0,0684157846432082;
0,0128718229680231;
-0,0171403766246993;
0,000613332169448439;
0,00615090062487452;
0,00984193336582252;
0,0382635844859864;
0,0456279036309065;
0,0451605492033695;
0,10097188469316;
0,138884445160253;
0,0704967138312137;
0,00895175824311171;
0,0454712533143476;
0,114447420703886;
0,156953612036155;
0,153142062013776;
0,134283219944397;
0,143866504206895;
0,160789360407865;
0,162561339122508;
0,154613832602701;
0,141490676693705;
0,130897550843315;
0,129775543700809;
0,131129501377899;
0,124000269504417;
0,1134316835114;
0,112505428093997;
0,126006413377261;
0,152819603304586;
0,186474547304134;
0,217546661426382;
0,238037913048144;
0,23805552902169;
0,165774485546287;
0,0219398612617479;
-0,0395037090053115;
0,00421654697065755;
0,012993037489378;
-0,0121667671831579;
-0,0232672187201449;
-0,0328510690866187;
-0,0391912694409102;
-0,0393634785874968;
-0,013688690988788;
0,0435214533108678;
0,0710280406253689;
0,0419311198086406;
0,00158034916662657;
-0,0281951736401144;
-0,0330431620212189;
0,0138472823817709;
0,0751179476382788;
0,0912190291863814;
0,0679627985192574;
0,0464328133379166;
0,0348012999720851;
-0,00095606144871832;
-0,0593157982438408;
-0,0753767486235616;
-0,0116271957578393;
0,0768447413714067;
0,112853228381565;
0,101013480675834;
0,085828823057966;
0,0751363484592877;
0,0712556673413699;
0,101300584938156;
0,191998371007996;
0,325919753859553;
0,441505176447903;
0,507311832339702;
0,54960271106744;
0,576876714430457;
0,424003254205088;
0,0592695004374597;
-0,10312595142398;
0,0106591591790121;
0,0340075829730559;
0,103288221327594;
0,40109658001482;
0,529561508874435;
0,417065769877002;
0,417795224333939;
0,481301398904123;
0,463260720172147;
0,458843625068847;
0,487773395326656;
0,498415598804008;
0,369561492725101;
0,0607655353792288;
-0,0906757316299064;
0,00590630032937312;
0,0314155616143561;
0,101571990058233;
0,404781027917041;
0,586670534931547;
0,527930515219678;
0,502359986743595;
0,381538552512897;
0,0503351799012953;
-0,0939588447430047;
0,0115265597522466;
0,030143294895072;
0,0897552909662309;
0,381212306604532;
0,567852655536945;
0,499328596489353;
0,413879758401858;
0,306548466588735;
0,111257229648242;
-0,0215406350243929;
-0,0398797712385185;
-0,0453981231014796;
-0,0445958324816855;
0,0449719550032758;
0,200267417218267;
0,32044095899913;
0,367888805300696;
0,368775496748751;
0,331606078825868;
0,241219303054111;
0,140996075388487;
0,102935583638954;
0,118887669283351;
0,139654951589862;
0,161971330840791;
0,206375719500287;
0,271980892750856;
0,332754888317756;
0,357199811504881;
0,336782377070864;
0,287117801779668;
0,230799742668567;
0,192133384748489;
0,188517859739462;
0,214459507492214;
0,259326005320627;
0,323457372517394;
0,376638565480806;
0,37658101750989;
0,337855094434755;
0,295909776951623;
0,25974642165142;
0,237109463049343;
0,243249741082524;
0,282793053800679;
0,332150105350896;
0,35393908467702;
0,345195113674771;
0,333929775806391;
0,330646875698536;
0,322041645822912;
0,301977475191415;
0,281839753043522;
0,274749397007784;
0,279276347218496;
0,286762125638691;
0,308388855058186;
0,351203792154346;
0,385614658430683;
0,38834423853198;
0,36791538633521;
0,340897065888352;
0,327728538431253;
0,343328416594207;
0,368104266049494;
0,381663414687513;
0,408752499944921;
0,4424232390076;
0,416082575136889;
0,32112738696975;
0,206041429345714;
0,086267056619043;
-0,0126294815163726;
-0,0324158823878702;
0,0210952420245071;
0,0717220553123914;
0,086197888357395;
0,114523132216905;
0,159312475036724;
0,135405198826689;
0,0403547725693013;
-0,0544843899799325;
-0,133839600624441;
-0,209827192449456;
-0,285770873110247;
-0,338298907044448;
-0,295064237543589;
-0,132636473195113;
0,0133823581696685;
0,0239651778128852;
-0,0120111102757681;
-0,00392829180462303;
0,0424280129645027;
0,0808998402927129;
-0,0174074202093537;
-0,277301889688849;
-0,569477631203499;
-0,67348317856006;
-0,399211442700428;
0,0725042544071123;
0,404087644671855;
0,514306555214208;
0,375331535305196;
0,0495786803166364;
-0,0899615015174809;
0,00988765089371334;
0,0294459007390121;
0,0570973334292461;
0,187779583841261;
0,0951896199489115;
-0,177273792096276;
-0,266331226835414;
-0,166484757927757;
-0,0234054541401428;
0,0373171881452714;
-0,00229624405491622;
-0,0130967591429174;
-0,0210931394937384;
-0,0736559378805938;
-0,0483505351268803;
0,0542839834824331;
0,114453634404147;
0,102107288393171;
0,0254035840175997;
-0,0262573989772095;
-0,00130642612547895;
0,0103990013459745;
0,00433764970917231;
0,0318694379951817;
0,0693565033084217;
0,101884461062763;
0,144764868665888;
0,135717490026303;
0,0288316392388435;
-0,0354158417040096;
0,000642127396155385;
0,012944139781365;
0,0183690263618519;
0,0775185667307365;
0,106961722288681;
0,0934559608565398;
0,115219518114686;
0,15803647843575;
0,179864719540598;
0,200308413135859;
0,231759225897403;
0,240180592303192;
0,208483330354257;
0,175997387687727;
0,16920996589677;
0,166127485232945;
0,159034154895981;
0,174894092171533;
0,223742228057681;
0,273902917579058;
0,291195238791191;
0,277315684419023;
0,246763948904902;
0,201270286299574;
0,138391766845287;
0,0653940601842469;
0,00404356939656433;
-0,0342576540611753;
-0,053590829965785;
-0,0511583361656265;
-0,0325763333072281;
-0,0130692670932229;
-0,000157334089089601;
0,00334438915591271;
0,00823338151611393;
0,024408571336773;
0,0461352404232654;
0,0659503120768506;
0,071754536937915;
0,0625710567319095;
0,0501795454738674;
0,029390963384427;
0,00321106279369733;
-0,00509469212411212;
0,000904092510355247;
0,00144622235837336;
-0,000929335577454856;
0,0404746016980612;
0,137351639282212;
0,17799411537917;
0,147910161299824;
0,17391673314651;
0,259943923882762;
0,346846621975153;
0,438406802833042;
0,513870504002996;
0,526343805985818;
0,507092879900248;
0,53453870478705;
0,600897858685001;
0,643616577421426;
0,660804607775503;
0,5036937228162;
0,0875208997666115;
-0,124902984385842;
0,00682731761270239;
0,0438142719627071;
0,133510241572774;
0,521192163285343;
0,7232594123928;
0,61225341382007;
0,597549301672428;
0,489341597677154;
0,0754981005560831;
-0,123684670477217;
0,0120031034318183;
0,0409895799827484;
0,0766243727503662;
0,35657547483208;
0,574205876866322;
0,579663281822687;
0,552117153068737;
0,485987139441995;
0,405959054498692;
0,471797210938886;
0,594902367078654;
0,583735025396478;
0,36868883047741;
0,0407036809908235;
-0,0843301360599698;
0,0107543242390353;
0,027070022681817;
0,0767136090643382;
0,337234043688192;
0,530777000629171;
0,511128769775931;
0,449817526276485;
0,373065979815033;
0,308786815540455;
0,378548180690318;
0,4992872103107;
0,52657111624948;
0,442231335547475;
0,330897930743153;
0,360815080920867;
0,496303473714768;
0,534528247062209;
0,403796486848987;
0,201612881313118;
0,17998216316871;
0,331099989341524;
0,396976191721101;
0,388195318732587;
0,38646739220265;
0,340870504020668;
0,263976157865403;
0,224979221111759;
0,23442647564743;
0,254752834145689;
0,267324113531793;
0,274797883419239;
0,279545867361035;
0,286603537656653;
0,296947956868154;
0,298960462088733;
0,283958784293083;
0,262678432920596;
0,249045417431756;
0,251257771339367;
0,284042040978746;
0,350180195604544;
0,431404348813497;
0,497524037293427;
0,514286454771935;
0,475269975605413;
0,404938772622545;
0,333262338578906;
0,288386169708137;
0,285004001835196;
0,32042621099895;
0,393378526546275;
0,493534753213403;
0,557480151324295;
0,526466962736665;
0,433979614852195;
0,322251782956054;
0,206864768308763;
0,144573458251476;
0,173046058133717;
0,259099494845129;
0,360763545789471;
0,453861541741358;
0,495175259873107;
0,454625551276973;
0,398426708255573;
0,426889542191449;
0,520310347900451;
0,428155784638448;
0,0705785423578489;
-0,107358467225983;
0,00809855541885718;
0,036634219772559;
-0,0199142782729265;
-0,00281293832007582;
0,0494538062872625;
0,108965545497235;
0,145896796037626;
0,138984275545977;
0,103927804888096;
0,0215503567790701;
-0,105843358755111;
-0,216851244188444;
-0,254540425226938;
-0,203740147689704;
-0,119119185318037;
-0,0683748465568716;
-0,011802547048855;
0,102308462674007;
0,194070830886982;
0,216350739275692;
0,304856848045423;
0,457551481192344;
0,344812698619791;
0,00819907354137138;
-0,0819978910487815;
0,0244622405914161;
0,0200034666851341;
-0,136818801677753;
-0,295852075944271;
-0,061600399105394;
0,439225141475368;
0,617263465904684;
0,488291183738334;
0,288130973802163;
-0,00545767022395033;
-0,319210749117503;
-0,479007159163757;
-0,359886299363021;
-0,0469555479393082;
0,0859043819960573;
-0,00952164445622908;
-0,0280936091217418;
0,0542864754857983;
0,12050356517192;
0,0994964588855844;
0,00748559190994809;
-0,0284045393670528;
0,00343494468652395;
0,0296172405933611;
0,0337048110095853;
0,0287023570099398;
0,0276391956189996;
0,0395258829396331;
0,06071139069362;
0,0899139294096627;
0,141419814162298;
0,211978239157398;
0,264189184622929;
0,272442895384456;
0,244365887091475;
0,193700781707724;
0,138574192134485;
0,147164424543574;
0,242749208639077;
0,277206176145852;
0,193856619109819;
0,126304300377376;
0,118774439999427;
0,136406374515846;
0,158360419156985;
0,167434262297595;
0,174509391963762;
0,136884804681329;
0,0240120209838843;
-0,0342518077140377;
0,00193733577526679;
0,0119768497443685;
0,0136425053520715;
0,0706870402678609;
0,121044780322585;
0,135361462145235;
0,150473756375884;
0,120535502922618;
0,0191110669043691;
-0,0300421515523022;
0,002494931107761;
0,0101553148444039;
0,0345134735902081;
0,140119715475379;
0,200946129770428;
0,163608292058297;
0,142159721270946;
0,118535003885073;
0,0229350752808071;
-0,0307965501071223;
0,00143010588561486;
0,0108728895505206;
0,0230336963265735;
0,0794657667715053;
0,0651440930813466;
-0,0251859115496257;
-0,0698821476902188;
-0,0682458118346065;
-0,0683200321638147;
-0,0598022022098073;
-0,0394858172682665;
-0,01744878464189;
0,0206846332016534;
0,0676912511865529;
0,0722052153909203;
0,0195877076019574;
-0,0591529335499699;
-0,134210881164145;
-0,184285486866285;
-0,204924964679069;
-0,182452171258248;
-0,0984050640464677;
0,00893093522965992;
0,0896832580471529;
0,154928213545364;
0,217119336761764;
0,238585300216962;
0,210418662743536;
0,206297333747462;
0,275048379654915;
0,371037215724878;
0,457350060558879;
0,544790986522761;
0,619513504037737;
0,648518067989597;
0,64763312932982;
0,663379883212002;
0,510988816783801;
0,0857610642790414;
-0,127250225332014;
0,0085138223944748;
0,0439298627632683;
0,126168373428148;
0,491304974475555;
0,649607620040044;
0,474561821370018;
0,394943693667538;
0,400459478701976;
0,346137737114537;
0,342783358555069;
0,414083148148248;
0,500905427989823;
0,598745935260726;
0,690092548798122;
0,719089378990637;
0,65466050736012;
0,505323557248365;
0,301200035636698;
0,111847327183841;
0,0296566114698542;
0,0802351885834359;
0,218931726499253;
0,264347098640733;
0,0724398823242696;
-0,0730402243327285;
-0,00327443787528834;
0,0286193937078515;
0,121292140547418;
0,465785577298682;
0,675678010852726;
0,562788978719588;
0,428700909554853;
0,351262421723073;
0,306734428353346;
0,350507045852188;
0,398953014737984;
0,369851005547816;
0,233643440950025;
0,0263785753816095;
-0,0538371331512816;
0,00679735348553695;
0,0172990567119244;
0,0738225167378819;
0,294070180200715;
0,423982678583149;
0,361866299400086;
0,314297436534176;
0,238515830959396;
0,0371992172018288;
-0,0594969669388127;
0,00522613024045265;
0,0199841028002745;
0,083587971777736;
0,312102928847752;
0,405727991523113;
0,294810823768696;
0,256897640464139;
0,294091702225141;
0,295813965318844;
0,302044044384252;
0,329091466526081;
0,347510986577745;
0,35074285076038;
0,349919495498215;
0,360084973417796;
0,387407332434155;
0,420664033421413;
0,446952375218257;
0,453894573838718;
0,430325059422024;
0,393058370972925;
0,368906626008929;
0,358024259341444;
0,362258141935538;
0,38707486267445;
0,405950042527203;
0,394243736203465;
0,366066369298314;
0,349841355831954;
0,370057385100959;
0,419648192190806;
0,462019602603118;
0,361013506256621;
0,064531991643655;
-0,0896260700058696;
0,00419297864659955;
0,0317497855641026;
0,0491493908464509;
0,19331580288532;
0,213642175873239;
0,0810502022693736;
0,0148669814423468;
-0,00909972378166005;
-0,0244769150181136;
0,0186513350932513;
0,0444482842462727;
0,0231462240668181;
0,019389577695884;
0,0149304320979313;
-0,00583696624729341;
-0,00401970907140415;
0,00394175367394982;
-0,0276466138164182;
-0,122469918390727;
-0,244273885049659;
-0,30931110839533;
-0,264577104371166;
-0,0990144103759252;
0,188061131684334;
0,533298532277744;
0,72342952914412;
0,577444976309346;
0,239407078014522;
-0,0235318215910434;
-0,221879740051882;
-0,440615182061429;
-0,526270110594645;
-0,319879908545742;
-0,00901544620819928;
0,0686707741607016;
-0,017828600406214;
-0,0181655078021625;
0,0391201755306803;
0,0281256588579939;
-0,118399557043671;
-0,264334295670547;
-0,231347647479551;
-0,129151661408889;
-0,0624311274349433;
0,00963650990006893;
0,0493519101129109;
0,0170654279035179;
-0,0254386205781209;
-0,0396860869501369;
-0,0563614139102931;
-0,0909444530902796;
-0,126075498877769;
-0,145783005690035;
-0,140615480408605;
-0,109801871214453;
-0,0598803966377363;
0,010027178287845;
0,0876543310444246;
0,128048690510359;
0,116493426838496;
0,0931465134950168;
0,0744261245437578;
0,0581106583218836;
0,0720345821874428;
0,138437345611327;
0,23539098865498;
0,293773189010699;
0,272536374582944;
0,209879031167391;
0,135973909664046;
0,0532084734653943;
-0,00273569044842115;
-0,00883833910697435;
0,0017548254982858;
0,00166148748128767;
-0,00120166650664432;
-0,00010593512230837;
0,0219579267800587;
0,0869982974081538;
0,15904523722665;
0,19695154144096;
0,209202991075779;
0,154628460466443;
0,0227686493715334;
-0,0375768925191959;
0,00338222873005527;
0,0126152750691754;
0,038380994356863;
0,158926096369254;
0,234706035506746;
0,205846838683163;
0,179349720767781;
0,130652118612916;
0,0175408405169927;
-0,0320333074967353;
0,0037370706577889;
0,010366544754222;
0,019835132423375;
0,0849711520458289;
0,115013869419878;
0,0921368030284732;
0,0888626335798367;
0,0689943634311415;
0,00648155248328278;
-0,0170358964481663;
0,00321578291874786;
0,00496434677198622;
0,000563328599767777;
0,0179581531741731;
0,0376191964980856;
0,0338429728376913;
0,010269596268642;
-0,00425548206295616;
-0,000989129336290881;
0,00180340422987849;
-0,000384224180481531;
-0,000483177531964102;
-0,0258484314846912;
-0,0880528551618478;
-0,104998196487213;
-0,0415989899796815;
0,0352763748449688;
0,104191813919715;
0,185308827369247;
0,279371951667788;
0,358284253062871;
0,392421410738564;
0,294619345957309;
0,047663821797864;
-0,072210082307023;
0,00499234808739534;
0,0248921504240663;
0,0866656101257119;
0,335727467241431;
0,468562673845533;
0,409230364914035;
0,428612428397525;
0,523336137586599;
0,566159486825017;
0,551987406255163;
0,518049541600603;
0,507664182000854;
0,529712314914758;
0,560425404847001;
0,554681013228314;
0,518554282849293;
0,506559509331214;
0,509458537384893;
0,485052224787945;
0,440446545732075;
0,412988787787016;
0,419827927238529;
0,454733473207354;
0,506712895930648;
0,556755041990055;
0,578261968052179;
0,560929452607842;
0,395395207276901;
0,0580954350283955;
-0,0952233214848796;
0,00820320049295923;
0,0321581315329875;
0,0962750015671436;
0,354079516591015;
0,409348239153427;
0,211858459185664;
0,138949537742352;
0,248301234277495;
0,396078576779126;
0,378463758988677;
0,197955802180979;
0,111188761987751;
0,0941019007230637;
0,0172603668488732;
-0,0251628145186568;
0,00194712010652953;
0,00851768168596613;
0,0855641452356121;
0,288791706133069;
0,332780046808789;
0,182001828311332;
0,150285752527141;
0,259037582256422;
0,330374638235453;
0,283170079321217;
0,183333494663146;
0,16810089835293;
0,161099613176501;
0,0374341724556477;
-0,0434784820694274;
0,000238829665592114;
0,0160933580124481;
0,0692373033509154;
0,266184957112948;
0,39332766474815;
0,372293300685164;
0,371610060235581;
0,375631819786044;
0,313954650896631;
0,249389031954837;
0,24178692173048;
0,306580864277561;
0,376632133734106;
0,338179503769087;
0,244446613821504;
0,234365841658665;
0,311585468119553;
0,366801934331153;
0,315157496355366;
0,259561777776335;
0,306674542719924;
0,396160786309648;
0,350078610059756;
0,07677178588124;
-0,0902532717952414;
8,04268582616364E-6;
0,0337409791952473;
0,07217775888199;
0,240591631089527;
0,195768517593754;
-0,0543948623758919;
-0,135143348950272;
-0,0964879968733645;
-0,0804130672174781;
0,0227301307516996;
0,195791017146432;
0,267823897060577;
0,169270538623069;
0,00886611284349553;
-0,0371617368492965;
0,00818218536803051;
0,0104521126824249;
0,0243466578025726;
0,0849189042487552;
0,060666470087441;
-0,0422247236327976;
-0,105618904848042;
-0,089088448711273;
-0,0135822806694467;
0,0227127999943523;
-0,00236648504473137;
-0,00744928894098072;
0,0485232228827938;
0,111332851263046;
0,0373117208659469;
-0,110933525098181;
-0,150537136784032;
-0,140391636636805;
-0,157892330373526;
-0,130771350702318;
-0,0247973412435798;
0,0920033795099547;
0,0703742039656164;
-0,116938114728686;
-0,183716802435765;
-0,0233745730198871;
0,111208196698524;
0,151711365650039;
0,165597115335541;
0,114464384219312;
0,0229060507372048;
-0,0452168906772413;
-0,0665452123252808;
-0,0216473382649012;
0,0189755988314996;
0,00192339384640481;
-0,00789523737984518;
0,0139998582486982;
0,0400206008453142;
0,051177736436366;
0,0489479264876245;
0,0456010054776219;
0,0282436699463165;
0,000769336421151977;
-0,0062366421579109;
0,00168550588736918;
0,00161428107208566;
0,0275620595687975;
0,107667494107216;
0,168144226138273;
0,156132874424176;
0,106891783960322;
0,0736245923798058;
0,104284195772504;
0,159607722374184;
0,159894328453329;
0,108511577337752;
0,107227367764286;
0,231977361920239;
0,330815204903362;
0,270408796059318;
0,169001493421023;
0,108468326352332;
0,0558215027953122;
0,0267200766627293;
0,05332538418733;
0,105331046518925;
0,0990350402160089;
0,017185078973152;
-0,0253649056676601;
0,00181780863765986;
0,00868180343476876;
0,0219474019641281;
0,0897296839213579;
0,127277783649443;
0,111989137257503;
0,117799031729087;
0,132532578829646;
0,120509141090298;
0,111750140594882;
0,123776620032842;
0,139004114366289;
0,147855172352459;
0,151829331564491;
0,149821662053226;
0,140902624604907;
0,122650282048009;
0,075903921124633;
0,00763858599507522;
-0,0173140839390773;
0,00249935325829749;
0,00543009709670272;
0,01632504572425;
0,0585234252806971;
0,0577877354980153;
0,00470543088074017;
-0,0366575358795254;
-0,0239868317316315;
0,0445831726136384;
0,0609166291173778;
-0,0123009766322254;
-0,0664536325426764;
-0,0597402314280418;
-0,0141969298402957;
0,0149604085353466;
0,000715537000312847;
-0,00592389560021565;
0,0321641554854663;
0,0963586169877752;
0,109222527765637;
0,057961282900666;
0,00476210157362882;
-0,0235442714262931;
-0,0121764859109972;
0,00814499419727023;
0,00175974074734712;
-0,00376574422961091;
0,0940104869070439;
0,328373805844638;
0,456174695481455;
0,388961175067525;
0,355156617403999;
0,288674184077506;
0,0509261211616079;
-0,0737687284787197;
0,00485076238528705;
0,0254476377589798;
0,143509860580632;
0,533894343353621;
0,723453850798529;
0,56444546064022;
0,509514263399595;
0,444615726548864;
0,0871952937660429;
-0,116385330661205;
0,00537384702791686;
0,0410789687776025;
0,119259077175001;
0,445080859996983;
0,560437348656444;
0,375118823224475;
0,276517247513239;
0,256978625767434;
0,249461865806066;
0,336496884583231;
0,456514408318532;
0,539642193071678;
0,588511597471372;
0,589065131180216;
0,525065287471175;
0,416056923869576;
0,281810398555457;
0,149122495055787;
0,0962691862295637;
0,151835623529603;
0,242309848980858;
0,326797046791693;
0,405109307320716;
0,428521382442698;
0,363168990181517;
0,257081311857531;
0,161815578824077;
0,0730259291692427;
0,000321789067365683;
-0,0145049272678908;
0,00412594736289236;
0,00371821060747525;
0,0883366758776065;
0,306703151878813;
0,385286352155252;
0,256997738384115;
0,190990979004372;
0,217026008982584;
0,236370645329053;
0,27119280376473;
0,312534959940739;
0,319373565230433;
0,294569701090226;
0,258356474957202;
0,234217181772718;
0,237881438176776;
0,25452575480272;
0,271546550083777;
0,293431635481643;
0,310709801138345;
0,317785600937301;
0,328797518028763;
0,336125332260597;
0,32126982392026;
0,292842775289089;
0,277250536200685;
0,313629797814367;
0,421240045940069;
0,550976233811687;
0,622926986830075;
0,607724861276045;
0,533874312164618;
0,427304905190603;
0,329686001844454;
0,335111355426638;
0,446003221730464;
0,512641705648096;
0,357738420798985;
0,0404978125222371;
-0,0836504223071995;
0,0110652763728003;
0,0266154238770604;
0,105660307185638;
0,429841357075987;
0,628583397264186;
0,520990386713126;
0,347383546211485;
0,142036762430089;
-0,108053201158164;
-0,265376325176607;
-0,290934958064283;
-0,198442443744808;
0,0135782794487999;
0,25535888558325;
0,397589758512271;
0,399094666765815;
0,285419846591626;
0,129427020486196;
0,0585369053739243;
0,104317114357112;
0,156482487319846;
0,177164562367235;
0,152344348922442;
0,0348764667052279;
-0,039932849558029;
-0,000236148763912528;
0,0150160247031545;
-0,000784623479479082;
-0,0774841359341139;
-0,355489680167591;
-0,651611938084121;
-0,695921045376651;
-0,348249423176871;
0,21588591671193;
0,184828387759709;
-0,439457062486311;
-0,688423677091145;
-0,484240822691931;
-0,259281073546517;
-0,023418869537347;
0,22718367303002;
0,350775984359579;
0,301257149794817;
0,164105316435445;
0,0556822217169753;
0,0317041173090094;
0,0566112545824142;
0,108396559402793;
0,151408945520411;
0,0987569214742536;
0,0230523380998203;
0,0441518322658152;
0,0681692785046292;
0,0152002660892792;
-0,0191722238494954;
0,000817967190040155;
0,00675869892947411;
0,00923689801223044;
0,0726244118272854;
0,183220078620104;
0,246244306933509;
0,211019949852091;
0,110524355277778;
0,00659588071646011;
-0,0232113547693732;
0,00439426178045265;
0,006882372991409;
0,022891529338197;
0,0867407589322225;
0,100714962617202;
0,0637814666559953;
0,0850054400302794;
0,104497016489545;
0,0267367240378533;
-0,0294035487676933;
-0,000187177251726312;
0,0110048786745671;
0,0429747604899077;
0,148906183796755;
0,168829579400838;
0,0901492712715048;
0,0880335754829442;
0,135134823966269;
0,129059063528735;
0,108741495681232;
0,113606277580372;
0,116761767689589;
0,11252680105266;
0,11708305967343;
0,118727442874005;
0,114166076715932;
0,112900901669252;
0,139141420174972;
0,206939413991179;
0,240263190274454;
0,207215344601469;
0,165029193617241;
0,152486652845733;
0,198370920059296;
0,239013632852298;
0,210799419831149;
0,163969749817237;
0,0945923590017959;
0,0039338409667244;
-0,0210718932140085;
0,00517901912110247;
0,0056768475583662;
-0,0190312223379734;
-0,0549903712087538;
-0,0849970891754845;
-0,0873888875020106;
-0,0738050541234543;
-0,0460328886520953;
-0,00543529528604977;
0,0105410848793385;
-0,00120067979146826;
-0,00344701994416916;
-0,0112539062335267;
-0,0414569843793203;
-0,0466342990507085;
-0,0158989842060872;
0,0153587003208872;
0,0375521256832958;
0,0587055880567137;
0,109155141890587;
0,198307969581452;
0,306028396945899;
0,422958877661473;
0,516345448008872;
0,554726200326824;
0,561948112336276;
0,582295495235398;
0,621639413106584;
0,652633760001805;
0,661129664360963;
0,65357669423058;
0,629948647469358;
0,614979481867505;
0,640644722635495;
0,666718187837835;
0,655782528417249;
0,626993133433888;
0,448261508835196;
0,0685504648793461;
-0,108536684280453;
0,00850219015394252;
0,0370123572977999;
0,152807362215955;
0,560922490604126;
0,705427828021195;
0,47500186627693;
0,397161888227949;
0,482208181078004;
0,495103419853909;
0,436678582753809;
0,359831812275067;
0,31401016271366;
0,293458899730668;
0,283546253768389;
0,341538567625288;
0,447539433099064;
0,492133952782467;
0,477646095491952;
0,450521756666196;
0,366282274604272;
0,21400827917965;
0,0824180588209706;
0,0354540838823912;
0,0570453628054993;
0,11755717931706;
0,221781458241262;
0,36235419424483;
0,344647322163875;
0,0685078496413156;
-0,0899450403596992;
0,00362150678653812;
0,0319903700267255;
0,108827326804218;
0,414623723249807;
0,550344211337414;
0,388984306971899;
0,273528772522545;
0,187263960849166;
0,018755205028532;
-0,0454333382055935;
0,00777281792262224;
0,0136205419240294;
0,0824629589104516;
0,305758759595252;
0,39339676798119;
0,269055755196965;
0,205800125335273;
0,173093427570308;
0,0321298261319021;
-0,0452142291982184;
0,002802859224899;
0,0156440319421616;
0,0857310518134306;
0,319779708896192;
0,446473675932125;
0,393978938784962;
0,409446720083095;
0,355514595926921;
0,0641500534388824;
-0,0917006206868936;
0,00586116341390251;
0,0316833623880961;
0,0839310152738772;
0,349242879269674;
0,504295195865352;
0,42026930256104;
0,395180055390166;
0,437582067114941;
0,355845307427756;
0,234414335160281;
0,22933708490614;
0,330787794486175;
0,329314500121677;
0,0795841871272003;
-0,0875926607957942;
-0,00154504221733793;
0,0333569410605969;
0,0287146480008947;
0,0971825756955777;
0,0314497304549307;
-0,107710965121657;
-0,0287737393587229;
0,175622027564867;
0,277620855537092;
0,306855095202757;
0,322216184190709;
0,26359991321882;
0,117521359605709;
-0,0068676684524051;
-0,0214921332807195;
0,00868669612752242;
0,00443742119004611;
-0,0686660976217881;
-0,180130238171226;
-0,136871490715966;
0,0512759379885667;
0,164884227581016;
0,210643081861765;
0,263447937495745;
0,282572412424832;
0,251467304763599;
0,244818831655072;
0,289286799929291;
0,250971003461012;
0,055051605123199;
-0,170762166920539;
-0,289695713424637;
-0,22831615075926;
-0,0329535720068352;
0,055295128413155;
-0,00516563072969822;
-0,0184857625904086;
0,0416481370478268;
0,0917935146986718;
0,0515315524799978;
-0,0690047343934748;
-0,14582884670997;
-0,130577275708171;
-0,0499330585432339;
0,0541914153985952;
0,132272757458123;
0,164569893542253;
0,15426923424214;
0,10363644453597;
0,0265458512416474;
-0,028580102136736;
-0,0240555921546528;
0,0160879553349759;
0,0665427450659158;
0,13302748983938;
0,187966166007435;
0,204420214205165;
0,217418914302061;
0,252728729126939;
0,282280607477225;
0,276647402409845;
0,244919768699994;
0,210222220829933;
0,169887415712901;
0,126574321533252;
0,109824233916621;
0,124335659724282;
0,15067808497804;
0,179251635262949;
0,200147861945927;
0,204925552911755;
0,195414745178972;
0,176339503856769;
0,144817370385785;
0,0977508095386944;
0,0543587879598035;
0,0406284880114772;
0,0595954625336994;
0,0979819207092991;
0,144086733885306;
0,187700789132683;
0,211248434863626;
0,191640063382442;
0,118531188278959;
0,0132474263313679;
-0,0867621900511158;
-0,152063536648424;
-0,159061310104529;
-0,110996881604229;
-0,0589915689942276;
-0,0469644408685418;
-0,0657677380654932;
-0,0839587435535665;
-0,069528713678514;
-0,0133013572859496;
0,0471254273167409;
0,0758769164865313;
0,0783931418085167;
0,0608159160654941;
0,0190584657962337;
-0,00700608261097534;
0,0216236959596503;
0,0680577762583428;
0,0938887702654247;
0,117040871220306;
0,146573111821529;
0,150562998350026;
0,129074406851106;
0,131891844444427;
0,163959454732412;
0,196810900741781;
0,235043156303843;
0,280690120741331;
0,325733611615896;
0,368447804401544;
0,391581548305114;
0,388505254985651;
0,383246617088943;
0,385571629507833;
0,402913685847017;
0,463647140633862;
0,545700844505542;
0,577670830085861;
0,555938042702427;
0,538022252071775;
0,519694988022307;
0,468613691864765;
0,457552176088773;
0,533229313384953;
0,571447763446879;
0,516741024483686;
0,457498830239028;
0,320804401233121;
0,0487431825466317;
-0,0775052571821733;
0,00611953097715987;
0,0264141659367774;
0,161099792361945;
0,58813542100955;
0,777017627694168;
0,566863439459924;
0,404645776184196;
0,262695268108112;
0,019963122886729;
-0,0619471594028743;
0,012549206484984;
0,0177607303516755;
0,11285988086442;
0,42790972129148;
0,587313881644349;
0,493724652227301;
0,458354958211767;
0,414447291530661;
0,286089242019409;
0,335123571855618;
0,509816130955006;
0,54460337721398;
0,485118590775181;
0,418626910962371;
0,306359231431416;
0,198763858120757;
0,178190916087028;
0,156431172706629;
0,0342047103769389;
-0,0411384584540102;
0,000513038781983456;
0,0151298915339715;
0,0574870928269084;
0,23128549988993;
0,359317592449651;
0,354053029324421;
0,34127458767338;
0,253166351048036;
0,0345983350038044;
-0,0619459254024112;
0,00691200294134433;
0,0201903102005693;
0,0670105106986219;
0,266777952104109;
0,365279320513362;
0,27523383778089;
0,222403703969104;
0,256292178507251;
0,294849588811603;
0,329110733768994;
0,368346634553893;
0,405052700667695;
0,388924194221823;
0,312188146866851;
0,298117845774476;
0,371456990299383;
0,415353563139144;
0,42263011255616;
0,431445414431492;
0,416221815715279;
0,38120781711415;
0,358935789882605;
0,373414147596955;
0,420502206555241;
0,428236075607422;
0,381659125600654;
0,354223889474699;
0,368634105451554;
0,402955917098122;
0,416920030437573;
0,379458401168002;
0,306683864473127;
0,289800704187977;
0,382515370135473;
0,440105089989927;
0,379134705835703;
0,29824230300072;
0,316446624504749;
0,431337176685576;
0,40231991806676;
0,204115919458919;
0,107613316967478;
0,0915345190207442;
0,0171750853722283;
-0,0248800618516764;
0,00196441092585364;
0,00839324042288945;
0,050941274222133;
0,245836911803891;
0,490391889052007;
0,57919318333683;
0,425964325601796;
0,186085871263247;
0,204460021624477;
0,473094824942785;
0,599021718753355;
0,424143573605172;
0,243742880623001;
0,41887752794487;
0,696050502661793;
0,612752482863759;
0,296056189038569;
0,0539078594511596;
-0,0254560806063467;
-0,00266250533354871;
0,00923908757390085;
-0,00277705850308128;
0,00549281841952068;
0,0274632797765403;
0,0123614220303456;
-0,0583572569175455;
-0,116699419290228;
-0,0892417889062884;
-0,00889985780134142;
0,0206827136484838;
-0,00316098963007228;
-0,00639801203632921;
0,0266941403781222;
0,0526864003089496;
-0,000963632142195453;
-0,0775049208965641;
-0,0426411593105301;
0,0335860814167818;
0,0222809928405525;
-0,0140578484555847;
-0,00317387796029553;
0,00650715106726071;
0,0442732751503415;
0,151319550131686;
0,205561337454633;
0,186876723311243;
0,199304640935351;
0,208295633801988;
0,176114924844016;
0,163822940813374;
0,19127744385699;
0,212973170760265;
0,178004404791129;
0,11001159261126;
0,112889667094841;
0,180388884448125;
0,205918129802847;
0,18666722690599;
0,165429038754299;
0,14259598768975;
0,120514459363758;
0,103535145660811;
0,0959755647530814;
0,106627060914352;
0,120774810734793;
0,122858160479475;
0,124434671142544;
0,123793925082751;
0,110569877962344;
0,0914599397787066;
0,069199314393816;
0,0602281503976648;
0,0958184430046483;
0,157981204377651;
0,190452185679999;
0,187440395484605;
0,174210245252018;
0,12328417209913;
0,0138484652423114;
-0,0976982615698824;
-0,158330850971049;
-0,170090056125306;
-0,146533823624008;
-0,104306305283556;
-0,05438946281379;
0,0115844397152145;
0,0776379426509083;
0,100200320775765;
0,0720828532402868;
0,0402969845470753;
0,0337945811094973;
0,0352883366831352;
0,0395697396885976;
0,0447064048961172;
0,0337826916697655;
0,0213093492408229;
0,0258652437615266;
0,0336276983523745;
0,0509947765185524;
0,101136902279886;
0,185286882094521;
0,296128218602177;
0,289031423867563;
0,0637340731889639;
-0,0762645909518549;
0,000869135450802879;
0,0280776643424428;
0,107807203366938;
0,407765855491821;
0,566134211299444;
0,470964607216147;
0,433936035485371;
0,345874212386079;
0,0531070281028399;
-0,0870607750084003;
0,00838338847659306;
0,0288920968630509;
0,162420148896493;
0,60917384556625;
0,839698427939263;
0,683157418781099;
0,585619219095676;
0,602906015209127;
0,595413067488633;
0,536169198361754;
0,417058000142969;
0,32190285114848;
0,213594569312579;
0,0291806958948856;
-0,0516534866579912;
0,00548366216435918;
0,0169785871285937;
0,140974690249071;
0,513945204154198;
0,676298956835446;
0,466491529270395;
0,32025126549538;
0,397867655011434;
0,560320178681869;
0,608154005653871;
0,47180482902395;
0,343316088490868;
0,314877203681387;
0,30483113444946;
0,275679739859663;
0,245405159149219;
0,226847632598137;
0,221579877592313;
0,22828750929533;
0,237373282726033;
0,230803438878785;
0,209372910654279;
0,198395386288725;
0,203462033709328;
0,201779377423133;
0,198252173983593;
0,224736550360203;
0,24899573109396;
0,219801867242109;
0,186166215179209;
0,197524134211222;
0,23082234657143;
0,193414911742583;
0,0379903610856305;
-0,049356547106643;
0,00157803184608565;
0,0177682960641745;
0,0684442373361085;
0,256091397606904;
0,338205610752316;
0,248448386090366;
0,223275043752193;
0,289153722304498;
0,341675258364808;
0,372725338288173;
0,383197796605913;
0,358762807360668;
0,323312162574367;
0,329076621619703;
0,370899731594411;
0,387642526792074;
0,357676414667129;
0,317164964834502;
0,308605328667934;
0,328384489736914;
0,3277194051206;
0,287844914037461;
0,263800441744381;
0,300871142306092;
0,341443370299044;
0,326447744867788;
0,283506314496363;
0,186852442474912;
0,0242795868376614;
-0,0441805105537559;
0,00474268967951277;
0,0145302208343473;
0,110462326833002;
0,423349165999982;
0,62552877276396;
0,555721871352169;
0,431796031301987;
0,248521154525117;
0,00941720250646889;
-0,0548281905933231;
0,013685945250628;
0,0146955759998054;
0,141457939611861;
0,547349194579801;
0,78005589514524;
0,612099724335052;
0,406896505400978;
0,309982504681027;
0,22274490065199;
0,156094304495401;
0,147310194848108;
0,172545615995738;
0,141772800410919;
0,0257704839424589;
-0,0353519197995261;
0,00155548749975302;
0,0125622844680473;
-0,00449032479105708;
0,006724405891167;
-0,0143774756486625;
-0,158624891036953;
-0,373253215221408;
-0,371932377934945;
-0,0694675862994824;
0,0966308267150112;
-0,00553993588101681;
-0,0336489225827862;
0,0976750546798113;
0,257150463038356;
0,246710745984312;
0,0407888068916172;
-0,135934116087114;
-0,149600236569524;
-0,0299246128640859;
0,0394449957960779;
-0,00172535603379981;
-0,0139567699326353;
-0,0121130008719576;
-0,0650544268580874;
-0,0996769088631901;
-0,0771139475785559;
-0,0498635012841786;
-0,0483532626445773;
-0,0706139006072157;
-0,0895103317140663;
-0,0785973672951484;
-0,0529823588710434;
-0,00787639898165414;
0,0446164593710844;
0,00645610576758134;
-0,107471288134319;
-0,157844591236822;
-0,0817489741992624;
0,0399821454899576;
0,0230788407084174;
-0,110953088963375;
-0,162585109946288;
-0,0338819955063577;
0,191714923397802;
0,236206556241041;
0,116514223356234;
0,10450749873514;
0,176777454820462;
0,216096151050263;
0,184621927141733;
0,124147730780207;
0,120486261630044;
0,102693735106624;
0,0153570826126429;
-0,0260474817165959;
0,00277686997277372;
0,00851900724696684;
0,0194485285522219;
0,0841772387390269;
0,126935716885186;
0,123874180931908;
0,136893264830545;
0,153462203479265;
0,13923763289928;
0,126837049397038;
0,129104457773793;
0,119164753438815;
0,106783036881026;
0,110389594400639;
0,106013867167929;
0,0775289487620039;
0,049934375128815;
0,0301390232993406;
0,00442414107526895;
-0,00731979590780815;
0,000662493701858108;
0,00245590998443519;
0,00269806830502557;
0,00484940792236982;
-0,0130609666549173;
-0,038816708580208;
-0,0549669016956963;
-0,0524491154244317;
-0,0138073985912624;
0,0140871328437029;
0,000644858201011035;
-0,00553669008919105;
-0,00327912762959775;
-0,00952934632825884;
0,00327517818646643;
0,0221189558517713;
0,00923483548814088;
-0,0121317181743175;
-0,00688765096020691;
0,00454282699921861;
0,000965800336888243;
-0,00208584897105112;
-0,00922856291411578;
-0,0188749417349606;
0,0242670704869893;
0,117916497043659;
0,186662538588443;
0,156062118145456;
0,0278532706541217;
-0,0389381560132446;
0,00194266681386881;
0,0137341617299923;
0,15099545240934;
0,557572455763019;
0,805798314147854;
0,735499295571664;
0,740775941877642;
0,835075369009104;
0,806774137533713;
0,7308518434334;
0,691764984640105;
0,645685660645772;
0,445279533694964;
0,0656621035402611;
-0,106491489210016;
0,00870777104259614;
0,0361936576463695;
0,07401266931149;
0,333272444476709;
0,533187578611338;
0,566131434390117;
0,63353570497203;
0,521743199947094;
0,083196390782216;
-0,131558121404392;
0,011476818596916;
0,044180900081177;
0,00648081518405877;
0,101566390664057;
0,181219308798809;
0,193556209509271;
0,237480565021881;
0,294895175726721;
0,309506976924131;
0,29961420623942;
0,29320080489971;
0,287817598176707;
0,208441338798528;
0,0323350461775635;
-0,0506206616647869;
0,00384712226393163;
0,0173100508700444;
0,0964570160215596;
0,360341281497788;
0,495892276431889;
0,416644238240137;
0,412533254861;
0,487917513043114;
0,52908328830667;
0,570588480775425;
0,608855448937001;
0,634403553272042;
0,674018941371007;
0,715279364814843;
0,746828858068289;
0,789742879396414;
0,832734637102696;
0,844917626141981;
0,830210202295644;
0,802083414644536;
0,744489174734552;
0,635604314879951;
0,520224420124372;
0,467796698011642;
0,451852110467977;
0,416056560739353;
0,376268906290292;
0,361977781530554;
0,368654215972932;
0,37085698167685;
0,349885396484468;
0,331644199266598;
0,346818136694762;
0,37298041110434;
0,373000785489034;
0,347676619080762;
0,33177141358096;
0,332579945795837;
0,313322619228233;
0,27765108606785;
0,266613903745601;
0,29181213196027;
0,243676185438883;
0,0482828402524685;
-0,0622423170372884;
0,00184541522024347;
0,022469564280348;
0,00697349106520529;
0,0536193560826703;
0,0862318586777534;
0,0911635825382916;
0,121629464671412;
0,128024335606494;
0,0762828059018862;
0,0526550305706983;
0,0941715107810898;
0,132779548231398;
0,140541145648945;
0,142388251419873;
0,153861282731168;
0,17101863404022;
0,178376361789782;
0,17319337818641;
0,162565950909633;
0,149569172117387;
0,137868935224152;
0,134127753784168;
0,101935169537314;
0,0175014020648226;
-0,0254124533411849;
0,00154856483215212;
0,00883946874734936;
0,0260811484637604;
0,105545280277562;
0,160742836581895;
0,168753990265155;
0,196543789933905;
0,168198135180422;
0,0291074039527983;
-0,0427654510913208;
0,00293973522952747;
0,0147023126910077;
0,0228518050745772;
0,0930187688285681;
0,112286192047965;
0,0753125492290465;
0,0937361941406245;
0,102739426197489;
0,0219925853083306;
-0,0279676830243446;
0,00108394660265853;
0,00993258679957274;
0,0562118218467521;
0,204826142817397;
0,270089780897288;
0,2019876439911;
0,177774463784654;
0,201559445227428;
0,201704062995919;
0,211973014384208;
0,235694430465106;
0,242156303621394;
0,228454322039574;
0,20523664495895;
0,207635975376766;
0,235193840577114;
0,244075696671852;
0,219772818669652;
0,169918171188135;
0,14269495666116;
0,165312342723239;
0,19499174054803;
0,21285075636421;
0,223578432694884;
0,221605659761559;
0,206488164172222;
0,181806224405665;
0,160122980429557;
0,151158338578148;
0,149540424151145;
0,1547235210709;
0,174606051628659;
0,147500954442698;
0,0290809531197252;
-0,0377563376654523;
0,00122462266428816;
0,0135810551086249;
0,0525432584723641;
0,19445139894021;
0,257160137083247;
0,204389583062801;
0,20646512152252;
0,245462429345785;
0,248506322213987;
0,256230600427879;
0,278949582303385;
0,284297083956513;
0,2683858975904;
0,253681547898671;
0,248099717881226;
0,238567031624127;
0,232762263425029;
0,246579428780854;
0,259716295899535;
0,251430551742308;
0,235326604720867;
0,23288812693195;
0,181542041924534;
0,033956643368096;
-0,0455237710631716;
0,00173537784259647;
0,016287941443194;
0,0674014364820777;
0,248495955099548;
0,321692446671092;
0,228170826326807;
0,197916051689654;
0,261761142224244;
0,315757496628276;
0,312256076018294;
0,273245898899022;
0,258086984684923;
0,195249405710283;
0,0317064950351704;
-0,0483672431569493;
0,00355414189001321;
0,0165640939652704;
0,0608015117352494;
0,234915738324515;
0,32815983460646;
0,282113106006765;
0,273847562986755;
0,222507431817966;
0,0349817631971226;
-0,0561344546532821;
0,00512167389665609;
0,0187509716344033;
0,0551597041235614;
0,222593788222676;
0,312783899859722;
0,260906883095274;
0,24755654464445;
0,272725117991728;
0,261557799077742;
0,254925157700863;
0,265622447083038;
0,267045031975693;
0,197760330931396;
0,0337135894751091;
-0,0486272345497953;
0,00271629486681543;
0,0170444003525749;
0,0594025598141365;
0,228056478923717;
0,311967217222472;
0,255683398323575;
0,248962140450028;
0,213585823294564;
0,0374381903868694;
-0,0550228734140154;
0,00394619688898245;
0,0188223639664955;
0,0605070261277787;
0,235020665719667;
0,319894989569802;
0,259774518299129;
0,253528010483482;
0,217669657478779;
0,0373154736825508;
-0,0560534342965157;
0,00436293013131901;
0,0190233944954341;
0,0591441701106799;
0,22955201436921;
0,306130515198284;
0,234647701612753;
0,221080043876908;
0,263156423010083;
0,263779056475383;
0,241151577932811;
0,228922104222781;
0,23297664968245;
0,245551916937919;
0,260840381599171;
0,276920440129856;
0,286120977082325;
0,281054720860838;
0,265503409680674;
0,251244213723031;
0,242280228757861;
0,232798252197972;
0,2253548789501;
0,232979415938779;
0,250081260791689;
0,249204877825286;
0,231122593588215;
0,223466880748237;
0,169136028465225;
0,0286590426647758;
-0,0419559517370417;
0,00260877158179597;
0,0145771634786241;
0,0571720772313548;
0,217547669859661;
0,301220580441183;
0,259623449491161;
0,262193254290404;
0,293867481981349;
0,286187819306478;
0,277085017168605;
0,276080303907577;
0,266411111348773;
0,255820432378803;
0,253100217514756;
0,256592567419769;
0,262106641619571;
0,265413125641128;
0,269418687321043;
0,277193840060227;
0,278388483548006;
0,267748886178383;
0,261250591817128;
0,267132580997708;
0,27063680407555;
0,263441047992226;
0,256204241924122;
0,257872073716877;
0,262781755685963;
0,261188404139982;
0,256446472813765;
0,260708419354714;
0,273839690650435;
0,210706818947046;
0,0352709886454798;
-0,0522017747322043;
0,00339392202039228;
0,0180732639833752
