0,194898641270254;
-0,152236123205688;
0,0189486702734759;
0,0423010298382945;
-0,0238396993442333;
0,671111210725899;
2,56641722298529;
3,95661301120365;
3,55638412149764;
2,45925020831447;
2,54017168595214;
4,65665496464968;
6,40870498737655;
5,86632852254163;
4,6959717032354;
3,80613356979969;
2,78578102782548;
2,00086221899134;
1,92492837332656;
2,4748823006168;
2,682522278818;
1,5665887318897;
-0,210990047531791;
-1,366252177562;
-1,83913399894548;
-1,93146283814727;
-1,38433347195845;
-0,335000755345422;
0,472410027647483;
0,973668155148835;
1,76266011553941;
2,37345775462446;
1,76376359317705;
0,698322268083927;
0,914739073564738;
2,37710385213073;
3,68333678349493;
4,14485626347961;
3,9077068501966;
2,92372477663011;
1,11751067678501;
-0,620286382628324;
-0,954153472857476;
0,167321471301975;
1,46396283609232;
1,89408294409357;
2,07464797309478;
3,26845698432195;
4,15491308894468;
2,65515499693057;
-0,111384960317249;
-2,15983981623784;
-2,84469665229607;
-1,70795343354153;
1,02735794689677;
3,81385493253586;
5,06089542319102;
4,27018363889495;
2,18747563953903;
0,26583187129796;
-0,385416467328334;
0,291031126963204;
1,4791333957303;
2,42838292692747;
3,0269758101073;
3,11389387642934;
2,25403862747818;
0,839421968524829;
-0,0404798853839887;
-0,147879922255311;
0,0198959727893376;
0,576533450724471;
1,88408750812346;
3,29217565141709;
3,79396844711915;
3,36015375898401;
2,40228830196037;
1,18308752270324;
0,351206789203334;
0,627263237682952;
1,99296247331574;
3,85965780242579;
5,24841581821731;
4,39404591120238;
-0,341421339520366;
-7,86165419298007;
-14,3064884156106;
-15,9920267924879;
-11,0266358903376;
-0,756208083263485;
10,6235158404676;
19,1331175028727;
21,101918775316;
13,4892049488975;
-2,32587212181693;
-18,0016471379198;
-21,8632035588598;
-9,78760900775835;
9,69072549352024;
25,2729413391417;
31,1321464506887;
24,9618466336898;
6,62984998120415;
-18,8818964937095;
-39,3545130928449;
-43,6257865266626;
-32,1924849296951;
-12,5571877032601;
8,75215959491747;
22,7972678548008;
19,4996173262116;
-1,49403770452914;
-33,9044446357317;
-69,188540348683;
-87,5835338959993;
-59,9014562315783;
-8,60450776315834;
-15,3895521758589;
-72,4069213923384;
-93,1347959663285;
-57,7089439332379;
-5,17952995410875;
12,7507490953882;
-1,92673638224869;
-3,97431728632923;
-3,1191010397833;
-16,5613733586085;
-15,5884833214003;
5,08235147226241;
19,4219307389524;
8,36528384146034;
-32,8359987506806;
-62,076898833263;
-44,5427872813755;
-1,20770442449263;
58,5663564254023;
128,719013986505;
173,150947998505;
167,161369358762;
120,872351118735;
56,3496904318127;
-10,2188950213824;
-61,8305768930099;
-82,9472259748413;
-74,6416683757901;
-50,3016236826519;
-21,2469454089092;
3,22741738970357;
15,6287477645399;
15,1057054557557;
6,22536353589996;
-5,45431001337907;
-16,8049299760721;
-27,3254531423641;
-36,0541020475102;
-40,9638485903292;
-42,3394535483807;
-42,1174446188825;
-39,1818278912404;
-30,4977994494559;
-15,7502107136666;
1,51913818271737;
15,4297990069823;
20,8378381372178;
17,678336548984;
11,8687993019354;
8,79399099178027;
8,19675928974317;
8,13866475248609;
8,69129525578549;
10,6610943564173;
15,1198508026519;
21,7711649505912;
27,3484080754343;
29,5110766501871;
28,3584824201387;
22,4581336429206;
11,3821212485754;
1,17443882373679;
-1,91715658757725;
1,54257200056085;
8,87082265081006;
17,6509609854784;
23,1475383125952;
21,2002463116097;
11,7513052864356;
-0,990347974978373;
-10,9022172129154;
-13,7836516015341;
-8,10050925868981;
4,02921802274684;
14,513862254747;
15,2002113866632;
6,25484635900157;
-7,47916153184327;
-22,1302621990624;
-32,6236206756696;
-32,923154077028;
-20,7858887902949;
0,157722235886244;
22,0084149054079;
35,5729724377625;
35,8848840868436;
26,0502728941841;
12,6004576366579;
-0,509144462072792;
-11,7759088729921;
-20,0574588177094;
-24,7801455487626;
-26,324050748567;
-24,350689179419;
-17,4494611373647;
-5,94834028301028;
6,98372617819464;
17,946365694457;
24,6690504687785;
24,6081422570748;
15,7236782909784;
-0,452887713070768;
-19,5405329844789;
-37,5426513932789;
-51,4222089017516;
-58,8743803656285;
-59,2954848833484;
-53,161745337291;
-40,0965244178493;
-21,6655650097567;
-5,86690951029505;
-1,58914620303046;
-8,70577956468784;
-19,4425919005286;
-24,9069242714498;
-19,922424255828;
-7,16109622727715;
9,03062004179145;
25,7012012164106;
35,9414039844945;
35,7085832851459;
25,974963721242;
6,60141921834847;
-17,2864488185896;
-35,2201509829402;
-41,8753487207821;
-37,4299161947584;
-24,1967848537944;
-8,30642656167833;
0,466051472031089;
-5,01006318650171;
-22,4877226938394;
-41,2577264464583;
-50,6634448792912;
-47,5394882387792;
-35,9508860279288;
-22,7329472894896;
-12,4554338558477;
-5,74503324837241;
-3,66576543462324;
-8,46509527009055;
-16,4720201727395;
-18,3382699116282;
-11,8651167923107;
-4,87653111616508;
-1,9584613270059;
-0,317868377074764;
1,41344659738434;
1,41016224560394;
1,19906398800438;
4,53164280632958;
10,0595663286141;
15,855932441418;
23,9825091202295;
33,3517817873785;
40,5705969493569;
45,3881063000644;
47,6420855725281;
45,6275848654258;
39,7781815079625;
33,9041451748224;
32,0700922461732;
34,6733299392224;
36,7839254192095;
30,4623273898761;
10,8639433262921;
-18,1875759576472;
-44,5715670256137;
-54,0904794204409;
-40,0657993113467;
-8,46594233477132;
27,4265302340322;
54,7763822424239;
65,357415416353;
56,8955271773913;
32,8728181559369;
1,76344531118835;
-26,1367414314657;
-43,8170731593545;
-47,89893596541;
-36,3539470216486;
-12,2158317171317;
14,9711164376881;
35,5867484410691;
42,2781680067701;
30,1263010948007;
4,22774040881248;
-20,8303377019876;
-34,4534143424296;
-33,5113985423468;
-17,4543298785541;
8,13960770086062;
30,261651856213;
39,2940221355864;
34,5010847323788;
18,7756482543149;
-2,50430005748463;
-20,3417336336548;
-27,3797416850662;
-22,5165656705939;
-8,79419812452068;
8,72708524291909;
22,5929602189766;
26,5101384216961;
20,2857875967854;
9,03999181105282;
-0,822484668812416;
-5,18391490475901;
-3,79502303913772;
0,740292874034468;
4,58579572568621;
4,51672720357614;
0,16046846336348;
-4,86292006614616;
-5,02626084840636;
0,993701061470542;
8,11820335089684;
12,4781414874842;
14,7345437199748;
13,4069941239163;
5,17857837821652;
-6,86274903317954;
-13,222134746375;
-7,32769490415227;
8,0604561599923;
23,3256921297799;
29,9336682373329;
26,5079558727468;
16,6708368844034;
4,43200103246984;
-6,14060901788648;
-11,9240142955957;
-12,6147131292447;
-11,7571033781145;
-15,573215062052;
-24,0390238593921;
-26,5175260796335;
-16,545855953325;
0,660436498490036;
19,3849617612704;
32,3967470460012;
30,3756756133345;
17,9492458282519;
6,68528662359625;
-5,77352437883729;
-19,9404772429862;
-18,5931881336246;
9,54210777578244;
51,1830949442427;
81,0924421370137;
79,0300107633707;
33,0846864282261;
-46,094469923137;
-113,171972762365;
-119,988344908979;
-55,4241668105907;
50,662345759466;
152,99314407792;
213,392341536194;
206,000669972311;
126,455214090645;
3,33253634065598;
-111,322618152726;
-170,411581241056;
-155,041263266235;
-82,6240895613799;
6,11858354150562;
73,5161790967296;
34,2834164541218;
-113,852177190344;
-136,609651076887;
8,38445165456673;
92,6598071417816;
60,8465095630562;
-10,305806412717;
-40,1133506606325;
-10,7577695315102;
4,01742987715671;
-4,48516330530147;
-6,31700834316788;
-8,10923925856149;
-10,6453888779287;
-7,64217384389618;
-1,9247529053699;
4,1457328418872;
9,67696486696896;
9,35684633288292;
-0,0740849219549334;
-13,1694158373916;
-21,3297866037064;
-21,2635230670448;
-14,8762482554829;
-4,66149457756499;
5,79523057568725;
10,6431395154441;
7,08136320223469;
0,0549346013767853;
-2,4141725402906;
2,36540742716044;
10,2758482314396;
15,5642794726665;
14,8923441279252;
7,37062996831373;
-6,18251574325497;
-21,4933899501956;
-30,2471216928268;
-26,6371326321738;
-12,8938546177707;
4,27024260917326;
18,4589158664869;
24,3954597540251;
20,1668104259791;
9,64529851147017;
-1,89257594891106;
-11,6107377332792;
-16,5900771325109;
-13,2227851470807;
-1,2070532005543;
13,5686876739599;
22,9550152281407;
23,261475547681;
15,2750471902065;
1,95835162303589;
-11,6231318649703;
-21,0429522445828;
-24,8007849294614;
-22,410085771041;
-13,8262573022117;
-3,45560055878606;
1,29835805709205;
0,28485835639633;
-0,517521638305524;
0,105490926063931;
-1,41894201236161;
-6,16665443320729;
-10,44127254704;
-12,5343424391243;
-14,5953799335507;
-17,0787233402442;
-20,2739718337144;
-25,1733991163511;
-31,2995585405831;
-38,2011544550646;
-45,9745046356752;
-54,9850978581081;
-64,6931130488091;
-72,5631824657922;
-77,035575985385;
-58,5152125285707;
-9,62380182318167;
14,4343075593968;
-0,978627544537376;
-4,98150706076646;
0,346943598742821;
-3,11892163148774;
2,11481239175835;
12,2733731637014;
10,4716053880549;
3,51176745707436;
0,0942290636183864;
-0,547196216758514;
0,0784164296540558;
0,180230300434795;
2,36350894871907;
4,44752534950851;
-6,46362682505705;
-25,72420485265;
-34,3216229330548;
-22,177089952089;
0,938758517334992;
-0,663858779095888;
-26,2105456966029;
-36,2896204601011;
-18,7102876219995;
12,765482128865;
23,0066646556698;
5,24422900571481;
-4,44277351370614;
0,870546928763443;
11,2298359303086;
28,809130415379;
49,7838596080765;
65,9808318475115;
73,0041853883587;
70,4365139836566;
59,2158665904763;
39,0125963611133;
14,1159791927117;
-1,85694688487737;
-2,22495190244241;
1,2924796340824;
0,296925252058959;
-0,591289815242962;
8,02907931409262;
24,8280319134534;
24,376314501007;
0,828129711287285;
-21,0369648364393;
-32,6843300356556;
-35,6359644228571;
-27,1240115164438;
-9,46090369513211;
11,8278449632478;
28,3885223623888;
32,1343081404015;
23,5899083380504;
8,96811725116415;
-6,50764525929238;
-12,4703315786966;
-3,42625668227449;
3,59345256277778;
0,0729094568826291;
-1,36486926149049;
6,2157759699158;
20,4134974232282;
27,1252881639995;
18,2314274027437;
6,24519334192493;
0,129007788164808;
-0,83001678284496;
0,222091325605254;
0,214627433892072;
-0,170839246228261;
3,46704674263408;
11,8406123678618;
14,8992355788681;
9,4499344496194;
4,56929134401239;
1,95443225053392;
-0,970623248884015;
-2,47755957483796;
-0,636410585350468;
6,03224456313063;
17,3821907625818;
28,91540251229;
34,6917269512669;
31,4089910876374;
19,172692817262;
11,4415470119803;
23,4005055877576;
37,4711560929387;
32,465145875004;
17,7011837152069;
23,8949955834707;
59,7850922386615;
66,8910267345956;
26,5874411799368;
-0,700156475484172;
-1,53876692342031;
-0,0819438082434208;
0,0712523881552796;
0,080061396498538;
-0,0716548070919179;
-5,37904576575032;
-19,8248353811727;
-24,8654878846243;
-2,86011684383226;
34,47580324109;
47,1146237183617;
12,9217141818276;
-13,0929219329333;
-0,544869674645542;
5,10948895858386;
-3,14683095339625;
-4,39099800095652;
0,771260889783969;
11,7533844641958;
24,1962618300565;
29,9206994432305;
30,9975846848584;
30,4011624519506;
25,8761196764817;
17,9216806314215;
0,190538382823319;
-39,5496765559848;
-91,6378421486237;
-124,820238098419;
-120,11515507209;
-81,8691469518266;
-24,5484503088627;
30,7088667481955;
66,4504361672318;
79,3114315664954;
67,3069205774303;
31,3029339084093;
-11,0850225691363;
-38,7456073774709;
-45,3990755908816;
-36,1397730499033;
-18,830707406753;
-1,82539126475877;
8,55511257118238;
11,4518305213459;
9,28563379817719;
3,82159209881908;
-2,3725424958919;
-5,13826584468004;
-2,99140794581252;
0,291498867386303;
-0,35396855117189;
-6,80095003335989;
-16,0663957626402;
-19,443131146615;
-10,3591415789269;
5,91931457106719;
19,331859786502;
25,7054170319379;
25,2300010156748;
19,859786026193;
13,8159817358302;
10,6542653139564;
9,82474441778367;
8,0178540013761;
3,67098729717816;
-1,34564650265922;
-4,0946457209414;
-2,22100440222468;
4,24725944976238;
11,0294076989147;
13,858158235085;
12,8208930376611;
9,04949514874535;
3,18579026869713;
-1,96928493390756;
-4,26630399334207;
-5,69309392228575;
-8,62453921182047;
-12,2150753450196;
-10,6800235024906;
-1,97931672458557;
2,71839819469147;
-0,133063631993222;
-0,958345369201295;
-1,81359521620764;
-10,9492885827264;
-25,5975279697984;
-36,8507565301479;
-37,1991211318567;
-25,1210416425464;
-7,57095453121393;
7,81407618260243;
18,2442310166318;
21,9291477375043;
18,2315465591234;
9,96239493581834;
0,355507168391937;
-8,67376950110656;
-15,0606341044341;
-9,94133724869842;
6,18123652553135;
7,15547286994188;
-9,41808612244529;
-17,2862530825204;
-8,03551600141205;
9,3450447548953;
11,8660269106016;
-3,49583857651165;
-12,9140737426111;
-6,55984604228331;
9,09913529245606;
11,654940516209;
-3,35334566969891;
-12,893448892449;
-12,4338347417024;
-9,98063245820552;
-12,1688349829767;
-21,6123178268486;
-32,0789210085393;
-41,9814270093295;
-52,95925973876;
-62,6577474508983;
-70,6696291279041;
-78,665993836919;
-86,3335103263278;
-91,7578472480346;
-92,0343639262377;
-84,4880067523939;
-68,9164089124495;
-48,0121224903749;
-26,7156749118983;
-11,4241238708813;
-6,70610667513528;
-9,64136059763658;
-10,6783133084444;
-4,26764094454018;
6,13613212926221;
14,4327241337587;
16,1772553957658;
9,20141886464386;
-4,24611517328119;
-17,8221693800452;
-27,0762964990772;
-31,8538189283626;
-31,8281169670701;
-27,7348177294008;
-23,8159120333652;
-22,4469051603866;
-22,4723464299528;
-20,2997768108703;
-10,9902089915207;
3,57133325115276;
16,4775395419959;
26,1208056216808;
31,8598828245513;
29,4669628335018;
19,0502080035561;
8,74491212575162;
7,09041958174753;
16,2912223821933;
33,7906201277381;
54,5319512282669;
72,3190071360576;
81,1952339859249;
75,3538976209552;
53,5751412181681;
23,0680615891736;
-5,06828845021878;
-22,1125484959658;
-25,6882843125429;
-19,9162578616916;
-7,28066876834539;
13,0770516320238;
33,384950080007;
41,1554179767058;
34,9244291693608;
19,4089707163634;
-2,14178421412631;
-18,9778308453775;
-17,482535768774;
-0,867410150809799;
17,3913448925043;
32,3021731376534;
40,44843268968;
33,6979076348498;
13,6508102435259;
-6,52684659171322;
-16,8087163244182;
-15,469090674094;
-5,40860530107786;
8,82101858810312;
21,3706425653337;
24,8508648575217;
15,4911129902374;
-0,741051534449754;
-13,4523775670452;
-17,5884775854178;
-13,3340773539366;
-2,62131326443561;
10,2738385422925;
19,5929279758701;
21,8985374946889;
17,7261313069236;
10,1989648747612;
2,78213431511428;
-2,24047885194005;
-3,62198178038316;
-1,18626005515582;
3,59898465483838;
9,15093125735028;
15,8633329363361;
24,2611005526048;
32,7920809042887;
39,0057223119461;
38,253608527163;
24,7077098131027;
0,882706036152265;
-20,0803459541474;
-25,5766963288265;
-12,4618553987085;
12,5923487680542;
38,0466078262326;
55,200659051096;
60,323766995209;
50,5779437161753;
25,1308935948331;
-7,20265010448189;
-27,3447510318156;
-22,8542149130239;
-2,03447008502835;
18,0575199346863;
27,8451885012587;
25,5740459524236;
13,2145153478954;
-4,80280347707278;
-19,8479626928003;
-19,6137428383562;
1,12072825840288;
29,8111888016808;
46,0918693366649;
42,5763065179219;
25,9266520934211;
2,97101026637098;
-20,786820637861;
-32,7378283840754;
-15,5767891058705;
35,7664913725571;
102,484275722964;
153,301223545178;
163,39280111974;
127,50067254196;
65,8919388790287;
7,64984781402636;
-32,4627826045206;
-51,7362274966022;
-48,0101949716282;
-25,2055065712243;
2,88401897955181;
21,9015138790902;
20,3949298873085;
-3,50590229176121;
-34,9520811256452;
-55,744301137663;
-58,4434739194835;
-43,2226286328401;
-15,4339596419535;
12,1122665241186;
25,8224216955375;
21,439669994161;
7,51339700133215;
-2,32785680891193;
-1,96206144740972;
4,64935473190432;
11,2962393686406;
14,1334891316846;
10,4176346449293;
2,32378691967218;
-2,86556526611048;
-0,782822484293644;
9,97412606080812;
28,0020484082025;
43,9471806583616;
47,0584167537922;
35,7030746756563;
16,0162044121172;
-5,22898808774045;
-23,0514116339145;
-31,8008919048323;
-27,6712613052522;
-12,9749646420903;
6,34024793388909;
22,4862203331933;
27,1591587938802;
18,7419434140599;
4,09653835060333;
-10,4109819578649;
-24,0373544940948;
-37,4956959897832;
-48,3255413008213;
-50,2983888288995;
-37,5320778374225;
-12,3966792063537;
13,335705755941;
27,6252322814078;
26,5588682153395;
15,1431816026758;
0,182774747824064;
-15,2424840428858;
-28,392222240766;
-26,2198457012179;
-4,89351628011165;
6,73017048907102;
-0,344800501423541;
-2,36417448206952;
5,81800689900632;
15,7270499883272;
16,6018787174357;
5,39786547653743;
-4,48026681220577;
-5,3080449283952;
-0,91703141303469;
1,33665264894449;
-0,0859498426577395;
-0,462542709308545;
-2,55544075353617;
-10,1134269765351;
-15,1356265351747;
-12,7983403545199;
-8,05189559980828;
-3,01121987424762;
0,576155990096515;
0,500895110935765;
-0,362628733967639;
-0,0343830598699574;
-0,0435759605935211;
-2,55283587833899;
-8,82638087506298;
-15,1485815084135;
-16,63479503284;
-14,7799825178369;
-13,2566074381113;
-13,0959563923317;
-14,9529797711955;
-19,5602730426162;
-25,4667439491642;
-30,3924697615596;
-34,4621299906728;
-39,378232456375;
-46,0371424759718;
-54,3685086437392;
-63,2039550113867;
-69,9295220512353;
-72,563873169668;
-70,7492748010233;
-64,0618659092657;
-53,9633503584071;
-45,6521596221362;
-43,4539708578819;
-44,9941952362665;
-33,5137385278422;
-4,85120832076229;
8,18236314764046;
-0,790283893679443;
-2,72192129171086;
-5,80481942691895;
-25,8294998819582;
-41,1074245372053;
-43,1155273499387;
-44,9366008467788;
-33,8377820910341;
-4,4526811066891;
8,23668517595546;
-0,971491630148268;
-2,66266915163356;
3,60200461005739;
8,75826787793106;
14,8644045336354;
21,4239018478965;
29,2220969165385;
27,4024963149448;
6,16688587888385;
-7,1914062008402;
0,00737367949924427;
2,68180697801458;
20,4645760941255;
72,6266853563894;
94,1116445263134;
63,523370976062;
37,9383474761192;
21,8125936674598;
0,865543244525407;
-4,9908055665415;
1,28783154961762;
1,31294089820063;
2,80810780100927;
12,2129398791824;
14,1495288879507;
6,94794449778732;
4,64069197176591;
5,03166586940551;
1,07637461548942;
-1,40537771131066;
0,0739712118785476;
0,489474019700461;
-0,234625457783166;
-0,0751828546047147;
0,114804535190571;
-0,0213499109039439;
-0,031866445353634;
-8,40191524968513;
-28,7249095458936;
-36,7181438908375;
-23,1158234694227;
-8,74192422223773;
-8,42095882070068;
-24,7122166919532;
-33,8139980461296;
-17,8882971388621;
2,9473849179478;
10,1328639426954;
3,33929202439893;
-2,93319671304618;
-0,285762355406512;
1,2141450840135;
-2,86344472414942;
-7,26205815600352;
-4,55377368956176;
4,08087486252261;
9,51405908680252;
12,3430410511421;
15,4024934508748;
14,2660972801701;
7,58401834753271;
-0,304823622861718;
-4,76886793602736;
-3,38691229045583;
2,03722137723892;
8,62244694971689;
16,6491514317313;
16,7657262590656;
2,12004430717389;
-3,9127407001533;
8,52190506911561;
18,9067787861656;
15,1871692346167;
0,0323753365251475;
-2,47276323740202;
16,2694929702012;
29,6790102503652;
22,8029545782784;
3,57792253865491;
-5,44879222458687;
0,352398968655817;
1,89338387441489;
-3,46932347934613;
-5,09031491785218;
4,59300537219222;
16,2839150122737;
12,6127407301104;
-2,6013973082662;
-18,8756667199039;
-36,0453389524082;
-52,297022204628;
-58,4385676916425;
-40,3878834056685;
9,01945263537187;
71,542124603702;
111,041872793463;
106,571433066672;
60,1355508532256;
3,16546167612645;
-12,8721810866039;
2,70972849976844;
3,68694742484057;
-11,3241582462922;
-26,512056821698;
-20,9067310516821;
9,36919198773349;
38,7095238333342;
41,4086615699298;
10,0953051986887;
-11,0376015325888;
-0,217911297313917;
4,21296682243681;
-23,3549563552187;
-65,9511076832776;
-51,2837466840242;
33,2471049712283;
104,972134589632;
98,641887080594;
19,5268313108357;
-25,1722293457521;
0,741000684252413;
9,09027806057944;
-37,2127276001841;
-101,651944659147;
-88,2365324639813;
5,93821337615997;
64,0474244574988;
52,292303883539;
9,03738774603415;
-12,5177407445874;
0,469981933097003;
4,49974835200323;
-12,9875418949741;
-34,7756042748766;
-33,6359386936582;
-8,81438148501936;
5,21448020921761;
3,37173998429499;
0,288502281392239;
-0,586579720607192;
0,0270914166705346;
0,215531584435435;
6,27557660899605;
21,4046316924583;
25,4098805540589;
9,89516229711059;
-5,54609855887147;
-2,02637181549421;
19,525146091394;
27,6040179481859;
9,88873671475159;
-6,3620383428605;
-2,45829990154796;
15,9085412519611;
21,7360746371381;
9,81158919567997;
2,66306920405184;
-0,221013427326448;
-5,66635335676393;
-8,68016744758557;
-10,0129326747462;
-12,1311291849208;
-12,9463284412391;
-10,4037276604666;
-4,14982013994796;
4,66235683438787;
12,7053549276138;
16,8073039275051;
16,2413334836416;
10,4471048930436;
-0,192136565678413;
-10,2749667827082;
-10,7748225842249;
-1,80630586547114;
2,77079083414731;
-0,23094360002221;
-0,933683655108574;
-2,34226404035816;
-8,06942701462432;
-6,88383244254328;
1,08167142662489;
3,42731351583092;
-2,61160755546259;
-14,2376429285827;
-23,5900640844501;
-23,5052591234576;
-17,8709940258959;
-13,2211704214206;
-14,6915190357543;
-21,4332646802922;
-23,9615230099611;
-18,4917781053522;
-11,690188631435;
-10,3520298645349;
-15,0774506463729;
-19,1932672732836;
-16,8167110348816;
-10,686291456198;
-6,27295176342179;
-5,97511192406711;
-10,9351966427387;
-22,2535581648565;
-39,3544029766481;
-58,4761229674916;
-73,3834801369193;
-80,2994981879478;
-81,4254266101754;
-80,3004903292726;
-76,6984201251343;
-68,4254827826673;
-55,6601733661463;
-41,552445008812;
-30,814514513548;
-27,6948429089317;
-31,6885979419456;
-37,2997545385477;
-38,1756109002494;
-30,7543448741711;
-17,2013927404303;
-3,33491942815056;
6,98945916884223;
12,2105826822502;
10,0948094919871;
0,356812924622505;
-12,3587950469669;
-21,601525746874;
-22,2118161343632;
-15,2517208999884;
-8,92794624095386;
-6,55102987983252;
-3,21796813555103;
2,34769872640417;
6,07697106763918;
7,4362409634492;
9,54225988525054;
10,8697192567802;
7,82140682472063;
5,04689309128282;
12,228680869844;
33,0430194270998;
59,4618208902574;
76,3996392444862;
74,1189872998598;
57,2736660843506;
40,1828948069629;
32,666094647401;
34,4066528740303;
37,9070166346904;
36,243913052494;
30,6467742092888;
26,8354286519011;
28,0713835630268;
33,6086759734124;
39,3732700360319;
40,4737273401869;
35,5664005753015;
27,9761820604066;
21,6459128524318;
17,457742075223;
12,5367111738865;
0,511426473708641;
-19,3814545663728;
-31,3736319939053;
-20,1606463495335;
5,56412388487771;
25,6403249826402;
32,1214205899969;
26,1421415528778;
6,54752030938644;
-22,6731444089723;
-47,1456371962195;
-55,2662011690828;
-46,0718675532441;
-25,061497845475;
-1,44621756191894;
15,4339940813303;
20,9618617271855;
13,7555280619786;
0,857346753871914;
-3,10179364567121;
0,654465018473505;
0,882246403762444;
-0,806707865590377;
2,9832340550108;
14,4635682892824;
24,4059593633616;
21,4714716849539;
9,20090125345801;
-1,97131343011722;
-7,26241114674035;
-7,70817397516705;
-6,15243603508358;
-3,90462875189594;
-1,30133536652505;
0,635327248058943;
1,5035852879452;
2,27748861525425;
3,07654102895186;
3,0377819789601;
2,00329794088839;
0,901742574538795;
1,97807913935475;
3,78099962901522;
1,59952550360471;
-1,16128044806501;
-0,217180836471011;
0,525129767361461;
2,57653131216254;
10,7701385852054;
18,6409453406354;
18,4530797553128;
9,83493191184194;
6,86191179579201;
22,8948260736816;
27,6596044565404;
-0,334981757279344;
-27,99841708791;
-35,246230755842;
-29,3794868511374;
-13,7796316239694;
3,76750146192684;
15,6900030092772;
27,2867545464897;
36,3672410176753;
29,3991060296947;
9,33875641612425;
-9,71200620487901;
-15,6045681758366;
-4,31254612059011;
4,39408639600451;
0,161025428215602;
-1,70353470651519;
16,0338309105955;
57,6686394489607;
90,4897796881729;
95,5848809796383;
97,7496554969164;
92,1896454395457;
70,3733245552806;
71,6509622001923;
96,8133763368403;
104,271248759275;
65,0436489087393;
-11,0021770854136;
-25,6424954525432;
44,3697695159355;
98,6798407865344;
84,2056098178317;
16,2980076212761;
-21,0775539123846;
0,551986618065735;
7,6540774238007;
-25,0772941970608;
-74,1198497179248;
-86,4896776764551;
-43,7820583174481;
-2,42147120047863;
9,94412137340523;
4,05971278735684;
-2,9613113275762;
-0,562771922923762;
1,34534691436531;
-13,0744087685019;
-47,0854688382761;
-68,8712598808136;
-57,9409812163042;
-36,8694336150798;
-16,8786673697534;
0,258999032672433;
3,40789599082905;
-1,12619577925365;
-0,801901479355271;
-7,26712649965114;
-27,305258395273;
-34,2642702064972;
-18,2755735734846;
-1,68369434388809;
4,71112812923414;
2,33225849369139;
-1,51755008198698;
-0,372948515524107;
0,724064259167306;
-5,99888647306844;
-21,4080206883137;
-30,1721644433436;
-22,5868667841411;
-10,2502182768679;
-1,98504308011905;
1,00537649969474;
0,120478376176998;
-0,381847347992349;
0,113001626265736;
-2,51013927324941;
-8,19184689583279;
-7,01886351946827;
4,10803372445374;
15,8045223972426;
24,6774292441472;
31,445222871993;
31,2997700861784;
21,8335451658605;
6,49047582470575;
-11,6873395197747;
-29,0711681506974;
-38,2753109795424;
-33,8273133045222;
-18,2479937532897;
-0,727286817923247;
9,85827697602361;
11,6972695849866;
8,15220527151696;
1,73506264733252;
-5,73170203484453;
-11,2270423123016;
-12,9965115177915;
-12,3437505406219;
-11,2336014979048;
-7,87497166868817;
-1,23135451755409;
1,90092937980855;
-0,13458494257201;
-0,654777653515394;
0,0630903203436886;
-0,736670287270746;
-1,55996593263447;
-2,67349547028585;
-4,72962991059249;
-5,72391851689727;
-4,53366257542657;
-2,0001604812438;
0,135171935077702;
-0,978525967135363;
-7,81417823410567;
-21,3603027910106;
-41,0404081761731;
-62,6813626152257;
-79,1688890083837;
-68,4659170577787;
-30,512230970991;
-26,1710572457503;
-63,9898644887815;
-84,1700400799501;
-73,1305955234604;
-47,3845932451128;
-27,0217095275747;
-20,5249485957358;
-12,9553560711864;
-4,28734493796539;
-0,445420334685511;
0,6817483940002;
0,0357053995495313;
-0,283087312708517;
8,85036822351233;
27,7022817292948;
26,9617814363902;
-2,42858816046914;
-30,0044177250254;
-21,9224074648902;
21,4871555802767;
34,9622614591884;
-2,69290750146343;
-32,8764463201913;
-29,3438739927218;
-5,6962887535467;
7,27591812968326;
-0,145354964028961;
-2,66429794362246;
7,6856398843714;
22,0071657690907;
25,376278369431;
16,2965785616207;
14,4590173542581;
30,730645503531;
54,7906185260692;
57,4822624706542;
37,0765471836795;
22,5320317263892;
17,505589023959;
14,945501767206;
18,8741099326684;
27,5406561640359;
33,6779635679752;
33,9621235710289;
29,5924974277568;
22,6444318894194;
13,1340577081238;
1,54795345691069;
3,18453053153225;
23,980526195309;
30,6049151749153;
12,6386943761514;
-1,20779303284518;
-2,99297042386546;
-5,06256067702721;
-20,8923578904518;
-47,5717669341642;
-65,3164851160384;
-50,9091649442544;
-7,42122459456818;
12,466561481047;
-1,19998277397539;
-4,14776105213023;
14,0713115233868;
31,8394104510347;
12,4765886753168;
-35,0566039695032;
-58,1239569669689;
-41,7560790037227;
-5,83263918714525;
9,8302542666732;
-0,863537608412114;
-3,31944356504797;
4,50253132438833;
7,67239607384643;
1,81723959366908;
-8,95288522581845;
-12,860476874833;
-7,69073846244135;
1,45491682195722;
11,4567898531127;
18,739157226568;
20,5495578067822;
16,998893266848;
10,6614733390383;
5,23240193224316;
2,27143707393017;
1,31329552598382;
1,29216705289019;
0,520711419154281;
-0,366761943935777;
-0,0806649098710964;
0,171943878903631;
-0,0445818767342637;
-0,0422480237924554;
0,0335113644248106;
0,000985388138592277;
-0,0123250184778033;
-6,15600298275473;
-17,4073441078221;
-9,9847255033371;
18,6663994475895;
41,1076676694813;
36,5602484941598;
6,97027130097369;
-9,24272308051158;
0,33706320535434;
3,31148733658902;
-21,7917138951008;
-69,2487241643207;
-85,3228633141493;
-50,5801951547862;
-16,0897910976123;
-0,747790660175623;
3,01295303314718;
-0,451333609655425;
-0,968197970348894;
0,579628846265659;
15,6139448867357;
45,9424963178926;
46,9327347795462;
22,4002915508693;
16,7830348172664;
30,807304755554;
58,9403844611459;
85,7355967539174;
95,1224369613681;
97,9528404452163;
87,6326731846587;
52,7837755874164;
8,97566232899804;
-22,6889844768917;
-27,4654945564263;
0,565655465192131;
45,9896243150498;
78,9847855885201;
80,7686947774505;
54,822320995519;
19,6810055958314;
-2,2955216399606;
-3,13718863964851;
1,67114748806328;
0,487803009098388;
4,21408350497396;
19,6978590241476;
28,4038221766488;
16,2261164008498;
-1,38384054686388;
-1,56964583083624;
18,0805844949849;
29,9828440380664;
16,3223944216836;
-2,01437900624049;
-6,35909335515172;
-1,32444830822319;
1,66070740300581;
-0,041993087304763;
-0,601661982867428;
3,92920036673534;
12,7579268767256;
16,9903306978978;
13,4125052768032;
10,2121858788177;
7,11856802429996;
0,980141332015295;
-1,73612580641223;
0,187995544346489;
0,568577484996691;
-4,25362361579612;
-15,6247473950002;
-25,3308660923733;
-24,4730442426304;
-17,4604947947213;
-8,57486535537863;
-0,168229105746896;
1,78600051349741;
-0,477253792901446;
-0,468350821914843;
2,18034083922843;
4,68756840417666;
1,09352058849743;
-8,68024407400058;
-17,8409437021011;
-17,6919365517177;
-4,16869022624338;
4,67098362645338;
0,0580256435833517;
-1,76896941170526;
0,733682896755735;
0,31935020364118;
-0,394211733525837;
0,0515528885043549;
0,118536453289019;
0,602402889551658;
2,60823062875006;
4,56109430885949;
5,11269148204532;
4,32615277596307;
1,72666189047973;
-1,92726213625838;
-3,83848597652593;
-2,62566523319597;
-0,47331931320676;
-1,28466351402398;
-6,99668500526216;
-15,4178286876954;
-21,9328318224025;
-23,3389130652179;
-17,1764899800321;
-8,59891588964919;
-11,7030515821135;
-22,506685559478;
-24,4843051337564;
-10,9566907887505;
11,0798387557122;
15,3187423671414;
-1,09691456639895;
-12,2794142056671;
-7,16016619312118;
9,88971401685707;
14,8012782380324;
-0,509967942776743;
-12,3329631810223;
-11,4091631055663;
-4,72349178883951;
-8,00883127079882;
-25,9202085648383;
-41,957246211342;
-36,6036872820264;
-7,16837204204487;
9,29189428818634;
-0,279445008444802;
-3,35433414910782;
1,3781226361714;
-2,03275333307528;
-11,4269875816813;
-23,2164530742142;
-36,8176404908023;
-35,4906154533139;
-7,84143638548422;
9,32930484566959;
-0,079812943255704;
-3,4474574932996;
-5,89334005462809;
-25,9102925377643;
-40,1828557211878;
-39,2840693176578;
-43,187998879748;
-38,4734661855678;
-7,7637318866943;
10,0034540411213;
-0,333807676756912;
-3,58956338810619;
4,5389614172361;
12,9436503542147;
20,5615921804089;
19,9572023118027;
11,8310746262995;
4,27321051719088;
-0,085021576896305;
-0,786541896757854;
0,249314914194949;
0,192624993213695;
20,3724763248791;
72,8752201157327;
103,695150293101;
89,7327456964233;
74,690423755334;
51,4702133763421;
5,93310077541287;
-12,3778064203881;
1,74483563368296;
3,87959142493496;
-3,12732390836011;
-1,91698543449991;
3,36567677287863;
8,01155360139955;
6,24618713604915;
-0,870292496810656;
-2,42052693271489;
0,78148642879987;
0,618836337443998;
-0,550569289423901;
1,3496343733948;
7,22567888213636;
14,5259337417782;
13,559981930237;
-0,367351769272809;
-11,44118884801;
-4,6321708177519;
3,69797079048808;
0,463278372750021;
-1,56640082088021;
7,94140614766582;
25,0610253163742;
27,5601370462574;
7,327652943957;
-12,7842442539334;
-15,3668177164377;
-3,24655341497676;
4,02784598184169;
-0,0905723739718555;
-1,4638392391863;
7,17791958462073;
20,6794038972354;
19,8011199660727;
1,75620790104805;
-10,782665582483;
-12,1731797267567;
-7,97087787861771;
3,89955776891551;
20,9805334143644;
34,9956579174102;
40,3731271515766;
36,4078665808497;
26,0935866427054;
13,8409450892621;
1,69086176031366;
4,00730567029006;
28,241254501848;
35,7839433859783;
13,7391449359617;
-1,87788434571524;
8,80096939632129;
43,6230650220142;
63,0289209987048;
41,7994727054177;
11,6871646697378;
8,53403226428736;
41,6095570772215;
63,8596229934762;
42,1842572463959;
11,2280270295973;
-4,40984769415792;
-4,0731479465571;
1,88942900833097;
0,875608297432061;
-1,07306630505321;
3,13102702726204;
11,4546726444841;
15,47331107601;
9,95691321808929;
0,273103699429498;
9,23172810775681;
53,6648783084573;
90,0055099885546;
84,9578076855449;
72,057129734498;
51,3018446968878;
7,48820194022693;
-12,6092920992096;
1,23201570905549;
4,18570163059781;
6,46153820555924;
23,8809827667523;
16,2886425237563;
-17,8023035996318;
-32,1258909703969;
-18,5462534995852;
-0,71018183353716;
3,80777258067894;
-0,854352323909769;
-1,0729211004276;
22,8858430780383;
65,7399416892403;
56,9054062576682;
-5,27465563662801;
-43,3307777208326;
-17,165414232509;
56,2986588753237;
67,1672231453215;
-4,96120628379026;
-47,3084967176394;
-45,1248814150954;
-31,7471756020974;
-16,1327743468504;
-14,2049825913273;
-19,8714602060901;
-23,9771988072803;
-27,3172969057322;
-25,806356940072;
-17,8271143184847;
-6,3914003757097;
6,62216311886305;
16,2031047102227;
15,0561590008541;
5,43443908371834;
-3,48418052775072;
-9,40246481812926;
-13,7593660380598;
-12,2820274432277;
-2,42151741207928;
9,20517330895569;
15,4991092449304;
16,1842168021529;
13,6026713195666;
9,37858272093341;
5,76745379165216;
4,48256333171429;
5,19359044667954;
7,51209586244822;
11,5032771416746;
15,9692177601827;
18,906418595752;
19,4012323285631;
17,0294206306982;
10,726750108483;
1,26146681429646;
-7,41482792268743;
-12,0020535206264;
-13,3395334696347;
-12,9884091880171;
-8,92273311557122;
-0,481105706936441;
6,59733707344574;
6,75665568112262;
2,09831868937672;
-2,10775430652863;
-3,73190348688972;
-2,52417358968574;
0,144843513798295;
1,03041607118986;
-0,995988928875103;
-3,87835371068049;
-5,57896208868795;
-5,14924037069145;
-1,54415105083483;
5,50605455884677;
12,7483750591724;
15,535053507005;
13,8718208300577;
11,2494249163947;
8,68966458292063;
4,49267276551978;
-2,4579470734473;
-11,4071558329924;
-20,9383415424857;
-29,9412159961249;
-26,7125296517714;
-5,25029292625427;
6,86849669872;
-0,246427481777887;
-2,45921804005816;
-17,655329843702;
-64,829737911656;
-91,2693313789522;
-80,1954800505306;
-76,4397268538316;
-78,8223329849509;
-68,5697883925903;
-53,0969891894612;
-36,3810599566911;
-18,6600728425661;
-5,20715724535597;
-1,21223585399048;
-5,46028360227589;
-10,5567500037605;
-11,9598682086737;
-8,8670038451144;
0,152705980820617;
12,4226103518954;
21,4511932428643;
23,1701537256576;
15,56593544848;
-0,467988402002918;
-18,0141685447968;
-28,4272938604605;
-27,3461085115238;
-17,7427885033566;
-8,96830113192753;
-6,9188192540819;
-7,40579976582221;
-4,18446570883972;
2,52772853663577;
9,47885289809057;
14,2639394918545;
15,4152489447659;
16,5103320618572;
23,9086944379522;
37,6290812913233;
53,3930285688568;
68,4822910802936;
77,1605841305625;
56,6802054465984;
7,55521123447844;
-13,661151837549;
1,50814127691512;
4,466199139478;
14,2731920150418;
54,4484634486743;
69,5589771490757;
51,4365240459804;
51,3707983088802;
29,6167101880702;
-45,8912445818249;
-63,9466533810856;
7,77508506881044;
64,8489825622688;
84,8410845158883;
90,6934600494929;
65,2533743511703;
14,0776966359885;
-34,8000389675757;
-69,0984556200571;
-82,5185420551876;
-65,4119376873503;
-21,417577567083;
28,6996264120814;
61,4820569382163;
64,8170266825615;
41,7231295736329;
4,7399267704483;
-30,0187373436645;
-49,8357224418104;
-51,0347417649498;
-35,9481404292193;
-10,4436141587538;
13,9887769453993;
26,3196229216628;
25,6510388457681;
17,5630605832709;
5,96963988373204;
-5,8841949181372;
-13,9194725841514;
-15,2407620174873;
-9,55319057409808;
-0,632088002023173;
5,97559449317999;
7,73613138428637;
5,44174455640696;
2,41339034929729;
2,85235920166099;
7,1299682748815;
12,229994466378;
16,9502046078373;
20,895432773302;
20,4936471828611;
12,2645057280467;
5,40685824042743;
12,9549833258342;
23,4480831132604;
21,0894102681028;
11,0688521961843;
1,70133801130281;
-1,75337349857935;
0,0849660440013108;
0,594723761011367;
-0,280426150351069;
14,1900042013459;
45,1476601286153;
43,2126654415033;
-6,07425471080507;
-52,4411015693213;
-58,1287142430773;
-28,4348264249761;
-14,7760944318612;
-28,2354725228056;
-22,083108842666;
-1,00910690926017;
3,52423401059393;
-1,13583139275931;
-0,774018422655758;
0,72746913591746;
-14,632778307062;
-54,6930121354975;
-78,4224241763515;
-50,1622165715467;
10,4196207133205;
86,9252446816309;
176,919946255901;
245,725037312809;
259,457411547689;
233,524216512499;
182,194993152678;
107,60571420982;
40,4604552840859;
2,79480071765383;
-9,97483004619354;
1,28980568839892;
33,0568513129677;
64,7938235554793;
75,8037481996532;
61,8223486194018;
31,8468447828072;
-3,8525181602633;
-39,8107270478559;
-67,9062238976572;
-78,999907462844;
-72,8073030483077;
-52,9617235591245;
-24,3219166600311;
2,76137817235857;
19,5163725031056;
19,0059543132766;
3,38955820262493;
-4,85999388174138;
0,305730963477462;
1,68257941448572;
-10,4647595390227;
-34,2502961173787;
-47,4995054235969;
-40,4689366925493;
-30,9235209566042;
-18,4417147192959;
-1,02677021814734;
4,16688204784267;
-0,933997225240666;
-1,1605915069377;
-1,68363388861215;
-6,17970279996045;
-3,14324243554037;
3,35528863478914;
0,811043893697621;
-3,74696611608681;
-1,45534882769304;
1,25755149822839;
0,0988814376024149;
-0,505565190817346;
2,05325194172289;
4,63246127631501;
0,589058741583851;
-6,71406714214648;
-6,72457719426861;
-1,55619295837291;
0,733287032128955;
0,0471451092484456;
-0,248895677724163;
0,0825054416773023;
1,31117051362094;
5,36160504508688;
9,26882735645058;
7,55079015145878;
1,04861872345997;
-3,36321765463875;
-1,50558100991983;
1,12111346360421;
0,177222306315567;
-0,490410985991649;
-1,3347091470331;
-6,95568827911745;
-14,0414231227449;
-14,4659843318944;
-7,39728792416675;
1,09855818483447;
5,59374213400264;
3,92778047082725;
-1,98737315879769;
-7,93394451959801;
-6,82284492530303;
2,8275842696144;
6,39665927465647;
-1,79982738913486;
-8,92781759887749;
-7,81191336572447;
-1,3814116519671;
1,92327000609498;
-0,0877387097499337;
-0,682794382378698;
-3,39361404143479;
-12,9531762143176;
-18,2876860636074;
-15,3007712282492;
-15,4618418566756;
-22,7538274457364;
-32,2542778156968;
-40,4665179086283;
-45,1079934993491;
-44,4223206959861;
-39,9949093199876;
-35,2945034000624;
-30,1266641197453;
-21,9046043181695;
-10,4754002684736;
0,618450203420005;
4,89272742057714;
-2,35230631168415;
-17,8764683534155;
-32,4133876539047;
-38,3949359243025;
-34,4366168750631;
-24,214434729178;
-14,9393612974682;
-14,3133825106474;
-24,2411105435149;
-39,3217141646762;
-51,3860376145293;
-56,4944043320918;
-56,4994088498309;
-52,1513977441245;
-42,1420456674729;
-29,661756740813;
-20,0215098196346;
-13,8545685332805;
-9,19306543586852;
-4,6231451882734;
1,34567702068242;
9,71176451300585;
19,1180318815352;
18,9638917433104;
4,01971783229104;
-4,97384241125792;
0,108023784452678;
1,80924759982746;
15,1380250988856;
57,9380595803924;
88,6364956732972;
84,2188701352135;
71,1681150795906;
44,5571416427793;
3,42424534680552;
-10,1970599456333;
1,93340995521655;
2,99216969246908;
-2,03918871812845;
12,2336780243861;
53,9423578303369;
95,0975246579942;
99,7091735594915;
60,9768414741638;
5,23892243868154;
-13,6122289513887;
2,21499288496155;
4,16794136464254;
-18,6766281376163;
-49,6599026638981;
-45,0756862458065;
-0,885469595975005;
28,5936900272764;
25,0131938228192;
4,62535204455415;
-6,11501040579405;
0,170744539754281;
2,22027698611997;
-10,7337983734524;
-32,085476874314;
-35,940495005138;
-16,6843283456135;
-2,04949935877031;
0,893625900253773;
0,631239729323701;
-0,263284327623906;
-0,164579027637966;
0,17051455147577;
-1,20989231149352;
-4,53518587094742;
-7,14092088339092;
-7,92787385181682;
-8,10242897468139;
-5,37077944122757;
-0,267019710225414;
1,23886196464326;
-0,300135834767006;
-0,334252893252004;
1,29848433046927;
0,119884402976793;
-9,86967402731192;
-19,3461360123567;
-8,72580422148492;
9,75568554575285;
6,90046255915882;
-3,9118887587097;
-1,20164315366825;
1,95514416639533;
-3,67500680442908;
-16,0321538798729;
-30,3162730955166;
-32,0997257806077;
-16,5129540277044;
0,0915324522444729;
2,85637038161633;
-0,985166018066053;
-0,641255308047132;
0,624883058899132;
3,35436193683436;
13,4098127315421;
27,3233594510807;
44,6876436710226;
65,3082086838769;
56,9451904294945;
9,34434052674484;
-14,4344067352579;
1,18494585371964;
4,8781865014865;
-26,6758847153547;
-79,979005357409;
-91,1408859449927;
-41,8034841168625;
8,14670757370595;
27,4909177722344;
11,2120999959562;
-8,27629816828746;
-1,4993665679922;
3,7251202780191;
11,0991514377319;
41,7829186894338;
63,5629766733627;
64,9327831717482;
69,9895339302913;
68,5440534995534;
46,4827778776627;
15,7032352047197;
-12,9137939964134;
-33,5955516210944;
-42,2825387124514;
-40,4745570057927;
-29,619478585424;
-10,34355676308;
8,63250616746243;
18,0007536292295;
19,2813936065352;
16,0843935489406;
8,07678444347514;
-2,23711092127886;
-10,2519071455782;
-14,0182745251128;
-13,5224035517189;
-10,4653112615017;
-7,17574582846912;
-3,65486907478672;
-0,168688799530073;
0,776655095867316;
-0,171407015581174;
-0,219143271865356;
1,99959235582386;
3,87766410586095;
-2,5460443903833;
-14,0368753780893;
-16,8944460377994;
-10,3384859514869;
-2,90496976091792;
1,36292760166404;
1,51453268281856;
-3,35355275118049;
-11,3973490170613;
-17,507335305276;
-18,9912487000531;
-17,8607166143209;
-17,4552270908495;
-13,7859023409967;
-2,70757443201643;
3,4814539118836;
-0,0915082500525835;
-1,26318094223916;
0,830502470501796;
2,77142104034326;
7,32404144617235;
10,5397906257349;
6,64030401304281;
-2,00870248629497;
-10,1145354574146;
-14,8422242243063;
-14,9719078640041;
-9,99642244540737;
-1,10218516928626;
8,5690741679257;
15,1634994161842;
15,2076894851592;
7,21654974245804;
-1,98965401970685;
-2,47118482521319;
1,1184621403171;
0,508704104224857;
-0,626276592809159;
-3,35219744211356;
-10,0668022692071;
-9,35426615441533;
-0,625040960595672;
2,75997684768613;
1,05924481963869;
0,347207926642815;
-0,573237375984955;
-3,82100733857499;
-9,29786121573362;
-14,7743073691835;
-17,7076803074895;
-17,9986726457982;
-15,8264527262716;
-8,80085417847178;
2,85433661023971;
12,552426901523;
15,9774912889734;
15,6575977896656;
12,391302923294;
3,07135744920822;
-12,0717266683461;
-29,8060269207611;
-48,5263825746248;
-66,456403297011;
-58,0988589302399;
-11,1632690489037;
14,8555860834533;
-0,595918800151223;
-5,29344413208405;
-12,7501095434592;
-47,0855125171453;
-52,8039389255825;
-21,5874428822239;
-7,71760984662994;
-10,7487134569234;
-10,6260764264073;
-15,0388809923458;
-24,0886532231018;
-29,3653516814413;
-29,1694028996478;
-22,2154158710394;
-6,19388200829486;
13,1156032726718;
24,1953322774728;
21,0689548153672;
6,80081376264829;
-10,946047430507;
-25,4666462079983;
-33,7784855411596;
-36,3287926428705;
-35,5592329245664;
-32,0625456095918;
-24,465059137278;
-14,5326018476072;
-15,0818480091383;
-31,2958153061972;
-37,6826608958453;
-24,2152994413264;
-12,5463000556146;
2,79830439302857;
36,524082019106;
64,5002100014686;
74,3161069897133;
84,2637236346392;
91,3142872670036;
83,2702997450013;
65,4249087426996;
44,7149195352117;
24,5482095906607;
8,71723021792413;
-0,222645688167125;
-1,49999302334465;
0,469009856584414;
0,374480471577991;
0,619180301372064;
0,995002583575989;
-6,60773992955869;
-22,2381460626725;
-37,4606848702944;
-34,7625212993258;
-7,12821032551451;
9,00737413335209;
-0,235800693584786;
-3,26178149357562;
8,03981021212994;
21,0464189244745;
18,6604909924064;
-1,8364507525333;
-20,1191881729781;
-12,2647428079454;
22,6041892102394;
32,7218190303955;
3,04851114663781;
-16,7378686915851;
-18,487768311512;
-17,611253176846;
-8,22263097949746;
9,0049987774878;
25,6572672157381;
38,1053123300066;
43,8275130690986;
38,1647386077068;
20,4385073060341;
-1,09931256242276;
-14,2941806133795;
-11,5650773442182;
5,4475439185743;
25,4486500960917;
35,83919940534;
32,8376186453751;
20,4270963826503;
7,0904211529667;
2,56661745865318;
7,78733254472923;
16,2122267833522;
19,3965924238472;
10,6708002824094;
1,87049437184051;
6,73701997956795;
11,9317274422745;
7,42101112684345;
5,52901067377346;
5,3302120077088;
-6,51468166562485;
-15,9817970238938;
-5,26867887880464;
4,84082735489504;
0,327669798566499;
-1,93433050888494;
-4,8512409300604;
-24,1660906561536;
-53,496992202754;
-81,4089778445443;
-94,7248475978527;
-64,6229240264154;
-5,23294005737634;
14,9072058764013;
-2,75976496400987;
-4,40001813069016;
36,9716306683695;
106,849797044779;
113,541317623554;
52,4289548416117;
16,9025383577825;
3,44379688227441;
-5,89423970483416;
-0,0876554497044826;
2,34283599964911;
-0,983578541937483;
27,465980658606;
97,5950005003559;
129,067218337359;
88,394748687593;
42,2369087944476;
10,8462278726095;
-19,0318528590811;
-34,764313757958;
-30,7642736071363;
-11,7007230383048;
16,7417287961998;
44,2432570058154;
62,5718045904282;
70,4828377642303;
67,5514930392768;
51,5791309303631;
24,2096118767061;
-6,69048742961514;
-32,7868474558601;
-48,3072843574119;
-49,119998778518;
-36,1426845184728;
-16,2939764631837;
3,19943602637518;
16,7750813913783;
19,0558228276683;
9,1791189102302;
-5,63021786580193;
-17,4012783597651;
-21,8768978265822;
-16,2978268292765;
-3,73474648308003;
6,71964045176228;
9,03028651625071;
3,25791517769373;
-6,62836445971303;
-16,3173125649037;
-23,9083617717225;
-26,1365952032035;
-20,5072095515343;
-12,5063453174087;
-8,78096664594569;
-6,62745128782213;
-0,844144526576342;
5,9292586969348;
8,6814162862857;
7,7462947339829;
5,54039191339812;
1,27266948528413;
-6,52233886761963;
-15,9523452838836;
-24,5341939463811;
-30,8983981371352;
-32,2614438583605;
-26,6861045239173;
-14,4130293479543;
-0,83254286575078;
3,07548727918438;
-0,612726371053275;
-0,896640348177247;
-0,741801069565146;
-7,09584582976305;
-16,0616526718058;
-19,6446418975086;
-17,9336496235601;
-12,4929517509701;
-2,25197724851308;
3,05483963238441;
-0,110203736024757;
-1,09809763461099;
4,26797657502096;
13,0343441998691;
16,5825363748601;
12,055832739609;
7,53327869976907;
4,34793963034947;
-0,0894911010366397;
-4,4174216085251;
-7,29331323924113;
-8,33488694999602;
-8,11758393834124;
-7,46341749256402;
-6,42744106600186;
-5,62393433469054;
-5,689264399783;
-5,32548173967532;
-2,99120908067038;
0,784451346711907;
4,39781181613201;
6,26866949154774;
3,90490606886009;
-5,14961862502335;
-19,8345867816974;
-34,9343051924755;
-46,0002828472383;
-53,7436162031443;
-59,8336087424649;
-62,9905941602808;
-62,65831649636;
-58,8352519755538;
-50,6450005561136;
-40,3974081937832;
-32,7604474482257;
-28,6387242400122;
-25,6130326006641;
-17,5043290457172;
-2,65669282454806;
4,17621586631115;
-0,304677060715218;
-1,43603735428844;
5,63844550144962;
14,3216281426535;
8,49825369695572;
-14,6155338083305;
-38,2937215671612;
-39,5546684874733;
-9,27745698995657;
10,4932113075658;
0,0828229272511242;
-3,95141418848007;
-8,83166715672848;
-33,5058295490346;
-41,8911237519315;
-26,0100940703509;
-17,4985043384695;
-22,3694579826071;
-34,501351276927;
-38,1721088652609;
-26,9748217920794;
-18,4542115930171;
0,298378698515621;
38,8717830934518;
55,4995924195106;
46,113509328856;
51,9259184364763;
70,7326917610156;
83,9904138456537;
91,9723193969628;
88,8645233307213;
67,7768010126536;
34,8312430237644;
0,880812783963364;
-26,6797205101035;
-41,0109407656471;
-36,7243506024;
-17,2520324146004;
6,12479086985174;
23,391413407071;
29,5302513496746;
23,9053432611393;
10,8811784441568;
-3,86034210314437;
-18,7160230122678;
-34,003592196422;
-47,7640457872359;
-51,9088849683449;
-33,2507726746045;
8,20204181629333;
52,1392300215393;
79,2670547510979;
82,4275670765536;
60,9579060828168;
21,4845619913372;
-21,4248463123799;
-54,4329003595542;
-71,0703074443903;
-67,1980284800982;
-41,677199408005;
-3,66144994379218;
30,2420114094789;
48,0164191832258;
47,3138268953736;
32,7997463957482;
14,1857121990565;
0,617124552324681;
-6,20830222663473;
-9,16960392916926;
-8,5610821083319;
-2,59424716891233;
6,94975663895785;
15,9979454790857;
23,2984176763577;
27,8362780121321;
25,9641051911406;
16,3635860838029;
3,76308137889178;
-4,56322020789329;
-3,33994913214972;
9,27237937151873;
32,1059605690897;
59,2520003797787;
76,4924157796857;
70,4706017248447;
41,8617428503405;
0,522708266501104;
-41,9489091381338;
-70,0397267506501;
-69,166288392156;
-40,4514732092591;
-3,26555230252908;
18,1050160682642;
8,86940590490189;
-23,31217333201;
-49,9988712902854;
-46,0356536321659;
-10,4025466556833;
34,1408452042674;
58,3339141170058;
51,1544192400274;
27,4385255294214;
5,88450869250261;
-9,1878514587846;
-23,2703352192718;
-41,9559044664384;
-59,3430927013044;
-56,8253338866993;
-27,8136912938598;
11,9270204376629;
45,898653205264;
68,374511952986;
80,7546505789188;
86,3944983745527;
85,3785169925978;
73,3941353231033;
45,7084099682379;
11,3191660996144;
-3,99036873442259;
14,7398665802405;
50,9857578496564;
78,2232701068042;
85,051865392683;
69,7020543125709;
34,1654237581346;
-11,2657709589663;
-48,7807169570069;
-48,5571668884266;
-8,67476068848863;
12,5060205760256;
-0,826445863965955;
-4,30945441138308;
9,32790667158799;
22,9459723619553;
21,1431034929363;
4,83630155270884;
-4,28843430544465;
-3,16181871877938;
-0,588077626654042;
0,650193578684058;
0,0507271001169545;
-0,270417823300162;
-2,21882530719208;
-3,11835304193358;
9,82146958271439;
30,2404391779691;
39,9048272720752;
28,2096977874944;
2,11007509954836;
2,39806558358711;
30,6072037624344;
42,5298654993186;
27,8808801350543;
-1,10373070686665;
-17,2903177834426;
-9,34318803838648;
-2,11377537183881;
-1,24957190837934;
0,437434463603966;
0,362185335175699;
-0,323224799112991;
0,00918701762080181;
-2,91978440640141;
-12,9956571791734;
-24,9254542553283;
-31,5206811581597;
-32,348620377947;
-22,4564265192903;
-2,79499287695673;
5,33029273205833;
-0,633734422826471;
-1,72508087429909;
1,69022999290508;
1,10681963303833;
-5,32989503974523;
-17,2046793004324;
-28,4879199021616;
-24,0387026789504;
-3,21632821804873;
1,34265470624918;
-17,7844298371376;
-30,7242781857325;
-23,0533560498376;
-2,92485495790855;
3,77595006978195;
-6,86547227685343;
-9,78658728798102;
-4,14407745974314;
-0,730331166702088;
2,1598440596319;
4,90852256492191;
5,72514238997565;
5,89774127454851;
6,40446358485735;
5,7462080608237;
2,4587148549462;
-2,86666344687412;
-7,89734709928722;
-10,4910691229361;
-10,5591727644069;
-9,0073968869978;
-5,74729430775132;
-1,59762198999505;
0,546630711849366;
0,16439069198872;
-0,235513020995539;
0,0358359965735376;
-8,804295349892;
-33,7996383148707;
-55,267098022058;
-60,5924819217093;
-63,2515163596301;
-65,9967093259003;
-61,293214530381;
-49,4479677873661;
-36,7548748547543;
-30,1056965524082;
-31,6710280379881;
-38,7244041823113;
-43,9424353801639;
-39,2138667670458;
-25,1831741933003;
-9,61638291281016;
1,88178153136365;
8,1569758146034;
10,0128686477439;
6,18846853871565;
-5,97899061781633;
-22,8839693310181;
-33,0723882891452;
-29,4315982309741;
-17,8848332996614;
-8,6135240298886;
-6,90904777554643;
-13,2885422225585;
-24,5622262081451;
-35,1300771043336;
-38,6463233288254;
-31,5225834485832;
-16,3208694044379;
1,66846811647291;
19,0370036342571;
23,1488588937548;
5,83686267142731;
-6,31912811250146;
-0,117473035466998;
2,40453735532304;
9,06121428138809;
33,2240591416572;
43,0104018956999;
30,3879928967562;
27,4777758051746;
39,0153773985063;
46,4151979749458;
37,8135802743029;
22,8680567494654;
18,6352437746443;
15,5038764223929;
2,72199015128036;
-3,97895991843368;
0,275891321537547;
1,36577758634127;
-0,237746621024429;
0,19837447884231;
-0,969277142088882;
0,548023847049106;
11,2484092521958;
17,2091752322717;
4,98863246130279;
-4,93215507539188;
-0,225929786585333;
1,92988874006183;
-22,5518639898891;
-69,9184890767286;
-71,690890052042;
-11,6070285834336;
40,5432851374519;
68,3084181896105;
84,970460994647;
76,3496817770233;
45,1083705275248;
9,80091870121258;
-23,440488575711;
-52,8101612671021;
-68,8133431184711;
-63,9675315269652;
-42,0272649679314;
-14,3343159561818;
9,39470371912708;
24,0138306598385;
25,0518368465049;
12,7401751610082;
-3,78921280565447;
-15,8088770079766;
-22,4401703295343;
-25,7432023974042;
-24,4400451456907;
-15,2616713743745;
1,01472208831814;
18,0180811346714;
29,3063590349395;
32,704399034646;
28,995726129662;
20,4273436155491;
11,3609544656712;
6,03157265260932;
6,08725299392497;
12,5455531813983;
24,2481814242863;
34,886936289106;
38,2376594711741;
33,0900995357154;
21,7511471139692;
8,17806745421954;
-2,94627215593505;
-7,28951972981288;
-3,79145992238595;
2,9533812164675;
7,6612763301215;
10,3678462837331;
13,9690734541496;
18,9574777739936;
22,8941826689894;
23,0664264099905;
18,5264986895268;
9,59951545540387;
-2,96750726145258;
-15,3967806484243;
-21,1522760306579;
-18,5484750367148;
-13,9113855792267;
-14,4240372992803;
-21,7210020466366;
-32,7783664941057;
-43,1063032985639;
-50,3230534305045;
-52,8945016517513;
-44,4897452119514;
-21,6801908723604;
5,12760648553602;
22,7299110510424;
28,9491679969696;
24,6817691685228;
8,10438128952235;
-14,1466426025057;
-28,9336686298244;
-32,4470464672542;
-29,1489555501501;
-17,3595927039448;
8,70761042084697;
44,9336332912414;
83,4966077346579;
123,729201848608;
163,629924671337;
190,604002066338;
187,213396670494;
143,141439138069;
64,7001287582588;
-2,77773363015545;
-12,3043806191602;
4,63176074617318;
2,6725671104986;
23,3156411737128;
104,664840890843;
175,986045245857;
171,909833710012;
115,774822736767;
27,4782453149232;
-76,6124007607963;
-141,935268718784;
-134,455995001681;
-74,0256970199689;
-12,188360002241;
8,28113439552695;
-0,317412787689526;
-2,62348072685092;
1,18205501303682;
11,0622923003859;
42,7950591881984;
71,9052841785345;
62,4464717985518;
26,6619772346923;
-1,73644919723236;
-5,36740256874168;
1,92982367823267;
1,24768574690433;
-1,23201947731002;
-7,50958893109349;
-27,70557511368;
-43,3566902356871;
-41,7355119851243;
-36,9381601227375;
-25,8535569901174;
-3,34903298695276;
6,24757614665395;
-0,738291582103095;
-2,02043358196175;
4,22498594558626;
6,97186335457863;
-3,23468802751727;
-21,2756382206607;
-31,4819932021088;
-25,1843874833558;
-4,54617007055564;
6,24138866760387;
-0,267455395054604;
-2,22221400163531;
1,43230198437048;
0,982169758120839;
-2,0201747467565;
-5,5052710202622;
-8,49398766210225;
-10,1360620824193;
-10,3795770005208;
-8,81949957403048;
-4,37355624006059;
2,96343025947748;
10,0080655224586;
12,7954424464802;
10,8912959444815;
6,06659541460187;
-1,28506603977795;
-10,7118885731601;
-18,6338257375704;
-20,3989847601921;
-15,0532293753467;
-5,83238584731804;
3,02955242776691;
8,56826859697859;
9,21160189014145;
3,14921432978971;
-11,213395177634;
-31,9645584732534;
-54,0134400654576;
-72,4375221256938;
-84,3474177268484;
-88,9557537274337;
-86,9348329102684;
-81,0885374935512;
-74,7555228322614;
-67,6499404047975;
-57,4024170230952;
-43,6667179895503;
-28,6735356256281;
-16,2895939420506;
-8,54612851836269;
-3,96071762435344;
-1,08953398192922;
0,142236755700021;
0,141744109096407;
-0,0804763130783333;
-0,0213391765225678;
-2,65303192334922;
-8,41661675679295;
-10,5965719650655;
-12,6905263471735;
-23,8179201065982;
-36,6491294501853;
-40,4947566478596;
-35,3295740857343;
-24,2507915057717;
-11,7361293171573;
-5,06497351506836;
-6,10118492757116;
-7,85508839179619;
-4,51521444796721;
3,37372813193761;
7,93608096192986;
2,69458538886565;
-2,37393541160594;
-0,212988922492157;
0,972543337553777;
10,3352178445292;
34,8386576961347;
43,1407812663941;
30,9223113618474;
32,3688401830937;
33,109260603135;
7,48124267370555;
-8,9740028623696;
0,160706979770076;
3,27117831285357;
0,619110592439114;
3,80307839879547;
3,27521187439185;
9,97212459531689;
37,1792897500151;
48,1896217410725;
15,0723090280791;
-10,1257732296241;
10,2764124253805;
42,0215778980347;
43,9506107113106;
9,9104508615202;
-11,546580975884;
0,0107567169986616;
4,30605810341587;
-14,3989388135992;
-43,961937879536;
-52,3937845866298;
-23,1743102838753;
13,5371852927275;
10,9924457284677;
-41,7113348796574;
-68,4232321028289;
-34,359252564552;
-0,428332814259494;
-4,48158696224941;
-43,7103363278097;
-64,2589346169293;
-35,0487556317481;
-1,67423219106444;
5,83413053502973;
-16,0188709708564;
-43,4059735166569;
-44,6511809152077;
-30,3959424276094;
-13,9686106613796;
5,75214802341309;
21,4439046816836;
25,7871001862197;
19,4990107785776;
8,26234895186277;
-0,734144063247445;
-4,14323313403321;
-3,22880769071608;
-0,0677122312579703;
4,2079116937351;
9,92069062319428;
17,3220210694333;
24,2381935604792;
27,3266538861614;
24,7072999589864;
16,3533530677411;
4,36306595549378;
-6,398700706385;
-10,295199438348;
-3,45512279353274;
12,7441732324514;
29,9302066339325;
39,4718790113012;
37,8582644964623;
25,459063699324;
6,19362867826364;
-13,8378059756269;
-28,502663759368;
-30,527062744076;
-14,5594457272641;
12,964421092276;
35,4806756324396;
42,086747679862;
31,6352960057671;
6,69335997727071;
-26,0194841353266;
-55,4992983864216;
-70,7125398806249;
-67,7761419646185;
-53,8402731862004;
-40,5813284900831;
-37,7304510394264;
-46,2078545979048;
-51,1019798910215;
-32,955655513666;
-1,97561541293888;
7,39538001617121;
-1,58031171511105;
-2,09583385905121;
10,7492628583223;
27,5205382163124;
23,9999288886423;
5,72923054900313;
7,88997345097393;
24,0246730044353;
32,5345053655682;
34,4301474188936;
33,8543057371421;
37,8398560616025;
56,5080880333929;
91,1372809182829;
133,531357085064;
169,186767621423;
179,740607644877;
149,189752732781;
77,737151195931;
-3,85200868792852;
-46,6948705259201;
-20,0620536189416;
28,8994741212167;
19,9733000364059;
-11,1851130945614;
-3,59493925131629;
5,66843886581855;
-25,0577820786192;
-102,425447116265;
-177,695616464266;
-180,253086565764;
-115,96984282794;
-26,9277877423174;
59,4951858500664;
116,103978551646;
124,867579697825;
88,5811478429134;
31,9777551700748;
-4,54763127238338;
-4,98045541436708;
2,99279342478264;
0,629149016416524;
-8,3997588579012;
-17,2411332000701;
-5,89495064585189;
16,2481374318446;
16,808093441317;
4,41885627635094;
-2,62013489250091;
-7,27025643107424;
-11,7730456748925;
-15,2312275683548;
-17,950295081554;
-19,1103741038071;
-19,4788226823261;
-20,3741890180347;
-18,6996697981817;
-11,2919406283269;
-0,628751042182399;
8,88350964398452;
14,9179656769594;
15,7566328826915;
8,78889514902529;
0,236901365872578;
4,55056028117174;
15,9235031060127;
16,9550440149586;
2,6401556333803;
-19,3629226815184;
-25,3802384027708;
-13,8980783177881;
-8,43426566409843;
-6,77185812652516;
-0,591489702633267;
1,73197112864369;
-0,369044328805504;
-0,48419641305804;
1,03351117913605;
0,000851774000438721;
-6,92476047506647;
-14,7946383036631;
-15,4170640822419;
-8,83357082715148;
-0,649426500966847;
1,91083349308275;
-0,331785215257361;
-0,577884030497406;
-0,3103126117417;
-3,03775468219257;
-6,21777253506488;
-7,45332662067875;
-8,38742993107285;
-7,42640490057758;
-1,66256784002607;
1,94546453972767;
-0,00366531644168435;
-0,724858002481874;
-3,31195560010193;
-11,66614920128;
-14,9541676647689;
-12,9974867506016;
-17,4093671857211;
-25,2311725357924;
-30,2873348798683;
-34,6707428306509;
-38,3902188392515;
-40,2822501695968;
-40,1108901918538;
-33,6315715834197;
-18,6609554962044;
-2,32245295700906;
6,8748803337772;
5,43584195050509;
-6,01066508903838;
-23,2066098739966;
-42,1627872257002;
-59,6999204283089;
-69,6511850507671;
-68,1192171305192;
-59,2928911964737;
-48,8492222569946;
-38,3029957444178;
-31,2570801730624;
-34,3721593558132;
-45,8306907328655;
-55,4368965450137;
-56,7953297094915;
-48,9405639506197;
-32,6886115448356;
-11,2426199929402;
9,47796971303194;
24,2902156205481;
23,6109086344715;
4,90629172615931;
-6,11773931178229;
0,132767836592479;
2,22753356769116;
13,0295681041313;
48,025854295138;
66,6819539840074;
56,2212343301346;
50,999366735594;
47,911847318154;
29,5083980870871;
4,34153901176643;
-17,5457879715106;
-33,2165287617261;
-38,6456292258711;
-28,5636585507664;
-0,867800644794901;
38,8128859186475;
74,94963824074;
89,6928432439098;
75,2323421242834;
37,2993332870237;
-9,80775933687123;
-50,9516963258376;
-55,2421714071882;
-11,9621495188302;
14,6522290990267;
-0,302399085140315;
-5,33212750138208;
-16,7957579842134;
-59,2987924801064;
-62,5219241817756;
-12,1060367983098;
21,2551694122148;
7,7138626721897;
-34,3119674193496;
-46,74607212286;
-14,6960393310718;
8,19544034015353;
9,0352422737459;
2,74590796215349;
-2,24870464149627;
-0,368804138984379;
1,00677615891912;
-3,28041836257886;
-8,18177234778627;
-2,27895378864398;
14,0169362314269;
25,2951978668855;
20,2882571271795;
3,03209061793486;
-4,94354965408026;
0,432547834133113;
1,66474275728341;
2,67497569359867;
14,1791266258152;
26,2056170468144;
30,217922473339;
30,1790822122708;
27,9359947713095;
23,7445178993685;
20,7397863852502;
20,3010760866371;
21,8459444590974;
24,683797493184;
27,1957014524068;
27,4373257364096;
25,686564506403;
24,2996204299579;
25,3879484117017;
29,7811363441807;
35,9613990830432;
39,8335740310742;
38,7744287537659;
33,535269195411;
25,2840259131008;
16,303783311934;
10,2302149684238;
7,11729246478272;
3,23523290143124;
-4,33204542071864;
-15,7339819464435;
-27,2607424913287;
-33,2662178655857;
-24,8996107338711;
-3,5759631483551;
6,01842868290697;
-0,56400671482363;
-2,01161089680381;
1,46600840727405;
2,63512997212319;
4,70110544612521;
5,60112164817284;
3,69157647235165;
1,83202520337062;
-3,01027298759896;
-13,0268160675216;
-20,0714961660715;
-17,8702779816339;
-9,23901865578027;
-0,471379792533146;
1,90156079045162;
-0,378704838909921;
-0,556912554091617;
37,946697038027;
135,096865489605;
192,791935008874;
151,601256391564;
72,4810758073212;
-24,2474070252272;
-123,961113248333;
-162,016891133248;
-112,267331216338;
-9,47572952250876;
90,3956565615507;
147,126863996725;
152,001963082424;
108,767742404821;
25,855387088866;
-36,7573402603729;
-19,7485640852991;
13,3947675293721;
2,66702260053117;
-6,07746340701311;
21,3523877665906;
69,8980798807754;
86,4475084086807;
48,474382539429;
3,89651321678479;
-23,6317064504097;
-42,0799152063661;
-45,7542353857279;
-30,8994350138245;
-7,60287978716489;
11,4609671603223;
22,6190845510914;
29,0344811237196;
31,5616263813698;
28,5740702153745;
20,4427901645744;
8,67748862699455;
-4,88064335765109;
-17,2221828598193;
-25,7043779686632;
-28,5507155950356;
-24,9305789850056;
-17,4191876866849;
-10,5198180591093;
-7,28166474152704;
-10,2982034996782;
-19,7180189415966;
-30,1165524001323;
-33,6237046980687;
-24,8384376942711;
-6,43402949819798;
11,4652743149882;
21,2727306949229;
21,9680357957929;
15,4304919197907;
5,72748636878312;
-0,672156837101637;
-0,922585964364115;
0,493619400218892;
0,142038261852548;
-5,92274734873246;
-20,3281050743962;
-28,854314940616;
-22,8351192944355;
-13,293348251603;
-5,3198317291558;
0,468273749900727;
0,981277080815253;
-0,464452875106522;
-0,172151460530572;
-2,91780453883727;
-11,6264913484162;
-16,8366478651215;
-13,1513440716603;
-8,25294234610993;
-4,96743364670232;
-0,726426469574642;
1,19146450478568;
-0,101711532572765;
-0,402936475899188;
-7,76163674026243;
-27,4594195107223;
-37,4547458708928;
-30,9266662279116;
-27,2119609024727;
-20,6249206210944;
-2,78070590672174;
5,11891510576556;
-0,620853470589992;
-1,64416425371711;
-14,4469299288977;
-53,0617649810147;
-72,2072211659413;
-55,4382712950414;
-41,6160633406061;
-28,8786507989221;
-3,50196322274131;
7,03815937028725;
-0,95983984264331;
-2,21739516276642;
-2,36320783476657;
-16,0525549205045;
-34,4432660907916;
-48,4258836902585;
-58,6185216696364;
-63,3160064026101;
-61,2398595425207;
-54,0300715488424;
-40,4539355973022;
-21,8146533312621;
-5,87327929183134;
1,12024334298014;
0,718284639443087;
-0,556477742407283;
-0,0448082585277043;
0,6749023173359;
2,3421597085777;
4,57960788508665;
3,61652999013499;
0,467077150911229;
12,9679443915191;
47,3043242825202;
66,3355941150834;
58,2461403563032;
54,0590903354098;
55,3510631194184;
53,3964434040035;
55,7581651003116;
59,3962316290893;
57,5136641414769;
52,3245502551331;
44,8204631679953;
31,9176339879859;
13,8026080595013;
-4,09073189719566;
-16,2714966108176;
-20,8590944230171;
-17,1937181759374;
-4,49260952682513;
14,2030298699418;
21,3245952040884;
5,77283644253989;
-6,0128865159426;
-0,164541656900381;
2,30614303161197;
10,0301428722832;
38,2581477053171;
52,5150130385154;
33,2047154215796;
5,50180713884781;
-7,38280690848506;
9,64912272163153;
38,1764482503462;
40,8408640259452;
20,7995493617776;
2,2940069739141;
-2,79156762574823;
0,354943017038627;
0,843413323525585;
-0,479405174300508;
4,08989290398251;
17,387735474834;
29,044402757981;
26,7091367564501;
14,1121244907171;
7,03854237510291;
16,0901048924274;
28,9416281794392;
27,1497853651397;
13,9741662585222;
2,74921956894052;
-0,994404810083677;
-0,158935978934482;
0,356397893697996;
-0,0827079269508238;
1,46666156884513;
5,49955450026215;
8,38216905737755;
11,5494550020558;
20,1000660837127;
30,52748837588;
34,5074287704304;
27,7931186315783;
10,9442444265366;
-9,45679723000908;
-7,67861413788289;
25,3309138091405;
38,3258541211971;
10,88575581629;
-13,3489942177826;
-7,82901336099826;
13,0964879556283;
2,07250902525916;
-42,0153781742234;
-68,3868232896825;
-54,3277277358789;
-9,90906500086464;
13,3749347067534;
-0,4825381109774;
-4,80498070819073;
10,1256325397603;
31,005861968272;
44,2908770504942;
31,896652991123;
1,06232331294169;
-30,7479778263457;
-57,9639318940006;
-76,663625805962;
-76,8053787583004;
-55,4862147450469;
-23,7247975028538;
0,611466189074319;
4,41548329736297;
-1,47106387936714;
-1,04765983943638;
-1,97536857579973;
-7,50078735973277;
-5,1101339987049;
0,487300710103391;
1,45545916004455;
3,31719334405122;
2,49717310691269;
-1,1662444425076;
-0,566820538965344;
0,678514641878298;
31,034691651173;
114,57005261128;
171,04516036348;
148,713039032582;
108,872662235358;
77,6722183498925;
39,4043118824389;
3,28862934262962;
-19,2904569412012;
-26,8084850056071;
-6,38792219454771;
31,168269567525;
22,7378116101108;
-22,3111035276777;
-32,8045921508417;
-5,00374778261108;
35,3186779028312;
57,299797493681;
50,1587124253454;
42,0886668834906;
29,0315917939126;
2,85490895179418;
-6,95374542825257;
1,17542165036273;
2,09377526677528;
-9,17123565577174;
-24,3031803735021;
-23,223627142149;
-4,84958083779307;
7,86491182100679;
9,31752324400995;
2,92663410011762;
-2,50640630553592;
-0,31216787808373;
1,07260425614221;
-1,54600275252359;
-4,00768890433079;
-1,81891070058876;
8,70004615219643;
22,9819423522279;
22,3113253384819;
0,843961671919176;
-8,20823758805716;
8,99875953844541;
25,2313136914941;
12,5022853345098;
-27,0296251165477;
-36,6063147106201;
-1,54630956990067;
22,2431764982959;
24,4351076100859;
23,6384416027927;
15,1111148905325;
-0,0926698849921703;
-10,2442639868662;
-9,1447404921314;
-1,16826625189028;
2,21893645357688;
-0,273276850364085;
-0,71240202399419;
2,97527557169348;
8,92851454200509;
11,6001543086742;
8,94671006282995;
6,57203928969443;
5,3577892155819;
2,20733590807863;
-3,37671167741436;
-9,75078902088351;
-14,394195641199;
-16,0635622543095;
-15,2562994027364;
-12,504520379352;
-8,16297441148464;
-3,72677415625868;
-1,01710367372486;
-0,0119771145441379;
0,149798832052955;
-0,0241580385778196;
-0,0485639299518265;
-0,779760979128152;
-4,04035873275089;
-10,0340973291734;
-17,6891949854114;
-26,0930680905937;
-32,2496262032435;
-29,9166171623237;
-18,1613016076396;
-6,14929336523798;
-1,12509199947571;
-0,699539289125407;
-0,351437040276786;
0,222150421752093;
0,0593794947756492;
-0,10819148731453;
-7,98239513273866;
-23,9468717253677;
-22,4738600197521;
-4,32152926221573;
0,433767869479792;
-4,66005851511184;
-2,13835762691525;
1,6602674301924;
0,205906326067398;
-0,698753150109756;
-13,0982858325407;
-42,1501491132705;
-47,2927867936318;
-24,3021545419794;
-15,9252113147658;
-15,72386209337;
-2,92226249409006;
4,28960713868749;
-0,358352620234815;
-1,43792977777358;
0,757328338817135;
3,49240077188109;
14,1913937740054;
28,4393417661051;
34,7833262692865;
25,6776591530454;
3,91228311274288;
-6,19490848608326;
0,480220627975959;
2,1154786323102;
21,8022129948356;
78,6588498432082;
105,913933705825;
80,2553704610039;
58,9333976277265;
42,4648210685099;
8,96690590522416;
-18,9817955090187;
-25,9943093452214;
-19,3882876292751;
-3,64170319181524;
18,0040590077479;
36,8091304708984;
46,6927618587456;
45,9955072001826;
31,8714816598705;
4,50257001920473;
-24,5472579878292;
-41,6505388393975;
-43,5585386542819;
-30,8910004094645;
-5,48449069485809;
22,0582158595167;
38,8222361184863;
40,392241803012;
25,1094859949628;
1,87605041709011;
-5,64447850577579;
1,05333329506762;
1,66712481230051;
-5,97751053727381;
-11,3448692862272;
0,333709443767368;
18,60119350599;
17,6165479395552;
3,4715135837341;
-8,80754043770909;
-17,2147371453033;
-17,6592296163926;
-8,0688842666172;
4,7915837592396;
13,1358598903563;
14,1178987508664;
9,68386240914263;
4,19889479851145;
1,02762511962212;
1,76952551242427;
6,35327194743403;
13,0052969888132;
20,6116328035994;
28,7836349129233;
34,4420522913515;
32,9695366521978;
22,1814602427723;
3,9543589707971;
-13,6141330894057;
-18,5349827001956;
-5,5665440701788;
17,5760705938992;
37,6338007926426;
44,9649180635115;
33,5066043797697;
6,25774696713757;
-16,210884334401;
-14,4209791889396;
0,414130090560748;
3,81394194510366;
-1,22526582041407;
-0,924712611342241;
0,835868455669189;
-26,9248634988778;
-86,6382288764669;
-93,1055384634582;
-26,5873977945862;
28,2817746997107;
53,0471755901868;
66,6210461654354;
56,5121282493282;
22,2833166131739;
-21,249629840967;
-56,8924991369115;
-64,6082706642452;
-38,8299558064406;
3,59328527885416;
41,661070507396;
61,326799103704;
58,3668252059957;
45,2134769859851;
40,8414633062625;
53,915457190867;
54,9728570017296;
14,179620539258;
-14,8035187600837;
-0,530409291999471;
5,75183277524898;
31,0755025067967;
123,750050909097;
189,227972501501;
153,893619684383;
71,3612499191436;
11,8194579106214;
42,939504632019;
139,470295444223;
178,608707543872;
131,018057747751;
52,761297899698;
-21,6568565201653;
-72,0272611552653;
-80,2048758155148;
-48,2420274671802;
-1,63752626848292;
29,883615831909;
33,4828979061806;
17,040747359413;
-4,01702884540145;
-6,99094992580594;
19,6716580031267;
37,7777144897521;
19,1702596923871;
-6,48286266858482;
-12,9997044146083;
-3,48202721566493;
3,52802523012872;
0,164002281135918;
-1,38671560271931;
-8,81733601099268;
-33,1028587763249;
-45,1144517154981;
-26,2039568628675;
0,282411932441825;
11,4240347547376;
4,08032646335147;
-3,49873802357479;
-0,34455707005735;
1,44490358517597;
5,61417258106682;
20,2656015973985;
25,1970824537236;
11,4157778113277;
-3,64727186182929;
-8,71695889657777;
-2,97169595538683;
2,52778833174584;
0,28502169989941;
-1,06341618580785;
4,68721766786827;
16,0250270307288;
21,9653233009196;
15,061319312542;
4,3122758304073;
1,78839422704709;
8,35006047832054;
9,62121727708502;
1,61239181808535;
-3,17925000667097;
0,489967282595399;
8,66887342224983;
9,63625046758665;
1,54234072936589;
-3,16310277221041;
-6,91969868825423;
-14,7520803241339;
-15,4028552926598;
-8,11318320012987;
-4,0119476968237;
-6,83585518782478;
-14,1419281982123;
-15,4113675239959;
-8,37034401706221;
-3,89426358149404;
-2,38641790019033;
-0,0977575238245224;
0,578524906518256;
-0,158366430295588;
-0,147095313140607;
-13,1061321015258;
-45,5313102305194;
-61,3735814553572;
-49,6542903021145;
-42,3996284403916;
-31,6581533572004;
-4,13704123894405;
7,83127423623208;
-0,993311889098123;
-2,49684618241425;
-1,36799437747451;
-8,75872604733963;
-11,2643408006938;
-6,40552359842937;
-5,09500660138051;
-14,0578442849854;
-37,331187971167;
-61,3773388812219;
-71,0124079381609;
-72,2570620316939;
-67,2264541143761;
-52,2348560809907;
-33,937708877823;
-22,1837221271637;
-19,4063502460548;
-18,7665649519164;
-13,1303303706084;
-1,17176621507657;
15,3646431658115;
30,7719193564305;
24,3759792266031;
-5,91207539019046;
-12,1098616993225;
16,205182666162;
34,4939050990214;
26,407134531629;
4,35298823961176;
-6,32905523616845;
0,330704405688717;
2,23355633598957;
14,8147025568257;
53,7815495197501;
69,6079761160308;
43,9065764197512;
19,3652677116211;
15,3016308007381;
29,5414989964905;
42,219533975854;
34,2771256851105;
18,7406155121108;
3,51437431214826;
-16,6966755974695;
-37,8539103727985;
-46,5143712974706;
-34,468270343139;
-9,34711802990688;
18,6595376783025;
44,7297112474772;
59,8559453118383;
54,4369312678236;
29,9842429895518;
-3,08271348194237;
-34,1767858904876;
-55,9516570746552;
-62,4302998193802;
-42,1162857199597;
-4,10606795240333;
9,76701994402447;
-1,53500293758473;
-3,00237633684352;
-5,92767263900484;
-19,3042592571112;
-7,17118130831336;
24,1510968215175;
33,5373038237764;
20,1641307760883;
2,26364121144493;
-4,42942052185465;
0,466881641801875;
1,47133246076851;
-1,63190576595713;
-0,169431343460937;
8,06372688992329;
15,6787782052146;
13,7360111845762;
5,5543720237477;
-0,379646496774789;
-0,946544858999791;
0,393818231197118;
0,193285568687515;
6,38922276888863;
21,0376626937862;
23,4933269806913;
11,8810030167388;
7,68336748052559;
7,95649324307415;
1,71202458248166;
-2,20108434960261;
0,10051670742754;
0,773984301988577;
13,2128429036788;
37,6187761416759;
32,7201161238083;
9,9207699775495;
6,7103987824775;
18,1598193648211;
40,5683549277563;
43,5861476915443;
9,50786233839266;
-21,6674923225858;
-24,8019581048802;
-5,84500261637434;
6,49487331565615;
0,112524022754709;
-2,47534937878197;
13,5020522088748;
42,7949488991071;
49,1792475069686;
12,615858728387;
-34,6060343391992;
-61,2478101214706;
-56,4476052206565;
-26,7639675291206;
9,53619606091843;
43,7764449851524;
50,5315996182018;
12,2443228026559;
-13,7258590404013;
-0,0861641162529416;
5,14980545856156;
2,52316162921238;
17,6970307965647;
36,1233035803638;
48,2196817715858;
57,8481446080466;
58,3292998649162;
44,5670444144691;
18,2315815276475;
-14,8150825420753;
-38,784366940001;
-34,4074975991899;
2,6022406017047;
51,3336306852374;
81,8925402177715;
78,8365579358579;
43,5156961031279;
1,53349911627798;
-9,15689360879528;
2,18910657128858;
2,5122863419414;
-4,63950414111652;
-3,6953116485572;
11,3775770637161;
26,0092595221501;
17,5995549137572;
-7,5509958973127;
-30,4794675639223;
-42,4257554193503;
-41,4612336150442;
-29,8118050305814;
-12,4682591260088;
3,70153160227948;
11,559265616507;
7,21063473907431;
-6,53528958158686;
-22,14408396126;
-34,2083825193479;
-40,0120041199052;
-37,1239802627625;
-27,8037026598089;
-18,4349489500653;
-11,1674764629315;
-3,76940480251374;
4,61717952493992;
12,4081579041341;
17,6292336759477;
19,181985135193;
16,5112766487115;
9,70441233114071;
0,706451488901241;
-7,410299116733;
-12,5735294261836;
-14,1603413029544;
-12,0601609041981;
-6,51235391763297;
1,04785557296551;
8,2780296916518;
12,0527102771949;
8,86645338160291;
-1,53142971354392;
-14,4857576752521;
-24,1596515076386;
-26,8941964321478;
-21,4548127176252;
-9,01667039133773;
6,921970045281;
21,5030198421409;
29,0265716943977;
25,1829289699732;
10,3820941110881;
-9,84174408335942;
-26,7759849109194;
-34,1448387277589;
-33,8415107107682;
-32,8111340013674;
-35,888723554789;
-42,8181673713626;
-48,5237225034181;
-46,9052899383477;
-36,8572058194617;
-23,8071649402598;
-14,4545192251722;
-12,3843666602282;
-18,2098444268859;
-27,8314407215609;
-34,2304600691433;
-35,57496259428;
-34,8042105053625;
-32,6007494622394;
-28,4885484931256;
-25,5938778374123;
-26,637824979723;
-29,1851640089192;
-30,6618554132934;
-31,1401774123933;
-30,5486522832246;
-28,6254488838446;
-24,4187279794313;
-16,7694323507032;
-8,00949893918625;
-2,95314857107517;
-3,93649300025256;
-9,54067796549577;
-15,2962843218448;
-14,3611204599304;
-2,9430340000648;
13,8666477122232;
27,7564428848883;
36,3432519570813;
39,8416492497086;
31,401455379062;
16,2260334738587;
20,01623238468;
37,8825569304441;
42,0849936839682;
27,3134155012921;
3,59457078779554;
-6,32256796459282;
0,595829234238878;
2,12047610033059;
0,525188196767867;
9,83994906445238;
28,0605691688772;
46,2622823918965;
57,5815885740248;
45,1417718946392;
7,03586455142463;
-11,1402043271353;
0,921583840106783;
3,7707186348487;
-7,0836080590149;
-15,8280450073979;
-12,7782230288885;
-0,0288179112466625;
9,51403850495698;
-2,35326578224331;
-45,0670404903727;
-72,21328883738;
-51,6705207401079;
-18,3054301722311;
10,3792581824632;
36,9127764884923;
49,2631801017445;
41,7061390390454;
20,9044814310194;
1,51482527394333;
-3,14826594240119;
0,713050288302498;
0,831015801011233;
-0,603212701469832;
-3,50215623092424;
-12,7758737552973;
-18,1252713525291;
-8,48695072921854;
7,93748027688211;
13,5649902703032;
3,47163467896068;
-3,80314403497037;
-0,032633151963714;
1,42751063748235;
-0,166868953226417;
2,85382690836166;
9,68225891880265;
15,9840728792912;
17,6818180227695;
13,1889244889414;
6,01818779299687;
1,05246615595425;
-1,98509442087184;
-4,69212620084845;
-2,56648432336829;
4,47791083003093;
4,7246700502199;
-2,5681844736873;
-5,8177176990535;
2,91507399555466;
23,5596081620596;
36,2041057851937;
30,0595797038103;
20,616889393651;
18,0466039528392;
24,6175870923277;
32,8389632726735;
30,7039712027233;
21,6047327453727;
10,0512350190744;
-4,00394725529075;
-13,1982403712523;
-13,9886192919285;
-13,4263553352949;
-12,3197215808475;
-7,37651322379768;
-7,89002450378782;
-14,3708089244269;
-15,2548105518876;
-10,817767628709;
3,76728768119941;
29,485806513999;
44,0429252678964;
39,1565692714021;
23,526022459466;
3,07029463606747;
-5,38469691269866;
0,488804708541803;
1,81618842918218;
-13,5278581646959;
-39,6328680314189;
-29,861182369881;
45,1218401885365;
150,347163424895;
157,739611007584;
2,0339207703132;
-76,3863350297162;
44,7616466341881;
167,833063508436;
121,99669414459;
-93,6821769471357;
-181,734010374228;
-26,7278650263107;
88,350484016566;
72,5143328356969;
14,5976153882212;
-16,894315939816;
-0,487357857859728;
6,58532095979576;
-8,1762501890211;
-17,3734637897787;
-12,0286953720679;
-0,904625768279795;
-4,67756496465793;
-13,5494819777607;
-5,2226547776802;
4,29452976461242;
0,486669921124963;
-1,79828160446865;
3,89388674984788;
13,6864653565803;
19,7728430324935;
10,8442992221098;
-9,68375420947491;
-19,0795752347385;
-5,5101753773132;
5,50867856817057;
0,218415461632795;
-2,1393598848187;
1,91077069614669;
4,29743569233892;
4,6078831032968;
3,44882687214172;
4,26029118131912;
6,7664161500052;
5,78763049958561;
3,4014503942508;
3,24332443209742;
4,80387935996785;
4,19622264724688;
-4,33700851775476;
-14,2538190590387;
-16,8412961805626;
-15,0851022752569;
-10,0780154246281;
-1,55145728324507;
6,01127133171296;
9,82252831281833;
9,97819720101562;
6,22221739283954;
-0,381358959814081;
-6,22386283518301;
-9,30455959771903;
-10,0257845798211;
-8,68093027299789;
-6,24711920589976;
-4,25047145233444;
-4,37065355771531;
-9,355650636141;
-19,0633508663136;
-27,2237588770832;
-27,2626096448024;
-19,378415782291;
-7,69784792088169;
4,84499555964554;
13,2864164868353;
10,7513334856041;
-4,51272593261837;
-28,1169236556517;
-52,9985607392892;
-72,1988578894914;
-82,8501804966618;
-85,1224782771418;
-77,2572171659198;
-58,9596900078753;
-37,5105670751606;
-22,6183239327694;
-16,3584264005079;
-15,2998780083244;
-17,5020068754699;
-20,1856199740515;
-20,5036913968348;
-20,1030909240152;
-20,7488761413341;
-22,6676702632678;
-28,3217625691292;
-38,4784323901928;
-49,1167954934398;
-55,0017643113328;
-40,9240371748772;
-5,8954360317554;
9,939599977189;
-0,947011143590059;
-3,31384457350778;
-9,0223057490176;
-31,8170915355092;
-31,052553789245;
-5,13369298070574;
6,02056702632348;
3,62149947741299;
1,19662037684613;
-0,7577442984514;
-0,271198673179655;
0,408787175391891;
5,41151549244766;
22,6560740034896;
42,0573057688811;
52,0135717684728;
56,4769247032392;
55,9614355337471;
54,070724188672;
63,8765116789097;
75,1023872266603;
67,2057516058569;
38,4152439872429;
3,36180071769384;
-8,4274252129714;
1,28401527406129;
2,6241330679303;
-2,80112214032701;
0,739675587327405;
17,91703882056;
38,1331340032233;
42,2509965698739;
24,0761665236188;
2,71916632163987;
11,7337621991099;
39,3543312143041;
44,0426581902473;
22,9455291792228;
-1,25144372646071;
-5,93694524418566;
3,40014229570763;
2,8131507630646;
-3,67640976357547;
-5,43033292531564;
-5,75419560039026;
-5,51473399475798;
-3,96709280466062;
-2,99677413706029;
-2,76281055502772;
-2,36713034641323;
-2,98798284290063;
-5,51666110070359;
-6,54793092802947;
-3,59857534892707;
-1,3385149435371;
-3,02930625838244;
-5,87961295742612;
-5,63011387523983;
-1,15619703446274;
1,4697934952943;
-0,0437955814005233;
-0,529568578291145;
2,33683759478147;
9,33050160319685;
17,8604445017583;
21,2767230475872;
16,9949913494169;
8,18169260746493;
1,99853833322107;
3,93764494573165;
11,9342951022579;
20,2952772897338;
19,2709225767028;
5,99837931547017;
0,540972082167597;
11,5836182033959;
21,7051948356495;
14,8072487360502;
-7,6519099423907;
-16,332569691267;
-1,85049743451227;
9,27578700865985;
4,93510049597448;
-9,01113346889812;
-13,8578009274463;
-2,14995671060535;
8,48134215358593;
8,70512049651627;
1,99391811979259;
-2,21484549297106;
-0,0525844916308338;
0,85229496339396;
-7,13317981254155;
-17,981175155881;
-5,45786921052687;
29,5050643068388;
54,3791465312267;
46,1523133998825;
8,36051914025732;
-11,5509812065609;
0,543088057902381;
4,08788771379065;
-15,1911850549665;
-41,6058890083014;
-38,1239020285331;
-2,24651804454952;
17,9002079081153;
13,3409251464913;
11,0633495056988;
17,7282161831836;
17,3975917372637;
3,29737980138227;
-7,2090864111037;
-2,9799061249705;
2,4190011529681;
0,266391957352936;
-1,00631511051269;
33,2788845546436;
115,786785925314;
162,144374049387;
140,607494336472;
117,803737994403;
78,3871123904319;
6,91349438790578;
-18,4600111898328;
3,3268663489859;
5,47658093274587;
-19,8025401694089;
-41,5015975015252;
-10,0941147280515;
56,7872465222346;
81,2294645483976;
51,6870429749716;
5,54557147410889;
-11,5571628523433;
1,42237484287115;
3,74140886118398;
3,38340141709196;
16,3688259124824;
17,5673139485477;
3,37206994846169;
-5,58699305936333;
-1,08761304747214;
14,5084751500931;
18,4294551784646;
3,91078470871289;
-6,15686844838385;
-5,22918140437111;
5,68140128277515;
19,3820677491047;
17,2611463629417;
-3,92804307560323;
-18,2337930205501;
0,0902809816303026;
23,803827116357;
17,7991134915506;
-5,78885571493084;
-16,7945838964299;
2,44274276533856;
23,2588839552403;
16,2681082592297;
4,01700212235327;
3,71156916960283;
10,0819317086241;
17,0084015281991;
15,4995893082408;
6,66692971418734;
0,719414003012934;
-0,246188754111583;
0,035710626133904;
0,042724587183426;
-0,0258648962199173;
2,57644346796712;
7,60862614628822;
6,56798479672792;
0,0560920874850872;
-1,91966024222408;
-1,32388973866068;
-3,94518642603215;
-6,77865210660654;
-8,10304244243541;
-10,7061490210844;
-14,8520365784462;
-18,5624982758943;
-20,3902695806977;
-20,6318881206936;
-21,2159850969961;
-16,5556928013644;
-2,89087701961748;
4,14593426349977;
-0,241827030921399;
-1,44636062757884;
-5,22210198971255;
-20,6876341907187;
-30,4955035488175;
-28,7478841606019;
-30,0318408652077;
-25,322055434816;
-4,48911658148994;
6,46714659512376;
-0,414086117165128;
-2,23600653038501;
-8,54667096738283;
-30,3083504995462;
-33,5705965547399;
-12,3055327758547;
-0,184360199892467;
-0,0306807109055664;
0,288394955897346;
0,133230453279866;
-0,196820034838761;
0,0411817814830264;
-8,91015478231334;
-33,0725868080159;
-50,9576254070649;
-51,4903924146115;
-51,3780124568506;
-40,0830902966077;
-6,50941928616567;
10,0116922888535;
-0,776998547870265;
-3,40782477637936;
-13,6913880642565;
-50,073502537659;
-60,208864542841;
-31,487038423497;
-12,517124261004;
1,37149212261406;
27,3891890100287;
35,2412765188098;
23,9650705637613;
23,2081040714863;
21,4572777150922;
3,69682977885872;
-5,61463650321766;
0,473735361783792;
1,88660041097098;
2,49871247387533;
5,44457809008789;
-8,26447024542828;
-27,6100975350257;
-24,6986877741341;
-7,77235428202594;
1,61410697481992;
0,96141713462905;
-0,798216281415975;
-0,0356202726658392;
-5,37157939998345;
-26,7339024357947;
-56,3458733715858;
-77,0408648246066;
-85,7033116473928;
-86,574498141919;
-80,5432536351573;
-72,1769703235624;
-68,8045341789227;
-72,2614884594877;
-57,567935140731;
-10,4846924736669;
14,4628686329847;
-0,68533072605827;
-5,11439079658142;
-19,8208552208509;
-74,0588922816465;
-99,0941750565748;
-80,9807017508747;
-84,0451034950246;
-102,502433798173;
-107,205726284768;
-107,602296736496;
-106,477280433236;
-99,3537970006889;
-88,7266319547512;
-74,9675557182611;
-55,5524039773843;
-30,7020476106667;
-1,51109666274216;
32,7464515758002;
71,5375945894025;
110,487582444717;
144,137610049119;
167,76797360534;
177,197915660781;
172,048202141677;
157,801118951491;
140,590483125284;
123,121141206443;
107,302577169822;
95,6565372741726;
88,7197526955912;
84,1174242072945;
79,6981145398357;
82,1776747324103;
93,3407078203625;
94,3659394549904;
83,2494658440889;
77,9480216297614;
88,971586473429;
114,318071717044;
123,407511956774;
105,924102877126;
91,7065548600228;
65,5693647832232;
9,82497482291729;
-16,0210759050711;
1,41259309357628;
5,38895741302547;
11,298829550594;
44,3145613370087;
52,6423124844724;
29,3507523289165;
23,7110012591802;
37,9859277551292;
49,5935699284733;
44,871599168015;
30,1072956291253;
26,2546864483741;
27,4878642978571;
21,1014077968632;
17,1144417651074;
21,2776740159803;
25,5220783459363;
27,5131328011487;
28,1517334750907;
24,8931607103532;
17,3171081041015;
6,98479109422343;
-1,35866394369766;
-1,91161742448649;
0,846187486708771;
0,394330788136686;
-0,476915855519991;
-3,17294747729598;
-13,6865327203735;
-26,260548041008;
-31,5812549594693;
-29,6495359152203;
-18,8427755422129;
-1,8506055020441;
4,33215816017042;
-0,659339626062163;
-1,34246667745929;
2,51644688567516;
3,10246226623349;
-5,72087028263989;
-21,0407582105844;
-31,7643821866716;
-26,4192502758363;
-4,71735830617187;
6,61232931591606;
-0,339853026224126;
-2,32724369172976;
-2,57261123195673;
-11,6843216268372;
-15,1966765220547;
-10,1609417297391;
-9,00144199382255;
-13,4297833048762;
-20,6139043018914;
-24,8474828690566;
-22,2467684766962;
-18,5549105455165;
-18,1750766789294;
-21,1877777619466;
-23,8410046439925;
-22,3185491991982;
-18,9056877938115;
-12,6085112668744;
-3,42810158872522;
-3,00182335282082;
-11,0793331523675;
-14,007216445311;
-11,2882973579395;
-7,69466112977524;
-2,88486328623926;
2,07284657531143;
4,91284252263618;
4,66925210459986;
1,68242009693436;
-3,40338676059657;
-9,84373767143271;
-16,0168485844686;
-14,654957480679;
-2,85818851902207;
3,77360695167143;
-0,147698350091131;
-1,34549295094662;
0,528518150182946;
-0,144811688819676;
-1,56899419319131;
-3,86736479713515;
-7,65906397836531;
-10,5384325750603;
-11,6129307643845;
-11,4602289804901;
-9,7412811793241;
-6,63480742249027;
-3,53592780346838;
-2,18613417745784;
-3,42011369634053;
-6,75644167042185;
-11,4701465056518;
-12,1082556233606;
-4,81637501215271;
-0,934572768303717;
-6,59919673457857;
-12,4612083370735;
-11,1465357624681;
-2,41609287641917;
2,8459594045941;
0,00379274330383636;
-1,06655879103918;
-0,269461265111167;
-0,810051832780175;
2,22315176367952;
6,33205663690956;
4,53229620482391;
2,18937861282562;
8,14479530437379;
17,2087327859792;
20,1678413560433;
18,4059956444164;
12,3995986518123;
1,71062847609129;
-2,96282809638494;
0,290680371228221;
0,985586372641855;
-0,628615602900037;
-0,71018535744666;
-1,28764180538644;
-2,46381239847169;
-2,24630491498842;
-0,733799932087883;
0,229755999985609;
0,0857646890950421;
-0,105104050981271;
0,0115612545859118;
-0,831605515718926;
-3,38633892295174;
-5,38294630109155;
-5,07929368213456;
-4,23136347928876;
-3,89950369950772;
-3,87971647346485;
-4,62377609064177;
-5,13670304232565;
-4,49065683996091;
-2,90391862064923;
-0,474393949763667;
0,692994283771384;
-0,036448566725205;
-0,244549355545629;
0,00579396138315155;
-0,135325411434065;
0,103160138666545;
0,259866929880593;
-0,211381100660291;
-0,297224795585383;
0,0559616982051168;
0,0696793156495745;
-0,0470927096509866;
-0,00535650142739466;
0,552198654165672;
1,62280731058719;
1,64348555650364;
0,62326591388096;
0,455164134482547;
0,730448799060255;
0,223560651132175;
-0,217745305830581;
-0,00972582141828128;
0,0848704413248893;
1,28460446988561;
3,92959342257822;
3,44193553764638;
-0,735176939428017;
-3,86152217373365;
-2,80010330616089;
2,38674340410196;
5,01914959356374;
2,12439413307353;
-0,415879723151144;
-1,28745386755109;
-2,20791553621243;
-1,88338100623956;
0,0699785308854414;
2,55423642428344;
4,97657815859819;
6,8700943831415;
7,82626981479116;
7,81726324965949;
6,48536819221851;
5,02053109495679;
6,01282145570999;
8,05382947095667;
8,04501878343987;
6,30617884933038;
3,36266756582283;
0,121004718568683;
-0,720021314094667;
0,175278366900556;
0,195705657310811;
0,618102246886181;
1,88927570659135;
0,609639614073519;
-2,11269888711473;
-1,81959614381395;
0,756512668079838;
2,80389596031776;
3,7003495483565;
3,53857117610577;
2,55837126439627;
1,13473614829463;
-0,471028287269698;
-1,88360280419003;
-2,56888637257336;
-2,40838723151341;
-1,90900664994441;
-1,32078756694163;
-0,388309778452063;
0,373186239305133;
0,0344835266320555;
-0,74742107551679;
-0,566555943692422;
0,362006069587108;
0,958076103732683;
1,20204868911346;
1,74741373303456;
2,62710099205037;
3,06929067673021;
2,58479262012671;
1,87572529258805;
1,27858560379846;
0,277604879919824;
-0,319011550190954;
-0,00492458446381162;
0,121769222397132
