-1,25499569174623;
-0,885990728875173;
-0,457030543170763;
-0,113142602331175;
0,070778282065857;
0,179608320917233;
0,208028173491223;
0,190250512934544;
0,274526547100086;
0,465037698761334;
0,673351889535102;
0,834556699125724;
0,899695580818177;
0,896063041993216;
0,808685170481951;
0,543360989243038;
0,202370063246979;
0,0063890016403613;
-0,0529889941963121;
-0,146194413769687;
-0,291534843003101;
-0,368840512931128;
-0,355675144342101;
-0,314645252522175;
-0,308167530344102;
-0,35151565827235;
-0,370738857056583;
-0,345643787219847;
-0,316258307263686;
-0,311360634765344;
-0,351517011388728;
-0,39478266930523;
-0,42175222466656;
-0,422917952935713;
-0,394712709082163;
-0,295294040761124;
-0,0606871073855401;
0,0739941277395396;
-0,000491134763942089;
-0,0275097454342407;
-0,262502613127166;
-0,942378000752402;
-1,28628107325394;
-1,07591923544393;
-1,05714339229456;
-0,906048580240321;
-0,156434404119521;
0,234028199695598;
-0,0181005239897902;
-0,0794548830484247;
-0,28310409588469;
-1,04087642438683;
-1,27465492397625;
-0,800784377059635;
-0,609628328915127;
-0,497007129145824;
-0,0616686033667491;
0,126655893737606;
-0,0191197684723845;
-0,0389133384836898;
-0,223585008312778;
-0,831573121242943;
-1,0680692049282;
-0,717640663182044;
-0,560523597961658;
-0,752387184444833;
-0,941292411824405;
-0,92286247505013;
-0,725411595216492;
-0,611107326271409;
-0,600674196009897;
-0,519011848015292;
-0,473097212262204;
-0,51699094512672;
-0,447011306357495;
-0,222535820376295;
-0,00672521962192668;
0,0445034853244343;
-0,010324452980634;
-0,012432689794998;
-0,0340977969657466;
-0,176389725266992;
-0,282973508962695;
-0,17589381399627;
0,0348008225013617;
0,0994344687409826;
0,012312666016012;
-0,0274846874018926;
0,00507406651745984;
0,00797055929341034;
-0,0541980509944178;
-0,2154233407522;
-0,40992596821405;
-0,418245199040172;
-0,488942250145353;
-0,721819177541922;
-0,341486994205389;
0,215472961370556;
0,0602914910910773;
-0,106461622335986;
-0,575918852262625;
-1,96844992217846;
-2,5194815689502;
-1,76403838435123;
-1,53842665749613;
-2,06212267781191;
-2,55025029108047;
-2,93845266500558;
-3,33167206058158;
-3,77986619488196;
-4,23315897737321;
-4,50910542293733;
-4,61951507088566;
-4,84314967622846;
-5,21844355492711;
-5,64025098535527;
-6,39022369496348;
-7,49889936393384;
-7,96545715396166;
-6,95891490590361;
-5,51069468834883;
-5,34342489020485;
-6,16041047283849;
-6,29957616779098;
-5,55083802718727;
-4,8590591486428;
-4,37653198426541;
-3,41694489471082;
-1,42596422699018;
1,32287089404831;
4,13675989290793;
6,69023280972789;
8,95345226066485;
10,8474596923843;
12,3389717260669;
14,0525938923211;
16,4107286314295;
18,4590923766389;
19,2650184746995;
19,0281819423332;
18,4489445277479;
18,1929309771779;
18,6375638613837;
19,5780282008055;
20,3733178388432;
20,8822978947436;
21,3311238322702;
21,5182508171044;
21,8332460890502;
23,1761241759823;
18,3842683477574;
3,27551753141156;
-4,61252890228248;
0,245984228829583;
1,61911030224632;
9,50435699647884;
35,7410544276766;
51,1607624760332;
46,1977674914635;
46,3643815776155;
52,2311768535417;
53,4523742677225;
54,0858635446349;
56,3992044521272;
59,5832445605716;
65,1822206528507;
71,9479597865938;
74,0127321724921;
70,5653932153551;
69,0395535974964;
73,5848541539654;
79,8374359328909;
82,5551727924124;
79,3928319765214;
68,1431881561324;
49,0712480020622;
29,0930099128168;
15,3096063698332;
6,87823588230652;
-0,136049774205739;
-3,79427543728319;
-1,40723598948001;
1,19328249645592;
0,118350121924036;
-0,492404091623789;
-29,899913734052;
-108,607884245835;
-161,972107909145;
-156,223236285096;
-155,007084885252;
-167,568878774988;
-169,116516542655;
-166,972367012106;
-161,559589517267;
-144,317750349629;
-118,476349086516;
-88,4101554850698;
-48,0850544442025;
5,57672530480381;
57,2503279394185;
63,4344074787334;
13,1258952378943;
-16,7582385099468;
0,566019938960902;
6,00272668735472;
20,0051034305643;
73,3473844357202;
87,2985924487287;
41,5017554399131;
9,31664288427858;
1,45606532422754;
-2,11401959733878;
-0,192776804145917;
0,920972216523483;
-0,331298265101755;
-3,68134621729162;
-10,7849779286608;
-11,9929577246112;
-5,51557905598392;
-1,488483731392;
-0,310459085004937;
0,43736548867513;
0,0230453370155862;
-0,180299812570602;
0,0697336653955578;
2,83166066153312;
9,67989302876642;
13,7194313997118;
12,591350620487;
11,082596905931;
6,83691958870445;
0,165163810958623;
-1,52716260864736;
0,4269765103446;
0,38837099853371;
-4,52482707645701;
-14,4471196948457;
-18,2610428116608;
-10,1531523232665;
1,23739370340823;
7,29343494499856;
3,13536543101351;
-2,27624542913353;
-0,419115657545929;
1,02550897460557;
28,7528815809017;
101,487975171091;
142,233607520765;
123,340765460412;
115,274795362259;
93,1923136411475;
15,7875329823092;
-23,6709330555603;
1,75837515667154;
8,08029311706171;
5,37077612783831;
23,7850562659618;
14,9069239878434;
-19,0884421081527;
-32,0105939102226;
-23,6162727329691;
-5,32996374288386;
5,76226834853106;
0,251425762256353;
-2,27552107011279;
-17,8404716698774;
-61,4647230717561;
-76,6609334421113;
-51,809694801752;
-43,4054610604803;
-38,6558408090388;
-7,08111610574609;
10,1709873664688;
-0,708166009730507;
-3,48256135642351;
-10,3559182828708;
-40,829615023732;
-56,0371536093629;
-44,2191106996254;
-38,1968266827052;
-38,8215216648356;
-34,9253412925767;
-32,2848128130639;
-31,7281821676919;
-30,2443441809402;
-30,6198745489981;
-33,9711565141764;
-34,5041437689845;
-31,3112872508664;
-29,602625733681;
-22,0028538529257;
-3,49568315302054;
5,41825912307642;
-0,414504992621207;
-1,84928514391605;
1,05097202683234;
0,522064634575162;
-0,79734723423464;
-2,21443389627269;
-4,91278362886392;
-7,80120343081729;
-9,91441770765357;
-11,142788842659;
-11,4203240635012;
-10,8759022964019;
-9,93565712593419;
-9,72016585581328;
-10,7931941266859;
-11,5838933716543;
-10,9398738290511;
-7,41684861972944;
-1,03717576547072;
1,76725145932468;
-0,165113773985947;
-0,591703286420169;
1,11733658811833;
3,06379600649293;
4,49726837886987;
4,80882308652835;
5,00855574501976;
4,03625565698649;
0,72435468985987;
-1,02061502641768;
0,0563868873711964;
0,357154236103573;
-0,323422465301174;
-1,19027117245419;
-3,28749405508612;
-5,79519001912524;
-7,31500255059816;
-5,94210273011556;
-1,08527968617616;
1,49228551064486;
-0,0691267928343641;
-0,528425668010755;
-1,3552055324474;
-5,20468555676543;
-6,59305361657282;
-4,23707511696957;
-3,03057735624488;
-2,94310903741155;
-2,09442564618008;
-1,16608326086391;
-0,722131336630417;
-0,694436861086299;
-0,579467330146917;
-0,0905354086493686;
0,149551219227453;
-0,0155179521315792;
-0,0490242832419021;
0,0264247538616017;
0,00629798677679529;
-0,0120211404683811;
0,0027950395600829;
0,00310239200652876;
-0,686392416569228;
-2,17699582029228;
-2,35671208755331;
-0,813131613095648;
0,464744590430517;
0,80914763270108;
0,300040711097395;
-0,230940577760328;
-0,0387978013500323;
0,102911945058984;
1,12058074902253;
3,86344810688364;
5,01449207522745;
3,79252203316;
3,78741524000858;
3,70192679782746;
0,823161143416265;
-0,997258936911348;
0,0200513144202274;
0,362714774958338;
1,3241209599599;
5,13651255950454;
7,46243613347101;
7,1176279773034;
8,20269452868951;
13,9868783862292;
24,1250067683333;
30,3773170601154;
30,8735418550455;
33,0872245992015;
35,9936805304519;
36,7669740845337;
37,9573675586718;
39,8559407671788;
41,2938080773009;
42,5813427145119;
43,9023286298412;
45,2286643351847;
46,952021175781;
49,3006162338783;
52,133946950429;
54,8522391955163;
56,8229520029533;
57,5234407205098;
56,1760003416864;
54,0246555995932;
54,5546084875577;
58,1643794965341;
61,7235200415748;
63,5933661681576;
61,7073536888902;
56,3910393193479;
56,0964276976808;
61,7101282113271;
64,3699457805103;
50,2062180416229;
12,9383599488185;
-17,1636559277622;
-23,8309177850765;
-31,4029038245117;
-28,6683953499608;
-1,38959331854325;
2,80883432384679;
-24,8760806538929;
-38,4171070062785;
-60,5155721890538;
-119,831242149143;
-155,803121033161;
-147,950034395492;
-147,010426172126;
-115,813109547495;
-19,1372498275347;
29,013224399174;
-2,15580673666051;
-9,91560900090053;
-17,3267213999214;
-62,2001197464063;
-51,3033023640516;
17,0551013754999;
55,6204911440976;
51,1686209031947;
13,7730050072947;
-13,3150371195562;
-1,00394807085396;
5,42024760104859;
-2,89465605739412;
-6,43534852295759;
-10,9822290287846;
-14,2151803542377;
-8,76759610788664;
-1,33263023778411;
0,804274254961316;
-0,0750399894367695;
-0,220892941800477;
0,113880835393288;
0,0316576928422435;
-0,05387190250933;
0,0113330641225245;
0,0143983262642267;
-0,0100585978421105;
-0,583075397368977;
-2,07688323466459;
-2,83565085071263;
-1,78629580041303;
-0,153171050423936;
1,25631441719054;
2,59388750614081;
4,55191982627628;
6,43386069465383;
3,71325012482441;
-5,36824021118537;
-14,1993389358064;
-17,4455640445703;
-18,7999339953528;
-22,4184190708687;
-24,6897579598725;
-19,2436316501971;
-4,85428205369632;
15,0392852946442;
37,4321660466941;
60,8947990352071;
83,9400933101936;
105,103487320302;
121,798221710556;
129,897381787279;
129,902756984323;
125,39077268338;
116,336632240206;
105,124529431207;
95,2720087930185;
84,847950877856;
72,2260202560986;
59,1810358544649;
49,0918577010145;
41,5189817680466;
29,7535183711576;
15,218934769697;
8,4688739242956;
6,39743611437083;
-5,40294847821544;
-26,2912484137144;
-40,0418944054344;
-43,8916881472687;
-54,134602298784;
-73,6957221843037;
-86,9698382829034;
-87,4552805761973;
-81,8078921725313;
-75,2969381006939;
-67,9691031077525;
-59,6504384255409;
-52,1381131521203;
-46,7980722298038;
-42,2465003519247;
-35,6254193924498;
-28,0838190577702;
-27,6649840000855;
-36,8999230670513;
-44,3763529295053;
-43,280952349995;
-36,519495885595;
-30,1217474834275;
-34,5662820771161;
-44,2122887669331;
-44,2216473843196;
-30,4494486431178;
-6,77578902807903;
5,39539644346423;
0,0954000329893503;
-1,60040859627579;
1,48739514031453;
0,534378950648758;
-0,630111877849375;
0,0545957546093888;
0,20417408909847;
-1,30503600846573;
-4,36370873285354;
-6,46072462191745;
-6,52335924957566;
-6,8202757843068;
-7,58250252033992;
-8,082045468904;
-9,07065641882774;
-10,6907104780789;
-12,1370090169679;
-12,9722223066889;
-13,1394261288948;
-12,4974748401756;
-11,3430882547693;
-10,1322547991451;
-8,49435386114812;
-6,22062959624553;
-4,10912393807719;
-2,52159216008698;
-0,894960529066855;
1,00196438773774;
2,80487579380895;
4,20281838419889;
5,17094252619442;
5,69296298289042;
5,54164443968965;
4,86034453711135;
4,21388101713171;
3,61469806374915;
2,69561906467191;
1,54333910301264;
0,385474759051053;
-0,699839731310704;
-1,55476663770052;
-2,23777967553255;
-3,01151768347891;
-3,90657445323725;
-4,78533992830378;
-5,50550144401433;
-6,03303244463547;
-6,32597590178526;
-6,15453087010851;
-5,52002718681493;
-4,80913137776524;
-4,31870421312868;
-4,05724963020005;
-3,94932516859065;
-3,9593748730465;
-4,00401323548886;
-3,98792385869322;
-3,76807942285674;
-3,07598428750216;
-1,94610195913771;
-0,789545639654259;
0,18545791075364;
0,982382665580085;
1,5906248058633;
2,04028379188069;
2,32806282529674;
2,48100959065243;
2,56749442175583;
2,60739455973862;
2,6862866939728;
2,93071581671922;
3,61853457719801;
4,81930743093542;
5,90988032201718;
6,84430796630458;
8,40983746476394;
10,7102626325577;
13,3562054345706;
16,0197715671849;
18,4938980219044;
21,0250095412063;
23,6511422873261;
18,9093800910899;
3,32915119895883;
-4,73490234386477;
0,264438812126705;
1,65705367439595;
8,16040514269094;
30,3232983119264;
41,4001874503837;
34,563621667288;
34,0308916438957;
29,0144827580162;
5,03226748466303;
-7,45181227641215;
0,545507581105204;
2,54488607237926;
9,95807337935273;
39,033312559858;
56,6987547691762;
53,3890244874006;
58,3431185868338;
62,2613344936898;
48,6855598027968;
42,9235589371057;
54,324903820745;
63,069695458715;
66,1980324459695;
64,4154637385889;
48,3021430684026;
23,2724396629998;
3,5439339295866;
-5,4171969284124;
-2,92201572557285;
1,83740762011009;
0,476815466800133;
-0,885730537281957;
-28,711668476984;
-103,428291225638;
-153,331090039826;
-148,381211842686;
-148,994227701658;
-119,413978411771;
-19,937671441278;
30,0609718150026;
-2,2202825686415;
-10,2752557032229;
5,17543078708768;
1,4714971668013;
-2,45386897385968;
0,504451716168656;
0,660978954978035;
22,1445945938932;
81,6215596858543;
116,041403617876;
87,1047298727115;
42,8652148789643;
11,2709321633867;
-11,1602343479346;
-23,0885698052654;
-27,616893048061;
-27,2611542998468;
-21,823194690287;
-13,4177653741988;
-4,9628107038082;
1,59257169426903;
5,73206585728392;
5,94880411014611;
1,39173777015433;
-1,57113610798481;
-0,0149947669404437;
0,59298945883356;
2,88286964668868;
10,2553569422256;
13,2362244809923;
10,3665548969706;
11,2229782759007;
10,796986214473;
2,18710021617132;
-2,86514317533898;
0,123545718495312;
1,0140369905163;
4,19885258656157;
15,4868230413071;
18,7837965045549;
8,69223156000855;
0,883261022610452;
-0,456665558542901;
-0,327787307263249;
0,0988423147373615;
0,106909660243369;
-0,084949477048439;
-2,31266216553602;
-9,67686512279882;
-17,8321276868726;
-21,1659795565489;
-20,9521002396948;
6,49344741802455;
74,0848806296806;
115,516025117227;
104,969642629843;
98,0411889307357;
98,7208895347793;
84,5735424901015;
69,3644085204011;
63,1576223550692;
57,5393971856034;
48,8398992297703;
42,4576944853202;
41,4281520164667;
45,3825101461276;
49,9660501514658;
45,2065446963681;
26,6216808045136;
6,11920916963082;
-3,86309129126052;
-9,91001767684012;
-23,281220235277;
-42,1449490067986;
-60,4373498933638;
-76,195279708082;
-87,4027770612765;
-68,4193527713009;
-11,304182909186;
16,9644163683874;
-1,17277017682325;
-5,84200638183088;
-6,83803474496187;
-30,6130453546977;
-40,7671026886793;
-33,9031731152535;
-40,8648231461847;
-51,3678876532929;
-50,5997811828761;
-46,5661750994468;
-42,2351044892406;
-36,2064864813534;
-30,5830301064375;
-26,350325443342;
-21,4707979258615;
-14,3186152874277;
-7,14193430197774;
-2,7601007364323;
-0,325702616465155;
0,556590602356638;
-0,0285234621570579;
-0,199961652006368;
0,548921623045607;
1,56852355935902;
1,99294484625839;
1,4560723973318;
0,482829816466169;
-0,338600800168201;
-0,284226971797505;
0,144451023294694;
0,055562560420401;
-0,0769993392836657;
-2,19623255404425;
-8,02350605229631;
-12,1695304175692;
-11,8976298887232;
-11,3910659059569;
-10,7787212811971;
-9,31278282295935;
-10,0419840099422;
-12,0987652520085;
-12,0997512242586;
-7,57213200057066;
1,46027139406443;
6,83285215624872;
5,77090791988823;
5,57341147808827;
5,07820173680627;
0,857618876621097;
-1,331639087571;
0,121054786761331;
0,443508819308801;
0,873433046566741;
3,52414455614266;
4,32513657226698;
2,4990329458494;
1,6410143601406;
2,40275083021974;
3,72342395532532;
3,88771563045056;
2,5813802052814;
1,76675979350973;
1,28900847367707;
0,243254251325184;
-0,46797956671178;
-0,583251261714524;
-1,29866859842409;
-1,82416935171015;
-0,514765148391022;
0,383040027903052;
-0,57950818539772;
-1,61710389953994;
-3,93031907997684;
-7,77789732346126;
-8,36475505722069;
-5,4300374668002;
-3,41781669419073;
-2,43812876468067;
-0,996967053845491;
0,345748531996715;
1,46372368966803;
2,77401581922297;
4,31865093354953;
6,1985960706844;
8,33200529030267;
10,2134867401486;
11,671607724645;
9,38306532869399;
1,68576509776714;
-2,3555057933701;
0,120418867150275;
0,829107270307642;
2,77673875253876;
10,5857578451748;
14,1080251260003;
10,6923759081063;
9,7567088177881;
8,57737914138241;
1,635886666924;
-2,23779359145419;
0,118866595904119;
0,783161839752574;
5,34158922626829;
20,2094518501858;
30,0292845115116;
29,4609106277624;
31,6001311805186;
26,700298469501;
4,75998649874063;
-6,81679777747505;
0,424078252121881;
2,36246777764341;
11,1490933537474;
41,8520427233012;
57,6629302226091;
48,8009071840233;
48,9200027118837;
42,4509497284;
7,72444321243446;
-10,9696741699759;
0,68419921332515;
3,79705417397017;
9,7844943692672;
37,7056756673056;
47,6179845888098;
30,0900759301782;
17,8015193580175;
6,91618560288498;
-13,0085248612074;
-31,1327428849475;
-46,225434360499;
-63,789019148646;
-82,8666211298261;
-100,128180670101;
-116,427389072888;
-133,88444693669;
-148,41157194896;
-155,800375333755;
-158,540307640867;
-160,296600936012;
-161,862800800985;
-161,771002720065;
-157,430359273374;
-141,843133454625;
-106,712673603029;
-58,1221989881118;
-10,3374886541701;
34,3965748895629;
77,8901902320713;
108,652244070595;
112,64775471536;
90,9268710683866;
54,234871764004;
15,8436798162246;
-10,9502766975567;
-20,7997392998046;
-17,969986256149;
-9,15193686979173;
1,66662971159872;
11,5897300451417;
16,8520257591785;
15,1474171812295;
8,85066384103864;
3,50323704579344;
1,87751374227456;
2,13674652504898;
2,617110247454;
3,78233441474561;
5,21139598707426;
5,70660386645081;
5,36396438124724;
5,22538120300927;
4,1949524821174;
0,860911844677538;
-1,06881475276769;
0,0176774907021062;
0,392141098437163;
1,49838071510645;
5,82535441842101;
8,50290304256884;
7,72600452848178;
7,54833472607296;
6,07740799892597;
0,990196510458421;
-1,53308782899736;
0,125167083842681;
0,518639750486187;
2,20982996387543;
8,74048433348188;
12,9834924866294;
12,573166200789;
12,7951856223646;
5,97389190081243;
-11,407371694567;
-18,0250232425559;
-7,07984599094185;
7,00591616070701;
23,9140490615193;
45,7297673445238;
65,9288872456438;
83,7738336535272;
102,440439254027;
120,379883635687;
132,129007498874;
135,176596182939;
133,169651843019;
126,784978591165;
114,235013836598;
102,341213445764;
93,7113716832826;
81,5369375951805;
65,6080889863991;
52,8774475176046;
49,2534621300786;
50,0023620917822;
45,0899724104864;
35,105962792859;
20,4863718493347;
-4,86121322026927;
-32,5602759831038;
-44,0251144103918;
-44,6984926460687;
-55,7306782712269;
-74,8796104377283;
-87,5926808914128;
-92,7398887460498;
-92,527550584645;
-86,7113992710308;
-76,6020728068064;
-57,6622303713183;
-26,3148988973381;
-7,6621401460895;
-30,1006002579091;
-66,6032918359546;
-76,8215553789223;
-68,0651328254859;
-59,5158539645081;
-55,3276662665755;
-53,9799921669602;
-49,0513772850345;
-39,6066507776616;
-32,337493488093;
-21,8457100563863;
-3,13215640983236;
5,26865864939987;
-0,490327170290956;
-1,76288351904379;
0,927810535774488;
0,235595660753913;
-0,428088360103899;
0,095505582064264;
0,112169049043956;
-0,0809313466812472;
-0,00597129945876379;
0,0312678624154147;
-0,0109742493709742;
-0,00651743028297902;
0,0066306268857068;
-0,000460678947044281;
-0,00216387667396491;
0,00107009975048904;
0,000320925166101024;
-3,40337043062502;
-11,6294133222279;
-15,5284489359772;
-12,558726425728;
-11,132294650174;
-11,1971787831161;
-8,9393029396251;
-5,76954402735263;
-3,02026706241987;
-0,533855462057484;
0,889553535001665;
0,420766492734192;
-0,309686861067836;
-0,0487894566815417;
0,135097167978305;
2,41220276406623;
8,32087190523761;
11,066521892567;
8,75279092415885;
7,7841781780752;
8,31587621680868;
7,71469115419889;
6,83545461631573;
5,8455949940523;
4,07743930001962;
1,91722204325319;
0,0473180839890892;
-1,34190592019132;
-2,23278015498511;
-2,76401521434071;
-3,526448448614;
-4,66840053976497;
-5,1984218438963;
-4,83048877323318;
-4,6531009277403;
-4,80244023794043;
-4,36289004771935;
-3,39927212891906;
-2,60748813351575;
-2,01187604237385;
-1,3913832299912;
-0,841808977651507;
-0,362477795648324;
0,180031836521543;
0,700090740207191;
1,12220808926505;
1,55972983980727;
2,13090262423696;
3,08066275810318;
4,66612662213036;
6,72691681263214;
8,89034226621067;
10,8268535956216;
12,1950845026347;
12,8090994148913;
12,8191940945307;
12,5145991154716;
11,8753710932676;
10,5708688186909;
8,66059004704764;
7,05640319454034;
6,3407965640794;
5,91894169472018;
5,57647333509741;
6,0276626122187;
7,56235721045742;
9,71032196887938;
12,2394605559582;
15,7656759133261;
20,4988503886056;
25,5007083252247;
30,0606030716418;
34,2062588094297;
38,1585858499493;
42,0849627121985;
45,8920423441094;
49,1488388033469;
50,8991769802073;
50,4040709582157;
48,6391895094693;
47,4924829871252;
47,621212278574;
48,394551413772;
49,1933160766412;
49,9316583854104;
50,4069632157146;
49,9310599934834;
49,7304663000364;
52,8056305763344;
57,7986593421491;
60,3991772588574;
61,2743392833488;
63,2037330376104;
64,965569418607;
64,343932894989;
60,8088430742787;
52,7254781437391;
38,1770135051432;
20,3947432016657;
4,15333975099863;
-11,490670843053;
-26,0969833973079;
-37,6265876480096;
-53,0892582355094;
-79,8907633564999;
-109,655922641621;
-129,356415275034;
-145,523737714401;
-165,489968206297;
-176,23282384381;
-172,821632362818;
-167,140015981565;
-164,720430886827;
-163,197507764596;
-162,237613432991;
-159,189287917347;
-146,74607570828;
-112,260489061086;
-53,4701770474961;
-3,57169158640167;
23,9212192534666;
62,17622854007;
109,828896591421;
129,175250158706;
110,395333339744;
69,9155907303474;
27,5427329250253;
-2,16968960188567;
-17,4723453645889;
-23,4354641377207;
-22,9489239307073;
-18,4045453026371;
-12,2627038731379;
-5,93822814691283;
-0,666494464584038;
1,64506359015243;
0,59494792092585;
-0,533252238143165;
-0,0357390598703404;
0,212054997604455;
1,29676754410974;
4,97004761791022;
7,74908030572159;
8,01380402594526;
8,60882403268226;
9,75159789562093;
10,3255978464563;
10,870477531586;
11,7313988894791;
12,7933005990805;
10,1850680623503;
1,83838884398845;
-2,55492377501433;
0,126005750488023;
0,901401921635788;
-3,74036580538512;
-14,5250586088236;
-27,3122901792116;
-33,6248271311562;
-32,8814712669775;
-22,1286166307615;
-2,63513031080845;
5,22579399241643;
-0,659296266304476;
-1,67524914806213;
26,290028067938;
92,4188887290713;
138,23335083076;
135,11790899315;
133,573081293576;
106,231620829943;
18,0642157029808;
-26,7636275966405;
1,84925153057824;
9,20412314873331;
28,756231900831;
110,802705143613;
147,78939137533;
113,22526193402;
99,8401235518493;
79,6031465616523;
11,3801709573271;
-20,0283590815366;
2,27973461808549;
6,49107508403112;
11,0458579428906;
43,7018888815103;
44,0218822596473;
5,17535648973965;
-16,4669650296413;
-14,6301010788332;
-4,01629925577633;
3,63762041815261;
0,417875350862081;
-1,54940921823627;
-4,96925693458859;
-12,6396301082798;
-14,0270598804128;
-30,8898196098986;
-67,5770121108366;
-81,717328923565;
-66,2384068304327;
-48,7182770480881;
-41,3206546145059;
-40,7620291595018;
-39,6731672312183;
-34,577355148717;
-28,0773983937171;
-23,5766952222398;
-21,0625739296061;
-18,266408788412;
-14,0494488191159;
-9,28567319240867;
-4,90188501425064;
-1,44245164532647;
0,347443692525284;
0,299618043498403;
-0,869467722425743;
-2,32751627017626;
-3,58337918514715;
-4,36519198331325;
-4,56837715264011;
-4,36621773332548;
-4,00428725582676;
-3,74015014142632;
-3,96453138830486;
-4,86455273790384;
-6,08233089812113;
-7,05707044066029;
-7,68445192566612;
-8,12456322607519;
-8,14102788169178;
-7,35976286982736;
-5,89333523552523;
-4,16932536387465;
-2,29673025672478;
-0,253327100391304;
1,53785959008857;
2,72776838162812;
3,52453204143102;
4,16134844272628;
4,65696905543905;
4,8140459870924;
4,45103507333911;
4,05874048901375;
4,00998268073284;
3,70066347892371;
2,78496679472354;
1,83549580346401;
1,29552215448932;
1,13600237438731;
1,29563157767254;
1,42858060374882;
1,19939985587645;
0,923599607719147;
0,88383846169355;
0,894889160150543;
0,783595856206851;
0,543550035903131;
0,158024603500514;
-0,160737140254485;
-0,0965971090828297;
0,0636958335966727;
0,0130246499366014;
-0,0289462831369198;
0,00762943960463666;
0,00707189381579105;
-0,00567058676427762;
-0,000139057107159647;
0,00207392137456484;
-0,222318504829042;
-0,531152895986826;
-0,0937056298970119;
0,859089404637501;
1,44156734106627;
1,29236709831885;
0,29902236710542;
-0,336267598396348;
-0,00477317290823172;
0,127754453814777;
-0,0528008489410731;
-0,0231376678344871;
0,0284344910674352;
-0,00368183003709302;
-0,00856541180751619;
0,853650208879871;
2,89823284530114;
3,89696132415978;
3,26809053279155;
3,16335110928487;
3,77978499440766;
4,23075897737963;
4,73954012781776;
5,80671029497326;
7,60086078818024;
7,96428603798733;
5,17352081082137;
3,64675930157755;
5,8042870964151;
8,0101054702593;
6,73994475500146;
1,39932820271802;
-1,70618904460815;
0,0152226829415993;
0,632082981383446;
3,98813949434592;
14,6818816900716;
20,956359077836;
20,1131074954784;
23,3573068563965;
21,2400789154338;
4,05649578388542;
-5,53322047869988;
0,287263962479442;
1,93965083252634;
11,6589094230475;
43,5863572903797;
61,5454640960073;
53,3971587284811;
50,6081483756925;
55,4534301002577;
57,3808610517117;
60,7443190974172;
65,647902471428;
69,4934960698498;
72,3941232703184;
73,4300443175525;
71,2529533385936;
64,6332709371472;
50,8338835522943;
30,3415839809623;
9,22492200827107;
-9,16662638975991;
-24,5962219513413;
-36,1245001479854;
-47,202909922345;
-64,5460811552541;
-87,8677182954605;
-108,792672717576;
-126,325396087825;
-144,783262978239;
-157,396547852917;
-159,535656177956;
-157,920148490322;
-157,283467473648;
-158,901939836882;
-162,033866468479;
-160,208398863494;
-153,324604191722;
-136,082994431002;
-76,9839940161113;
-0,328588988294851;
16,6486462854251;
-5,13769262229688;
-4,03800034383511;
-5,37577954182599;
-25,0185644138621;
-15,2436241613804;
29,8727533781711;
72,4588279729115;
74,519389981864;
19,0363921417215;
-24,2707911013707;
-15,1170037084864;
-11,022915904884;
-20,4837565558127;
-17,0314818127383;
-10,332511988361;
-7,70565001122985;
-4,28946251814014;
-0,348851505793539;
2,38365248389308;
4,68737814873761;
6,18775933304976;
5,78194221329227;
3,30721244958149;
-0,601363379841499;
-4,30769037698709;
-6,13540113466313;
-5,48459973222221;
-3,06755045140157;
-1,51378266272955;
-2,69253153003749;
-5,15574660353532;
-7,45032935597417;
-10,1874996020616;
-14,8006707317355;
-21,1508543807504;
-25,156849041528;
-22,350624942752;
-12,2988805717746;
2,75743815077733;
20,7589037484068;
41,0179464847444;
61,9369986632314;
78,7362985214462;
87,8837713955108;
92,9048403560058;
96,741958703258;
97,0808298141688;
98,5810130520471;
104,883149850492;
107,503066047486;
102,630674750422;
95,4056716084225;
90,5108203622357;
90,7069647422762;
95,117373135887;
98,7722640972807;
95,6125287510862;
85,0616569291592;
70,6916673574918;
48,1611128673193;
21,1226250885887;
4,69098318652897;
-15,08699876113;
-52,5211188304938;
-81,5639608673847;
-89,344383789636;
-91,0384610135041;
-91,1753016409978;
-88,4383447510437;
-84,4766295496344;
-77,4879758314345;
-68,594951544336;
-47,1280562356051;
-7,25228136417506;
11,3527807497857;
-0,841187437858768;
-3,89460500971738;
-13,8743804228692;
-53,8223737151594;
-72,9728220403577;
-54,0922600111811;
-40,1337703849059;
-28,1321344974771;
-3,22058858268541;
6,8753331922019;
-1,02655695792585;
-2,12604598167718;
1,39665679821625;
0,928471857163636;
0,992060720935688;
1,67977357691645;
0,680562123220383;
-0,445663233746735;
-0,996639805530244;
-2,07416109474981;
-3,67323265170251;
-5,37155069407202;
-7,42353087450928;
-9,58825393577848;
-11,009774354189;
-11,6833813768193;
-12,4195817027554;
-13,6259240192831;
-15,0058630353919;
-16,1151340936991;
-16,8516798352933;
-17,1648644141966;
-12,6710249251898;
-1,96814832388627;
3,0953255374867;
-0,243264177982434;
-1,05434496978394;
-0,327477053973467;
-2,04387664519425;
-0,94159075269388;
2,9608146088546;
4,65814190732545;
4,8909898681627;
5,5341641242949;
5,81004384852696;
5,67807070186933;
5,48210913395495;
2,79899296205287;
-0,564474488693449;
2,84321907387762;
7,62856956914324;
5,95090691012777;
2,92140387497772;
0,748951416559104;
-0,688201108287828;
-0,0831074035197922;
0,296083380573734;
-0,0971138789867127;
-0,0641473516357811;
0,0613211512303098;
-0,00287328837824782;
-0,0205945702829341;
0,0096477250306115;
0,00327922335415091;
-0,00480276868347098;
0,000846078517172259;
0,00135274360858182;
-0,000867340786874885;
-0,000117537365667736;
0,000357524714501275;
-0,000107973125856483;
-8,18558014570731E-5;
7,26644984803571E-5;
-1,34058772178459E-6;
-2,5266847385607E-5;
1,10596803282397E-5;
4,34860469561308E-6;
-0,150938865883329;
-0,483283984775601;
-0,406150140711326;
0,380140896724757;
1,41000801228335;
2,54947701943097;
3,90445516291392;
5,35147539367612;
6,99916643968438;
9,03283545521545;
7,96455793808392;
1,59727111611323;
-2,05152276493571;
0,0621312056677945;
0,739519132809743;
4,36093672789967;
16,1534827398839;
22,9387421349029;
21,386931784264;
23,6318208620548;
28,6144838755652;
30,7181336903227;
32,2860132828276;
34,345206237463;
35,3915575642301;
26,2997786646182;
4,19904987851181;
-6,43950667461268;
0,465434497624219;
2,21103795757843;
7,95765929683168;
30,7442002177145;
42,5091863416095;
35,8410066553942;
36,0892818773308;
43,5415360829651;
48,6919114683099;
55,0420688795404;
61,5766691281654;
64,1980403631741;
66,2063490639972;
71,9512993974527;
78,8369194654951;
83,549987801786;
86,8027629688254;
88,034133266384;
83,5572803202541;
70,8906189804316;
52,4142465217386;
33,0069667787349;
13,2889622908165;
-6,78055261860732;
-24,9857258788799;
-44,8050183421162;
-69,4418947958878;
-93,0428508850619;
-109,652002230945;
-122,94165429234;
-138,563482863933;
-152,210055240037;
-158,639645470114;
-160,310616293156;
-160,603613640427;
-161,498426803448;
-162,857712741046;
-160,969580619339;
-153,534335793358;
-141,277025684292;
-118,620843562542;
-79,5055682265469;
-33,1809105100181;
0,186309243835971;
6,09105058215105;
-1,72659049476661;
-1,58295694070053;
1,29909108917168;
0,0149849875445279;
-0,467473637308027;
0,190389015790197;
0,086430457040617;
-1,48383720271816;
-7,10188999934913;
-15,9436191032728;
-21,1581811505625;
-19,1499554765089;
-12,8997356600829;
-6,19586998598961;
-1,04802992390915;
1,90202507235663;
3,21143554899676;
3,83822000910876;
4,00275043644252;
3,32859010011294;
1,79990220001677;
-0,178860188533465;
-2,01942269351429;
-3,10396469893672;
-3,07208757042128;
-1,48269304484737;
1,05423136917409;
1,08950386415401;
-2,34065273780691;
-3,97802724043523;
-1,45672702725288;
1,37838399726391;
-7,20794851815563;
-30,30252566357;
-41,369305410866;
-31,7388579531079;
-22,2269263721586;
-11,8018460740704;
7,17380512112659;
28,0251427689115;
48,3501965228867;
69,6176949481209;
89,0521177761402;
102,665097750365;
110,638076436654;
115,383033110265;
116,006550424817;
116,138628649286;
122,871145883482;
129,478972550903;
125,563741598304;
112,563402976571;
98,1622222514664;
91,420755006402;
92,8839554539268;
94,5566483342481;
91,5520726872856;
81,5039459471233;
61,8895050206797;
31,2786880945003;
-1,77248361165768;
-21,1130785618898;
-33,2924318392607;
-58,7617675060094;
-86,8871811254264;
-99,285713401418;
-103,4242863256;
-103,178429033691;
-94,0279132247176;
-81,0275338011328;
-68,8322817238725;
-58,45618158749;
-51,9780981985653;
-46,1890663633263;
-37,6912107937276;
-35,9784554316647;
-49,0571098245237;
-65,0484652541014;
-70,0404898144846;
-64,4369457220841;
-53,6083773518617;
-42,333947439486;
-33,8290906468661;
-27,183275584205;
-21,2517316007733;
-17,6451218552071;
-16,399053602329;
-19,0401312996147;
-25,3635503760057;
-24,623257962363;
-17,2990542756776;
-15,2791971803172;
-13,730843381195;
-6,86819419735332;
-3,45383392776669;
-5,36430131714899;
-6,11738579855387;
-5,85707202479318;
-6,0310193682605;
-5,46876433389033;
-4,99758290060429;
-5,52632960980097;
-7,73706578575072;
-11,4510575951716;
-13,0630940672174;
-11,9019161822075;
-11,4538316073677;
-11,7547497820164;
-11,1571960685733;
-9,91070139208291;
-8,26810253767141;
-6,1199554812273;
-3,74393368754801;
-1,43703779543909;
0,967480626953995;
3,49662936620754;
5,60684520640034;
7,08147157433161;
8,24195616004518;
9,26387115068951;
9,96560760532274;
10,1344272882253;
9,84615752294157;
9,05701333407579;
7,54096267983202;
5,4211176080917;
3,08684672267832;
0,783832877085511;
-1,43631185398464;
-3,46234311249825;
-5,23726259621434;
-6,92612623438333;
-8,48160248412273;
-9,56273719708712;
-10,1476746384727;
-10,4523504419213;
-10,2727216844928;
-9,43874457337473;
-8,29693651655897;
-7,02058815062298;
-5,49853643772597;
-3,62394265742409;
-1,36623855449565;
0,842977768941009;
2,53023307028508;
3,8276889443358;
5,0065497538834;
5,96938419993824;
6,61139935027491;
7,27177510505067;
8,00826620667484;
8,08780326384909;
7,31379847429922;
6,42518578618666;
5,80174981467123;
5,37057689904947;
5,20130751332251;
5,22391216113566;
5,20852480546743;
5,14291559017336;
4,90766131317377;
4,24480713059365;
3,43272151105394;
2,97313161666515;
2,7518743100818;
2,35077347648704;
1,85274849837404;
1,92786977898532;
3,33049350315733;
6,16115108815979;
9,71580574029237;
13,5809211459529;
17,6984500934;
21,5808955091638;
25,0595417166323;
27,90553959832;
29,1186100140824;
29,1410774926892;
29,9185161931244;
31,6932180016068;
33,299466923594;
34,5849021386213;
36,0625914338077;
37,9974991669001;
40,526732575326;
43,71080932569;
47,9026893713824;
48,1492158485553;
40,6181425801411;
37,3806208892678;
43,7410754824456;
49,0646727000871;
60,1428295237721;
83,00713636186;
93,1414641727289;
84,0688334207501;
76,8345977329124;
55,2816369695806;
7,79895454372943;
-13,4562629702422;
1,36579888887785;
4,4482233888759;
-7,02006326300007;
-20,3094956177489;
-38,6434784692767;
-59,5407354475598;
-79,382185777372;
-67,573696267263;
-11,8103426420005;
17,1344277988183;
-1,10502416847761;
-5,92432534854587;
2,92122462212823;
0,874764277227514;
-1,40356095719366;
0,276771147339506;
0,382993500059418;
-0,258801251232607;
-0,0277325787112006;
0,103605908596369;
-0,0335384912790267;
-0,0227785865643129;
16,15366369029;
63,0936773464795;
101,743804580579;
96,9140040398001;
76,6800902615483;
63,3132931945245;
48,4178477342836;
31,0622340871477;
18,4192372448239;
10,7285817454977;
2,53457936636396;
-6,25680415113173;
-11,0533701095596;
-11,1463373371262;
-8,71378498097021;
-4,35747338689643;
2,15493471342582;
10,2620895662618;
18,0206741714902;
22,8499188473706;
23,6546382805623;
20,583130300432;
13,6238502499508;
3,44706570846449;
-8,22454471801656;
-20,1466621745247;
-30,855759702304;
-38,074538715079;
-42,0740662960129;
-45,0070691283764;
-45,9486055607587;
-41,622005979341;
-30,7612550284804;
-14,7060448438328;
4,94018876528381;
27,4386580497136;
51,6741514059768;
74,0937347442293;
90,3016745476533;
101,346706262559;
109,63606440519;
110,829320834904;
107,578751418592;
110,306141962152;
115,359475197111;
85,7106280756027;
13,1636176682916;
-20,8695139273944;
1,66921422687853;
7,09787729372388;
21,3481904326938;
81,7117126507404;
101,33414607592;
53,5084678526044;
13,1209865408598;
-1,13336021587465;
-3,44871353570671;
0,897026210823328;
1,00062787140435;
-0,761803954173314;
-25,4111327695973;
-87,0464981004597;
-117,683344576121;
-96,4161752936056;
-86,5374207667162;
-88,0810141667614;
-76,3786777388938;
-64,9621289027423;
-56,3506354189673;
-46,4706942082969;
-43,021566654644;
-46,7302024402137;
-50,3090805042208;
-51,5304934987264;
-50,5439388906115;
-47,0389893347109;
-42,2608009417591;
-36,5383374673572;
-29,1896745435621;
-21,5835379136635;
-15,9529900029724;
-12,8889465045263;
-11,3548027467494;
-9,6882892933279;
-7,21823815629827;
-5,01510975347016;
-4,16665755717406;
-4,15267004530624;
-3,788006140519;
-2,82510358003452;
-2,01051543422852;
-2,33894873445041;
-4,01924310435862;
-5,98510236737831;
-7,05748738761369;
-6,83976851423019;
-5,73991655202927;
-5,53593874940648;
-7,73130242467134;
-10,6342728273717;
-11,966368865742;
-12,6583248667848;
-13,9426590558663;
-14,7573649763842;
-14,5904497720517;
-14,2159783523777;
-13,5824394556809;
-12,3219320134812;
-10,5504860278861;
-8,19650599201775;
-4,49686415523738;
-0,301888219547881;
0,976046590489842;
-0,182920080153422;
-0,289099455230859;
-0,624386159384614;
-2,06928529043425;
-0,876135370232549;
2,55058856736924;
4,43556556980186;
5,68473611084237;
7,43147052139923;
7,54649427296524;
6,14965763015542;
5,08416663154664;
3,98654387589968;
2,31377830007726;
0,593514854653354;
-0,978424902849851;
-2,3326683674479;
-3,29813206746912;
-3,8727247329351;
-4,04355197424132;
-3,88933583225396;
-3,62501331341116;
-3,48999044970074;
-3,73906530402403;
-4,04739376568663;
-3,93269291387637;
-3,60589008746474;
-2,50832077244752;
-0,357686368099671;
0,581452952763568;
-0,265058446539614;
-0,864018896392798;
-1,0530509452345;
-1,46103498956196;
-1,86478437389679;
-2,08213450727269;
-1,93786172370878;
-1,54018452852111;
-1,33615420660938;
-1,33576048078986;
-0,919107588563177;
0,251814705368994;
1,69550937108474;
2,97340241564154;
3,92290457728294;
4,30307323458846;
4,32665707843172;
3,24460471229771;
0,542813104273728;
-0,804227390504293;
0,0526188249058949;
0,278280101710574;
0,917018911690109;
3,46079940990828;
4,59764121234917;
3,85180571244726;
4,38488223889885;
4,17681845419749;
0,838620429183499;
-1,10094946276158;
0,0466500735741815;
0,390225899073719;
8,98476631887621;
31,9994155646258;
45,366411347967;
41,6411419711822;
42,4933211891898;
35,4871571605601;
6,13719483948118;
-9,04780741604366;
0,636342923514587;
3,10341795472346;
13,9799760504413;
53,593099653302;
76,0650282540252;
66,5269809041097;
63,7035841335312;
67,7874541333005;
64,4685631144107;
61,7119573689448;
60,0313906625791;
51,5093249196634;
36,0953555237414;
19,0638582515114;
1,93596129267194;
-14,7579825384159;
-28,6657268232524;
-42,4854643599666;
-60,1665630470269;
-77,3710384292514;
-88,4676290160588;
-98,0986755743239;
-81,1038598572702;
-16,2332369399729;
20,6576929713595;
-0,511565253699476;
-7,50396477656891;
-36,9323896504186;
-136,724981747287;
-186,898268786652;
-153,038827750125;
-135,771227833126;
-117,121920899796;
-56,9368969277136;
-7,5944128339052;
17,4903284120217;
53,0221756061478;
93,6536817099189;
113,424915500969;
109,36763209631;
87,8851419914735;
56,8506839399305;
26,8527909593019;
3,25601082243104;
-11,0960958918987;
-14,6272215658538;
-12,3145240013192;
-8,54125552054024;
-2,95162991178681;
2,65169415021625;
4,99756027027693;
4,02516712893103;
1,57621608545622;
-0,971921440442547;
-2,98447146420894;
-3,88751019583097;
-2,76399289895409;
0,609964978125338;
4,92351403529561;
8,52719462037498;
10,737647870714;
11,8857817534356;
9,31746760855587;
1,66651155521879;
-2,32094032432529;
0,112280142910904;
0,820309925822002;
-0,390211915868149;
-0,127071033280606;
0,191755700405495;
-0,035124392525744;
-0,0534511001565094;
0,0348738389518779;
0,00439179491828592;
-0,0142353063852005;
0,00440149275268571;
0,00321630196377554;
-0,00291166406138766;
7,63440994446584E-5;
0,00100296437091502;
-0,000447233991969892;
-0,000169173759534303;
16,8322122175468;
61,1871417124085;
92,1934379914408;
89,8832579371451;
86,3108802885904;
84,4675243557442;
73,5962043032251;
64,8375582399569;
61,2553636465194;
58,5597522920176;
43,3727104830764;
7,64326589037698;
-10,738956437839;
0,533366548440539;
3,79137720818536;
-4,25522263937604;
-18,2218289189926;
-47,2640257931555;
-74,5086125890605;
-87,0311360828811;
-94,5831633674102;
-97,3783277498752;
-92,4214023427338;
-85,3243723340972;
-77,7371694750195;
-69,2081011292462;
-62,0517498436318;
-55,4177900000547;
-47,7210943565425;
-42,4434974972587;
-47,5867280990759;
-60,3417067337988;
-60,2333351648985;
-46,8798641255458;
-40,9942257957369;
-42,3952135839115;
-39,9556135041221;
-33,6791510959942;
-27,4439204775088;
-22,8293060009276;
-25,649769915511;
-36,6060684680243;
-38,1098447466232;
-27,241861466953;
-21,2657035807135;
-18,4435644253132;
-10,407169027643;
-4,88242935777888;
-5,18285984213753;
-4,37947318686423;
-4,03568423657182;
-7,80015968206577;
-8,64983216308847;
-4,91888888575275;
-3,0895736314495;
-3,19566277760379;
-3,82006138573458;
-5,44275880848171;
-6,84768316803421;
-7,72028801169202;
-7,16578786178669;
-4,82372859654844;
-4,43356844876074;
-6,7833878394269;
-8,12656161398626;
-8,85384358366179;
-10,3343911391297;
-9,64427151850363;
-6,48988592554806;
-3,90029666941012;
-1,95810576534192;
0,224021852993521;
2,06678505153006;
3,39383148547305;
4,63071731843111;
5,83676767575681;
6,71996409869173;
7,20387423982305;
7,29563408652957;
7,02412110176165;
6,69542703619324;
6,4378290398408;
6,01126602035165;
5,34772145757161;
4,57656991328201;
3,79274548061278;
3,04556243527666;
2,33567581942837;
1,7698544468785;
1,33633908394646;
1,55941593382696;
2,7058044148643;
2,87409548619513;
1,72809261022597;
1,15247470387582;
1,46859695912585;
2,32456687837089;
2,81154978445333;
2,32214449714936;
1,89629772809176;
2,07806164291522;
2,51353791392357;
2,65051001191314;
2,30108646715485;
1,96573921967992;
1,36398518145813;
0,000496064837467877;
-0,982249034326288;
-0,919366329709768;
-0,634929767225301;
-0,346918569556365;
-0,189763256131377;
-0,57674585173582;
-0,976871129076142;
-0,762060583291872;
0,762862480353416;
3,58982473524519;
5,19952008301598;
5,38156127422019;
7,03952690065686;
10,1255237463225;
13,0172321146952;
15,6904669501031;
18,5834957187329;
21,5977903354481;
24,1029674466985;
25,905464594646;
27,8334069259202;
30,4844213029125;
33,5397295281825;
36,6082668552912;
39,4618552822906;
42,4405829895277;
46,5209673107408;
51,7477080729342;
41,5239320622778;
7,46376352344852;
-10,4207727657242;
0,529490928120446;
3,66951410849218;
20,8302182721257;
76,4976194394003;
103,328409319107;
81,7399348847302;
71,5397232727623;
75,4377055903231;
72,4621784197557;
71,057600246047;
69,3188213955304;
55,9773894976365;
32,8382428675975;
9,12382942034004;
-10,3489663494831;
-25,7522740928574;
-44,573308933806;
-71,7643106148702;
-97,4393695481351;
-115,736786297128;
-137,212447624464;
-161,534483613232;
-129,260101208426;
-21,505498310755;
32,1398136788237;
-2,20467576535899;
-11,0728288369244;
5,51220652182427;
1,6126239632227;
-2,63247955978747;
0,529067986388801;
0,714160029507109;
-4,82701186084346;
-3,31736319865843;
31,1609698741066;
83,6973630178518;
113,95937932923;
121,538062070526;
115,803726779662;
91,9421043964615;
57,0866112175951;
26,091661483585;
3,97119121160074;
-10,368102114893;
-17,007681238119;
-17,4524828393234;
-14,1074193893998;
-8,36738637172785;
-2,111237560147;
2,83124027705731;
6,29381727999086;
8,94421612894516;
10,6661741187939;
10,6292299709351;
8,65578867802716;
5,35416129908255;
1,06527554627598;
-1,9766528563913;
-1,04654461335004;
0,703563882900772;
0,146573472105008;
-0,32244471209683;
-1,53636418010872;
-5,8832363079041;
-8,83570691909094;
-7,25840282023429;
-4,58539402902483;
-2,28761648056661;
-0,0807325058609117;
0,491446479769316;
-0,120844412506768;
-0,132984451220427;
-2,65397173162475;
-7,43170988357606;
-2,43370038825554;
15,0522611330133;
34,1882326075259;
35,2282834546821;
8,27566496277256;
-9,36636645755593;
-0,0671770159536228;
3,52349229348495;
30,8606220579164;
108,310703505057;
139,7805035423;
101,901912738504;
90,2871740130073;
105,590621072975;
101,980980594331;
90,7464401699357;
82,4110049549343;
73,5348938277076;
68,1741257605917;
66,9294459856213;
63,9088039370245;
53,7636024205925;
32,5493348851693;
3,08614792591491;
-19,2799843312986;
-28,5562421919818;
-51,6301229620421;
-90,5466947123247;
-105,299385050577;
-99,2872291744192;
-100,326739790481;
-98,7230505648455;
-86,5077675968503;
-57,4059830080823;
-8,47143734609464;
13,6894630469477;
-1,09717207571605;
-4,6637875202288;
-0,783414020455555;
-15,8582421030737;
-40,5725196127413;
-59,2797623732101;
-65,4936078810618;
-58,2799975239017;
-43,9314109323929;
-31,4533440064679;
-24,5913611564915;
-21,1235556572863;
-17,6484613710144;
-14,0410443960299;
-11,7744871446763;
-11,0129867810628;
-11,1023166177327;
-11,0095011407767;
-9,93529175827186;
-8,15691694335304;
-6,34085302486777;
-4,78511253106123;
-3,63644574813169;
-3,10756388475613;
-3,42432388532778;
-4,49754359173492;
-5,58540436652544;
-5,96687273536507;
-5,84878283072593;
-5,61640032437196;
-4,96540342601318;
-3,84635031698849;
-3,10403206540861;
-3,34335904924893;
-4,18308192050671;
-5,42492043944389;
-7,45905419342266;
-9,7831178254572;
-11,2301736594269;
-11,3308347747851;
-10,1630293133864;
-8,11598550030834;
-7,5185635516148;
-10,1803810738909;
-12,102288448138;
-10,2879920540089;
-7,77756319570122;
-3,61118814593785;
3,70175026212501;
7,12780198914889;
5,43192082861111;
5,24406963670937;
6,21403788501595;
5,98173281051896;
5,73296553425918;
5,39657535641542;
4,34840015804612;
3,18249188248522;
2,32501292051828;
1,61836665344297;
0,895247059367902;
-0,177690641015933;
-0,33478022152005;
1,6271588341181;
2,50503354300245;
0,875785513674243;
-0,501154002145362;
-2,15778331285546;
-4,9080327803926;
-5,8921855343055;
-4,70786477240302;
-3,69839079681539;
-2,44554810062946;
-0,285783449546919;
0,579443788035606;
-0,0762610787793946;
-0,184292081655528;
0,168651159001818;
0,43551218731999;
1,1128887868645;
1,95372983917435;
2,46918317473003;
2,09247957276063;
0,800471446659514;
0,647051588622945;
1,96038863589375;
2,64127734670034;
2,47131610556788;
2,0495235409076;
1,60501192837005;
1,51983105230925;
1,64498415193991;
1,8375513882129;
2,32917780761511;
3,2606362267287;
4,59821990370495;
6,44774240361945;
8,98571589098627;
12,04007481218;
15,2533821233119;
18,0321279129215;
19,6346511424934;
20,3870937733087;
21,6254917888731;
24,0313566277057;
27,1135707686177;
29,9422454038368;
32,4859058021128;
35,7529936270233;
39,7111833523665;
43,367507798342;
46,9952275607366;
51,5256641570941;
56,5814036677083;
61,1566706850407;
65,3997501755079;
70,3977396310998;
76,3012681437737;
80,9276132991968;
82,6305152849005;
82,8176665123877;
81,981824588309;
78,8768432823182;
72,7706195693111;
61,9648329083779;
44,786385444727;
24,1543059326436;
7,25101523760699;
-0,801904800550671;
-1,03465929136089;
0,527268211857619;
0,177190333776514;
-1,27983593194461;
-6,33013225201331;
-16,0117828721702;
-25,7368483325019;
-38,6813857362447;
-78,1402785163047;
-140,932870378268;
-168,138152179855;
-156,013597473186;
-157,115328619014;
-164,57799509486;
-158,006548973765;
-141,130936607261;
-102,118287176903;
-47,9659264483671;
-8,1478567111787;
23,7818973654771;
65,5822920278595;
99,5073749147909;
107,918420385795;
79,6088266935244;
33,8202691588141;
45,8794165656949;
101,70615911503;
114,394478141155;
65,3106491976943;
-15,2919220724041;
-48,8370589276168;
-20,1279838009298;
-6,37980835790465;
-16,7780758728539;
-26,0275792829245;
-29,3648284262345;
-22,2186148155183;
-12,7817582155721;
-4,458634761886;
5,05821014521466;
8,5560193147554;
5,81389797921826;
5,02890786802408;
6,07515840039635;
6,03509952169038;
6,09039827586723;
6,23209162986648;
5,77248039457894;
9,76783857253317;
20,0239523352497;
24,9816416092175;
22,0499881838908;
20,3151914493161;
14,464697180966;
1,53810393661311;
-3,47520235565202;
0,542952833603097;
1,06578996550682;
-2,35197133655269;
-4,96767782248429;
-2,11817917195022;
8,25478792317537;
21,3473357244103;
21,3327538898587;
0,655187924814321;
-8,57458228346874;
8,27664891758306;
23,7413920833456;
46,8340093875602;
90,002666561136;
105,655185813152;
80,5363038618583;
62,0483931895513;
71,4668371109877;
93,7481823442623;
99,5381627471255;
81,1007272909498;
64,091804031088;
57,9661228464266;
51,6845880303707;
50,3113708381682;
55,8840915503579;
44,3638071328025;
8,39440372386752;
-24,6162078358305;
-36,2854002518265;
-41,9470658110746;
-54,034805806539;
-62,7338984979413;
-69,3781255534505;
-79,8990426509346;
-84,2941546707738;
-80,9265855929579;
-76,2707821776511;
-72,5258041714032;
-76,8056165902647;
-83,9900663371157;
-82,2296791431803;
-71,3047632544811;
-53,3430934770061;
-44,0554334362006;
-49,7258446632033;
-51,4949504773178;
-34,9778105410974;
-4,93725289520328;
8,23152723965872;
-0,699947704477165;
-2,78995970649273;
-1,23725835796614;
-7,96064969208151;
-9,11939435479209;
-1,67394341231942;
2,85182368075988;
2,69776761674902;
0,727170093729914;
-0,675374678741766;
-0,0687341552520216;
0,283602765619437;
-1,24339373190782;
-4,35332370566929;
-6,96567151172077;
-8,17638226086865;
-9,46229940204369;
-7,79374250919363;
-1,33084615762398;
1,96355125739579;
-0,133341520022559;
-0,676307399941338;
-2,41794802027635;
-9,53151276778032;
-13,9023089617504;
-13,0107401791993;
-13,4042349851128;
-10,9411566998556;
-1,75045517607772;
2,75749852553073;
-0,237463687222697;
-0,92745771239854;
1,53681753104109;
4,38258753407499;
7,21801513511868;
8,678115996907;
9,42526694781955;
7,64025252998261;
1,43818310540043;
-1,93712370996232;
0,0814541959135128;
0,689069295371488;
1,13922671092272;
4,50035980735805;
5,19794859822657;
2,34667968566592;
0,982431706686642;
0,70261309995853;
-0,050386966601024;
-0,175563124175768;
0,0830395440202878;
0,0289531090097137;
-1,70603878039957;
-5,610423758534;
-7,23409322186044;
-5,26585313337541;
-3,88021173972751;
-2,74711805653571;
-0,334870909490149;
0,672687076268175;
-0,0924028734298167;
-0,21153970665272;
-0,223736940454739;
-1,21910857897246;
-1,82055122575658;
-1,51741298213598;
-1,37875892889276;
-1,11567791602656;
-0,178746107389089;
0,284826463185308;
-0,0262110005001456;
-0,0949431497315351;
1,20436585971889;
4,43883506358514;
7,55332616411986;
9,63409282180141;
12,6844656249954;
11,6681653253062;
2,4046920541852;
-3,04256119559779;
0,0851361940154636;
1,09879132857056;
2,18458470454675;
8,84583907826181;
12,0852338053267;
9,77517707917483;
10,2042832011316;
9,47445809905942;
1,90023089178177;
-2,49209105081502;
0,103657358129384;
0,884318753678552;
7,80510596629185;
28,4915664617442;
40,6711287306433;
37,960696755452;
40,3193122450075;
34,5855135819513;
6,24505424568054;
-8,87199894750526;
0,540125492032142;
3,07873263378978;
-1,50551815557026;
-0,459931033643849;
0,727174751642195;
-0,141005270335553;
-0,199426089956792;
19,9980189373453;
67,1335742123687;
87,5034833054024;
68,0972408387088;
58,6882513769662;
56,14900952981;
37,4876821529725;
15,0850946489384;
-0,665513724400558;
-13,2991216322007;
-5,67010232484798;
27,3729199192775;
30,9591906097331;
-2,08216433709116;
-18,6074284134535;
-48,2447348306118;
-126,74447491711;
-176,923028434268;
-168,514869373948;
-166,329588329739;
-166,564087897233;
-145,793450571839;
-146,989040664167;
-171,098316360785;
-176,391681704946;
-159,57742202125;
-121,903130998873;
-69,3069643034641;
-19,8114866779451;
30,5839498512211;
54,0106051604061;
16,5647596935274;
-15,7056611288543;
-0,961504842717848;
6,24691382137502;
5,53032551821344;
20,2011513994108;
15,3729150620215;
-9,07124544679818;
-16,3708900996854;
-1,16159677382721;
20,0471953888343;
15,9333158303612;
-8,95305809722731;
-16,6668151156017;
-6,10981344850675;
8,14985820950352;
14,1708018774725;
9,43961944830249;
7,1112043237452;
8,92790601334725;
10,3194635603444;
10,7333831806831;
9,66214333422192;
8,31047042075397;
7,45322386605356;
8,01395824190944;
11,0348831395535;
14,9794235485867;
18,2279136853865;
15,0932576517653;
2,81438467354094;
-3,8185270104626;
0,167428834722759;
1,35551645011597;
3,43316789597934;
12,7107182978096;
13,6137934064443;
2,2429527354748;
-6,24309213734545;
-2,2995456872283;
11,4457156118348;
14,9159716774213;
2,34758034878022;
-6,78151321016701;
1,70046389316424;
29,8299754147153;
56,6085195494628;
68,8059581917148;
81,6450115477719;
70,0768067674316;
13,0959342536885;
-17,9423967307809;
0,888252483283796;
6,31787032612056;
16,7627211905888;
66,5235722045439;
90,970286022178;
68,3898121944796;
52,7006747967246;
38,5716273961311;
5,398263234112;
-9,52465707560309;
1,04962450196049;
3,10758389740153;
-2,55104342025966;
-2,24358780920175;
-7,21659929993228;
-32,3815834417599;
-64,9028401497426;
-59,7401106201999;
-10,1687924628791;
15,0941093436847;
-1,06066350174361;
-5,18176696216177;
-15,0312274865825;
-56,4549855576247;
-70,1184977595636;
-46,3198864912734;
-37,7843619583349;
-38,7293894042626;
-32,5663737630079;
-34,7847187824836;
-44,3243567321311;
-48,6492479956616;
-47,2025347054877;
-42,7381025847968;
-34,6892441696561;
-25,5048047337691;
-19,1319837141861;
-12,0502095325295;
-1,55850334897385;
2,83908475566008;
-0,303084750561252;
-0,934796947984119;
0,507607277373944;
0,118336588506816;
-0,229784365017847;
0,0541511200976025;
0,0589998252630872;
-1,15733783848306;
-3,82317939881544;
-5,03134832634867;
-3,84083116555082;
-3,32540922332832;
-2,94172290128743;
-0,634778936642472;
0,777083709440429;
-0,0152118041318467;
-0,283246674673096;
-2,19859204338688;
-7,74887136523598;
-10,1749483607289;
-8,21525798878568;
-8,51840155257084;
-7,7828167374928;
-1,48610678980589;
2,03855054340375;
-0,111762314165506;
-0,711656775026472;
0,862617395146419;
2,47239324388476;
4,70977920894579;
6,68861029451227;
7,67965765487706;
6,04505213049134;
1,06285017476671;
-1,50800702064958;
0,0818665962015297;
0,528965586043211;
0,619261940435159;
2,49032442109403;
2,32514004352162;
-0,128134617540436;
-1,06262920817021;
-0,894385115990739;
-1,49224187446454;
-2,48272288506203;
-3,41283211594336;
-4,35723354838809;
-4,12652364654162;
-2,15265597318534;
-1,61908645740945;
-3,45084347984214;
-4,66238302000471;
-3,63209616441361;
-0,693991363451293;
0,895457429325287;
-0,0197007707101579;
-0,327250467206921;
-0,543179963887207;
-2,27391229609444;
-3,00903307786512;
-1,92094166769866;
-1,22613272054518;
0,0212573012224943;
3,58073787159188;
7,02361940623899;
8,78654361876063;
9,81716209188796;
8,38089237179017;
4,76155607866003;
4,97775233043658;
8,99882282412933;
10,4910693660321;
7,09036527303083;
0,978296841783114;
-1,65065824268688;
0,141025922057041;
0,559744982657413;
2,53690267910513;
9,37044696366332;
12,0346247223974;
8,54399479526782;
7,73522824041832;
7,17611369791292;
1,45228529948479;
-1,90721377998692;
0,084370583008781;
0,673976302907822;
9,57571752948433;
34,4983060993847;
48,911976945144;
44,3700986171189;
44,9095514815069;
37,7833250227797;
6,71841388173878;
-9,66848036853681;
0,620201934704451;
3,3418059745331;
15,7776435693154;
59,8201326526761;
83,3795338278753;
70,0404553600097;
66,1588238500332;
73,6265407728181;
72,6566898581517;
68,3015736084565;
63,3045703487888;
53,230324474747;
37,3236280576624;
19,0285008800851;
1,76481081969252;
-14,1351723782192;
-28,1689505609778;
-43,1958165273679;
-67,2008207957354;
-98,152631500845;
-123,104054393905;
-138,898268897661;
-154,232429911028;
-170,460919303366;
-181,227644919525;
-185,528120345158;
-188,103220460594;
-192,121715116789;
-195,128606570715;
-193,303419028823;
-183,857470856191;
-162,225170367104;
-124,698442113183;
-76,2747072940223;
-25,2128702283912;
27,7068495050219;
76,7557222002834;
107,903067501366;
115,232959506813;
102,232125355287;
77,5295534462353;
52,1836082810619;
31,8877275971866;
15,3070622871936;
0,392025400164333;
-12,3236586497869;
-20,1581015398863;
-20,650812051;
-14,6211252936583;
-4,91753935891876;
5,99106502092987;
16,3611480687599;
24,8705893735011;
30,3029561135313;
31,9482526770962;
30,0707209456985;
25,7835365555697;
16,245861627227;
1,90552227582558;
-3,76241043127773;
0,453494040913029;
1,21788521539166;
1,99707549976628;
9,50448118816584;
14,8960541372894;
14,9773033695433;
15,9815068035609;
13,0274224104181;
2,12204709392388;
-3,27766707597873;
0,263542401833449;
1,1108847811275;
0,343596303392445;
1,7920036894646;
-1,0164617793253;
-8,4015581075929;
-13,8537281002398;
-11,9281383074266;
-2,27383213169866;
3,01901229914606;
-0,11210207671048;
-1,08065996076108;
7,54401377558758;
27,4407312320329;
46,0146939637381;
55,2200295369578;
66,1303372080928;
57,7973227530307;
11,4057713149162;
-14,9029521429508;
0,537951747590864;
5,33323124694948;
15,5965060777395;
62,3883322428987;
89,8960927282804;
77,5627112839066;
69,1594995281574;
50,6387555896666;
6,05565015485373;
-12,3666834229348;
1,73353402337197;
3,87452444473732;
9,04063819541073;
31,8785733863228;
28,6902481142719;
3,26154844811041;
-12,4678209596678;
-22,175861168731;
-11,5364004127116;
6,82365338025205;
2,17545472489198;
-3,48442178532705;
0,709618003952336;
0,937591623084722;
-0,644360246861566;
-0,0634626891016461;
0,255632225441699;
-9,14442497800921;
-31,2927252279878;
-43,7577072049613;
-41,6709724815839;
-44,323475189829;
-36,1924878695079;
-5,55232651306403;
9,08916781369687;
-0,867199536707013;
-3,02052991271693;
-1,90909389642312;
-10,984677344068;
-14,1536658446699;
-7,87098470192851;
-5,42586728475001;
-4,9298159313778;
-0,795148883198321;
1,30701248721648;
-0,141542059986179;
-0,424812441871214;
-3,14603505819212;
-12,3688009192117;
-19,0085834354921;
-18,3224960554429;
-17,1962191601714;
-16,3153275074034;
-14,3854712224681;
-15,7011571783154;
-18,6396763370599;
-18,2946264427371;
-15,0025552115105;
-10,9730657423182;
-9,45181214058453;
-9,95478599246356;
-8,42772038559719;
-7,29309488324009;
-9,67524372295861;
-11,3737287797627;
-9,82680365362553;
-7,76402122411589;
-5,31487118655128;
-1,25640376904647;
1,9692392802798;
3,48927255874307;
5,41753460835681;
5,01067130704495;
0,455701609584602;
-0,613498256410421;
3,67668994749219;
6,30232813825801;
7,206632782008;
8,74634189843189;
8,86901309705442;
7,44120604209548;
6,0080275474043;
5,89778755135462;
8,04782202999572;
9,2606389398586;
7,58345473830751;
5,80005786515052;
3,16214899096513;
-1,31930377501732;
-3,14704045356767;
-1,86250824778614;
-1,56314169403584;
-1,543675887114;
-0,230444562988353;
0,409524803193874;
-0,0522910937238045;
-0,129574327659679;
1,22637628235074;
4,54217366062404;
7,88817577861957;
9,83113585399088;
11,6788067785269;
10,931405470928;
6,27936439689084;
5,43985185545727;
9,96531676324252;
12,5362244041271;
11,4683899688175;
8,48360403476994;
6,06654092650582;
6,0640318417488;
6,76099855568361;
5,32167138545348;
1,01117791895296;
-1,32716698428954;
0,0399974238629192;
0,479767189041553;
-0,219095625774803;
-0,0781404571491864;
0,110507968967249;
-0,0184965669391524;
-0,0315347702845938;
5,14954914891472;
17,7666944216483;
24,8624258411125;
23,5602233672437;
26,6146711894875;
23,9663322741445;
4,62345689125274;
-6,23328892583606;
0,298754458034418;
2,19637951349702;
9,80856971294388;
37,500664571611;
53,5772247129845;
47,7267404559107;
46,7431495052125;
37,8828357538845;
6,08868858703216;
-9,56778646626218;
0,822085128087642;
3,21825122401456;
3,09936405806496;
10,9302506896987;
1,06605619579824;
-24,0530752506546;
-38,5213623948148;
-50,3743136857221;
-73,4215659329047;
-98,3684404312862;
-115,396085665677;
-126,897673776506;
-101,365435244225;
-18,9420709468368;
25,4555934708434;
-0,997886053588268;
-9,09443312569882;
-36,2792289609478;
-137,979772021821;
-190,991791162342;
-155,007376716069;
-135,726956674837;
-129,586406426066;
-80,9556198017541;
-19,5711081009751;
16,5087975241563;
45,8087653714763;
84,7690580578026;
108,410310415542;
101,44595901581;
77,2728214362145;
48,3372062331122;
20,2825975337822;
-1,0709976518057;
-12,7063428040326;
-15,6073585402296;
-13,0233202171897;
-7,11448346861855;
-0,414179248254117;
1,54440396480216;
-0,316271354055646;
-0,445527800813106;
-0,866591483452556;
-4,09646245975025;
-5,91851040161964;
-4,93517438765603;
-4,38191193391026;
-3,43552248062247;
-0,544251117316332;
0,865172763984285;
-0,07644428624691;
-0,290152092953405;
0,425447762988157;
1,24145849718314;
2,18597260382601;
2,40299135876474;
1,46292418477094;
0,284882895995073;
-0,148383440855076;
-0,00513586219176701;
0,0495127216112576;
-0,0180609315898374;
-0,680547431803592;
-2,40145319808625;
-3,59465879629665;
-3,51289928883839;
-3,37548938737322;
-2,4773167886623;
-0,318020878709537;
0,603074554233078;
-0,0745158952137385;
-0,193451745292099;
-3,66614140751067;
-13,3303536096806;
-19,1135823754246;
-16,5392035016863;
-12,4132915048948;
-5,65829512220016;
7,21612167266565;
23,0908517502327;
39,5892587186239;
57,4871871189818;
54,5004600771874;
18,6086592945201;
7,7223323296423;
40,2685944453397;
62,9359210719719;
80,2916839624691;
111,444111708467;
124,397838779336;
116,424873954522;
113,166746592075;
112,915930000938;
112,93539403139;
116,698556159012;
118,403553430566;
115,188075232744;
102,303778376426;
73,5131200388908;
37,0170842364334;
5,75964811246576;
-17,3391960380806;
-38,9767617337154;
-61,8538134904841;
-78,016783548578;
-88,4902676615743;
-93,854757498548;
-66,130809266997;
-7,58866632060563;
15,6446242613529;
-2,10692813946155;
-4,95527464759238;
2,86831122801266;
0,552979422226943;
-1,25005039076242;
0,326862189575225;
0,307445749874942;
-10,1614635637076;
-36,4280911938228;
-54,5158183602132;
-49,1973740414153;
-38,353150442116;
-33,9141216906696;
-38,9545476516154;
-49,0147453013564;
-49,9699807160491;
-40,0852194132117;
-25,8023045144896;
-10,5338685711886;
-2,36113426395569;
-3,36553288434432;
-4,40116370417308;
-2,23835651511296;
-0,031638610746073;
0,42999845007124;
-0,108854488649424;
-0,116751388689674;
-0,571478070098001;
-2,23157462259375;
-3,03926735134661;
-2,84103363930353;
-3,74643543000886;
-4,46744710519867;
-3,07091024423499;
-1,98518939208689;
-2,87613696884733;
-4,12351652117786;
-6,96798845765394;
-12,5081116163566;
-15,6456033468121;
-14,5268249506294;
-12,9963751746726;
-12,2541000337065;
-12,8108689421175;
-14,4529374008711;
-14,7899874747618;
-13,3304737497761;
-7,54232124800051;
3,30545815943357;
9,1979011583034;
7,72838809349357;
8,10918281752346;
8,80864083028002;
5,78465967890656;
5,13990394384227;
8,10461946423632;
9,46404529805263;
9,35475314475759;
9,10486462955463;
7,7524691178367;
5,86515770891406;
4,30872062243109;
4,81502897683054;
8,05718350669446;
8,91375728547479;
5,89228737144378;
3,86222552483013;
2,145856166111;
-1,40391534323212;
-3,24650507676538;
-2,57858596918495;
-2,53204047774734;
-2,70357244566796;
-2,03257686070313;
-2,03066536498715;
-2,74224720700574;
-2,91500211652534;
-2,57209752755309;
-1,72014867303128;
0,0994573704126781;
2,50455456152447;
4,87582385448735;
4,93837487921068;
1,15378987714802;
-1,31026340380035;
-0,00833335070624507;
0,492507300254262;
-0,207016064359268;
-0,087765994382751;
0,110251983518697;
-0,0149689207484191;
-0,0329212081302126;
2,60065455917142;
8,72797269344538;
11,5808504502838;
10,1435829512049;
11,4478697817633;
10,6975957616141;
2,13080606832409;
-2,81318792791743;
0,122894594515866;
0,995668000144507;
-0,46820056118304;
-0,156614155654716;
0,23183161342692;
-0,0414063819861017;
-0,0650651861934284;
11,6775423761818;
40,8035521681313;
58,0231581102037;
54,068578458546;
54,8639257163555;
59,7548774284814;
58,545696665466;
57,871032726641;
60,2632194260459;
62,8083808292572;
48,0014844321941;
8,19637950929954;
-11,8874606216281;
0,702446363637095;
4,14706290880383;
-2,02090436656061;
-0,622175316954033;
0,978067913612045;
-0,188383613992427;
-0,268766971536537;
-11,6010850842472;
-47,8897289747481;
-89,5683594719987;
-117,616939132837;
-137,23144102392;
-109,844592304054;
-18,59634552906;
27,3775709748492;
-1,77579875003881;
-9,47551899721435;
-43,8995595593262;
-164,662755171051;
-223,700342213382;
-177,600993716978;
-150,97117059551;
-111,383743298395;
-12,932370698073;
27,338074950526;
-4,05534132451965;
-8,46188186421239;
30,7185231104881;
85,9361172139719;
99,6710696895288;
55,5737566382047;
20,0096817331238;
33,8826155728462;
84,6231242324135;
99,9809551612264;
55,7705519588984;
19,839295696783;
7,10067120772089;
-2,05974414465077;
1,86579516669239;
12,5937596458065;
15,2775784759388;
10,7270075643868;
2,06199650241373;
-2,59964087944298;
0,0269937646942308;
0,964828254552659;
3,99233253095857;
14,6207781260261;
19,2265777538409;
14,748948993459;
14,0908580535066;
16,8939158147802;
17,0659191468837;
15,7586616443477;
14,9931184084213;
15,2749809908912;
14,452237899551;
10,8977070344146;
7,99214111533224;
6,40662700400122;
3,90979003289798;
4,29574616421229;
9,10236791487622;
10,5806962072953;
6,24144131000524;
3,01439552797698;
5,39712623835982;
15,4867883112904;
32,0712337154828;
49,2356942130241;
65,1815309766503;
60,7426263829635;
26,6631276787139;
17,8386008178131;
49,6215127889119;
70,332764063934;
79,3834329242991;
92,0172584045606;
91,0002794550016;
80,4526291511545;
75,9483636441044;
79,0538160379292;
88,8598585432226;
91,3461510933137;
81,6032849139898;
75,3160272168379;
67,3862613825619;
44,9244766227468;
17,7713098581148;
-0,375468411040918;
-14,7634071639666;
-23,394650832044;
-8,95616196075605;
6,83805479954556;
1,14744497040474;
-3,04234752161667;
0,887225264226267;
0,706482424227066;
-0,610754653133249;
0,00461886931506302;
0,21516919595701;
-14,859691821064;
-49,7618200227069;
-64,1359601297394;
-48,8659922359208;
-43,0685049709593;
-46,7050358137368;
-43,0221801434186;
-37,9581748191387;
-35,1302412604441;
-31,8611161297167;
-32,6347177504717;
-40,1340397498195;
-41,9452205698511;
-34,8390571152165;
-30,5101094811001;
-25,4604893479955;
-14,3534344948051;
-9,37021262205263;
-12,250710399081;
-12,121381576627;
-7,46477050156551;
-1,19497136293966;
1,71376582727792;
-0,0649856908061871;
-0,618058270746322;
0,287698123228773;
0,0982764731018017;
-0,143281532585642;
0,0250595542378895;
0,0404362106735274;
-2,26827968698152;
-7,77687111748147;
-10,7180244335882;
-9,30324244579324;
-8,7985930168991;
-7,07868283615372;
-1,16036173807423;
1,78883581770584;
-0,144652691612515;
-0,60568322533482;
-2,43822774287265;
-9,00991123126507;
-11,2997288500926;
-7,12449702384416;
-4,45882206167958;
-3,23304399218146;
-0,709295107725474;
1,29688614171132;
2,32587300591361;
3,34870506470424;
3,09536596402846;
0,627432518989069;
-0,803676139484567;
0,0250109763884064;
0,289220120934854;
0,93407851010638;
3,36948499340896;
3,93687887452335;
1,8911325934885;
0,466880570776685;
-0,412596896668672;
-1,54907098695077;
-2,08258097176868;
-2,15331403491692;
-2,15474487302843;
-1,78238242940341;
-0,993052682379442;
-0,168858071746269;
0,322646141772475;
0,423085735725385;
-0,0238538096417626;
-0,792459748537913;
-0,579526346683634;
0,376092709181224;
0,554155942946459;
0,210770482063089;
0,0272210388179103;
-0,033881938740681;
-0,00378924919935008;
0,0149458018818816;
0,665256636793081;
2,69912468566463;
5,12304272470678;
7,34758164711176;
9,78783159656146;
8,46882000109357;
1,50913521423645;
-2,15587386888161;
0,131152912994718;
0,748652758121536;
-0,366101570051831;
-0,111826921471711;
0,176820850216342;
-0,0342905065347426;
-0,0484913279272934;
0,0324999259093465;
0,00362320056122518;
-0,0130695782692465;
0,0041864151327215;
0,00289203419868082;
-0,0026993938833518;
0,000102693369734196;
0,000916477071444484;
-0,00042037402319804;
-0,000149682590312518;
11,1653421608446;
39,2014846730002;
55,4340374999369;
49,6305539303216;
48,2112395515915;
51,3623009832597;
46,7189433494369;
45,1412427077704;
50,1382277920169;
51,8363450144661;
55,5645840121418;
65,8420996481364;
69,439831838151;
61,5363111021207;
49,393321722065;
28,7904965608535;
2,18927613175817;
-6,430177224677;
1,16752516378535;
1,91497243974379;
-17,3896089467513;
-62,7639012808845;
-104,757585612766;
-118,848213252587;
-127,828140189348;
-104,461851841723;
-19,6963216830221;
26,4790417384945;
-1,09620897926512;
-9,42689214071043;
-41,7017125019875;
-156,226602485921;
-212,420828549752;
-167,016173552881;
-136,457036139303;
-142,036447588369;
-166,918209820993;
-187,093855572447;
-171,477778912942;
-143,9622979575;
-63,1046558439925;
82,9640914552758;
126,450180717731;
44,6519424929816;
-1,74160064302032;
27,262051713803;
89,034979910343;
105,044250618073;
49,3602947869181;
4,22751744597382;
-4,75764717713795;
0,381697367075184;
11,4923291697801;
14,4213492872253;
8,39004386321495;
2,74820618247323;
-0,0663598729320452;
-0,47197103735648;
0,145714130869412;
0,118695046998811;
2,20567535738213;
8,14203053617092;
11,5439752219367;
10,3636817472193;
10,6048938370804;
9,28419960068983;
1,80991241324832;
-2,41362299090934;
0,107168606228949;
0,854279788324404;
-0,402446939155906;
-0,134048764676821;
0,199031694718902;
-0,0356924765700305;
-0,055799272197796;
-0,23640438095714;
-0,653423858904221;
0,444753316748471;
3,53696949778481;
5,92849820405704;
4,55208888314495;
0,502210935748207;
-1,08137965904939;
0,156120069109371;
0,337720016459271;
11,5415036974946;
45,1702577215999;
76,2170190584532;
89,3584412176283;
103,129829794573;
86,9527362869748;
16,0478284334039;
-22,1581087875862;
1,12659339409888;
7,79223955550942;
19,8198270147498;
77,9663217320837;
103,519520134393;
74,8160375118942;
59,4389610873758;
45,2351634180811;
5,82986963535126;
-11,2799515804414;
1,5056669696491;
3,56039994515378;
-2,46296328154201;
-2,78748112243057;
-11,3874295953862;
-37,5569210022299;
-65,7434517767497;
-57,6192868991751;
-9,33577894278683;
14,4462274107319;
-1,15743062349167;
-4,89953720876201;
-14,6973764116595;
-55,981143280004;
-72,0129687555363;
-51,2608017764997;
-42,1044483438927;
-32,3494456022576;
-3,92103326895999;
8,01094852894262;
-1,1492186932646;
-2,4947953983744;
-11,8572899272834;
-45,9726073966415;
-61,6114317907722;
-42,2465447783549;
-26,4960109841987;
-18,4202086254854;
-2,7575720909629;
4,63517978932848;
-0,475498579149554;
-1,52533806596518;
-2,39654119162993;
-11,3658081007892;
-17,2895800567823;
-15,4931258298659;
-14,118568211278;
-10,6416398329292;
-1,51954372999933;
2,63413807728405;
-0,280512466577133;
-0,863576049309272;
-2,40117640028858;
-9,03052443258545;
-10,4989905660505;
-5,42784012552058;
-3,29908665896666;
-2,77359335110031;
-0,267434874776679;
0,720020831108417;
-0,146678995052679;
-0,203970556874487;
-2,41698988614656;
-8,76221641207953;
-11,6761790447074;
-8,62412480425227;
-6,05144501408027;
-3,93183818300897;
-0,365180993677098;
0,935764625825474;
-0,164781026109573;
-0,279016433042042;
1,43239012627801;
4,45929684299601;
6,33644268767157;
6,12813586196724;
6,2329789705585;
5,0059824797757;
0,812697179156518;
-1,25945454499999;
0,102400078312763;
0,426359535257506;
-0,0851076377437871;
0,143834159295345;
-0,257348648605548;
-1,15791264495297;
-1,56964020709954;
-1,90374729995619;
-2,10986068504675;
-1,82874268819165;
-1,53635981191601;
-1,4318303343594;
-1,30397002109567;
-1,27171122745875;
-1,15805016564655;
-0,323184417953349;
1,43853964924399;
3,97164634448236;
6,76483983641552;
8,85786693858288;
9,81609009832746;
9,88708864696582;
9,33978900962259;
8,48784677792845;
7,74810253026753;
7,35583746785279;
7,62469770559038;
6,27507679418532;
1,294001834454;
-1,60207287616909;
0,0257186907778283;
0,588038992367897;
5,52044675132784;
20,3290040490225;
29,6017936815455;
28,3201456103025;
30,4955583558056;
35,809261239453;
37,5320585417638;
37,9236751294073;
38,9456153385705;
40,5417952122442;
43,1582341643882;
46,1057099543319;
48,3543537775267;
50,628991246654;
53,9566547459359;
42,3230779605306;
7,42134606715819;
-10,5656492990201;
0,586020962308461;
3,70037771286157;
-1,78836716783926;
-0,561444752738877;
0,870077734206852;
-0,164753873273777;
-0,240277119347139;
18,0065563755388;
59,3750789635279;
72,7423293388632;
45,0507270838149;
25,4142928858672;
15,865054556357;
-2,86090467530954;
-21,2212804079285;
-38,0796430923522;
-63,7850877439983;
-65,7085097932839;
-15,3186727331428;
17,5986821131851;
0,00175277839833939;
-6,56150902246978;
-41,5900238932352;
-152,253326198585;
-212,447091506312;
-183,566750858159;
-177,400228087553;
-192,384914650829;
-179,966454457356;
-153,838890555566;
-117,189572204904;
-66,4749346284416;
-14,3329316734927;
35,2744012213412;
77,2396555874577;
95,5924810000228;
92,4083541493687;
77,1332802854778;
49,5523727928822;
18,200393698728;
-5,87986933364178;
-23,0515614415759;
-33,6290079766706;
-35,0531088412172;
-29,5105328218283;
-20,2780878265832;
-8,91607674183305;
1,45370878195792;
8,1344200995226;
11,5371780016896;
13,108383168307;
13,6615993107985;
13,5993972396115;
13,0488858920772;
11,9269101776075;
10,403171257258;
9,5249256746988;
10,4456767148889;
12,8264901932953;
15,6079406113329;
18,3211296530051;
20,0306321723198;
18,432842017103;
13,5828945906378;
10,9130423305912;
13,0040076569048;
15,4738833688978;
11,8679683731095;
1,90122544892253;
-2,89720237157106;
0,202336524262567;
0,998171857586247;
5,09590235896085;
23,1079324898367;
44,6504548177923;
60,8445134525559;
77,9632391123542;
68,7650664445888;
13,5961390039994;
-17,7136476079844;
0,619076689388577;
6,34860594013652;
18,5803869868316;
69,161651985079;
88,7222049900106;
65,8262283144703;
60,1393424004811;
60,0798310223514;
43,9315720814387;
34,8943136075503;
41,240968359975;
48,3258466535303;
42,1307291393251;
19,397797897771;
-1,47589768195092;
-8,96853190256774;
-25,9476311916709;
-55,3171594267836;
-74,5177787223699;
-89,8215320274087;
-105,771830180876;
-105,707894064868;
-91,1656450793163;
-74,4476040991858;
-60,0800066174562;
-51,7611806410845;
-48,4495169538207;
-33,9715334501576;
-4,61419725787583;
8,13914224497075;
-0,839530644855082;
-2,68860712209698;
-12,0126245460546;
-44,377904093567;
-55,4538016458623;
-34,3451257424738;
-22,7141379960145;
-23,6181350173848;
-20,6990136648668;
-16,7378327240151;
-12,8795855135161;
-7,69571212328907;
-3,58043788000495;
-1,42455772628244;
-0,19411505590267;
-0,0597248066220341;
-1,44019274437818;
-2,33154102746843;
-0,732676700391308;
0,677873028386079;
0,0489970770578622;
-0,272953489030083;
-1,33415338681449;
-5,32732227158645;
-8,51745595962629;
-8,48576073389351;
-8,03923110715183;
-6,09414208365926;
-0,983572977107229;
1,5149545294302;
-0,116551446342456;
-0,516337541314406;
-1,46890728689854;
-5,85498302492618;
-8,07372352948484;
-6,3477263164;
-4,98125937888412;
-3,23098078727902;
-0,190829020282638;
0,751724207000581;
-0,171541177007236;
-0,20730386917337;
3,26636882702149;
10,8821557628019;
15,1138348201325;
13,4032193914338;
12,9277859864251;
14,3852898092108;
14,8346004552456;
14,3949649160829;
12,8188381259652;
10,2565844392148;
8,00105686168618;
6,55411535211313;
5,48588818708538;
4,3052931533026;
2,52562358942035;
0,255363929167214;
-1,44133664306996;
-1,88771148779824;
-1,59025999045334;
-1,01752634598692;
0,127513988969118;
1,80153828483435;
3,23871069769102;
4,28676224523302;
5,40021092141683;
4,65987677462257;
0,881307521159474;
-1,19244126443194;
0,0542631381398417;
0,422018221382162;
0,541582013850752;
2,65043339499282;
4,7021150589412;
6,34590752256644;
9,38982103820317;
9,18396146782117;
2,00665336848925;
-2,42238596712991;
0,0348872942255457;
0,888623628591917;
7,30629783620195;
26,9389944679618;
38,9685606157016;
36,3274577264125;
37,0966188044416;
41,1488922198604;
41,1234366843406;
40,9557289760899;
42,407198264869;
43,9800045577329;
46,3093211839579;
49,9433394821572;
53,9684416307908;
57,2670266278003;
57,9376575211266;
54,9153112468484;
51,7260994016408;
52,5341963593804;
56,36845004249;
61,2602137293335;
48,8154658916463;
8,90064423611755;
-12,2580946951378;
0,573516723397414;
4,33816681612976;
7,57434593791226;
29,3114388621512;
32,060136063986;
9,35988244855889;
-3,89651752668973;
-10,6993316155993;
-30,8855840789226;
-61,9364478066968;
-92,0935818106349;
-112,775205444595;
-91,359561388216;
-16,5304647932904;
22,8312414107477;
-1,06349098202731;
-8,08541235417802;
-33,069747354249;
-129,730159030166;
-189,899933808599;
-169,773055987773;
-160,038182286714;
-148,18804920902;
-79,069462870543;
-12,7899643176628;
13,2597069792906;
45,4137485143147;
39,2337205600495;
-43,205366313036;
-61,8575766564182;
15,9051821393886;
62,5637069136806;
50,907704687307;
11,4028250109903;
-12,5903374601632;
-0,407873995154283;
4,90393514202673;
0,44345501888947;
3,20860436160566;
-4,06569012607205;
-18,2548221137323;
-20,7141655069851;
-13,0256689537387;
-2,01623004572848;
3,00595982490661;
-0,151432940855641;
-1,06695351306795;
4,41911361167693;
14,3672110017472;
21,0695130421567;
20,6894181332262;
19,7779857480026;
14,8122811983687;
2,18165410077055;
-3,65138175246329;
0,353641577026334;
1,21314818663992;
3,35487038677742;
13,4405757981096;
17,2812815703601;
9,9644145821215;
4,21641315460762;
2,2186599421534;
0,0316993799860495;
-0,538735893462954;
0,172705378486555;
0,125754691720704;
-2,39478431629536;
-8,90856662033269;
-14,0914031676005;
-11,1995911964054;
-0,885721655549766;
7,17904397492;
3,4168265084538;
-2,40227342234697;
-0,4586439342826;
1,0856377922836;
25,8036450496428;
88,9854256495498;
118,454189654151;
89,9917338570469;
69,3199596343551;
57,0996333587435;
29,6734927161122;
19,456779610042;
26,4176695330965;
13,1124995560372;
-9,50440480238663;
-16,2505154656377;
-22,5026007721602;
-39,9082560711305;
-55,8742926593419;
-68,6141302162338;
-80,2102185835734;
-81,941501157616;
-74,2498629819231;
-65,3085255190418;
-64,2744231266102;
-76,195045787313;
-83,7669369600384;
-75,1340088613757;
-64,254258640372;
-52,9030609135833;
-36,4979844770993;
-31,0056983626493;
-40,3898814905763;
-47,5376164459758;
-35,9149134891075;
-5,87559810553841;
8,76923371098912;
-0,561795506979096;
-3,04367813686616;
-3,31200928355203;
-14,8259309588363;
-17,8843921708903;
-9,32642817470846;
-6,95930404408049;
-11,8454866348287;
-16,513118033874;
-15,2586786283887;
-9,65005158846314;
-7,7850034909117;
-8,18118177031224;
-6,5752795149334;
-5,53095968727399;
-6,45951983227777;
-7,28551793230254;
-5,4467666237999;
-0,858161652275105;
1,32701284789426;
-0,0974062133955733;
-0,455177889460231;
-0,164869583925669;
-1,34410095843951;
-2,37304719599379;
-2,94852015894888;
-4,25841632040234;
-4,07195291485157;
-0,811250545421854;
1,06516257346834;
-0,0434403333805693;
-0,378525093589679;
0,0749280286399096;
0,273704512148785;
1,7840425300101;
4,10377150588569;
5,80161852194378;
5,17529605321553;
1,12456077017274;
-1,34351228709655;
0,00984970354093264;
0,497680770783599;
1,93058652383121;
7,1704954995824;
9,55324776584568;
7,2101471752461;
6,13753559507671;
4,91952375582783;
0,755699697889633;
-1,2474383704022;
0,124372042016946;
0,411816961260061;
0,98555611379085;
4,02341089603466;
5,36943163749671;
3,80807216834845;
2,7944930009259;
1,99826528247836;
0,227096383229873;
-0,490278195762232;
0,0747253165911534;
0,150873613468866;
0,798910090442969;
3,83041210859483;
8,07543092992782;
12,4289284797882;
16,9970197298949;
20,9684550692307;
24,1625154151315;
27,0177595749374;
29,1481075729;
30,7564694306698;
32,318630655749;
33,3843692813498;
33,8250529061132;
34,1073856757268;
34,3747977291552;
34,1941532973781;
33,4738826309836;
33,435266180946;
34,1890440562629;
34,4870288409328;
37,754946501649;
47,2223313018706;
56,0612360210707;
60,1188657354785;
63,8064083831901;
66,0451191246801;
63,3218841459549;
60,4234197545562;
63,3288610998942;
68,3278684567107;
70,7034462285256;
71,6998046976113;
69,0787417275312;
58,6079828945189;
42,9165478047796;
41,8761952335425;
65,3758110542026;
76,7590048176475;
58,4648969791888;
40,1157306574135;
5,35431336780158;
-67,2866958548445;
-110,26029888673;
-102,822926114571;
-114,795439095291;
-126,919903317573;
-92,383473686588;
-75,9801247362094;
-104,578663119891;
-126,828010791654;
-142,831269785421;
-159,085644813271;
-157,181841725313;
-146,068502793148;
-132,344435497696;
-125,677040463291;
-146,9091281972;
-163,396740503659;
-148,582644072513;
-128,957311688117;
-61,1599390413978;
72,5359737820142;
122,964036003686;
60,1836912482385;
21,8368581709694;
40,4550204611389;
82,1297023393878;
98,5550399301745;
64,5064010913403;
29,0969128824403;
9,96243254304549;
-3,51945727605223;
0,55285148298468;
13,7336964845764;
17,3078195007369;
11,9727800822406;
2,23357881643727;
-2,8777927960301;
0,0450495751088885;
1,06206697494732;
3,30131001888765;
12,8704507229055;
18,3628200636126;
16,3755835074605;
17,0607384880091;
14,8655423741205;
2,75775831137319;
-3,83774244943964;
0,215224771817383;
1,33921942930189;
3,58031088991739;
13,6629742414848;
16,7860958382736;
9,67527869123209;
6,11250979552883;
4,88462118219239;
0,563335020984735;
-1,26531994887832;
0,217795861546832;
0,376260764564965;
3,88441572834533;
17,7961504258085;
35,4882020670226;
49,1323436152738;
62,093968504909;
54,2884559633708;
10,80339335692;
-13,9692216166448;
0,450579373133;
5,02374289363192;
22,1417558908739;
78,5648877398475;
96,8267428480003;
65,3865126018917;
57,2510288324406;
49,7093836426373;
7,75677158931337;
-12,8252754441085;
1,33306200533375;
4,20335286206625;
7,29708457115603;
29,4346234105763;
28,3382758540506;
-5,26595182467143;
-24,7185941434157;
-16,2077042776952;
-1,20338384769178;
3,38886945251752;
-0,536172099001401;
-1,05213379589355;
-22,2285663664388;
-75,9590046884729;
-95,6266880338623;
-67,2734420896409;
-53,6294115153308;
-42,3410067446574;
-6,0435378296414;
10,7062240445695;
-1,2472987313663;
-3,45552078964135;
-15,2746234680735;
-57,12813710913;
-73,8643287005509;
-53,1237767967723;
-45,4466686984067;
-55,2730919733404;
-63,6839835528915;
-63,2060408209903;
-54,2591981219779;
-48,9177092479237;
-39,904621165169;
-17,3323815707205;
-3,53870101723415;
-6,28873858677821;
-6,20553078601784;
-3,06909420385298;
-3,73271972118861;
-3,47565648229618;
-0,941123746343007;
0,857065099622993;
1,26027194403563;
1,28680547766507;
1,49415167546093;
1,77572992273618;
1,80454619536353;
1,55946468406234;
1,36126217835612;
1,40884798155159;
1,4042897177612;
0,919726556306252;
0,128426732008185;
-0,45095166038408;
-0,647348876460947;
-0,370509048215866;
0,414295026643199;
1,11595298171169;
1,1973944423715;
1,11799732976013;
1,60942133379065;
2,77577869796941;
4,3950003141442;
6,12205613637647;
7,34419796260705;
7,78713167702542;
7,80865764071038;
7,54452541115402;
6,83774622371545;
5,91715851183354;
4,99346565477488;
3,88676062399791;
2,51681096646085;
1,0919590572393;
-0,130860536007412;
-1,11869711719363;
-2,07731772667631;
-1,76176786471062;
0,438957261733602;
0,906560251658807;
-1,20123857268826;
-2,43047990935606;
-2,79288259469145;
-3,10696857326787;
-2,35665562524235;
-1,11775501283309;
-0,408699067681226;
-0,0302701630457439;
0,0959700324346896;
-0,0137410901781918;
-0,0308428761097662;
0,0181967242520683;
0,908877504331216;
3,47600839742748;
5,75755785175068;
6,16163757874062;
5,67224991071569;
3,75057824603034;
0,399870367115509;
-0,877589710707811;
0,126773012671595;
0,274465857050365;
1,27234650690872;
5,82878782340879;
11,1217030736525;
15,1012550908091;
19,0809798333694;
16,3577161419132;
3,02917089163148;
-4,16711680602939;
0,206869427576278;
1,46768853215892;
8,77755643051865;
32,7454005067426;
46,2307690730025;
40,7118071516658;
40,2121896511137;
33,517003765459;
5,78186012315881;
-8,55562564412156;
0,613025432093944;
2,92928622126902;
15,1779553882222;
57,2691096150701;
79,633894776269;
67,5631597792808;
66,2309091234166;
72,9608872306151;
67,5203832089811;
64,4355862775397;
68,7593655396472;
71,3737419954199;
71,9192912785851;
67,7355119912478;
53,3509643541469;
34,7815337830678;
18,966539825185;
23,3772300498764;
56,5717229799837;
66,0429768157462;
34,8967153689342;
14,1752163381145;
7,15812567089079;
-1,20240685092024;
-1,64518383741061;
1,05384372495104;
0,153288113324292;
-26,4008579323334;
-94,6421142775721;
-146,220523089238;
-153,134470220457;
-161,41117051355;
-172,604801715003;
-165,61503427734;
-139,731058568447;
-93,9258020140819;
-47,2137443114736;
-61,7615733851222;
-145,523338338076;
-168,348815584613;
-92,121057507488;
-37,3160236634526;
-6,54191594916528;
50,0683993345908;
63,1920343078522;
21,3484731122789;
-0,424143581581524;
16,5952984621597;
51,5682809305071;
56,9314732042577;
23,0271308260976;
1,16305156083438;
-6,72055391405017;
-17,1858227749467;
-13,8296246566598;
0,712831573944355;
8,90605429444858;
8,55831976166297;
2,20291266526835;
-2,22887112462072;
-0,124375045497866;
0,887885394811666;
2,51746342750076;
9,45618125308218;
12,7785310665081;
10,0671273570734;
9,48355370126202;
7,99749043047704;
1,28796260802045;
-2,04945397105511;
0,189545328452945;
0,6825111614693;
0,633303902394819;
3,92268458491523;
7,227055788809;
8,88442089811369;
13,1721513966376;
14,4693821277368;
3,91534705073915;
-3,98272569143215;
-0,167038236380851;
1,55586013549736;
26,6056894670148;
94,8507512906126;
133,462551634638;
118,279217052305;
112,847162714637;
88,5779723216726;
12,9327398200061;
-22,1707661408687;
2,35630746660139;
7,26310834698311;
14,8480046006709;
61,5315997025104;
81,2025986896049;
61,5813460632252;
59,7870074862089;
51,5847143484472;
7,97697962050365;
-13,2471317186138;
1,37811771080313;
4,34288129238102;
-15,3539928412113;
-46,6394246653468;
-72,4445054714718;
-88,8984240696511;
-102,469326151519;
-77,9924902054292;
-10,7828019009422;
18,8464097362821;
-1,94010359080069;
-6,22222317746623;
-15,6724634642579;
-63,2470218541891;
-84,0729209252613;
-61,7889910342915;
-53,998529199267;
-46,2893166976854;
-8,28866347508422;
11,9947407167199;
-0,821838912322775;
-4,11819871378824;
-9,86143331851942;
-37,6337100933891;
-45,0627334086769;
-25,5812110108081;
-18,924099641448;
-29,2229577982603;
-40,98227767362;
-39,5026597268725;
-26,2883281013729;
-20,6725749687625;
-18,9313431887605;
-11,4918709224765;
-8,19050498781918;
-11,7639505385815;
-13,4530766770457;
-12,0701087057838;
-10,4689781357076;
-10,0780837530273;
-11,4920750515108;
-12,8714439864607;
-11,4733770111544;
-7,62808743452239;
-6,99808422269802;
-10,593241262839;
-12,6049304851468;
-9,11402496386885;
-1,38682011029711;
2,18277366201497;
-0,161948234025864;
-0,749108437537019;
-3,58758523234863;
-13,2540186402647;
-17,3012566072355;
-12,3197103071723;
-9,43136948010438;
-9,06532084029259;
-7,34699313283894;
-6,53301726461096;
-7,67768689031683;
-9,78764126536488;
-12,3294324817083;
-14,6827892783344;
-16,2204122313829;
-16,9433213062634;
-17,2778451377952;
-17,7380375889305;
-18,460821924933;
-18,9636439674708;
-18,6778151943574;
-17,3806074824869;
-15,0305024730981;
-11,7735053347145;
-8,21988458371341;
-5,22243262647666;
-3,22092413787705;
-4,90758032655693;
-10,3530823382236;
-10,6528587243117;
-4,9870299223706;
-2,41057702538699;
-3,69504289653934;
-6,01562601634405;
-7,67242230168806;
-6,98218300367084;
-5,22216400082658;
-2,89199133032569;
-0,160971201019908;
0,640353031078589;
-0,138931032063206;
-0,180833759465813;
-1,7842322670648;
-6,21113048050072;
-7,3051497289657;
-3,86936867575325;
-1,79988508207446;
-3,17262749095552;
-6,34366300575579;
-6,93216438417747;
-3,95060761497764;
-1,90284984702741;
-0,571304877124374;
2,15061518229974;
3,72287301249698;
3,19764862475945;
2,83928831262474;
2,19320181846944;
0,326059221448312;
-0,547859791864895;
0,0552481156149503;
0,180832480354017;
0,228544487040681;
1,23921777001087;
2,19871824712199;
2,474310067228;
2,56320596268996;
1,92607725942558;
0,286553779308065;
-0,47132976848075;
0,0427731430740307;
0,157978214570024;
0,734692994446085;
2,7979901940975;
3,79176639973247;
2,78778005946706;
2,00873027100637;
1,44207072728166;
0,209795406791655;
-0,358273065101654;
0,0371361498922243;
0,117867546470065;
0,128565001705141;
0,581602883082989;
0,630541815439488;
0,161662903887759;
0,094106849151709;
0,322234356380611;
0,145472084859723;
-0,105614227844148;
-0,0185343327988874;
0,0470558050894654;
0,21594073849605;
0,881715225716562;
1,49077000520728;
1,49769246379433;
1,1660009633299;
0,887061197876586;
0,95040939160454;
1,33635360649817;
1,52007133011554;
1,21434652016826;
0,491856437187736;
-0,464174643417658;
-0,974246572765586;
-0,908235075434425;
-0,924357403413499;
-0,773045835152108;
-0,126161557017259;
0,196102912671479;
-0,0164648932335472;
-0,0661069181525376;
0,624075479945523;
2,15406425629198;
3,19560971602198;
3,11178705166767;
3,06988617214626;
2,43373689256626;
0,40645028587304;
-0,612653028487179;
0,0452000277709662;
0,209435797138585;
0,402215165091801;
1,74296266275929;
2,54657594065701;
2,25315980000444;
2,22175599830321;
1,83423940173445;
0,309819455359963;
-0,466004357242361;
0,0350561566516174;
0,158876789106286;
0,241206333190707;
0,997284929145501;
1,1542446068844;
0,520562960839747;
0,407108804772295;
0,858452526241227;
1,14404685019237;
0,950059905907127;
0,212466501475285;
-0,478004377731972;
-0,306256015774249;
0,476207699091983;
1,02789839153629;
1,20869103715057;
1,2431397659527;
0,874838958613332;
0,108126018482217;
-0,207370250061083;
0,0248453420069743;
0,0670371514667678;
0,223201018309549;
0,89409665329728;
1,2618568532634;
1,13611694687075;
1,20398940590208;
1,0011252228202;
0,144034968226531;
-0,253677990711563;
0,0293205489067301;
0,0819643113118546;
0,377998005376063;
1,50189467347515;
2,39145385186658;
2,62608093870659;
2,55201128617658;
1,5714889462825;
0,0659773970966066;
-0,344746267717812;
0,082702620047664;
0,0939558618808037;
0,381129406759771;
1,45478072213655;
1,76195717701886;
1,15678675874874;
1,06716736778832;
1,4333058130198;
1,62313419618816;
1,47786030804898;
1,19053504555752;
1,15803703356135;
0,994497717831565;
0,36607670081225;
0,0253678224597943;
0,186598543998862;
0,249092552923247;
0,150473224398255;
0,0347523685102629;
-0,0348259053332832;
-0,00302640177711552;
0,0144796152698905;
0,2046171009854;
0,759986587675054;
1,03644066916162;
0,580943870484101;
0,0197458086705553;
0,0988145068854758;
0,758520623685857;
1,06201487172983;
0,572756122658109;
0,0137677708201681;
-0,181905862557583;
-0,221193253255428;
-0,0394289584977747;
0,410521933447315;
0,574221247439441;
0,2091449523626;
-0,0841710510546078;
-0,0229505023166145;
0,0369759363669998;
-0,00692518670863541;
-0,100474256735347;
-0,30379438230278;
-0,42088448095024;
-0,356359155670987;
-0,303369785424455;
-0,207568722144965;
-0,0163881336842442;
0,0494029541641276;
-0,00991953920957065;
-0,014188959576582;
-0,0884153892943761;
-0,254086970400709;
-0,150428560317582;
0,0578493347377988;
-0,0712898154523085;
-0,308008968924741;
-0,303076486377532;
-0,0831584169359609;
0,0520439369135319;
-0,0935544054408086;
-0,17888520870272;
-0,0150635554318061;
0,0306085042795504;
-0,0208458166143628;
0,168545462021674;
0,307692621782159;
0,0837393995696872;
-0,0895986663942728;
-0,00092245728742471;
0,0336097400124058;
-0,10805584065;
-0,367306115281136;
-0,58520466651574;
-0,6263256974478;
-0,584294774737911;
-0,500538509962743;
-0,417286345927095;
-0,495195720099608;
-0,635105805284078;
-0,614377399682566;
-0,443373942564497;
-0,194040175864644;
0,0670218282330085;
0,358221850316938;
0,724597244226519;
1,01656474131148;
1,06913717801012;
0,857772970202034;
0,533454197309477;
0,287410008242549;
0,125330023962247;
0,0351390949207615;
0,0596462632967618;
0,104426775363332;
0,00863272292487624;
-0,128833580496522;
-0,0684437265658173;
0,0443585723180138;
0,0105160864143064;
-0,0209269898819414
