0,632840502531251;
0,107111834696532;
-0,162045304557076;
0,012733560575931;
0,0549681832846413;
0,17882779655901;
0,700580969538736;
0,967459359942223;
0,795883336216986;
0,75276532070549;
0,626076023867295;
0,105066537428779;
-0,159821780349717;
0,0126935536489026;
0,0541685677750621;
0,179714229493298;
0,700847882419675;
0,963416747953083;
0,791029161197076;
0,755046370062232;
0,63156623951826;
0,105505215331845;
-0,161405744911885;
0,0131137695570897;
0,0545694015079411;
0,181433360333716;
0,709777285722065;
0,978904039893903;
0,802077531932942;
0,754853151373187;
0,627682595270609;
0,105497248071909;
-0,160316726410178;
0,0127071428713555;
0,054345237544328;
0,180888889874151;
0,705739829260809;
0,969198387003601;
0,789012174616531;
0,744025089991417;
0,622113437882283;
0,104794029865004;
-0,159178965436493;
0,0126605176324279;
0,0539318479202109;
0,181914240449432;
0,707410563820429;
0,970851267357543;
0,79416408323175;
0,752930519131022;
0,627941872250563;
0,104879079697594;
-0,160353049424075;
0,0129742488236983;
0,0542411749122107;
0,180603121660168;
0,706388400708385;
0,974752501147336;
0,800163673555092;
0,753901010706387;
0,626042809625198;
0,104773434961209;
-0,159796604773463;
0,0128045179808557;
0,0541103967927767;
0,179448685709427;
0,69990607710254;
0,960045563800481;
0,781187236008219;
0,737535687883797;
0,828828422940087;
0,829137094706314;
0,81307651717108;
0,812733873536446;
0,804383417835012;
0,800686696967877;
0,805985645318397;
0,809535171982798;
0,808830821652032;
0,808508273326869;
0,601719327807902;
0,0981630510700207;
-0,147839168567518;
0,0100597203503408;
0,051023459835527;
0,181997404820181;
0,702024072984937;
0,965135166768378;
0,792705667918469;
0,754400976095601;
0,631918984138827;
0,106859392856176;
-0,161688307137915;
0,0126858428360191;
0,0548593627880396;
0,179611983587566;
0,702591820272873;
0,967040314414707;
0,789728769707814;
0,745404574848461;
0,62262611574382;
0,104895188814726;
-0,159248996025496;
0,0126294122447091;
0,0539736462366795;
0,178959079010189;
0,700789401835423;
0,96893915979075;
0,798603269700199;
0,757270993417956;
0,63155935490654;
0,106480993712402;
-0,161432722821733;
0,0127181592012323;
0,0547542091440957;
0,179879883653519;
0,701601554325632;
0,963615881250418;
0,789771567621721;
0,752509610061864;
0,628829696131284;
0,104869819071001;
-0,160635754962429;
0,0130913618984066;
0,0542933353818601;
0,180006364963335;
0,704367756103284;
0,972027787175748;
0,799266554796917;
0,755007571196802;
0,834090249802953;
0,815517134484309;
0,799874449188249;
0,820189210954172;
0,821406504839978;
0,810726491108211;
0,806123452529329;
0,803682405771564;
0,80421569719098;
0,806545197199621;
0,598542416973681;
0,096098038336173;
-0,146780481532266;
0,01049845021757;
0,0504399212068707;
0,181321208475466;
0,70175767437906;
0,970044830877751;
0,802159416813621;
0,759182242031756;
0,838412605057893;
0,816367351414678;
0,792370223098025;
0,808864899289396;
0,814312981892927;
0,811661909032135;
0,814074197307522;
0,810858734073535;
0,805699511812148;
0,809192398253;
0,60509535557439;
0,0985012485380275;
-0,148853933122795;
0,0103127752293056;
0,0512863612684361;
0,18113742340693;
0,700591997718812;
0,966184296145258;
0,798570298762103;
0,761019166767239;
0,633720316322113;
0,105599013348905;
-0,16177950219192;
0,0131686860455308;
0,0546900668962563;
0,180875463584943;
0,707740179313458;
0,975729502934169;
0,800833251765869;
0,757432777769265;
0,630503782650487;
0,105438165718382;
-0,161021896045407;
0,0129802904800836;
0,0544883232678142;
0,180793509423703;
0,707005029280179;
0,974929595781529;
0,800715843488052;
0,756797313970436;
0,83714370509093;
0,819065169150417;
0,802616171123598;
0,820623281949688;
0,821650174886457;
0,811832215595062;
0,80585977327652;
0,804467890635626;
0,80748068956359;
0,809722755670523;
0,602139604708963;
0,0982369113894297;
-0,147829497204476;
0,00999932389343284;
0,0510500857304655;
0,181144490313676;
0,700015242873088;
0,965743475224064;
0,796715423975504;
0,754263738999079;
0,834930154669791;
0,817638014412638;
0,795483798086662;
0,803168051496313;
0,799798246425797;
0,800141571122514;
0,813508580761105;
0,820577982581768;
0,81566973721395;
0,807696373060665;
0,801175176774029;
0,798072345102413;
0,80140063537118;
0,807819849922187;
0,811807965483068;
0,813981188797527;
0,815528737687583;
0,814090164193341;
0,808641326355921;
0,804324451838356;
0,806059291208354;
0,809349455908928;
0,805879520831118;
0,795733766008155;
0,789225868034542;
0,793348669260723;
0,802658793888966;
0,810276173151286;
0,816194018358673;
0,82099015024559;
0,611799680535407;
0,0994923957789568;
-0,150299254224519;
0,0103515851031618;
0,051817777507768;
0,183749674460653;
0,707498201868554;
0,968969430970277;
0,792648087098941;
0,751599273747618;
0,62456310568133;
0,102473934526606;
-0,159267993426297;
0,0135525848340361;
0,0535850763896113;
0,182919262849025;
0,711238841651469;
0,973082588088866;
0,790624566080531;
0,748391256822424;
0,627601367681309;
0,105903628101707;
-0,160639380116073;
0,0127265587212667;
0,054447243010651;
0,18044794928263;
0,705307304536661;
0,9725293502554;
0,801158989086055;
0,765145173298798;
0,640396045906031;
0,107511984333391;
-0,163767737597168;
0,0131336845813781;
0,0554411881235568;
0,17656983387885;
0,694417534471263;
0,96095025992667;
0,79426016229946;
0,754348428378371;
0,626087817143104;
0,10402861625461;
-0,159646057635354;
0,0130292371570313;
0,0539591121793844;
0,181392924595925;
0,706503128673925;
0,968488515310929;
0,789636144803506;
0,750366392107483;
0,629300804462037;
0,105666295381242;
-0,161063793973201;
0,0129759778722647;
0,0544956416135442;
0,180730737267957;
0,705815273647809;
0,971455511660024;
0,798192865707696;
0,760962084812841;
0,846788148618085;
0,824961652042351;
0,799787019497312;
0,815588291202472;
0,822171877389233;
0,822329014869589;
0,828498171843817;
0,829282983710655;
0,823145494543008;
0,819251304836828;
0,607625236857189;
0,0979160713843169;
-0,149130216400628;
0,0105766519533474;
0,0512835174947377;
0,183113258988497;
0,706713961451379;
0,972794182521107;
0,802756094555771;
0,765255511851499;
0,6384206600258;
0,107135845225582;
-0,163037261684776;
0,0129818836525918;
0,0552418840844348;
0,182117854173289;
0,715786208901575;
0,994051962183495;
0,821135315247837;
0,771341476131067;
0,849637676903292;
0,828420395485009;
0,802762934648125;
0,817865126369664;
0,826464288786367;
0,823663014840552;
0,817713568290099;
0,810742857334055;
0,810079178692116;
0,815634818753674;
0,819529599580987;
0,817672634837201;
0,812241419745082;
0,809730695957379;
0,814233962863821;
0,821388776784392;
0,823607919767317;
0,820513977883024;
0,816146946235607;
0,811960101575982;
0,812504077871865;
0,821430989451831;
0,832373357799521;
0,835386399648078;
0,828811504610353;
0,821483590878112;
0,821981868871868;
0,83047119200949;
0,835746531254929;
0,829374917958322;
0,610622625894428;
0,0986080475824133;
-0,149482080931519;
0,0103191511019734;
0,0515416129756748;
0,185366492893733;
0,71497865803679;
0,985640964256177;
0,814465594214413;
0,771978910983674;
0,639227187168941;
0,105856742899841;
-0,162860789857125;
0,0133741205078173;
0,0550130454710442;
0,182027529705543;
0,712462887424166;
0,981751258884983;
0,80450537468787;
0,759940271309051;
0,632374705979335;
0,105430357282791;
-0,16150860673813;
0,0131592052996805;
0,0545907742434488;
0,180827439343809;
0,705850144643581;
0,970965842535377;
0,798894448523992;
0,763584320970034;
0,638341460749884;
0,106629800859053;
-0,163072423222193;
0,013220081977134;
0,0551477059390406;
0,181681694083876;
0,711987137165234;
0,983936163141845;
0,810317049674012;
0,765413200798642;
0,634575985362295;
0,105428756841511;
-0,161850427180544;
0,0132332670106458;
0,0546922883585517;
0,180662758383993;
0,706415703318526;
0,973588495166648;
0,801698868003823;
0,76277194503455;
0,635143358149172;
0,10568118500398;
-0,162102435400843;
0,0132403239183709;
0,0547802976209587;
0,182818557464412;
0,714291685929236;
0,984436532940483;
0,809148998484751;
0,766028922576341;
0,636127750570018;
0,105483809118076;
-0,16227343760129;
0,0133668653377808;
0,0547904910159812;
0,182706201393519;
0,712526080991341;
0,976909141529498;
0,795537283115451;
0,754187315237029;
0,632490297262527;
0,106648491390452;
-0,161905279762554;
0,0128678803844906;
0,0548576727507107;
0,180144284796495;
0,706524668285104;
0,978502105108641;
0,809603176462531;
0,768926618146009;
0,850498606589424;
0,825717918829792;
0,78987273881332;
0,7873663603991;
0,784486729858959;
0,791921306170575;
0,810813916975983;
0,822056186241292;
0,822578586074947;
0,819843083289191;
0,607600293117739;
0,09813617760017;
-0,149076207461925;
0,0104540421176424;
0,051319121218101;
0,187892834577292;
0,724897182332083;
0,998464240583144;
0,817258689915816;
0,7622511989189;
0,628060797234874;
0,103405179254631;
-0,16003009980403;
0,0134028061854708;
0,0539405547904803;
0,183368993172251;
0,7169848290917;
0,990600456776944;
0,814710984688252;
0,765994393976107;
0,840887758378145;
0,81405589090097;
0,792841527882203;
0,816563462787071;
0,827206709933441;
0,827290128027332;
0,829022773316208;
0,82354631637358;
0,813489681213959;
0,809275671351283;
0,603195565237275;
0,0992339655227172;
-0,148370498608501;
0,0098316196479618;
0,0513189474103372;
0,18502650678726;
0,711830694825165;
0,976590035601968;
0,800729703074315;
0,764442039342138;
0,642244114666978;
0,108553619880643;
-0,164465982957612;
0,01299335055231;
0,0557580642592449;
0,180923246057682;
0,710141690105113;
0,984314727568994;
0,817584190171858;
0,777910227868128;
0,643203101468021;
0,105729904054121;
-0,163763509322778;
0,0137248727607518;
0,0551984731121892;
0,182905385217462;
0,715543316457003;
0,985488595534972;
0,808840007820066;
0,766759407437924;
0,638976183083181;
0,106857632177086;
-0,163195643434994;
0,0131593802649013;
0,055221891843571;
0,183302272818862;
0,716167287005252;
0,986261247069387;
0,810350910498089;
0,773680539414928;
0,650138423947633;
0,110645100811484;
-0,166496586996575;
0,0128389101277122;
0,0565859514190606;
-0,0287056925717299;
-0,00801992756106007;
0,0135514838555199;
-0,00282371291260804;
-0,00363437909865535;
0,213659868998654;
0,721059501577511;
0,962906587923094;
0,799548422634336;
0,764338542446702;
0,853216580575611;
0,841359357814376;
0,822154302400625;
0,834649196347256;
0,82803461990281;
0,812327456136831;
0,813115401708454;
0,824174260593364;
0,832691010379402;
0,836395112713232;
0,834871976413581;
0,826731174264269;
0,817249253831049;
0,81691162519372;
0,83014187926988;
0,848036013206763;
0,855965441200853;
0,847784640703782;
0,830858467202582;
0,818825175939586;
0,818881497651982;
0,82602210913434;
0,830410306663641;
0,828766932262322;
0,826129757180014;
0,825604815527904;
0,828100602687436;
0,83160877028448;
0,827572650011195;
0,821131555354264;
0,824755000364628;
0,829621822568601;
0,820863973678746;
0,809157346212745;
0,813109343708753;
0,823785891102013;
0,82848589605012;
0,830847998288478;
0,832671777194826;
0,831800802022766;
0,827967119666958;
0,826900780909393;
0,830750482157387;
0,833161256881207;
0,831648623154794;
0,615199041361897;
0,0983675588112487;
-0,150805645387748;
0,0109269616484775;
0,0517625612957951;
0,192113712064213;
0,737661838713362;
1,01060165925776;
0,826616159625902;
0,785118630580943;
0,658686036204977;
0,111967187587097;
-0,168623583445792;
0,0130278526464298;
0,0572995958634168;
0,185662990462704;
0,725806432462269;
0,999374331941895;
0,821744310208744;
0,782074609138606;
0,650930019263591;
0,107762545693981;
-0,166062503733608;
0,0137595994641761;
0,0560336814120753;
0,186317257242219;
0,729198918906067;
1,00694948358229;
0,830675728845855;
0,786250528816476;
0,649971182858358;
0,106616390947236;
-0,165529510612251;
0,0139893473029193;
0,0557407773982707;
0,186233971706838;
0,727538565602334;
0,99975817269445;
0,816494675201167;
0,773664686430995;
0,64878790796427;
0,110254370766956;
-0,166108234573581;
0,0128555725612711;
0,0564345281865441;
0,187002919921347;
0,730190359652252;
1,00495203687017;
0,820410685920645;
0,772482750037508;
0,644170235186114;
0,108430809329941;
-0,164687929741446;
0,0130648318676408;
0,0558173305208058;
0,185089666758947;
0,721601328397191;
0,991918389437748;
0,814760179723183;
0,77877731747291;
0,652905828270012;
0,110005469799267;
-0,166969982742267;
0,013226164197685;
0,0565980943292765;
0,184887579987592;
0,724986295801475;
1,00044951918831;
0,819945108804687;
0,778487565981768;
0,655016190160966;
0,112569302971871;
-0,167990826447859;
0,0126152373843825;
0,0572369879749165;
0,185821862213965;
0,722220373637219;
0,98552700761496;
0,798153481386677;
0,757685751765618;
0,63640927129487;
0,107013070028601;
-0,16283659603215;
0,0130310719210082;
0,055135764353465;
0,184326776262942;
0,718520505012725;
0,986749398278655;
0,806996000494395;
0,768143733995361;
0,857607535460638;
0,837412035281532;
0,811828711712771;
0,822284441340731;
0,818767818422967;
0,813123526030348;
0,820930035095936;
0,827925162506671;
0,83010164351289;
0,834425090747457;
0,623435443628915;
0,101693852192405;
-0,153360891758757;
0,0105352792501062;
0,0528791649493707;
0,183984585933333;
0,712330331895611;
0,981263578175588;
0,807194591004718;
0,765500906053939;
0,637655054526147;
0,106706919605388;
-0,1628569136641;
0,0131017962118119;
0,0551207445635196;
0,182644535114233;
0,714428836284547;
0,987140155410365;
0,815804384761808;
0,774195752853103;
0,641391286964329;
0,106027742576122;
-0,16343256008955;
0,0135102111700922;
0,0551660268953786;
0,181302437298597;
0,709171176951999;
0,977189922516292;
0,804521792926063;
0,763231804388673;
0,632716098356726;
0,104314482315619;
-0,161209458948393;
0,0134379672342414;
0,0543665055716139;
0,18281400996976;
0,713673648161082;
0,981447009888501;
0,803185157929598;
0,762158160981805;
0,638662316528901;
0,108168849161809;
-0,163467020533346;
0,0127806456010297;
0,0554811582924215;
0,18219857878024;
0,712999867521862;
0,984322251329238;
0,811566735775833;
0,772563553429892;
0,855444710668536;
0,831144574366148;
0,808049751721559;
0,826117728358373;
0,830999892775041;
0,826424322240636;
0,824326891686248;
0,821704200779365;
0,822745204945172;
0,827571196884582;
0,61742161615157;
0,100582582649261;
-0,15174150105817;
0,0104077822808482;
0,0523322847468174;
0,186520992886433;
0,720528558544436;
0,994482323657018;
0,825036742832214;
0,788760099937633;
0,656260239265804;
0,109050758749929;
-0,167423490544187;
0,013701787965999;
0,0565685763266996;
0,186125179520942;
0,728130873723117;
1,00499811780933;
0,831902765983493;
0,795238347739153;
0,66146804271454;
0,109668610245764;
-0,168663525182024;
0,0138637995098089;
0,0569633039165144;
0,18768647822835;
0,732103415750567;
1,00163221385763;
0,81218258965279;
0,77190736428208;
0,652989632090063;
0,112482378357027;
-0,167640627301518;
0,0125638415410974;
0,0571238398896772;
0,184713036549278;
0,72256606061341;
0,995633735551424;
0,817765344003547;
0,778118412573373;
0,649504311512464;
0,108204401707937;
-0,165948252442961;
0,0135875432515645;
0,0560599342433355;
0,184078763180642;
0,72131608456088;
0,996071122489502;
0,822043182778715;
0,783375637936682;
0,653202691199749;
0,10914680793996;
-0,166827051268739;
0,0134891182477919;
0,0564343602407681;
-0,0288738331391366;
-0,00789553573629466;
0,0135591335314166;
-0,00287112962689897;
-0,00361723769980981;
0,21815441304178;
0,737607451543071;
0,989563445806557;
0,829178562204899;
0,794209802921777;
0,88035707424707;
0,863205217951833;
0,839334697439385;
0,850997755751531;
0,849920537047432;
0,843595375810986;
0,848894674914425;
0,8561069555706;
0,857403525882308;
0,852891313702567;
0,84685916980729;
0,844283641749494;
0,845777363653074;
0,848520753624;
0,84841229061913;
0,844599212199509;
0,841485366280053;
0,842419562330486;
0,844945125687456;
0,845197344872928;
0,843886867080077;
0,840819412313201;
0,833249356503986;
0,826614093512116;
0,827019846999466;
0,829461623175468;
0,830528333969345;
0,832968349858686;
0,835394627960927;
0,836354761678254;
0,622455279817389;
0,101649555458824;
-0,152936448453929;
0,0103641376764989;
0,0528014238959428;
0,186994484944522;
0,72278837705532;
0,994990317893363;
0,81724024273023;
0,77537162427058;
0,647035197920116;
0,108151964004147;
-0,165411886496223;
0,0134390529071365;
0,055922368775801;
-0,0286368438707992;
-0,00781356563663758;
0,013440681768594;
-0,00285067023646381;
-0,00358370095971447;
0,214228434034128;
0,725901976000063;
0,978623558495854;
0,824782209477365;
0,785116335892706;
0,646489332511806;
0,108040791552595;
-0,164552697895133;
0,0130207162423557;
0,0558077137291997;
0,18378897773745;
0,719034229802946;
0,991283546348132;
0,811468452754913;
0,763667731174043;
0,845065415146923;
0,824145904970404;
0,800691075756849;
0,817216758480402;
0,824424771712413;
0,824634528083076;
0,828430576607571;
0,828112965544809;
0,825962028042094;
0,828174544808567;
0,828998610857129;
0,823868873665441;
0,819630522408659;
0,82036808215077;
0,819964545996544;
0,81643987756489;
0,819496980426529;
0,830312716102254;
0,835178517828012;
0,829893852402215;
0,822301333794407;
0,816878093646112;
0,815934447660378;
0,820072204932189;
0,825663207005623;
0,829478245137226;
0,829985194459329;
0,82638871123329;
0,819630936077379;
0,813729627010422;
0,60361361944204;
0,0985089224331902;
-0,148206554612635;
0,0100192630182214;
0,0511823005209232;
0,185456087919993;
0,714640616856779;
0,983560417412034;
0,80804183320676;
0,764069817443141;
0,847481795979002;
0,830066219987518;
0,810250933529582;
0,826048188904588;
0,827098765124076;
0,81613061983795;
0,809587933771321;
0,80835040196189;
0,809932834001032;
0,814300481612922;
0,609472153854492;
0,100466053560057;
-0,150051806171295;
0,00992910513712908;
0,0519024654386427;
0,184586397762855;
0,713275820421597;
0,985191998932441;
0,81666300942737;
0,778585486096195;
0,647025765726532;
0,107351824953903;
-0,165064241523407;
0,0135763974355584;
0,0557415014183974;
0,184327278837621;
0,720084423303746;
0,989324953143937;
0,809491300355415;
0,767990939731115;
0,639781824038122;
0,105711022328872;
-0,163350629972892;
0,0136871145998842;
0,0550471844792825;
0,18259336302359;
0,715271880618089;
0,987102637796789;
0,810078948441359;
0,762430643533605;
0,632487638270398;
0,105663209054174;
-0,161391774520844;
0,0129871933719286;
0,0546276792715351;
0,184008383822901;
0,717603833536666;
0,987253259447126;
0,80764288250244;
0,763093179063554;
0,636652523938563;
0,10700574102054;
-0,162737585862244;
0,0129633160676418;
0,0551335271733664;
0,1839119940486;
0,717322006853837;
0,986408830791435;
0,807251011070487;
0,764444123664795;
0,638359326813695;
0,107323156341387;
-0,163167924958945;
0,0129817552771711;
0,0552865251665302;
0,183103102855007;
0,711968300973361;
0,972237284610585;
0,789806557492526;
0,757693895839854;
0,643590102689602;
0,110673354442887;
-0,165312869086567;
0,0125123555548009;
0,0562735844669941;
0,181048716698177;
0,712199743947431;
0,990838428358737;
0,824594573877684;
0,780357848418383;
0,643390028118096;
0,106311946465976;
-0,163767277618286;
0,0134710265686947;
0,0553138254602449;
0,181754296804218;
0,708991344059934;
0,973284249142568;
0,80221639806518;
0,775926821607862;
0,653677678532732;
0,110010042323977;
-0,16726315449272;
0,0133500131442953;
0,0566500023252158;
0,181811061881354;
0,713231667208105;
0,983674520942387;
0,809841782276727;
0,772862857991673;
0,646140932397802;
0,108229722090482;
-0,165142203102371;
0,0133009280471871;
0,0558839735142979;
-0,028571603722672;
-0,00782725422204194;
0,013423227472399;
-0,00283849408137754;
-0,00358259690425781;
0,214584314948416;
0,725946297752915;
0,974386333200765;
0,813405460607754;
0,769224781635304;
0,845300689472502;
0,830213267049782;
0,814512287138335;
0,830250984213344;
0,829437570104112;
0,821596586806289;
0,82289824953107;
0,824668783018792;
0,824370272759514;
0,825337697199112;
0,824272325904314;
0,821077522584993;
0,822532520900295;
0,828243627906681;
0,830613154636182;
0,827883642524494;
0,825582210225652;
0,8260938458615;
0,825150893410762;
0,821688626166226;
0,819978954356503;
0,822071555886177;
0,826656558699079;
0,833181191982298;
0,83978284579243;
0,625419143217165;
0,100655959356974;
-0,153586476302937;
0,0109915887418413;
0,0527693437564168;
0,185797021106977;
0,720791977323881;
0,997888429114589;
0,828629860820934;
0,78691243148554;
0,65179325098516;
0,108333028901214;
-0,166134428090411;
0,0135118971289609;
0,0561748853722031;
0,18577974632641;
0,727550452728997;
1,00499921969148;
0,826960178600558;
0,780905484872464;
0,648555067474964;
0,10856455984954;
-0,16552064188435;
0,0132422388847587;
0,0560586214136711;
0,18517333708635;
0,724154145294202;
0,998377738474502;
0,819688252246607;
0,77588709323601;
0,646565058499665;
0,108569916823162;
-0,165170239311993;
0,0131497448238068;
0,0559639158842976;
0,185231609693912;
0,72465178294448;
1,00086251739571;
0,824234897612378;
0,778019988907813;
0,643903516862791;
0,106551426723814;
-0,164100252737368;
0,0135333156327117;
0,0554048322042959;
0,184328705769042;
0,720541654970197;
0,993015394150049;
0,815463534246309;
0,767900832369157;
0,847582311556355;
0,833933422305707;
0,815742369384921;
0,823703488888135;
0,82180977471144;
0,818859843681372;
0,824049490988041;
0,830355120579234;
0,831137442544027;
0,825334810454734;
0,820582077628409;
0,822451575371955;
0,823515562467309;
0,818758027066534;
0,813689774963078;
0,811630980558995;
0,812073005466668;
0,81563738379163;
0,821412750891843;
0,824532495034141;
0,611485848288316;
0,0982463084322737;
-0,14991359911676;
0,0106722207389648;
0,0515401805694174;
0,185650408240813;
0,716739986858783;
0,986198169848431;
0,809041325839854;
0,763187311629191;
0,634185976656887;
0,105770718963101;
-0,161914823169505;
0,013148160203402;
0,0547493253283306;
0,182080679216917;
0,71155255485866;
0,979462204798922;
0,802303024542143;
0,761224692442917;
0,637128901802881;
0,107537214592188;
-0,163014662426572;
0,0128722684625165;
0,0552730303537077;
0,182850498585209;
0,714917252648197;
0,986386423000443;
0,81109791898223;
0,768186150313923;
0,852360724272147;
0,835707020343708;
0,816340798958477;
0,829601429775911;
0,826991362287044;
0,817644149642029;
0,816337482278454;
0,816492489090529;
0,816319949669433;
0,818999471748492;
0,823836380511649;
0,825914126987115;
0,823339203207008;
0,819991762241553;
0,818235774298851;
0,818783374286431;
0,822830600400298;
0,826038917357115;
0,823781966675175;
0,820978996535118;
0,821267015113885;
0,819665837283624;
0,817333332872503;
0,820734531619901;
0,826854752911422;
0,616483027860698;
0,100159796094374;
-0,151421904660132;
0,0104544641085092;
0,0521943381972851;
0,186359081329269;
0,718309690740985;
0,985614953980277;
0,806151305219399;
0,763837069376258;
0,85110484695809;
0,833495431621583;
0,809845629096731;
0,821605279288321;
0,822568995172314;
0,815671173988382;
0,811323886420632;
0,81477534786071;
0,828804581242937;
0,838281569926687;
0,622324214868702;
0,100091726568558;
-0,152529477117326;
0,0107936679729776;
0,0524695278246652;
0,188659892908435;
0,727399958306927;
0,997242810017971;
0,811298043720063;
0,760891360080029;
0,632651784121403;
0,105349326063218;
-0,16161656251326;
0,0132401009332366;
0,0545941741869927;
0,182428295331824;
0,711992371892685;
0,978960669651737;
0,802434496085605;
0,76331143395137;
0,849571376456408;
0,828491976179846;
0,803593683284282;
0,817782522098273;
0,821860849204828;
0,819737888424905;
0,822788106842553;
0,821160069656251;
0,815444336049065;
0,815495128267096;
0,821433866439634;
0,824343467139748;
0,820171866758815;
0,815263257103413;
0,81592890306985;
0,821017538005102;
0,8229683370913;
0,818592129818673;
0,816653144569453;
0,821594029586964;
0,613800099624005;
0,0999075175582421;
-0,150914823342349;
0,0104192054871476;
0,0520150131543211;
0,182465853308852;
0,707117307262089;
0,977748551645936;
0,81048860493059;
0,771161962007177;
0,640942370521119;
0,107097365982235;
-0,163548716621628;
0,0131513808831232;
0,0553619347575449;
0,18081407427854;
0,70855953742413;
0,979227671194158;
0,807990415683029;
0,765798901055754;
0,847172704516503;
0,829722087407628;
0,810623741209092;
0,822906312467182;
0,819083429812963;
0,811272833600561;
0,814020880856381;
0,817386908012906;
0,819523021872256;
0,822831247605389;
0,822465591346723;
0,818118854571925;
0,816550160791719;
0,818556951728928;
0,823181818376573;
0,831044613567888;
0,835042804904921;
0,82829561951642;
0,81671648996501;
0,810057594126733;
0,601507843002583;
0,0981599483586646;
-0,147741310309845;
0,0100164472918904;
0,0510073381268781;
0,18495186856288;
0,712418203292817;
0,981694314757005;
0,812687900859323;
0,77769923048536;
0,862928338389069;
0,836231011526662;
0,805415878009126;
0,817450263987215;
0,822651734291541;
0,611086103535177;
0,100700879795172;
-0,15011510664114;
0,00977573716203916;
0,0520044748993359;
0,183184443417305;
0,708107456849462;
0,978395590607034;
0,811993543912567;
0,775468753110433;
0,645233773038037;
0,107627188364907;
-0,164636879655247;
0,0133144463622307;
0,0556969522932743;
0,181554051990214;
0,711306354941566;
0,981074650213697;
0,807731248180359;
0,76885676676949;
0,854069026245728;
0,835395982901378;
0,813190305436736;
0,822014861016101;
0,815843839165762;
0,810457635398636;
0,820267468678935;
0,830412103632328;
0,833015965126913;
0,830037580168512;
0,825696653218592;
0,822772938034254;
0,819606491152179;
0,816498182771275;
0,815699752110455;
0,816740426050983;
0,818799810415298;
0,821043309384855;
0,823415701331965;
0,825500276479346;
0,824220679519814;
0,819775266426216;
0,818435644589761;
0,823931585192054;
0,831296849869403;
0,834634835301521;
0,833384870912244;
0,827720561476015;
0,820117355731028;
0,816537630095336;
0,607044244493061;
0,0987040374954048;
-0,149155872204016;
0,0102918158868197;
0,0514143973863533;
0,186405336347316;
0,718746566947669;
0,988617530733217;
0,810488087089774;
0,765060696198409;
0,845922629506893;
0,823353963810864;
0,803530879527054;
0,821837879469573;
0,822705367619695;
0,818405911566085;
0,821576824265207;
0,817292776157289;
0,809559428353168;
0,809097062991303;
0,813290361817109;
0,818478411911828;
0,823040057825066;
0,825462577346061;
0,824686411454849;
0,820562764334588;
0,817974927891581;
0,818429083665438;
0,819663087367766;
0,823703398341029;
0,827285833937816;
0,823036569671395;
0,816521825849977;
0,818234927320445;
0,824843432685518;
0,827745228093194;
0,826495136807526;
0,824319206765956;
0,822034491773557;
0,819480255298973;
0,607755008640931;
0,0986068893812413;
-0,149126169007024;
0,0102756317568358;
0,0514166802686006;
0,187020745758162;
0,722640925144498;
0,997118165545368;
0,817452637623109;
0,765029413243676;
0,634589702110953;
0,106749137958417;
-0,162110661802504;
0,0128257931109105;
0,0549629285914456;
0,182574815068263;
0,712512607350494;
0,981024101219832;
0,806002395780055;
0,767455938306787;
0,642405891027068;
0,108523036124028;
-0,164278522707154;
0,0128889331693933;
0,0557409916793505;
0,182268142529444;
0,712922428670608;
0,981845327919523;
0,806047056524449;
0,768158399091082;
0,643425061508124;
0,108216136892791;
-0,164602150268913;
0,0131478137523758;
0,0557453348085164;
0,181155373802145;
0,713564039100128;
0,994426435797939;
0,829516082104317;
0,782450220079234;
0,641660715660459;
0,105099921834147;
-0,163051932800236;
0,0136666723553;
0,05496740124144;
0,178538387998053;
0,69793590634317;
0,960185615200657;
0,798689283399952;
0,783341653113455;
0,66289754506263;
0,111936252852962;
-0,169717518587287;
0,013435267901677;
0,0575275684824966;
0,184887972153327;
0,726699241233958;
1,00458309503067;
0,823030659196611;
0,769440787006852;
0,63513511579314;
0,105137771854017;
-0,161878451639984;
0,0133407000653133;
0,0546584756503887;
0,184104121373324;
0,718456560724498;
0,989416110484504;
0,81299186310671;
0,771856935051553;
0,856125149806931;
0,833086592997808;
0,807151960986068;
0,822234556495977;
0,824493979768372;
0,816720017515599;
0,819107413760051;
0,824283924853578;
0,824960480502774;
0,825090482615616;
0,613257746704647;
0,099219028727898;
-0,150579571068966;
0,0105466129312867;
0,0518388233659489;
0,185678261180154;
0,717075457594827;
0,987826362537326;
0,812788261408559;
0,768974903967987;
0,63991480543325;
0,107448556724019;
-0,163414438254234;
0,0129835913361172;
0,055382381739186;
0,1816652328925;
0,711064176217573;
0,981310711275042;
0,807753598290811;
0,767299565169237;
0,640455514327682;
0,107922653754214;
-0,163665039712754;
0,012897840249889;
0,0555108908381605;
0,183758313026956;
0,718164755789066;
0,989368793732536;
0,810354759976592;
0,764931946180422;
0,636429482077433;
0,106174887733717;
-0,162534008174995;
0,0132088025727618;
0,0549527307264124;
0,183681814120917;
0,716843014839866;
0,985710575638503;
0,807257490228681;
0,76785109293622;
0,64405040523124;
0,109030013569468;
-0,164863654754748;
0,0129202769740967;
0,0559411584553805;
0,180039653771526;
0,706924865015548;
0,977721063775842;
0,806723482601761;
0,766975456684553;
0,639632636515594;
0,107510335594935;
-0,163422378682018;
0,0129780026754709;
0,0553854789304844;
0,18445753182819;
0,71973833013463;
0,98997595843933;
0,810006863846288;
0,767093244104543;
0,641237686074528;
0,108136984762691;
-0,163981603964088;
0,0129461378131463;
0,055604467985218;
0,181898390232752;
0,712186620948027;
0,982480752679392;
0,807971604105596;
0,768530150746616;
0,855409939356709;
0,835655703567957;
0,811709123817586;
0,825883820489492;
0,825589628393101;
0,814777919000182;
0,812096569335333;
0,814849661300383;
0,819892678047662;
0,825395877271247;
0,614746509745583;
0,0993472583400515;
-0,150969415631095;
0,0106337481762625;
0,0519457377859176;
0,185476289598576;
0,713692143452476;
0,97530621425132;
0,794591633074927;
0,760110764810921;
0,643657690255371;
0,110553014505412;
-0,165235479615185;
0,0125146360496185;
0,0562464010021542;
0,183050622426789;
0,715336512023219;
0,983919580574485;
0,803379717861914;
0,76007822796356;
0,636223139391521;
0,107557805989669;
-0,162799506053349;
0,0127903782206281;
0,05522839130947;
0,183667080343449;
0,716366771783681;
0,984737350386295;
0,804978793598144;
0,761245587778732;
0,634562201222085;
0,105864226174408;
-0,162112260457955;
0,0132015084733943;
0,0547965428385711;
0,180426856591379;
0,705992205161598;
0,973283650687457;
0,802568546845238;
0,768585127824829;
0,856340195957426;
0,834066794526445;
0,808090961583333;
0,819134319195087;
0,816454866718422;
0,812563542841419;
0,82228074543105;
0,830287485358425;
0,829109347430822;
0,821270586340843;
0,813218106144382;
0,812927815770127;
0,821010269811531;
0,830704440470481;
0,834903866218599;
0,830993757709916;
0,822356107141761;
0,814484886347834;
0,812353975866066;
0,817155058159563;
0,611052454980449;
0,0997973303004038;
-0,150320552338184;
0,0102773285394065;
0,0518524577032373;
0,187353207122978;
0,723362809539155;
0,997305090414083;
0,819311017783076;
0,770831085960079;
0,639776788112193;
0,107162167353511;
-0,163342450789035;
0,0130706025750523;
0,0553179148755903;
0,184845009441409;
0,72030633363739;
0,988390759060395;
0,804717278369691;
0,759257445360652;
0,847406945396975;
0,836419221836794;
0,823179153220252;
0,841063001891761;
0,838087527093896;
0,824915712241479;
0,818465820505648;
0,814285067371918;
0,818137489327816;
0,830506896988053;
0,622949384913581;
0,101368202406885;
-0,153264801713877;
0,0106445308065582;
0,0527939041701391;
0,189345337363224;
0,728836040561832;
0,995212634399944;
0,801538660085579;
0,748859043922088;
0,628021186190309;
0,107060624075337;
-0,160993169250023;
0,0124191396076707;
0,0547087857798382;
0,180979725270825;
0,707165449568809;
0,977850949586825;
0,811543507071902;
0,777108982917259;
0,647769170802559;
0,108351170130666;
-0,16532269195727;
0,0132622229955348;
0,0559756063110159;
0,182708347069638;
0,7160296146299;
0,98723877523746;
0,80818455928696;
0,762561607449864;
0,635994687750656;
0,107155789057542;
-0,162595213684915;
0,0128548791180372;
0,0551276233447492;
0,186932582978803;
0,72654826770689;
0,993608945145449;
0,802984948467574;
0,756638716790955;
0,636559398438697;
0,10835054709809;
-0,16325234717128;
0,0126984780775993;
0,0554278131812616;
0,183725991488087;
0,716316551494661;
0,984542088365105;
0,808198600879804;
0,773224725633321;
0,64850508629189;
0,108639631546479;
-0,165894557496191;
0,0134292276617626;
0,0561041703472013;
0,183050648252371;
0,715642945069577;
0,983076392717744;
0,80458398268951;
0,766229237291702;
0,64104066042141;
0,10692890303303;
-0,163873848839265;
0,013404582415461;
0,0553623971291393;
0,182810935499405;
0,715734903444887;
0,98744719007514;
0,811021110310997;
0,765322108284504;
0,635027780539278;
0,105621506841207;
-0,162005991127223;
0,0132163305514367;
0,0547568283347897;
0,18580057293067;
0,724546475086055;
0,998791109425163;
0,822212624010272;
0,77812245983875;
0,644641454860857;
0,106321537409608;
-0,164300254191963;
0,0137041850426952;
0,05540349961276;
-0,0285117426905146;
-0,00768185302120102;
0,013341096751696;
-0,00285578325511883;
-0,00354616090403179;
0,215735619513959;
0,727980198900077;
0,973963454065583;
0,813448217825521;
0,777136006301057;
0,644660026750063;
0,108255272056445;
-0,164396538498384;
0,0129430944705871;
0,0557745794907436;
0,183910459490297;
0,719092220633026;
0,991969084385699;
0,817784419391953;
0,779707539214935;
0,6504161288894;
0,108449402181823;
-0,166124654695973;
0,0135346989553555;
0,0561510494486734;
0,186018558093597;
0,726025729647602;
0,997061128322423;
0,814248233385548;
0,771401355014116;
0,645250514429349;
0,108704364010296;
-0,165005384394752;
0,0130718810010016;
0,0559317593641425;
0,182905847090447;
0,713765110040112;
0,980969413328401;
0,808748761630109;
0,780281394999906;
0,655738396847054;
0,109783690736279;
-0,167697982242712;
0,0135804727647576;
0,0567131193751738;
0,183756161357173;
0,721776044111411;
0,998163028139182;
0,821443874794585;
0,773326125364661;
0,850592442765554;
0,830841047975995;
0,817442079234333;
0,838613370895599;
0,838675743383471;
0,831264037224629;
0,832222878691788;
0,831028519826479;
0,826540252864699;
0,823496478797311;
0,825739752448687;
0,832379341364596;
0,836898426799836;
0,837494457538117;
0,833898277755845;
0,61470610820969;
0,0977885860166983;
-0,15043721943287;
0,0109862452574609;
0,0516055376664016;
0,188003045002917;
0,722550130804251;
0,989986955264936;
0,813240934247906;
0,775679755042779;
0,6472420467575;
0,107720031496133;
-0,165220106532947;
0,0134988882603596;
0,0558312556869486;
0,185900753776764;
0,725775872473136;
0,997618037822385;
0,814336727117244;
0,766048680475175;
0,635914703524678;
0,105478895081466;
-0,162260259662948;
0,0133733251346307;
0,0547814805224178;
-0,0281279816946557;
-0,00762238932501679;
0,0131799244344897;
-0,00280943376260832;
-0,0035082829551749;
0,215326926069147;
0,730032246945474;
0,981620971372615;
0,817766781979301;
0,768757409090753;
0,633428600814913;
0,106629016338464;
-0,161494877949337;
0,0125863702541591;
0,0548481660281155;
0,183867800020738;
0,716830482858802;
0,986789989322435;
0,80920096767969;
0,766462838145361;
0,638670960030794;
0,106652465100993;
-0,163135635233751;
0,0132284611291998;
0,0551682552265131;
0,186484034909831;
0,726424028220007;
0,997646773859424;
0,815221383603219;
0,770758348809267;
0,64143040566598;
0,106154919731245;
-0,163768033458489;
0,0136480160419193;
0,0552208189386649;
0,186422101986016;
0,729534579060364;
1,00714930075507;
0,82473625350406;
0,772639986228912;
0,855695778646548;
0,844621492639831;
0,830205618569102;
0,840654889396051;
0,831604582795003;
0,82026450657241;
0,819187992366217;
0,822530261087162;
0,833203562857571;
0,840935663931958;
0,6214639280937;
0,0979353342536912;
-0,151980799444338;
0,0114349191034006;
0,0519893454773554;
0,187788919589302;
0,723976317839056;
0,992415726891411;
0,811688534436193;
0,769229966075608;
0,641917544252423;
0,107203387520593;
-0,164022235705254;
0,0133250971895275;
0,0554554141628312;
0,183222518692815;
0,718394977137766;
0,994780996796019;
0,821355309389327;
0,775009772013913;
0,857469470586719;
0,843588188115098;
0,823397104367996;
0,830556892238935;
0,824478251139554;
0,818765007925566;
0,822561514838323;
0,824251057979184;
0,825759634549554;
0,828541420583195;
0,826611961707119;
0,821966922532926;
0,821824178824498;
0,827471360664852;
0,833942106225529;
0,836269630559937;
0,832427739471992;
0,82519216561456;
0,820665373206173;
0,819756550496808;
0,821123796949376;
0,824156059012446;
0,823667867144908;
0,820178800398354;
0,819185851840794;
0,608603193194941;
0,0983302473836843;
-0,149401747368377;
0,0105036403200354;
0,0514168740495965;
0,187692682537429;
0,720327011803537;
0,984982399158999;
0,805041635851781;
0,767845528631251;
0,644841053825924;
0,108826163488774;
-0,165032112222228;
0,0130589874440269;
0,0559436185251619;
-0,028510183639395;
-0,00787424528889465;
0,0134210885755525;
-0,00282089698099035;
-0,00358920703752842;
0,212918604353377;
0,720731154017001;
0,969647418450204;
0,814388617728543;
0,773145065288948;
0,635566555155518;
0,105475058435007;
-0,161679595167706;
0,0130593600955204;
0,0547180130952305;
0,187078276481263;
0,72733108540639;
0,997117426756161;
0,810594672693324;
0,763408395207904;
0,637853532744976;
0,107283528705373;
-0,163155668767772;
0,0130198697388895;
0,0552615853783382;
0,18419842830499;
0,719812343984702;
0,992872141256675;
0,816237526509151;
0,772181534991924;
0,853982199737177;
0,834317583938161;
0,815873320155673;
0,832404616293415;
0,831058717400774;
0,823533413529235;
0,826526414486332;
0,828393569115127;
0,827010182890981;
0,826194072936245;
0,825042240857183;
0,826050823629512;
0,827756713960357;
0,827493456749722;
0,826210499387514;
0,824582508850899;
0,824588476985346;
0,824418723831122;
0,822974984625449;
0,821794011892477;
0,821933803525484;
0,824533810225612;
0,825016355859682;
0,822802179720995;
0,821644766024186;
0,821933745228444;
0,826237383981851;
0,831254837483797;
0,831576470872147;
0,831321710086742;
0,618787717021698;
0,100757104414984;
-0,152065060229529;
0,0104440350224756;
0,0524380061700608;
0,188736688298145;
0,728188357173978;
1,00201035393499;
0,819923142097409;
0,766841498896261;
0,633198493830332;
0,10468863261961;
-0,161377358144444;
0,0133499161697378;
0,0544670862925301;
0,187475587762905;
0,726846231431893;
0,992806024285956;
0,805252350319762;
0,761281376750881;
0,848728174027719;
0,830287894355821;
0,810726493957455;
0,830173285601219;
0,836108735450978;
0,831352142566643;
0,82709668859086;
0,819934647983579;
0,815640715009565;
0,81830622636736;
0,823153156006898;
0,825619864258944;
0,82670595594858;
0,828372438831048;
0,82781711630623;
0,825162554012934;
0,823448110128865;
0,821009721907657;
0,81831884126344;
0,818284249943788;
0,819560789216524;
0,822486942151629;
0,827349343573979;
0,828991549390327;
0,82581228801136;
0,610403735080197;
0,0977476688900157;
-0,149649107060181;
0,010790784889495;
0,0513882532412302;
0,186300462353375;
0,717770752595376;
0,984224162044791;
0,804205285042078;
0,764228752670414;
0,857517233984221;
0,844306276277306;
0,821295592842264;
0,82959831849274;
0,824199636937804;
0,819213238179979;
0,826394599691411;
0,829721436134079;
0,827875411748645;
0,826067171857002;
0,821947238671344;
0,818072710764416;
0,820016113365323;
0,82541783381135;
0,827704126840451;
0,613348860510895;
0,098320549658876;
-0,150371955009479;
0,0108006059074845;
0,0516552204507116;
0,187374693569132;
0,723043468404878;
0,994323833056228;
0,813779482970937;
0,765326199283046;
0,636219075613465;
0,106548822712952;
-0,162510812250699;
0,0130495373164157;
0,05501382984016;
0,182661764110124;
0,712930154769536;
0,97970856642926;
0,802064532310957;
0,764489660081804;
0,852486460451197;
0,828873519693148;
0,802218697618278;
0,817906188286953;
0,823680851175737;
0,819904340172642;
0,817244362821851;
0,821066883969283;
0,834198377628744;
0,838437920769746;
0,82493649283076;
0,813501962006696;
0,820697267110182;
0,83570693536505;
0,837933706538225;
0,829441923636852;
0,827290560996784;
0,825543737725285;
0,813526383649874;
0,806721842211428;
0,817118357994838;
0,8306743500766;
0,827189728071445;
0,811842795598639;
0,806808922077338;
0,814314049974068;
0,820888086574438;
0,821722486260005;
0,821589463399336;
0,823782537109706;
0,824313414329737;
0,820894058477084;
0,81966646015791;
0,822210829534434;
0,824290728375802;
0,826884551721133;
0,830121836422677;
0,829237401591155;
0,823892725980114;
0,819155506111783;
0,817937263977193;
0,820108358952018;
0,825108441576565;
0,829497980916833;
0,828339677540911;
0,822562980845904;
0,819333251414515;
0,82142552970446;
0,823661564582559;
0,824665303815381;
0,824938111031703;
0,82219281174306;
0,819497418494901;
0,819294830052223;
0,818554860385809;
0,817745145169144;
0,819523986229556;
0,82200094384319;
0,821842287803688;
0,819550150390376;
0,817256750280391;
0,815761429828561;
0,816137139252144;
0,817260293845516;
0,818027405968904;
0,821119824443356;
0,825220511690931;
0,826539617815407;
0,824878072112935;
0,820612118821755;
0,816315234666035;
0,815544947736434;
0,818700737257571;
0,823765476468638;
0,825685610332655;
0,822890582116982;
0,821480159676355;
0,823474890674993;
0,824063627222204;
0,823118649437792;
0,823381916428637;
0,822199741947212;
0,818574648779517;
0,817371795799807;
0,819473525440792;
0,821747353604292;
0,824696804223002;
0,827421027169303;
0,826452296637737;
0,823422601731421;
0,820926145162318;
0,817489804467925;
0,814847787889293;
0,81782168226953;
0,82172522944297;
0,820985119446907;
0,82158998628017;
0,823120917840625;
0,820831959710144;
0,819779872525228;
0,820937136951437;
0,822519641571798;
0,826603017626581;
0,829252675393913;
0,827134926050995;
0,825034051010717;
0,824622946330991;
0,822384335472772;
0,816942974102689;
0,812849956973097;
0,815971511270282;
0,820075635371128;
0,818925523276364;
0,819799597240122;
0,823030360325366;
0,610903746527206;
0,0979738024106153;
-0,149802561279146;
0,0107558354304401;
0,0514604217951553;
0,186423316278879;
0,719364951269164;
0,98978717301105;
0,812436454134837;
0,766889128947809;
0,847962606468736;
0,828116902159184;
0,810042395221665;
0,82699505710366;
0,824742680002061;
0,816413031090936;
0,822345935569346;
0,83347559155784;
0,840353989487837;
0,839101741614775;
0,619266745869424;
0,0989630391621203;
-0,151622451412929;
0,0109182887647325;
0,0520785619403337;
0,187119723367362;
0,722095943340313;
0,991222328838168;
0,808848784909527;
0,761003254215131;
0,633849426853124;
0,106254099942262;
-0,161991666964069;
0,0130075805430054;
0,0548356723092951;
0,183835088242543;
0,717066142572696;
0,986919359550496;
0,809750075980278;
0,768712505791401;
0,853363777185691;
0,831924021793933;
0,811736521521138;
0,830834578488768;
0,831335587880675;
0,823296460140922;
0,824815763950554;
0,824666885854335;
0,821569442107663;
0,820637480071831;
0,821957123085912;
0,825949762466416;
0,829695717262542;
0,828989743811098;
0,826635927407525;
0,825055026231578;
0,822672084055821;
0,822259507048234;
0,826241907980896;
0,830100425657719;
0,828427706799824;
0,825393250308996;
0,827633168834462;
0,829219671778626;
0,825287506050645;
0,821932184215464;
0,821847200803674;
0,82281151535964;
0,826149052975441;
0,83166122116243;
0,833650572224586;
0,828766236608563;
0,821388124595804;
0,820130895870115;
0,824541531813603;
0,826296995675844;
0,826238338604104;
0,827541575495488;
0,827671770485097;
0,827379539060719;
0,827294492786211;
0,825389574914478;
0,822840692413504;
0,821419466711677;
0,821273836369255;
0,822634016062149;
0,826631984571216;
0,832947965917922;
0,836383548240918;
0,834145786074303;
0,82968115332719;
0,82683030879215;
0,829983232285973;
0,837881110858685;
0,84033843884483;
0,834783991277923;
0,828872322149982;
0,826476054213569;
0,825521955822751;
0,82379383077472;
0,823054906640256;
0,824781542421887;
0,828239607076543;
0,834134504041815;
0,838475006832626;
0,83629924363187;
0,83275807916624;
0,832354942105721;
0,830424547574636;
0,82627863618153;
0,825164997773371;
0,826645914043147;
0,827184170716632;
0,826280167889149;
0,824719599814762;
0,611795369304354;
0,0989692088533189;
-0,150142663362261;
0,0104821106913237;
0,051705838829195;
0,188219608657206;
0,724277279266528;
0,993487623947058;
0,812674916371997;
0,769069687152726;
0,641439587599829;
0,107115003768171;
-0,16391741145952;
0,0133287751476981;
0,0554140533480997;
0,185732277825915;
0,725102107952994;
0,997756520347112;
0,816165639600418;
0,769802338644813;
0,640103752033081;
0,106455360827167;
-0,163437843720559;
0,0134053819144709;
0,055204693431231;
0,184994069290175;
0,722460270540849;
0,994633657257789;
0,815015617680015;
0,76934466445345;
0,8487598210475;
0,826083770682862;
0,809957438333509;
0,832451404399467;
0,835213638945064;
0,830182856486628;
0,833289873996066;
0,831894654050372;
0,825588382328397;
0,822146495892476;
0,821461672954408;
0,82186039262024;
0,823555538954535;
0,824768252281222;
0,825165506822753;
0,825724897829278;
0,824288009145841;
0,819433379910806;
0,815016600383509;
0,817358134114404;
0,827457477845331;
0,839972969317851;
0,850106975867833;
0,852679819059448;
0,844678915890517;
0,835943356567629;
0,835293013570127;
0,836149634982178;
0,835056973960612;
0,836617511872231;
0,839485162556842;
0,841482786703011;
0,844285541613237;
0,846101490661741;
0,842488434482978;
0,834351257865491;
0,828599282002154;
0,82824760146762;
0,832401147848607;
0,839868843287112;
0,842889900905872;
0,836821531872791;
0,829220969351597;
0,826902614114728;
0,828855899176115;
0,833038786004277;
0,837991121153281;
0,839138691479988;
0,835320839378353;
0,831100853410288;
0,829233367673798;
0,830581276203564;
0,835721048697561;
0,840586208372704;
0,839172144134122;
0,832534858839196;
0,824755191019679;
0,818419548682112;
0,817357914605729;
0,82247663975491;
0,83012721833637;
0,835498222148105;
0,834339890171199;
0,828172520371965;
0,823544925372107;
0,822233790666327;
0,821604576096345;
0,821824761585248;
0,825392680973555;
0,832700183783206;
0,840168406162758;
0,842328178938828;
0,836924187105785;
0,828440893334291;
0,823373845658127;
0,822732477016533;
0,824337542175206;
0,827401033658986;
0,828206453109618;
0,823426615825793;
0,820279161337076;
0,824803754223676;
0,830468883412891;
0,834092268908507;
0,839502345253847;
0,627083458266043;
0,102051748559544;
-0,154215902588911;
0,0106724969552354;
0,0531404412474774;
0,189312501609792;
0,729271784468587;
0,998264213445404;
0,813253689091619;
0,772524084276395;
0,860761094793585;
0,835383340472713;
0,815766761860308;
0,842392385320091;
0,846071804699607;
0,837930427707361;
0,838387296429268;
0,832631522012443;
0,82166731964548;
0,81614393378956;
0,813931149492046;
0,810455856224335;
0,808233415966605;
0,814556605611891;
0,828160090797059;
0,836834222321285;
0,837619882833243;
0,834639337641988;
0,826648785556468;
0,818909802384434;
0,824092519695141;
0,84080988377815;
0,852821898185404;
0,851247039926624;
0,840252266158617;
0,82811426180617;
0,821123376422707;
0,820375232996635;
0,824611587702365;
0,833507280546595;
0,843422344153992;
0,847727522545906;
0,846157797156049;
0,840267702892012;
0,829190129888173;
0,609193717889702;
0,0977195094174278;
-0,149046062693592;
0,0105226811676121;
0,0512902425712281;
0,191752152891454;
0,736430298697929;
1,00993919039811;
0,823586662578363;
0,773949699521819;
0,644949145734627;
0,108500886037071;
-0,164888598641378;
0,0131072581299117;
0,0558735347810191;
0,18669716869321;
0,730071817242572;
1,00751753164046;
0,824312972836591;
0,772416496416558;
0,855982589945381;
0,843789960054253;
0,830749716429396;
0,847198843821016;
0,840079787065372;
0,825628382317453;
0,824097806135977;
0,824907024459029;
0,826667448969361;
0,834867652905336;
0,627213320242275;
0,103612612981662;
-0,15455007917985;
0,0101997339575703;
0,0534664182128882;
0,184167703423874;
0,713579641115774;
0,985293351294904;
0,816343114812538;
0,782599266733003;
0,874585711284389;
0,86000340066994;
0,835065883638093;
0,838499359387616;
0,827612044656416;
0,817873053307816;
0,826607755218691;
0,836557729840669;
0,833966521758451;
0,824485535730802;
0,816409263560867;
0,813486391024188;
0,818753140481031;
0,829631923535328;
0,835016544152313;
0,829783209470314;
0,823193189188698;
0,824636098905663;
0,833541979458563;
0,843123563344613;
0,846990137814353;
0,843869187329949;
0,836820178305361;
0,830618863254378;
0,828205160916766;
0,827859469008287;
0,826509468261762;
0,826221839373997;
0,830677546285552;
0,833430656652669;
0,828849224928553;
0,823542614568977;
0,821671578061328;
0,823271945959059;
0,828375704381901;
0,831383374691515;
0,82840803720618;
0,823708376348475;
0,821610654067626;
0,821662536267849;
0,822797639130334;
0,824622191573726;
0,826850820434335;
0,82880804402651;
0,828062535183306;
0,824766274741841;
0,820741856837098;
0,818099208123076;
0,820315886213876;
0,824344913090636;
0,826956700495841;
0,829160407692365;
0,826136500627959;
0,818792314563087;
0,817722337274399;
0,823489655193211;
0,826341267374742;
0,822667847996457;
0,817725316444228;
0,815710345177544;
0,81651481715554;
0,820189404565316;
0,826843507283518;
0,831412015835963;
0,829258347918172;
0,823464215532095;
0,816263525610301;
0,807601774654219;
0,803263136151499;
0,808446407540259;
0,818435353862275;
0,825138517927556;
0,827349087575958;
0,826054892251452;
0,820850511702173;
0,816780425687866;
0,817728405400303;
0,823142598234515;
0,831638980292949;
0,83556264924474;
0,830977416754723;
0,825626093640338;
0,825253344564505;
0,827591731076959;
0,827986276773464;
0,825773924048184;
0,823381431812148;
0,820592643755467;
0,819462820302359;
0,824969953477912;
0,835236232093211;
0,841885457378437;
0,839412997156094;
0,829334735433341;
0,818728150170645;
0,815660714102047;
0,82085728075684;
0,829031904693259;
0,836281799424079;
0,837859269166684;
0,832081972097461;
0,827082885942727;
0,828490290520228;
0,830535072003443;
0,827631228361376;
0,82347316417811;
0,82376837612574;
0,827146125510472;
0,829492846396308;
0,830225219984619;
0,829688822482418;
0,827032733913034;
0,825206962875557;
0,82951267592779;
0,833560788636911;
0,82795829091547;
0,821150855372118;
0,824220406235742;
0,833962033816777;
0,841854168037218;
0,841437700381102;
0,832406487003708;
0,821810794509564;
0,81767788896486;
0,823567079683991;
0,832966783116731;
0,834400451729901;
0,828461230929155;
0,823526601604108;
0,823075747173319;
0,827382584770881;
0,832264273595556;
0,831983234544112;
0,829749877322381;
0,831980470028538;
0,835241736392118;
0,83428472923909;
0,831626747926718;
0,828378740780548;
0,825187418837272;
0,61341657246767;
0,100524884702942;
-0,150731513364392;
0,0100745855923695;
0,0521018678844961;
0,187270843691143;
0,722391368550217;
0,99406029181415;
0,814165459302844;
0,766756678597649;
0,849499836587057;
0,831782717458172;
0,815188817569479;
0,833650816562548;
0,832182103024778;
0,823432824212339;
0,824535080785694;
0,825962562120606;
0,827706585429592;
0,831414424672048;
0,831092608790167;
0,825837063351137;
0,821662753924618;
0,82149299456978;
0,824807949705923;
0,830853532507829;
0,834866461451169;
0,833780849593905;
0,831715940470042;
0,829454749738648;
0,824792270069874;
0,820493411638028;
0,818921665194114;
0,822343706615344;
0,832093461844595;
0,841262423544173;
0,842767159917118;
0,836964846572871;
0,829033151328896;
0,82479346396851;
0,826177152408452;
0,831110152929456;
0,835711323062397;
0,837577028025833;
0,835536148239566;
0,829693664322131;
0,826075372396335;
0,827497135045563;
0,828170829063534;
0,827025293003813;
0,826930312059891;
0,828700574428371;
0,832754251384149;
0,835522126379235;
0,83399671093644;
0,831129373548257;
0,828896993535604;
0,828250535535137;
0,831561428842155;
0,83453346114249;
0,832037995949776;
0,829309963649673;
0,830248839984763;
0,832393660258668;
0,834692366223052;
0,621211357323657;
0,100791428455262;
-0,152575549500807;
0,0105877884304371;
0,0525684112919133;
0,186575260509375;
0,717282594346293;
0,978960574880115;
0,795484871143859;
0,755875805486455;
0,849016833901276;
0,841027051861687;
0,829455172673147;
0,845112837167669;
0,838676713055829;
0,825556303917491;
0,82081853742229;
0,815995113931188;
0,814271571322898;
0,817254023433899;
0,608172682067856;
0,0982520886594971;
-0,149317192165762;
0,0105120345548414;
0,0513807643879092;
0,187156378008943;
0,719820234318036;
0,987557429316466;
0,808252675663097;
0,761766766917601;
0,840907479318706;
0,821036791453926;
0,80539721587302;
0,826803062422538;
0,831743288007505;
0,826027964778836;
0,823341073447276;
0,821206798819716;
0,818844442794095;
0,815771087531213;
0,60481497832036;
0,0982218114630274;
-0,148427248290635;
0,0102001228565987;
0,0511871501821968;
0,184950350457872;
0,713603087137932;
0,983948965315068;
0,812203976436464;
0,770233578703185;
0,850849567056677;
0,82867526849405;
0,807059608686811;
0,823677119499941;
0,825077630419888;
0,816046438655637;
0,812786527672373;
0,813521771511711;
0,818587491700375;
0,824208553790278;
0,825026983839509;
0,824485900411216;
0,825798806653275;
0,825881707819112;
0,824479436350927;
0,825007509651223;
0,826747843885002;
0,825819001042118;
0,821639683934075;
0,815878017300185;
0,809540200592175;
0,806267131800931;
0,806888724082288;
0,805413247458362;
0,800196757067668;
0,79717773477911;
0,802034862340593;
0,813406005359815;
0,821946325411768;
0,823754928773777;
0,824788158358865;
0,825347342929568;
0,821397708308782;
0,816232871425382;
0,814356564719678;
0,813465359691624;
0,808789422292043;
0,80133812874901;
0,797061138562543;
0,797698517039308;
0,802894192851651;
0,814199748214532;
0,827729588092282;
0,834507324315805;
0,8304458957028;
0,821062598560609;
0,815218374071229;
0,815941223682072;
0,820759672317308;
0,827191671962103;
0,828478101899511;
0,81913739517038;
0,807739306199044;
0,800842524892939;
0,796137910831517;
0,796853056366724;
0,804191567701987;
0,813545803158386;
0,824957302620552;
0,837188543068547;
0,627250212692558;
0,102426407741856;
-0,154293838428415;
0,0105500704759743;
0,0532228908237571;
0,179943479120232;
0,698083142867204;
0,962538600963237;
0,798554117988123;
0,769591573675316;
0,85672446952585;
0,834242363447998;
0,807222026667754;
0,815337612275335;
0,812150345883146;
0,810222204467795;
0,821929431812528;
0,829289545470512;
0,82695456760478;
0,824272343127913;
0,823678265457034;
0,818023500709077;
0,80785827451642;
0,806312392244965;
0,814617610395634;
0,821130925213216;
0,821325411735576;
0,816634075038148;
0,810503862278488;
0,807636417981725;
0,81007143683193;
0,817182935093189;
0,824208502133258;
0,826346848073904;
0,824446051590945;
0,820309799749753;
0,818219592067887;
0,82516674957375;
0,837309477369674;
0,842557443947168;
0,837041856824208;
0,825097088187431;
0,812649352921063;
0,805315064992846;
0,805670612677225;
0,812003895324792;
0,820732695811661;
0,830597254127192;
0,840497855754143;
0,843961638647885;
0,837513174403231;
0,829039929800573;
0,824883061791651;
0,821230482149932;
0,816191777755104;
0,813755614553067;
0,815799169932507;
0,820399942463253;
0,825299153535743;
0,830185026366402;
0,832691772873277;
0,830617435782253;
0,830701991938051;
0,838725865930704;
0,844822920535434;
0,835891431374811;
0,817026323982336;
0,803223284779091;
0,798810303841021;
0,800542102905044;
0,809315869374813;
0,825095936923196;
0,83903537835071;
0,842703879934584;
0,838193522216203;
0,831737700506604;
0,827955186645654;
0,834025028613231;
0,843127775214801;
0,839901165453047;
0,833426998370552;
0,831301009588649;
0,826847198900609;
0,827872347295136;
0,837135199630294;
0,625522183848901;
0,100961444991882;
-0,153672902395393;
0,0109068265976297;
0,0528375273104588;
0,182520875174977;
0,709267230946675;
0,982255801244194;
0,816417110440544;
0,778027523609063;
0,646534847101848;
0,108276421923156;
-0,164936084713822;
0,0131400744665598;
0,0558872575812853;
0,179825323787032;
0,705992613022745;
0,976094517298446;
0,808051987784076;
0,773564664047352;
0,645427737466343;
0,107520954502928;
-0,164816757057668;
0,0134521672942287;
0,0556993048217554;
0,185095763705397;
0,720669221682012;
0,985356854937459;
0,798915470827399;
0,756072078539176;
0,634488550010718;
0,106987522804915;
-0,162422672031813;
0,0129110450022738;
0,0550318992106361;
0,18195208055465;
0,710188034338746;
0,977716451024206;
0,805681196515676;
0,771801807476394;
0,646413106638798;
0,108487795773473;
-0,165236469511673;
0,0132311676440584;
0,0559494735614169;
0,183468700645221;
0,719727676835794;
0,996028404636849;
0,821141294203774;
0,774500779745325;
0,641396204702632;
0,106677808219802;
-0,163560467571097;
0,0133095784274886;
0,0552991930648821;
0,184108676030336;
0,719565397239972;
0,99127843410968;
0,812530919151161;
0,766476585263976;
0,636284464524298;
0,105625709495959;
-0,162352562163813;
0,0133438649376359;
0,0548291528956053;
0,184501396633523;
0,719676161874683;
0,990259882926234;
0,810870330621066;
0,764737929091275;
0,846811821608219;
0,829227850795681;
0,81154437692216;
0,829064384855411;
0,829626468964392;
0,819740194300472;
0,816100599113616;
0,815565431213871;
0,817621065894952;
0,822118352704316;
0,613479116234389;
0,100130785430972;
-0,150796701650526;
0,0102749198404573;
0,052035909112726;
0,185299281718321;
0,715532800111355;
0,985980229512772;
0,811468066975614;
0,765317876912023;
0,633497284371747;
0,105023226859938;
-0,161469617510995;
0,0132452234159959;
0,0545475962674985;
0,189626812789578;
0,734499088234888;
1,00108801644726;
0,805872865140812;
0,760449018462607;
0,856540886861649;
0,844363011797811;
0,822451971009741;
0,828428679167215;
0,814771185603489;
0,800448539834593;
0,807020894605203;
0,821202180766329;
0,827123755437683;
0,826480647249233;
0,828903209218505;
0,833464337861331;
0,83470709187129;
0,831239535414736;
0,822722066975179;
0,814369227849819;
0,817019679090938;
0,829622520648372;
0,837553822935752;
0,836354913821315;
0,833384181072602;
0,829591298680018;
0,822626065873107;
0,816746779586155;
0,818650232396976;
0,82685277106065;
0,831838954739393;
0,828138082172071;
0,820354928861874;
0,81618596834345;
0,81739491609904;
0,820869497703096;
0,823857548618818;
0,82498991208046;
0,825075726221385;
0,82660710903405;
0,828712416985982;
0,828634074699137;
0,825541064779618;
0,82056073579912;
0,815806208912497;
0,814254989825822;
0,81953749553196;
0,82823031008234;
0,832127062613368;
0,617147814140016;
0,0991374853419408;
-0,151361956086526;
0,0108136311671489;
0,0520192801541264;
0,188657469336668;
0,728123308376602;
1,0021519334737;
0,819873313199057;
0,766437855109299;
0,842508463845265;
0,819777702937196;
0,80233176093325;
0,827335597686537;
0,834540370697057;
0,830132076835033;
0,832824835031742;
0,831783336579526;
0,825490974114315;
0,822244493812297;
0,611024254625794;
0,0993423037603476;
-0,150065936036409;
0,0103238655951868;
0,0517438175069976;
0,185641324496409;
0,717165072608273;
0,988658036035304;
0,813636745274053;
0,769415162227031;
0,640024356858362;
0,107167538035738;
-0,163464347836537;
0,013124763770268;
0,0553377630801824;
0,180238612402242;
0,708229112525798;
0,982014693364324;
0,814707707858581;
0,776461523732807;
0,859417016462699;
0,837521488507362;
0,811678786104634;
0,818773050011519;
0,815159476002927;
0,815692300090495;
0,825557649815724;
0,827368720056895;
0,82391989896802;
0,821408103793016;
0,820556966132471;
0,824544313878975;
0,831273722299875;
0,833768516309305;
0,829845776539311;
0,824406477034187;
0,819306564530346;
0,814886247868108;
0,819471731566782;
0,832023241385115;
0,838382083608798;
0,833863696570092;
0,823705745335776;
0,814165585547956;
0,810505906608913;
0,812729332371326;
0,818544606703147;
0,825150701488482;
0,827980056848377;
0,8284863455899;
0,829012371971893;
0,825027129834062;
0,818922890865294;
0,81933068048274;
0,825971489078039;
0,830526830554321;
0,826829650954341;
0,819847176984123;
0,817857517007406;
0,820199117156487;
0,82211833457034;
0,821530481500905;
0,819768066629808;
0,819764885270257;
0,822095634830057;
0,823830251534285;
0,823884636716208;
0,82440171238382;
0,823449475939523;
0,816642967946907;
0,600966339198668;
0,096256734152137;
-0,147035938797244;
0,0104425145406785;
0,0505710239763346;
0,196165118065069;
0,747786567833495;
1,0167582902926;
0,815913589870801;
0,75767660023498;
0,631462028584203;
0,105940419203898;
-0,161525861654795;
0,0130054092396336;
0,0546581143856409;
0,18599789534975;
0,723560882758631;
0,992210068086714;
0,80929202137302;
0,768339895512924;
0,643438043883146;
0,107510329398387;
-0,164633819910465;
0,013463064341057;
0,0556164522493343;
0,183591920961321;
0,719454649398171;
0,992906740562876;
0,813909233393656;
0,7665528575313;
0,637496220408658;
0,106870727433276;
-0,162849609793555;
0,0130374300233432;
0,0551455967299039;
0,181841496227641;
0,71269013345036;
0,987163882997037;
0,819517355579739;
0,782286193292795;
0,86276871364037;
0,832796487561341;
0,804808270296393;
0,823053513647641;
0,828805323369569;
0,827644957006763;
0,838708214887001;
0,847149744478546;
0,839981098312404;
0,82453667479054;
0,606111456138036;
0,0981531691126246;
-0,148455696565409;
0,0101725086897424;
0,0512189536868562;
0,184678657882163;
0,713434432149385;
0,98546067885047;
0,814444289100523;
0,770899677864175;
0,848400057546405;
0,822374634349295;
0,803177282096824;
0,827364985066861;
0,834067621259435;
0,830454740784145;
0,830311626136168;
0,824280293207161;
0,815119820810222;
0,809567728270292;
0,600134057497134;
0,0972108830447294;
-0,14729210963112;
0,0102347942416271;
0,050745262144898;
0,181865173645824;
0,702709689781558;
0,968433230846427;
0,795255923095311;
0,748786310715033;
0,622090594127789;
0,10443902221161;
-0,158856096303477;
0,0126251681552781;
0,0538360570020442;
0,179504294260681;
0,700093875637982;
0,965009909905567;
0,800757709098087;
0,776431691974716;
0,861429946696135;
0,823012883726433;
0,798412905713556;
0,833064127449139;
0,843273660082637;
0,835644216993462;
0,837397937420642;
0,834810564239839;
0,826569422075379;
0,821514675478476;
0,817641724399549;
0,813142918249908;
0,809519313245341;
0,807720617703359;
0,80952126911875;
0,815481850115425;
0,824398462165487;
0,833070032599325;
0,837500990782885;
0,836523104084154;
0,830480824472262;
0,823578125460003;
0,821933535392222;
0,822731636468998;
0,820765785054603;
0,818222292964468;
0,817730501030663;
0,818837195952959;
0,824194280311343;
0,834384043186262;
0,839525085871342;
0,835407868371808;
0,831137753207095;
0,82918496970184;
0,82442597469405;
0,60929393180212;
0,0986798677667279;
-0,149311755160164;
0,01026534114629;
0,0514967897804164;
0,185107528244627;
0,712625378771771;
0,979991785231418;
0,808650574951773;
0,7701826231977;
0,640949189051435;
0,106982723987831;
-0,163493007965519;
0,0131671942332963;
0,0553357634888163;
0,185664916274291;
0,723897238259403;
0,995442655384183;
0,814218397221031;
0,768692750219382;
0,640206107827274;
0,107240494467953;
-0,163511088926047;
0,0131107404658001;
0,0553614654404918;
0,181440941588242;
0,710536693105281;
0,979891938559686;
0,805875269150369;
0,769090335478027;
0,645860820682504;
0,109782522003287;
-0,165394384804688;
0,0128073161684319;
0,0561878549262792;
0,186592309553451;
0,728777828293189;
1,00391590725636;
0,822584248692563;
0,779726442659221;
0,867215849297577;
0,846613937409912;
0,823625039203587;
0,838636474912837;
0,839870953010957;
0,832819391419282;
0,82584864869862;
0,817017434297378;
0,81365993702122;
0,813254624603003;
0,812877209838739;
0,818598529156754;
0,828289631518805;
0,833805256569609;
0,836561437538946;
0,837210580846069;
0,830658424411455;
0,821842891779018;
0,820045969048072;
0,82382177429198;
0,614428403307983;
0,100123463207603;
-0,150990824001535;
0,0103366213083345;
0,0520825830394847;
0,188079888544255;
0,724144490749796;
0,993962668672041;
0,81453451547822;
0,773417286849946;
0,858504745830301;
0,833084994422138;
0,806782700142185;
0,824729348210781;
0,833292840364211;
0,83552716102743;
0,840497969343974;
0,839748096788775;
0,837848775430906;
0,836958688696399;
0,835101128436171;
0,837267314230604;
0,840253363934788;
0,83894374770152;
0,836295388144886;
0,832233802341847;
0,827991130036855;
0,826955047451847;
0,829132198445696;
0,835890193218979;
0,840412605817577;
0,832382791203005;
0,824176417202017;
0,828423346593742;
0,837224123099223;
0,84047437386648;
0,833753215813003;
0,827925886329002;
0,833063418045958;
0,838940063078492;
0,623155290375;
0,100301956387916;
-0,15286594353167;
0,0108524305531992;
0,0525656895000507;
0,186183611513424;
0,719878486502857;
0,991097756753702;
0,81486399857593;
0,772621384369123;
0,644434087252272;
0,108422522691457;
-0,164676789572547;
0,0130470423653216;
0,0558233670783452;
0,183132888131454;
0,716158824822072;
0,985331470188113;
0,805396562311777;
0,763055028462405;
0,638953352468577;
0,107937146527892;
-0,163522200096483;
0,0128938421320234;
0,0554521349105252;
0,183017487449436;
0,713756175555557;
0,979919513828832;
0,803487460028412;
0,770589424060897;
0,862341156533466;
0,841670557955632;
0,817836855193133;
0,832732926258022;
0,832653560766412;
0,824151462136641;
0,822044266193283;
0,821080426860599;
0,824352823766355;
0,832727153979354;
0,836571867295667;
0,831577013780785;
0,824589187952296;
0,822092270367791;
0,823829748494192;
0,827519410512139;
0,831085538192608;
0,832657577044986;
0,833519530725816;
0,837285952881524;
0,840728446295024;
0,836461210035662;
0,828447467756222;
0,826525078217662;
0,828746067690052;
0,615820155505798;
0,0994500717553892;
-0,15109000963013;
0,0105995512632614;
0,0520105545057097;
0,188627722894457;
0,726870339982343;
0,999642193479677;
0,821820834589097;
0,780226698892453;
0,866736972187504;
0,844856259060095;
0,817552992694548;
0,827965493259384;
0,828195198384922;
0,830712002048852;
0,845229726219969;
0,850735040298156;
0,847407804132305;
0,842456877498156;
0,619906605310704;
0,0977066236119457;
-0,151559824456467;
0,0113760554360654;
0,05185863795096;
0,189857030502158;
0,729913259466494;
0,997736414829845;
0,813382585422831;
0,774721806643407;
0,652426799117612;
0,11094104344;
-0,167205122316328;
0,0129942514615409;
0,0567784723752627;
0,183906588133789;
0,72185146289447;
1,00040457046518;
0,828640347606029;
0,786742019251898;
0,867866081743964;
0,842609267301812;
0,817724744554169;
0,836089415013945;
0,841875629553708;
0,836957675921288;
0,83498917170135;
0,829014083601531;
0,823408780526238;
0,825935294542021;
0,830768545449318;
0,833187427062254;
0,835334009461947;
0,8345431947339;
0,830178899693383;
0,827814413618878;
0,827536308064884;
0,826948316186219;
0,829529677307056;
0,840879727655065;
0,85546146409248;
0,856209211980301;
0,839673488272825;
0,823352767724106;
0,823836668208176;
0,837597626221371;
0,849829522869689;
0,854955225724933;
0,851441210134884;
0,838089656704584;
0,612930302254897;
0,0972485460246501;
-0,149706525738165;
0,0108922140878779;
0,0513820218902418;
0,192003888978969;
0,733873267052988;
0,998115840946055;
0,808863405192711;
0,769420432142994;
0,861511714382044;
0,84114797682902;
0,821125912605762;
0,842611582301177;
0,842795792799353;
0,829814639546318;
0,828179924621066;
0,830511305869791;
0,831416954981038;
0,833311628600386;
0,620931512498365;
0,101402152934886;
-0,152575504160284;
0,0103459210725377;
0,0526736257080148;
0,188121951243681;
0,726112827587684;
1,00039659144932;
0,823771925087629;
0,779295341823082;
0,647011232354287;
0,107821014766422;
-0,165070963938537;
0,0133831978883927;
0,0558294453641985;
0,189015746187867;
0,737392614109111;
1,01558263977832;
0,83146186397326;
0,782007731142025;
0,648544827490925;
0,107710992874492;
-0,165477696822541;
0,0135780492328097;
0,0558947178631065;
0,186096135184163;
0,728234972501149;
1,00522343510678;
0,826116503560759;
0,77912671527596;
0,646663350483316;
0,107992320209903;
-0,165013623106383;
0,0132974288068782;
0,0558451251103963;
0,184962489130474;
0,722982838321295;
0,996975107138435;
0,821176315150243;
0,780201908479538;
0,864585856961193;
0,844200221940236;
0,821835532303034;
0,837636588105937;
0,840052932822291;
0,833362279795354;
0,834813853580517;
0,835674017798454;
0,832009491633815;
0,832817803987481;
0,837784460115712;
0,838969795706567;
0,835815886375242;
0,832466100959359;
0,830817738852884;
0,830521366145638;
0,83091766871078;
0,832459166090753;
0,835276496165127;
0,836113997189242;
0,83181508156631;
0,825426568722707;
0,821095185017607;
0,822172625514532;
0,833161759180645;
0,628708986609983;
0,104239308721113;
-0,155211428521659;
0,010232957569131;
0,0536909075466969;
0,186350816847926;
0,720439936395449;
0,991408180170709;
0,815551960840338;
0,776844539555137;
0,649466617144268;
0,10913897271973;
-0,166023757479256;
0,0132390599582469;
0,0562403262036071;
0,185584236800804;
0,7262240626533;
1,00095105996689;
0,81928248161075;
0,77197130005069;
0,64212438644407;
0,107240843647414;
-0,164018846623032;
0,0132956977209609;
0,055468846580078;
0,182050872294666;
0,713437679299064;
0,986688584502066;
0,819135316070298;
0,786852035730528;
0,874026532421611;
0,851334293543698;
0,826549144437304;
0,836032521857488;
0,828176671149862;
0,818988670204663;
0,824061143250627;
0,826234816855797;
0,822746266855199;
0,820515421388993;
0,81705215920628;
0,815484223209103;
0,824906811167378;
0,8415252207314;
0,85357560419469;
0,856736953021344;
0,85234372788859;
0,843992205059575;
0,83831933550094;
0,83697430740648;
0,83695986524968;
0,837415806009518;
0,837532377291471;
0,83583090542668;
0,832237676461848;
0,617004948230969;
0,100674212909946;
-0,151363873569827;
0,0101746091865352;
0,0523024447918814;
0,187932542168434;
0,723769578346036;
0,99463656991165;
0,819439746275211;
0,786066740439845;
0,660904036571084;
0,11194548866589;
-0,169223605044346;
0,0132584944616608;
0,0574207629894538;
0,183553694049334;
0,720906906714516;
0,995526972602858;
0,818090245711719;
0,774744854315682;
0,858016675268475;
0,836997381458513;
0,816573270699383;
0,833936228872642;
0,83521699013079;
0,828209944764573;
0,828290707697577;
0,829825912644291;
0,831087817982262;
0,831761577266512;
0,618177423980559;
0,100527973032664;
-0,151778552728249;
0,0104096537432525;
0,0523499067479486;
0,185963269616494;
0,716891257597;
0,984490618682784;
0,808706748670389;
0,770850817176285;
0,858445629192166;
0,838857765805365;
0,818595543455294;
0,835378593150243;
0,832109461619837;
0,822569894096896;
0,829984605150232;
0,838756530958954;
0,838378794262386;
0,833946360429115;
0,61631772896292;
0,0987013530602991;
-0,151066362833253;
0,0108736892119352;
0,0518844878531255;
0,192080478409745;
0,739232093540786;
1,01570835974171;
0,833420347620594;
0,788498586114251;
0,872693254530371;
0,850495444610043;
0,826609187488401;
0,836238561702868;
0,830290708198434;
0,611076127237161;
0,100159053276239;
-0,149742065429195;
0,00978949970341279;
0,0518696899865787;
0,189884338347167;
0,729762614295598;
1,00334675396807;
0,824162485696159;
0,779705702367258;
0,864618331598756;
0,846229870815694;
0,825288494924514;
0,839834889008805;
0,839204838947004;
0,829907581609715;
0,825798465264195;
0,826435011991151;
0,831303612235829;
0,828503147692147;
0,60824036525169;
0,0964924934818043;
-0,148539928235585;
0,0108017303965537;
0,0509847606948913;
0,183988658964111;
0,710508909331375;
0,979879528152717;
0,812885742230796;
0,779320444821003;
0,650689188312456;
0,108966055042112;
-0,166186959636845;
0,013337373916068;
0,0562621467467782;
0,182246275266642;
0,715606722318874;
0,989747271486592;
0,816381117639311;
0,773543673311015;
0,642396950370291;
0,106944312136054;
-0,163910028559301;
0,0133426120799505;
0,0554125615655508;
0,186793219712287;
0,727970801993014;
0,999463757398752;
0,81425543707304;
0,766745990183689;
0,63895519146156;
0,106852799438078;
-0,163277332608261;
0,0132097547231595;
0,0552275411700025;
0,188519938428439;
0,732328526457679;
1,00341247477706;
0,81745812057423;
0,773179311359418;
0,859370314818441;
0,835657409501973;
0,807658985184093;
0,823183868641292;
0,831459456158672;
0,833001071761795;
0,841060121788046;
0,845171243644576;
0,839233739070455;
0,829402345256703;
0,821135813167997;
0,817482848895909;
0,819711343778981;
0,82414760504853;
0,827078017660608;
0,832343907038189;
0,841335797361545;
0,844469626335698;
0,835780252841548;
0,823710118670341;
0,819676549665629;
0,821892768579323;
0,823511784534546;
0,82771867745177;
0,835851629170879;
0,838966801395153;
0,834849984765689;
0,832255578218285;
0,834906503741;
0,838967665160069;
0,841155488287921;
0,842781855861148;
0,845270580792018;
0,844624337699089;
0,841911614517334;
0,842104566108774;
0,841934932204472;
0,834733945766064;
0,816903338133386;
0,795822129661114;
0,786091221181896;
0,789403790573623;
0,798114489450538;
0,808968959152788;
0,817613361711299;
0,609232608669381;
0,0984928755606472;
-0,1495628058523;
0,0104925809932088;
0,0514820348068797;
0,186194752868368;
0,719236008579899;
0,988420018772796;
0,801312323918785;
0,739614876524555;
0,810736614870255;
0,795654176062014;
0,79357962649959;
0,825220080704986;
0,832202089709808;
0,831047807984373;
0,833746582272242;
0,825915900512652;
0,816613814541;
0,818751987637409;
0,827103986295344;
0,835484762078603;
0,843312517485496;
0,847051748133758;
0,842844802171262;
0,833329079396222;
0,824814274288704;
0,819803861284874;
0,814372216365188;
0,805877273522434;
0,593438542060531;
0,0950376564701276;
-0,145310951359613;
0,0103847672402626;
0,049945411402554;
0,187844424063241;
0,721415604243367;
0,991053116549996;
0,813348181714856;
0,769492646500302;
0,853593706034883;
0,833235532552955;
0,808047281074416;
0,818488666500471;
0,818633416472448;
0,815109089219624;
0,814738286333206;
0,811208801666461;
0,811421263611001;
0,814470412482184;
0,604523869666392;
0,0971452914378779;
-0,14822140016999;
0,0105517497964074;
0,0509579578940844;
0,187588580776852;
0,721471797676787;
0,989989573231248;
0,808370238603487;
0,759874418258388;
0,842754191890399;
0,826564447903591;
0,808700425744734;
0,826240065452004;
0,828905463043566;
0,82218205465849;
0,819827216697759;
0,820344010114309;
0,823518748041419;
0,825944492144901;
0,614237624046803;
0,0999111327284925;
-0,150828886359676;
0,010343442930277;
0,05202229574202;
0,18819678307651;
0,726861978637811;
1,00210192137266;
0,822059629088886;
0,770552547949128;
0,637504587367217;
0,105880456134024;
-0,162632136560558;
0,0133291082322652;
0,0549412503919214;
0,186356097722176;
0,728610856047307;
1,00836902565146;
0,833301160256998;
0,784341880251496;
0,645134190081649;
0,10542405463126;
-0,16410493584203;
0,0139422463569519;
0,0552342240246291;
0,184066793337695;
0,720239976492895;
0,990596735533994;
0,808094657179889;
0,763155517427867;
0,852232844543629;
0,839028331951064;
0,822115311021907;
0,838893598462274;
0,83363566203222;
0,815836930061733;
0,81157742439649;
0,813716519866183;
0,815123557396839;
0,819686238479618;
0,826013979300545;
0,828982408087958;
0,824327403872753;
0,814491953563935;
0,806550900952734;
0,804270428179249;
0,81077582301487;
0,830242353813126;
0,857851498630747;
0,873795330111577;
0,866873558063389;
0,847692570911494;
0,82744795764364;
0,812268146530329;
0,808820844423712;
0,814197569368923;
0,818263736988413;
0,820491718560613;
0,824652214226217;
0,826758612949719;
0,825685337604261;
0,828208702466111;
0,834268287211777;
0,836666348617063;
0,834795249659984;
0,831621662637596;
0,827458889085649;
0,822916197383825;
0,818910867393118;
0,817869149141826;
0,609485602492174;
0,0998589568655286;
-0,149876581212925;
0,0100832665921183;
0,0517737474475973;
0,181872935318429;
0,704475328976209;
0,975397396620517;
0,811848779302754;
0,775280764035703;
0,644333310192253;
0,107654202805435;
-0,164356174828033;
0,0131917113890933;
0,05564788139461;
0,182261278676881;
0,713058387436585;
0,980144122253997;
0,799554817719081;
0,757404953290544;
0,634699518003627;
0,106957540705746;
-0,16249097906923;
0,0129512437385335;
0,0550391938040654;
0,183738116689406;
0,717494206868952;
0,990135925509476;
0,816735034405252;
0,774119840096247;
0,640968005514254;
0,105593086575365;
-0,163296796605572;
0,0136390048330031;
0,0550588886262484;
0,184046553665294;
0,718053206598335;
0,984240611965896;
0,79904437463414;
0,751566362586518;
0,626842292265909;
0,104638336286944;
-0,160238024778454;
0,0130712977040013;
0,0541501916485328;
0,186802369513437;
0,724357684846283;
0,989683086903357;
0,801258455276839;
0,75544713385643;
0,632943199423038;
0,106537203745128;
-0,162008904421608;
0,0129491392845048;
0,0548607395466229;
0,181007912006014;
0,707306151193779;
0,976886812596759;
0,809749634141915;
0,773399731577149;
0,642566903150084;
0,106825495947858;
-0,163763891138242;
0,0132988028958439;
0,0553829001534902;
0,184405662681808;
0,721429204415977;
0,994306559330343;
0,813445694399125;
0,765867941807578;
0,637396717202249;
0,10672566430253;
-0,162873521798661;
0,0131180205070536;
0,0551173290642323;
0,18100973678137;
0,708457554534233;
0,978763023055747;
0,810831009934687;
0,775463323456121;
0,645675200873768;
0,107424434575073;
-0,164721406183128;
0,0134239062549077;
0,0556808342801674;
0,181459220355716;
0,712349657516361;
0,986911315711089;
0,818166052650165;
0,775711907693831;
0,641022592492568;
0,105844470813381;
-0,16320956888829;
0,0134795497478344;
0,0550999888039601;
0,187190084147134;
0,73012396187754;
1,00379476824519;
0,816877890670176;
0,764005565130445;
0,634984529823334;
0,106530670431382;
-0,162234579150531;
0,0129672422902834;
0,0549458442434518;
0,183190608840348;
0,714179284741637;
0,980853906734041;
0,800815393406292;
0,75662844384604;
0,630734163525895;
0,105363179025282;
-0,161124588754282;
0,013058227482596;
0,0544908708697756;
0,180827672791744;
0,708061860623458;
0,979479846412588;
0,811111863670223;
0,773688217158077;
0,644847461380944;
0,108117659951766;
-0,164672500586558;
0,0131498819229468;
0,0557793578091427;
0,185059163153933;
0,722414232750187;
0,992750023605312;
0,809877498653182;
0,763353871629722;
0,845223499678739;
0,823429806811697;
0,801196560312471;
0,816371319946081;
0,81975322735383;
0,818767937947411;
0,825617969027868;
0,831674213913375;
0,830974127724843;
0,824862811735287;
0,818057874671935;
0,814096534143171;
0,814940100311469;
0,822434656011113;
0,833719789858088;
0,838376765641286;
0,833893898705429;
0,82522590519048;
0,81413812312622;
0,807197362021999;
0,808904189045479;
0,816457347199886;
0,825426653029319;
0,831472552535145;
0,834343493638748;
0,832908645595029;
0,831354492615076;
0,834451499559584;
0,833745071197175;
0,826708566493073;
0,819932659229687;
0,816972405685106;
0,818203145434414;
0,820534096653241;
0,824167784379335;
0,826082900349843;
0,82022432087087;
0,816054664543412;
0,820056429602683;
0,825166640734199;
0,826769629041033;
0,822287507862584;
0,819457452444279;
0,825337624509001;
0,828987609043713;
0,614021862049543;
0,0988535919943048;
-0,15042419534633;
0,0105680426666765;
0,0517814908649712;
0,181334151061015;
0,703532633188288;
0,973690719857936;
0,808526119780234;
0,770225070048006;
0,639920590538245;
0,106734463475518;
-0,163263232019602;
0,0131971785682344;
0,0552355151782657;
0,179691239098972;
0,707235531498088;
0,984063687474004;
0,822677996781467;
0,78740810766652;
0,870540024731584;
0,849933401137609;
0,827715040773365;
0,841149032878809;
0,837904257661916;
0,824118284959699;
0,817242272622968;
0,814428491835619;
0,817094576362774;
0,825660182275559;
0,618934128399242;
0,101743174291714;
-0,152314560325717;
0,0101639025298834;
0,0526494328972708;
0,184606966966854;
0,713547240533772;
0,983651680411018;
0,812716414132472;
0,775241163429806;
0,861715995512177;
0,843705379242149;
0,81989443929562;
0,828385615902732;
0,824818813969979;
0,816435385838819;
0,815793275970534;
0,821139577940532;
0,829208697896505;
0,831458575870049;
0,826988589132101;
0,824104135210358;
0,823043009854625;
0,819933276657252;
0,818386593066316;
0,82110554463694;
0,824958135287489;
0,829029078268032;
0,834356984246348;
0,837501848230882;
0,621229423489107;
0,0997363688919229;
-0,152336170223875;
0,0108936023952172;
0,0523503129374065;
0,183955584794444;
0,710981826612477;
0,979794516370816;
0,80977342857863;
0,766636652441159;
0,843004104855003;
0,82281467091221;
0,806348733691802;
0,825621107460512;
0,824350034667155;
0,815121978715716;
0,824965007296887;
0,834004459305365;
0,829278571673977;
0,826432221531708;
0,616355868714777;
0,100871291671956;
-0,151629736411472;
0,0102814921064102;
0,0523417901527811;
0,182485327270273;
0,705862611947387;
0,973898607018675;
0,807578095056776;
0,772231358638896;
0,642349638470849;
0,106719172577329;
-0,163811684545766;
0,0133834684091759;
0,0553601721403834;
0,186988868193923;
0,731170748952111;
1,01034871882009;
0,829333779727161;
0,775381596848767;
0,639668267280988;
0,106230939047966;
-0,162999635217349;
0,0132716049960912;
0,0551097185445013;
0,182555948737466;
0,715729571791694;
0,991774648070457;
0,821382765883006;
0,778136966790965;
0,645284023480164;
0,107998435027336;
-0,164567826805512;
0,0131151702639045;
0,0557619567740088;
0,184685921759641;
0,721886271113961;
0,99402862331959;
0,813789601763215;
0,770371243310161;
0,643778692004194;
0,108430449423082;
-0,164654603950661;
0,0130677894738397;
0,0558015871454725;
0,183182504627731;
0,717831789800081;
0,992986496255504;
0,821047148024737;
0,779818192012833;
0,646927268425276;
0,107128049544959;
-0,164962922339422;
0,0136178425917926;
0,0556874404121919;
0,183849177785926;
0,720929719275018;
0,996615812420735;
0,822296688634416;
0,780433887423113;
0,648898369239473;
0,108028097969114;
-0,165642852200331;
0,0135197293643469;
0,0559801907134531;
0,180780392648939;
0,708124975482494;
0,974455563718024;
0,797930408840263;
0,756393723785302;
0,632180128451305;
0,106797142403038;
-0,16159244260687;
0,0126420606755987;
0,0548477057361564;
0,185104577835807;
0,721413924010917;
0,993031427848511;
0,812000503398257;
0,763132341853668;
0,843154205737278;
0,826950410586046;
0,817659768041191;
0,84605164295606;
0,853530777747958;
0,845429416653574;
0,836320399540846;
0,819217724888575;
0,799971248144046;
0,796728235346782;
0,81570983925942;
0,835305273965824;
0,825140112222429;
0,79865390306868;
0,79504782279926;
0,815631876175136;
0,831836523250004;
0,82562335905351;
0,811713208001361;
0,808074864089298;
0,807390867141273;
0,805963527623193;
0,806794653362266;
0,808994011480135;
0,814840171744751;
0,821107362633677;
0,822238911221335;
0,82261194032288;
0,828889710992977;
0,84038125790367;
0,841507094474207;
0,825244384536472;
0,817546447191151;
0,829397600659435;
0,842055442962257;
0,843277470605494;
0,832896526783337;
0,826323166237125;
0,833110092763203;
0,842899079726419;
0,631180457110112;
0,104080131362491;
-0,155298840767344;
0,0102114174487876;
0,0537491719755975;
0,19094151122227;
0,739218742827249;
1,02110952733532;
0,8364723766498;
0,778437797174972;
0,64219073975209;
0,107019938688009;
-0,163781560614654;
0,0132481659639501;
0,0554086360100125;
0,185228590493201;
0,722545671769704;
0,99257651594484;
0,813127356035664;
0,77832276367122;
0,655811401353283;
0,11116796571045;
-0,168088260068518;
0,0132177777338642;
0,0570091649218767;
0,182944792654171;
0,716902374508746;
0,988443148816418;
0,815920841685101;
0,785624108690259;
0,661581119810264;
0,112394209235035;
-0,169413982127185;
0,0131410053890827;
0,0575436193032766;
0,183574412203943;
0,721476996961059;
1,00112547464763;
0,835535877867408;
0,801437420263472;
0,66454143851675;
0,109481761817097;
-0,169244414786031;
0,0141048990866501;
0,0570796622321133;
0,186703527722831;
0,73173000665015;
1,00788541497351;
0,825611926957735;
0,779337255574778;
0,862882130387512;
0,846474770853367;
0,829130539078304;
0,842331643180378;
0,838622636223965;
0,828284277626847;
0,825617361046463;
0,823791436589919;
0,821816554622308;
0,823077078363262;
0,825574706028758;
0,826284225370315;
0,823840712027828;
0,821659377500684;
0,823109481007359;
0,827846276576734;
0,836243063998783;
0,842222303450776;
0,83850650735344;
0,830725571562875;
0,615183679253074;
0,100440686485039;
-0,150971649431657;
0,0101492323510927;
0,0521648051603968;
0,187122459531351;
0,723151934675416;
0,998886517871275;
0,824255148514944;
0,777844173579368;
0,857734906620607;
0,8384067620726;
0,822023671407156;
0,839980929803388;
0,836876545093567;
0,828707937989682;
0,833360962947623;
0,833667974844488;
0,827173861213771;
0,822753124924224;
0,609883369501906;
0,0987036671467905;
-0,14958970303243;
0,0103825619380867;
0,0515450201624467;
0,184873398212226;
0,71403513903848;
0,98471548501396;
0,814500341916539;
0,777514450021967;
0,648645748165246;
0,108542661669726;
-0,165700333390633;
0,013350095400518;
0,0560733866190277;
0,181914758368616;
0,714293170095179;
0,988695792966312;
0,817905766426415;
0,777022967420517;
0,644854077735321;
0,107077513698692;
-0,16445079028338;
0,0134602494870076;
0,055565243898735;
0,183643726428121;
0,719164238147295;
0,992396792497674;
0,815483592101497;
0,772790993553136;
0,645350310479187;
0,109073092873362;
-0,165009246517109;
0,0129129670738;
0,0560043615000646;
0,182758688471924;
0,716384441807462;
0,990225781718698;
0,814979635927905;
0,770923735901312;
0,641980135821601;
0,108102286438841;
-0,164004254240504;
0,0129320499052082;
0,0556241071095745;
0,186708449243079;
0,727247959979306;
0,99857194095269;
0,81489171106011;
0,769586840199221;
0,640892062088142;
0,106382468500859;
-0,163684771595643;
0,0135342840522607;
0,0552385405097681;
0,187317630577724;
0,728530449498556;
0,998239333425657;
0,816233422775078;
0,782021420466196;
0,659919531001973;
0,112267890612869;
-0,169158750540326;
0,0131404977908673;
0,0574433703211285;
0,185092173312069;
0,725771001553312;
1,00329689208189;
0,829516157124702;
0,790268658997761;
0,657049634569756;
0,109149303813749;
-0,167600313284189;
0,0137178514114922;
0,0566283375818769;
0,187254283000247;
0,732580804099272;
1,00809692611554;
0,822198920761755;
0,771620321141671;
0,85380429223632;
0,836767674606749;
0,821543868678888;
0,840794167276233;
0,839461681925709;
0,826993778956643;
0,822268693779355;
0,819807825480943;
0,821022174554583;
0,830422418991491;
0,835364293591533;
0,825624369488003;
0,816542691474686;
0,821020324826449;
0,831611762696645;
0,623179643078831;
0,102018296962498;
-0,153375986648972;
0,0104215468944787;
0,0529329173592643;
0,185147117956102;
0,717288292519765;
0,990892443405712;
0,81947350595524;
0,778692307617699;
0,647417924011744;
0,108066915634399;
-0,165240726462314;
0,0133545782789166;
0,0559037258571561;
0,186265939957185;
0,725526948122219;
0,995094598386178;
0,812945377943273;
0,771536904785111;
0,644280052481334;
0,107508734043824;
-0,164587819706193;
0,0133897813017139;
0,0556394417130782;
0,184861479657506;
0,722573852800572;
0,994615223800013;
0,812523841222323;
0,764119820400456;
0,635390078211591;
0,106289643313745;
-0,162272935844394;
0,0130682141914582;
0,0549173066875715;
0,185816802859146;
0,723662326518603;
0,994738000644319;
0,814276606279915;
0,771635420328401;
0,859002553336459;
0,842486422770825;
0,823686189736931;
0,839314764999887;
0,835906783306099;
0,824766380927326;
0,825482124617018;
0,826509806012943;
0,822854694830212;
0,820303892266012;
0,820343408402081;
0,822213839365436;
0,824397359039821;
0,826469993109094;
0,827634478600968;
0,824491105986212;
0,819409513243389;
0,819745475892164;
0,824898360781118;
0,826239524142228;
0,824794108576549;
0,828740067194027;
0,836609128910445;
0,841774387202115;
0,840332337337151
