-0,0938198550430451;
-0,0924893445414014;
-0,0919983596187887;
-0,0946048138766605;
-0,096220584597255;
-0,0953295454358576;
-0,0957369846850799;
-0,0956612086914311;
-0,0952069074115764;
-0,0959329316599845;
-0,0944708977855172;
-0,0922742714817228;
-0,0924244598546864;
-0,0931897684077737;
-0,0949096203414903;
-0,098337052496395;
-0,100953129681135;
-0,101021145631908;
-0,0986191689905812;
-0,0962857331770255;
-0,0936866698936459;
-0,0922292379696385;
-0,0985007490870311;
-0,103325492295522;
-0,100674456555129;
-0,102874524546443;
-0,105540337373243;
-0,101780122636251;
-0,102200604294318;
-0,104852183927835;
-0,1034656902263;
-0,104409828393525;
-0,105445101519918;
-0,103805987758388;
-0,104967994789072;
-0,104177605784485;
-0,100268623714452;
-0,100252623924527;
-0,101751256667579;
-0,0999682590518588;
-0,0969634187478062;
-0,0985815426409586;
-0,101649745404714;
-0,101200034338491;
-0,0994314658390562;
-0,0969566810319828;
-0,0980274457964131;
-0,101657664440479;
-0,102135214646671;
-0,101914636064238;
-0,0980451351965852;
-0,0911556419609966;
-0,0929664888987872;
-0,0984321101695829;
-0,0972847668115247;
-0,096951108568314;
-0,100346447770839;
-0,102386735079955;
-0,103982596265176;
-0,104691198514697;
-0,101502655436067;
-0,0966505821962389;
-0,095001329316886;
-0,0970973787229664;
-0,100462959240131;
-0,103295855322586;
-0,104309956605452;
-0,103547689395083;
-0,102114610193114;
-0,100414982409775;
-0,0984680935956318;
-0,0968141254694752;
-0,0957062608726731;
-0,094330346772453;
-0,0924232535392606;
-0,0916891622380829;
-0,093026119598772;
-0,0934554360335209;
-0,0919166464429178;
-0,0916703947414251;
-0,092876491541776;
-0,0951934242077188;
-0,0991318854315779;
-0,100674516250771;
-0,098651035606641;
-0,0967669750754927;
-0,0955789789322215;
-0,0947740786981387;
-0,0950304176741211;
-0,0959474430448927;
-0,0984288390720978;
-0,101628973464049;
-0,101913840166104;
-0,0998522171589613;
-0,0987661060321274;
-0,0994938766682996;
-0,100918139605283;
-0,1014653584758;
-0,100570499881124;
-0,0993020085584581;
-0,0991263570169455;
-0,100550185516014;
-0,102241679833042;
-0,102211390559086;
-0,0998984932324885;
-0,0968858098880847;
-0,0949917875904054;
-0,0943811048001136;
-0,0961411736241062;
-0,0994097374910818;
-0,0997003661735837;
-0,0981646481395986;
-0,098650444121691;
-0,0987348242183611;
-0,0968270396059744;
-0,0964383468131683;
-0,0990621434869041;
-0,101723589548589;
-0,103116922682052;
-0,104821566695224;
-0,106675405794225;
-0,106548488396396;
-0,101776473499385;
-0,0958241279222019;
-0,0943017759074801;
-0,0955762456201635;
-0,0987188310725165;
-0,103509565879501;
-0,105650816333121;
-0,104757591738272;
-0,104100340332436;
-0,102697359446453;
-0,0997262061216561;
-0,0980556080510863;
-0,0974510708487281;
-0,0958806560605951;
-0,0947683134083357;
-0,0946798130768003;
-0,0941437413349272;
-0,0942865506183585;
-0,0965051455943934;
-0,0989109098116636;
-0,0999812464628195;
-0,100513262731176;
-0,101453988770374;
-0,0765083736047957;
-0,0129839633973899;
0,0188810994787253;
-0,00111525816790561;
-0,00658906975702494;
-0,0216753963513343;
-0,0844579844145108;
-0,116863536412002;
-0,0954943206365376;
-0,0890115892900112;
-0,0999739626897953;
-0,101080340251846;
-0,0988643799983362;
-0,098087470533396;
-0,099126046973142;
-0,101974121575467;
-0,103166137920883;
-0,102253277735554;
-0,101991650942872;
-0,103213303303598;
-0,103689146909703;
-0,101878952498572;
-0,0996749308880665;
-0,0988299013965095;
-0,0979970190135255;
-0,0977194676671455;
-0,100677801829981;
-0,104889148014052;
-0,105961798122408;
-0,10402703819185;
-0,102227589489996;
-0,101434548847519;
-0,101176412234095;
-0,101996437845841;
-0,103354516287498;
-0,105391188417368;
-0,107281673823954;
-0,104784470173033;
-0,101158355004299;
-0,101579567156635;
-0,0759874730585907;
-0,0119408550590766;
0,0186465460957838;
-0,0014491592987604;
-0,00635612103067448;
-0,022800563373419;
-0,0880905545862634;
-0,121236365382403;
-0,101018669590755;
-0,0990944959993323;
-0,117828023996525;
-0,130180947723143;
-0,138261664392303;
-0,141837458404845;
-0,133646692336363;
-0,120055927813049;
-0,124521303279664;
-0,137216742396596;
-0,129365997175265;
-0,105349772147262;
-0,0635689549678408;
-0,00669476855413824;
0,0145285963639175;
-0,00198397142833317;
-0,00460584810489642;
-0,0160616522895507;
-0,0636467779573603;
-0,091086323886572;
-0,0870388504613831;
-0,0997580803430934;
-0,0899125950634781;
-0,0176189348361054;
0,0232885924446299;
-0,000949850171279743;
-0,008282637322795;
-0,0222858875016581;
-0,0895790281247408;
-0,128969401280125;
-0,109347887368016;
-0,0875381869771673;
-0,0643326048618675;
-0,0396231276320854;
-0,0441869993300727;
-0,0648068966361777;
-0,0770998581430806;
-0,0907188613013931;
-0,110022637079029;
-0,116608316002045;
-0,0990524594003747;
-0,0633742634917566;
-0,0304575011284973;
-0,0175574125502975;
-0,0217493708156796;
-0,0350447072920113;
-0,0489877946198672;
-0,0587586590692992;
-0,0695719812770832;
-0,0773826792957287;
-0,0724831260343144;
-0,0702947585751705;
-0,0917985975477295;
-0,124225798236284;
-0,149642073957516;
-0,172395814679105;
-0,192301336294705;
-0,192520938832721;
-0,15682738205159;
-0,0963684006806579;
-0,0500426078608833;
-0,0327242586506705;
-0,0211293353617026;
-0,00594894285137553;
-0,00409613235976247;
-0,0244841301680596;
-0,0583376788246955;
-0,0914269040405238;
-0,108538412458924;
-0,099232556295984;
-0,0744482779237269;
-0,0577977398288145;
-0,055240995855169;
-0,0595211920440177;
-0,0681928230553121;
-0,0762662931983701;
-0,0789039069569698;
-0,0825830856056128;
-0,0867172890596479;
-0,0804665110045296;
-0,0691396642596743;
-0,0645016723595447;
-0,0637306227828328;
-0,0633981260096193;
-0,0672812912333371;
-0,0737070387652821;
-0,0758116525261065;
-0,072012865589528;
-0,0655232629109249;
-0,057314192162816;
-0,0464685216537988;
-0,0386174299990637;
-0,0426192259585125;
-0,0554905154336435;
-0,065679453592723;
-0,0681628903341754;
-0,065439334079828;
-0,0603096291816213;
-0,0538358654847167;
-0,0499791349678045;
-0,055052239022195;
-0,0672246307487791;
-0,0760425702682307;
-0,0756942621615229;
-0,0689503743022584;
-0,0615794776452047;
-0,0594777101361136;
-0,0635522920160455;
-0,0708912665562766;
-0,0801087388034301;
-0,0833810036157377;
-0,0708088308514288;
-0,0509198878230156;
-0,0420996634276336;
-0,0487136335013203;
-0,0605558709621846;
-0,0682216580910515;
-0,0746125704998281;
-0,0853079304796955;
-0,0956557156730525;
-0,0989561885946638;
-0,0960360442164137;
-0,0872163602889203;
-0,0621160368967477;
-0,0185793664133644;
0,0199747239422164;
0,0298174048904601;
0,00954739867124176;
-0,0282290457784034;
-0,0653554956149907;
-0,0787551534972695;
-0,0645404251237777;
-0,0452923511468629;
-0,0328376813206091;
-0,0338133449703169;
-0,0592043685647388;
-0,085028613869817;
-0,0629796756044542;
-0,00563098182630426;
0,0147487135619807;
-0,00259289825931064;
-0,00440708169774501;
-0,0424020826228998;
-0,15899813131767;
-0,227455910583509;
-0,20124448387558;
-0,184088095427538;
-0,185637203100026;
-0,18020421746503;
-0,191415095047885;
-0,20504050920802;
-0,195904580942694;
-0,15362078659543;
-0,0830438087019461;
-0,045488548190023;
-0,0576348211395109;
-0,0595385645935351;
-0,0532353727465026;
-0,0734049400059846;
-0,100145590742372;
-0,116388054065043;
-0,136122142655122;
-0,150575593037438;
-0,147734967646731;
-0,145962328611833;
-0,14837362457935;
-0,137994382687348;
-0,116864886385545;
-0,100451314150553;
-0,100353827016543;
-0,113352524608766;
-0,121319567397942;
-0,115132451279942;
-0,0992596654060747;
-0,0808513404563173;
-0,069839412787948;
-0,0740965161045573;
-0,0903513820197315;
-0,107250830342235;
-0,117560148565935;
-0,121850588425686;
-0,12282444375476;
-0,122208779902334;
-0,122162768353833;
-0,125577498331527;
-0,131344312642886;
-0,13363438825711;
-0,129029239136127;
-0,119576797816343;
-0,10864053556007;
-0,0984688026981281;
-0,091514417882573;
-0,0900693765884346;
-0,0931862766117426;
-0,096825913521383;
-0,0992153486553428;
-0,10202163756732;
-0,104207035565167;
-0,102756418459625;
-0,0996600065957662;
-0,0981569923010737;
-0,0978875858671505;
-0,099227722271066;
-0,103152939941067;
-0,106688011673429;
-0,106742625489938;
-0,104418863391854;
-0,100880818235589;
-0,0962163118416356;
-0,0925972075836543;
-0,0945634328615606;
-0,102838680211025;
-0,109589345176802;
-0,110433987391744;
-0,112043279102399;
-0,117967807194153;
-0,122289535773727;
-0,123336783712849;
-0,127820675500147;
-0,137453135731975;
-0,142660269608696;
-0,134696287368484;
-0,119587603993602;
-0,112384775738058;
-0,116353968259407;
-0,117747568566994;
-0,112475473386341;
-0,112621862042216;
-0,121394229315055;
-0,128828348391125;
-0,123870945725329;
-0,104395218892153;
-0,0763658082651004;
-0,0483498396382987;
-0,025801937598482;
-0,0077712703820359;
-0,00205977305253414;
-0,017618341536357;
-0,0397860664010381;
-0,0552637747914898;
-0,0692852135070792;
-0,0772351817923987;
-0,067867938853424;
-0,0447480106050041;
-0,0226133236472838;
-0,0171449999095442;
-0,0255919057415069;
-0,0275303226069001;
-0,0198476784003422;
-0,0120436844191243;
-0,00156780471580532;
0,0118850555070062;
0,0199139400450004;
0,0167462489080242;
0,00411259376136918;
-0,0114992882222099;
-0,0360113439667705;
-0,0838618030916828;
-0,146136230392329;
-0,193769777406033;
-0,207644278680644;
-0,192362561190584;
-0,173299264579332;
-0,168531483927816;
-0,16732589302633;
-0,143804756020933;
-0,0873733550181044;
-0,0235229035451038;
0,0111850999394742;
0,0096542318905852;
-0,00619066856326184;
-0,0167782151202335;
-0,0212722463135736;
-0,023638731739848;
-0,0244071285989222;
-0,0244373742185936;
-0,022018099847727;
-0,0214297796469014;
-0,0315853420794379;
-0,0412870430187099;
-0,0360624660869147;
-0,0264327082374637;
-0,0262002274941294;
-0,0357396598864671;
-0,0489225471958355;
-0,0552418080066634;
-0,0509224111651913;
-0,046981696625474;
-0,0513811627017985;
-0,0576153617969952;
-0,0582320911493631;
-0,0548891382179387;
-0,0518169480100115;
-0,0477992521635254;
-0,0416604542991961;
-0,0383997916727632;
-0,0383302947089513;
-0,0368609531349059;
-0,0361186391719036;
-0,0368258046332245;
-0,0360920756855104;
-0,0359925475990331;
-0,0377623504929506;
-0,0382667204544761;
-0,0333614043716739;
-0,0240097885182628;
-0,0201265806507039;
-0,0265886717889751;
-0,0354352724726765;
-0,0395356213029392;
-0,0411808186983275;
-0,0438684604338523;
-0,0432113214872437;
-0,0371268411261454;
-0,0346021402254093;
-0,0404975694227601;
-0,0488672949117367;
-0,0547383617152575;
-0,0573037387248023;
-0,0554000661485625;
-0,0482806641802513;
-0,036755856753211;
-0,0214283058146188;
-0,00701340828359975;
-0,000854812526970035;
-0,00399816044426218;
-0,0222934784463318;
-0,0638349797620941;
-0,106746269148074;
-0,116647034922279;
-0,0950570903263541;
-0,0674952148083473;
-0,0448315254777442;
-0,0257020675090969;
-0,0197542724644889;
-0,0374716706582048;
-0,0653918317430732;
-0,0610174189920618;
-0,0118162001477152;
0,015648897205377;
-0,000614145381323785;
-0,00558077315112871;
0,013827352818115;
0,0234800100584337;
-0,0128304473148919;
-0,0643389770289384;
-0,0757697233411053;
-0,0396936082828656;
0,0139114405030985;
0,000542308305489735;
-0,0650092925840556;
-0,0804845611411058;
-0,0802679323785946;
-0,105082050201509;
-0,0888651154274791;
-0,0397400963454898;
-0,0346190334066536;
-0,0758619907852489;
-0,118780734570451;
-0,135108070115456;
-0,122586741053803;
-0,0965348911273744;
-0,073799404382043;
-0,0716288730703297;
-0,0952285536591789;
-0,12135817172273;
-0,125296959425056;
-0,111441987017712;
-0,0912014223949929;
-0,0689901682941739;
-0,0537756036518553;
-0,0514256939558564;
-0,0600578615439349;
-0,0735920122694087;
-0,0841777722371337;
-0,090737424920956;
-0,0980953981932223;
-0,10586876879818;
-0,110501010146609;
-0,113558650928269;
-0,11368323000967;
-0,103122485666608;
-0,0829785124454074;
-0,0640059568355046;
-0,0516509977635309;
-0,0480509228940524;
-0,0543540376973826;
-0,064361352613352;
-0,0661021734759112;
-0,0546880305380245;
-0,0464617621211504;
-0,0538723734012639;
-0,0727441604192762;
-0,098720731161687;
-0,114897325577517;
-0,113675398512496;
-0,111521008568123;
-0,109280076802033;
-0,103412491226805;
-0,106329208082322;
-0,114585468395952;
-0,114345467216161;
-0,103655354864155;
-0,0870381974142313;
-0,0819117247513387;
-0,0930932312377665;
-0,101481932837292;
-0,097810272331417;
-0,0866510983962837;
-0,0831607075251892;
-0,0928646031119057;
-0,101108894103562;
-0,103649969894529;
-0,105921794699853;
-0,107339812277837;
-0,105529762779369;
-0,0996544596373751;
-0,0917960308679631;
-0,0854106089263241;
-0,0826117199225463;
-0,0839758738949964;
-0,0875824536425732;
-0,09005376878241;
-0,0901968540170746;
-0,0902174473972672;
-0,092609186514093;
-0,0960887401601351;
-0,0967867197478102;
-0,0955342440747871;
-0,0962530580198582;
-0,0974561712711508;
-0,0983010040070278;
-0,10212662984;
-0,106017698886672;
-0,105136957917842;
-0,105011928874169;
-0,111697250722586;
-0,115357815370074;
-0,107813258204975;
-0,101685914555396;
-0,105501788109367;
-0,112769004487747;
-0,113519358680912;
-0,101024619991762;
-0,0853693918897852;
-0,0799853529483618;
-0,0832020847771565;
-0,0906916589389391;
-0,0970130002754488;
-0,0910118932233611;
-0,0797054581688954;
-0,0812095605057149;
-0,0778112617994537;
-0,0471420924895206;
-0,0215180599126711;
-0,0288938783864892;
-0,0439921242673231;
-0,0539470694694656;
-0,0654096734155274;
-0,0628079649025976;
-0,0370861062049072;
-0,00244072013305836;
0,0207283689695624;
0,0218247997491527;
0,0127464390103656;
0,00539988066497621;
0,000957019056407981;
0,00664526637188045;
0,0184139409363417;
0,0172807953241339;
0,00501396227639074;
-0,000540724052498672;
-0,039062230181675;
-0,144998531601956;
-0,207149290948846;
-0,169255154906442;
-0,138361250649075;
-0,147289425618537;
-0,165171748987326;
-0,196620845370696;
-0,217356306224984;
-0,190252936050907;
-0,115171484829802;
-0,0166041015600701;
0,0611578852003013;
0,0766947403006065;
0,0380342797836558;
-0,0154071171701579;
-0,0565503731148991;
-0,072126136406863;
-0,0681923676555926;
-0,0656700271463359;
-0,0633137253980939;
-0,0494624358563015;
-0,033989762220177;
-0,0235707639709125;
-0,0144666463955173;
-0,015327860039111;
-0,0312535345681944;
-0,0465159894991224;
-0,046605835858828;
-0,0404430418816224;
-0,0428053803596826;
-0,0494775041989996;
-0,0509198647858525;
-0,0489904680189386;
-0,0474266157308455;
-0,0482621788158014;
-0,0540992925869402;
-0,0605486008824829;
-0,0607774612123905;
-0,0563106339503355;
-0,0504476456328315;
-0,0440989575772881;
-0,0424278598868357;
-0,0475450890893728;
-0,0486015741101734;
-0,042367756051491;
-0,0409200962315474;
-0,0448587770020897;
-0,0479375432178049;
-0,0475286654364188;
-0,0397836443849352;
-0,0328688486055559;
-0,0359004679941838;
-0,0400905138128312;
-0,0391032773026427;
-0,0287811134272679;
-0,00543903893921773;
0,00709947910844363;
-0,000183693715415677;
-0,00258223002224399;
-0,0121921543949788;
-0,0454302358050064;
-0,0637522383246577;
-0,0571980459982139;
-0,0585015344576892;
-0,0614893178143999;
-0,050974768576723;
-0,039135401294017;
-0,0328613110586107;
-0,0317345842119369;
-0,0440716778052531;
-0,0699411344864312;
-0,089275304814607;
-0,0891057353780476;
-0,0769108231920783;
-0,0654172007092355;
-0,0684861501868865;
-0,0850920649649235;
-0,0909324705268966;
-0,0777027056214366;
-0,078804915037478;
-0,100842013548275;
-0,0757620306731714;
0,000817699157624581;
0,0453305507366295;
0,00431789509018518;
-0,0898095385294834;
-0,0949339639668041;
0,0025515764160516;
0,0517950618243966;
0,0330183847246463;
0,00723323220753292;
-0,00632452405581473;
-0,0158269415840655;
-0,0552180841528884;
-0,117907856142449;
-0,141127556990239;
-0,0998802891536042;
-0,0475943598979603;
-0,0317210362386667;
-0,0501112007988466;
-0,0938419324869516;
-0,146791382777804;
-0,174008515260065;
-0,15479766188027;
-0,0857369760708694;
-0,00347530099568489;
0,0184218384535916;
-0,00434123992861312;
-0,00506850341603916;
-0,0396078786203085;
-0,142686208632879;
-0,178157375872921;
-0,125025033717668;
-0,108539137764891;
-0,116954240849825;
-0,101106824925392;
-0,0890979541157021;
-0,0882056293797588;
-0,084939941213277;
-0,0806797206692583;
-0,0813048296183732;
-0,0869705379745664;
-0,0932889124593268;
-0,100232307153831;
-0,111571838778635;
-0,122331489474479;
-0,124589606856902;
-0,120540075563961;
-0,116144596267184;
-0,0845406155291752;
-0,0134433046944213;
0,0206483104111038;
-0,00148942670076255;
-0,00709261155470298;
-0,02612489817166;
-0,100755999016066;
-0,139688897651205;
-0,116216255098557;
-0,10743342995406;
-0,112998447860869;
-0,105654105154795;
-0,100027577500335;
-0,0999912035243172;
-0,101262089231867;
-0,106913588424129;
-0,116493520833329;
-0,124268088338204;
-0,125865225080828;
-0,121830418735203;
-0,116461961991739;
-0,114116154365272;
-0,115123416965084;
-0,117809496393026;
-0,121831024207853;
-0,124467069835857;
-0,122650445156929;
-0,118377757676567;
-0,115440309547616;
-0,11526115049483;
-0,116389326924759;
-0,116386750373376;
-0,115671571817272;
-0,11544176499342;
-0,113241748023238;
-0,0812946212194127;
-0,0123278777275656;
0,019663683613413;
-0,00157427336901191;
-0,00669112724407848;
-0,0289626265290126;
-0,10720159948268;
-0,138855394110936;
-0,10052116472304;
-0,0898079661832136;
-0,0809763643038325;
-0,0162260737576569;
0,0213071801031402;
-0,000896674531355357;
-0,00755601262287156;
-0,024325473985877;
-0,0989511003433345;
-0,146826669873895;
-0,130866745094531;
-0,125705339325971;
-0,139448443689742;
-0,13085871642369;
-0,106522337755564;
-0,0856118538653707;
-0,0728025243777759;
-0,0702045171678487;
-0,0784096548495272;
-0,0932258734128701;
-0,0962090416672541;
-0,0727530751807006;
-0,0528220294837479;
-0,0709005616646924;
-0,0991241769645379;
-0,0969501261023572;
-0,0702602043599886;
-0,0518443835841706;
-0,05912979869585;
-0,068287320976123;
-0,0606828295645024;
-0,0475803886223042;
-0,0383436478086984;
-0,0361754117120079;
-0,0385479491353578;
-0,0400870093417751;
-0,036720462596028;
-0,0285976802896;
-0,0262302714947791;
-0,04021354947491;
-0,0667323861189024;
-0,092641313777528;
-0,110906795530111;
-0,11935200083973;
-0,120148910277398;
-0,128945170505428;
-0,15598690592192;
-0,181706224902858;
-0,182558130665113;
-0,164646526814622;
-0,144607138687368;
-0,116731609099108;
-0,0724227530094638;
-0,0377160828172357;
-0,040749479139926;
-0,064709475239943;
-0,0749498295883337;
-0,0664300804228602;
-0,0635472292079715;
-0,0763512896965983;
-0,0826050529057693;
-0,0639246227818821;
-0,0305462294983633;
-0,00756804032948266;
-0,00557173251519639;
-0,0152685932322267;
-0,032255294192908;
-0,052359682560326;
-0,0600786067583454;
-0,0561445210852045;
-0,0564741635387205;
-0,0626835224395955;
-0,070284072677978;
-0,0777016767364305;
-0,0797438100031079;
-0,0764197912441478;
-0,073735164770009;
-0,0726358795994795;
-0,0709675105761755;
-0,0677625465471588;
-0,0612202491742156;
-0,0527526358328157;
-0,0468905429255224;
-0,0444133719008687;
-0,0436804293507645;
-0,0440356864364998;
-0,0464432492222622;
-0,0507470303149766;
-0,0539231764186469;
-0,0543102003224576;
-0,0535398160877324;
-0,0529838459474525;
-0,0521025133669285;
-0,0515248472255647;
-0,0527317746553653;
-0,0548687366304309;
-0,0548836000936997;
-0,0512712618498191;
-0,0464712083994222;
-0,044743151316849;
-0,0482665668189149;
-0,0536141249524313;
-0,0537330906911161;
-0,0475097279953713;
-0,0438824374501716;
-0,0481867774671613;
-0,053964754778009;
-0,0556043359015371;
-0,053938675090922;
-0,0501668408789731;
-0,0459134149824422;
-0,0445021454026023;
-0,0484365479258629;
-0,0536490603702457;
-0,0517887145614469;
-0,0455028861598826;
-0,0440713384701283;
-0,0527658232975904;
-0,0682436749344476;
-0,0754497567437637;
-0,0756883133114405;
-0,0828833533970737;
-0,0849354052364311;
-0,0643940560379571;
-0,0342876299808661;
-0,0193178361671457;
-0,0239058137048631;
-0,0402120118539131;
-0,0646921415587577;
-0,0847612563371308;
-0,0790572022021731;
-0,0416458358136209;
-0,0152934563956398;
-0,0498362306808672;
-0,0940353741916594;
-0,0813726821591597;
-0,0372338908770051;
-0,0345318435528616;
-0,0896540340121453;
-0,0736599523651791;
0,0384961034490507;
0,084256850501627;
0,00336295351698834;
-0,101603968529051;
-0,0775888512557973;
0,0436709783660496;
0,0835996099459654;
0,0125539263159153;
-0,0923555004032802;
-0,156047333497276;
-0,162956859728066;
-0,155475003710606;
-0,135683641337201;
-0,100353037946174;
-0,0790065737692097;
-0,0868649485704938;
-0,108893046521248;
-0,128485312444087;
-0,144073953991999;
-0,151587053562201;
-0,146299414962971;
-0,136382433490558;
-0,0978266836565777;
-0,0157972289506867;
0,0238734129431512;
-0,00161026289461168;
-0,00825064705492456;
-0,0261358780549327;
-0,102982970924294;
-0,145154966500961;
-0,126108867882165;
-0,126718826423787;
-0,142720653724392;
-0,13712136587667;
-0,12466278538544;
-0,116865482185583;
-0,107021163628618;
-0,0934227465605347;
-0,084097745615811;
-0,0844484145178414;
-0,0922848423418842;
-0,104274524747061;
-0,0850744907857284;
-0,0156239472875034;
0,0214796764936585;
-0,0010195023894044;
-0,00759176620538502;
-0,0278851341590804;
-0,105812701550607;
-0,143259889058432;
-0,114008607286948;
-0,106117147946869;
-0,120588429467073;
-0,122040160626335;
-0,118647540559305;
-0,116152380840491;
-0,114347283709274;
-0,117542199133175;
-0,126290883642603;
-0,130736569697032;
-0,127452346664427;
-0,126447307407867;
-0,129605105039628;
-0,12961424776899;
-0,127141849460238;
-0,127085833311544;
-0,127501861756307;
-0,125715260852796;
-0,12357909721775;
-0,121857201136773;
-0,119618768328878;
-0,117366634554853;
-0,114971965943538;
-0,113227599019207;
-0,114979313351345;
-0,120531052012282;
-0,130140325051498;
-0,141770579488923;
-0,145510398343464;
-0,138234465744587;
-0,132377270705793;
-0,133488828202587;
-0,132622386317367;
-0,127777222699903;
-0,124369158434254;
-0,123395119448266;
-0,126451689035209;
-0,134620425473253;
-0,141639200726087;
-0,143927800699294;
-0,139547093599005;
-0,122148642677777;
-0,0993332131419045;
-0,0874710327916059;
-0,0880322740679885;
-0,0949526256400566;
-0,101785745223768;
-0,0979801090880856;
-0,0852852689216059;
-0,0793441485281532;
-0,0818816486288891;
-0,0807050580217854;
-0,0781393997949955;
-0,0824671547578903;
-0,0845359364310593;
-0,0811903594143554;
-0,0790729213133226;
-0,0696563299554462;
-0,0475078922924149;
-0,02928898116227;
-0,029825122383189;
-0,0485458339324849;
-0,0535617626990092;
-0,0147017523912082;
0,0146484764906371;
0,000760693716170359;
-0,00578997287551092;
-0,0100504565734102;
-0,0445512617450784;
-0,0766963488472123;
-0,0934980526763951;
-0,119655208867386;
-0,105554757347127;
-0,0190433274856015;
0,0270928529683548;
-0,00166442263136214;
-0,0093945555898271;
-0,0230151818683118;
-0,097540161176322;
-0,150317033960099;
-0,146472399968681;
-0,137258271917111;
-0,121437585388204;
-0,10754401193824;
-0,126048722301905;
-0,150720648910965;
-0,144478880866974;
-0,0993435393223066;
-0,0469485393667525;
-0,0451784474109013;
-0,0815667955118418;
-0,102897138931631;
-0,0815614185166788;
-0,0154803833244832;
0,0204490672915902;
-0,000682922673336402;
-0,00735943829801243;
-0,00417342870068658;
-0,0284769218643461;
-0,053662751870411;
-0,0640380545859673;
-0,0736412494932646;
-0,0670396067369936;
-0,0391026627291727;
-0,0370870818804234;
-0,0655852110582403;
-0,0791413711580131;
-0,0728641449787626;
-0,0688361270239842;
-0,0767151793820314;
-0,0821698781040265;
-0,0717377652231058;
-0,0454716265840284;
-0,00681528045021547;
0,0106709252679259;
-0,000725166559268531;
-0,00369858109503718;
-0,00946616915481265;
-0,035823431296916;
-0,0457335112613717;
-0,0378231642516279;
-0,0474986486945893;
-0,0583192427260397;
-0,0456462114859121;
-0,0324224486086921;
-0,0386134345409545;
-0,0521039111099279;
-0,0654544036302868;
-0,0804062078579348;
-0,0846102294802035;
-0,0720048334981324;
-0,0574722441538492;
-0,0500379055139466;
-0,0472278827864785;
-0,0509377120251636;
-0,0613142404080596;
-0,0695365632797333;
-0,0691901875619745;
-0,065149714144252;
-0,0651893902116457;
-0,0675958682405596;
-0,0652884261419639;
-0,0562256655827821;
-0,0441201303266031;
-0,0351607445795857;
-0,0334819483472564;
-0,0425965987882117;
-0,0714158719881431;
-0,118083795399326;
-0,154766281163337;
-0,160568207605558;
-0,144529698047052;
-0,117034594574182;
-0,0827030046495555;
-0,050962226452138;
-0,0260999837430545;
-0,0180427425799819;
-0,042651066357136;
-0,0862315837791824;
-0,10854305764944;
-0,0812599182646944;
-0,022874008370502;
0,00994762826214956;
-0,00814174900828498;
-0,0517758238721609;
-0,0864328717243468;
-0,0908968830450774;
-0,0726413443015762;
-0,0591476280870297;
-0,0561165990019634;
-0,0498606436269521;
-0,0499587400384021;
-0,0719054219350481;
-0,100256541811349;
-0,114490801030424;
-0,109404835329747;
-0,096617799218335;
-0,0706399846181701;
-0,0144451253931241;
0,0175572772274395;
-6,51691935912187E-5;
-0,00655459320486533;
-0,0493178918996252;
-0,173436545166795;
-0,217557623316266;
-0,139164772425001;
-0,0997944181426791;
-0,112455685156318;
-0,10695662617763;
-0,0971434126041442;
-0,0915559174847552;
-0,077307369648344;
-0,0640098361062264;
-0,0625326201098995;
-0,0653740661385283;
-0,0658739400664012;
-0,0691117538988574;
-0,0809851768153973;
-0,0993017744221316;
-0,114838355421343;
-0,121781978462005;
-0,126827460910616;
-0,13494617598141;
-0,138654926939583;
-0,135612633876246;
-0,133089288188584;
-0,132954441348431;
-0,132746775476717;
-0,132877406324082;
-0,131485860566765;
-0,123401421378853;
-0,109359593341204;
-0,0957690894023852;
-0,0871598081323735;
-0,0858876198193646;
-0,0924610549641887;
-0,10301703116811;
-0,113651932842582;
-0,122590245250854;
-0,126589430105885;
-0,125196777692155;
-0,122164123383317;
-0,121532715620055;
-0,125152171414712;
-0,129490204971481;
-0,129227187395772;
-0,122860650416513;
-0,114045478080673;
-0,10805016522224;
-0,104830032102388;
-0,101622255582681;
-0,101186578119916;
-0,106767241700292;
-0,110465018083522;
-0,105797329807817;
-0,100455083080926;
-0,101316374200367;
-0,10394684362808;
-0,101613196966912;
-0,0999832481028882;
-0,105617949574933;
-0,112843959971165;
-0,117255115609084;
-0,12043895229852;
-0,123892156690644;
-0,126564453828737;
-0,124154524288874;
-0,116697033131011;
-0,114325098039718;
-0,11452191372798;
-0,109728541399648;
-0,107386821003545;
-0,106468247160898;
-0,103975034216858;
-0,104271268285379;
-0,109327786391585;
-0,121400073644973;
-0,13174257997342;
-0,122340352725771;
-0,0958165097687711;
-0,0800273139873516;
-0,0874976897141964;
-0,101499906308339;
-0,114410700284096;
-0,130190919838879;
-0,13587675284376;
-0,119535272163693;
-0,0885011332692617;
-0,0558763021709094;
-0,0391810309586474;
-0,0500403643877609;
-0,0727225979643908;
-0,0912564490728932;
-0,108218663837572;
-0,109844322705783;
-0,0859362360217859;
-0,0569954939448576;
-0,0399585445138698;
-0,0346331769466072;
-0,0297904296312736;
-0,0235753825465791;
-0,0263063732282851;
-0,0347746956567818;
-0,0514460530642627;
-0,0807503998015089;
-0,103229192528393;
-0,109321109182995;
-0,100036616583817;
-0,0726759469253415;
-0,0480094892151634;
-0,0447359860611103;
-0,0492708593127292;
-0,0497204672204115;
-0,052891641929054;
-0,0666895682346561;
-0,093037073419936;
-0,128894388567795;
-0,165602212125819;
-0,195345153883714;
-0,213536642987037;
-0,208417778711315;
-0,170270455780486;
-0,10912257219717;
-0,0488172242158739;
-0,014938333896779;
-0,0161094475914109;
-0,0367405296248976;
-0,0612612426053679;
-0,082356624028955;
-0,0905714140881911;
-0,083046988551917;
-0,0708984595368015;
-0,0638903043576745;
-0,0626632520227825;
-0,0669016645203375;
-0,0715299510503448;
-0,0693037166761223;
-0,0483572459720231;
-0,00760634485128518;
0,0115803918796779;
-0,000754034427368089;
-0,00402098389009061;
-0,017755662543519;
-0,0714371111403018;
-0,109037852098317;
-0,0999535872761232;
-0,0821758906259351;
-0,075538927817556;
-0,085952868939371;
-0,102935727853815;
-0,103556245426234;
-0,0928768880538136;
-0,0795548443857466;
-0,0650873956743402;
-0,0577833765706248;
-0,06035243069526;
-0,0672181935149479;
-0,0731361562257041;
-0,0754767921594326;
-0,0734697922094752;
-0,0671608049754469;
-0,059897473773277;
-0,0564360945338028;
-0,0560978404712618;
-0,0567976863013066;
-0,0601340998411421;
-0,0659295384356549;
-0,0708913284402722;
-0,0734080865691803;
-0,0745385804594112;
-0,076230262693433;
-0,0780380965894378;
-0,0771896127340387;
-0,072430852563414;
-0,0668091558982249;
-0,0667147890622685;
-0,0723093773641081;
-0,0765399001499337;
-0,0773260236828511;
-0,0778307674135776;
-0,0782241744047452;
-0,0767990512503811;
-0,0755298955838866;
-0,0767630476176415;
-0,0783760347127092;
-0,0782037405017749;
-0,0766125538390901;
-0,0728712327370603;
-0,0674790012359777;
-0,0673980136242524;
-0,0751673374544164;
-0,0845689932800778;
-0,0680602172609288;
-0,0127508928934009;
0,017086668184146;
-0,000653353681318646;
-0,00611195309073834;
-0,0153643508414198;
-0,0522297249168864;
-0,0480820256929307;
-0,0136752628927918;
-0,040674596353361;
-0,0746479424555755;
-0,0236793235032821;
0,0223382065969263;
0,00129558674622435;
-0,00883675093162678;
-0,0082289116447594;
-0,0519688949080788;
-0,112167731231025;
-0,135607240014698;
-0,113072473605887;
-0,057339965748231;
-0,000895270646110358;
0,0117325893429196;
-0,00316683085388014;
-0,00307022986508182;
-0,0456315802060262;
-0,153666742990224;
-0,169735734395774;
-0,0715677865700921;
-0,0218352038730782;
-0,0222814209665259;
-0,00374101875290954;
0,00665533134742668;
-0,00100943127533958;
-0,00201383891049634;
-0,0429608402388323;
-0,148797223709788;
-0,193397002158517;
-0,147474669450072;
-0,129266303047845;
-0,104934059026087;
-0,0161980281823659;
0,026686269542159;
-0,0026647801969673;
-0,00880579952804637;
-0,0170140160670209;
-0,0736127730870413;
-0,106523863754268;
-0,0951030984446448;
-0,0952911280421534;
-0,104027428086258;
-0,0992188221296162;
-0,0929988000980337;
-0,0952716190840787;
-0,103863460824849;
-0,117238511834659;
-0,132189105053692;
-0,138933044421091;
-0,134488989726911;
-0,127487583917961;
-0,125528167407783;
-0,130928844958096;
-0,137546951115626;
-0,135353975640055;
-0,127643864360671;
-0,113609666627236;
-0,0895836533082261;
-0,0798074963321034;
-0,0916545480248008;
-0,101065100224796;
-0,0990584297223618;
-0,0886493937557206;
-0,0831507634194853;
-0,0909379317813567;
-0,10012120963445;
-0,106773937464693;
-0,112123582684491;
-0,112941631144725;
-0,113539280693155;
-0,114821878217613;
-0,112450460436759;
-0,11057887822683;
-0,112054091612382;
-0,114383568256675;
-0,114795836493464;
-0,108521273156547;
-0,100437822408537;
-0,102913059486137;
-0,111550895440566;
-0,11593350461597;
-0,0878239148868975;
-0,0152167000087199;
0,0217277208789796;
-0,00117967030952749;
-0,00762685959670897;
-0,0362949013611066;
-0,130556517784215;
-0,164489922835135;
-0,116106378435116;
-0,110318436898486;
-0,104745645262668;
-0,0212348412556402;
0,0278673287674648;
-0,00123268009723023;
-0,00984706256941172;
-0,00961915997448221;
-0,046520762202419;
-0,0725021641661029;
-0,0793999519168763;
-0,0955796364613434;
-0,0914336192727739;
-0,0585602032557542;
-0,0512451790053489;
-0,0819863369135434;
-0,102374804003299;
-0,0967435319507629;
-0,0893032254520962;
-0,0855107258671109;
-0,0753013028826728;
-0,062058933557908;
-0,0644688679853013;
-0,0857190902530452;
-0,0928931030319243;
-0,0743686118114084;
-0,0596853064716268;
-0,0554514307501993;
-0,0442125636094384;
-0,0228279480849815;
-0,00416205211822362;
-0,00398392450968061;
-0,0149827129533572;
-0,00880317370999561;
0,00488236098890527;
0,00173825337313564;
-0,00256711256927215;
-0,0125417255952833;
-0,0422694787627239;
-0,0554254526189389;
-0,045786327452571;
-0,0568767590358548;
-0,0625501259045352;
-0,0165796141418555;
0,017185673769222;
0,000594198402251508;
-0,00665830355812894;
-0,0291451287585803;
-0,0883518150170145;
-0,0726499535376764;
0,000617088662607996;
0,00913541413530334;
-0,00956656537497181;
-0,000859067160591266;
0,00360892776121848;
-0,00118230475925241;
-0,000791361662524134;
-0,0175635171126513;
-0,0580201960847486;
-0,0632897920625837;
-0,0293181958534337;
-0,0205920604365196;
-0,0253284897833267;
-0,00612383178281643;
0,00728584591186843;
-0,000196808604166144;
-0,00261471473630516;
-0,0182313690424443;
-0,0656399363915884;
-0,0880350335768466;
-0,0700389950609053;
-0,0656933169790498;
-0,0765701094818261;
-0,0769639144693448;
-0,0725817300784846;
-0,0708986509222965;
-0,0710775833816737;
-0,0656269944820894;
-0,0482343104544716;
-0,0390481576693354;
-0,0475871764403642;
-0,0532198850034068;
-0,0548814596815105;
-0,0615252734980065;
-0,065124512663848;
-0,0581908989717412;
-0,0446981653449007;
-0,036312557503096;
-0,0406483015420708;
-0,0512706858204098;
-0,0581778317144359;
-0,0607254908906475;
-0,0632862585346151;
-0,066899466297614;
-0,0694550811001958;
-0,071094523828892;
-0,073163525514449;
-0,0733762789611102;
-0,0697637954901912;
-0,0657623407108144;
-0,0658203368967964;
-0,0684934246320749;
-0,067998012441628;
-0,062950640493467;
-0,0575174488605716;
-0,053338970801848;
-0,0510976525486323;
-0,0566708059776099;
-0,0720249826726009;
-0,0881445895492454;
-0,0954306645781611;
-0,0931584014801693;
-0,0874158353850818;
-0,0880328604870426;
-0,102693433857379;
-0,124950857731847;
-0,137012098320249;
-0,124901698642061;
-0,0888732988748884;
-0,0414789571109084;
0,00250475152865851;
0,0220563711352263;
-0,00256181985294842;
-0,059651086583162;
-0,108616720175877;
-0,112938726385262;
-0,0701114206786093;
-0,0216788831294994;
-0,00263004013922186;
0,000715430008721865;
0,000129127568820063;
-0,0174306873632592;
-0,0337840431059278;
-0,0166694932954971;
0,00791740700504019;
0,00257500115378764;
-0,021089862922508;
-0,0553450798038465;
-0,105107419302235;
-0,142882015685221;
-0,148151586888818;
-0,139955518980657;
-0,099048351991179;
-0,0139040759209713;
0,0240458946996966;
-0,00243955723225317;
-0,0079512746111207;
-0,0393448147429396;
-0,154760415862646;
-0,223276849094418;
-0,189903611603247;
-0,167357395945699;
-0,130547162090028;
-0,0207659100831411;
0,0330030493103632;
-0,00294246111928022;
-0,0110526876147398;
-0,0125056165035123;
-0,0550699496160296;
-0,0619538273693548;
-0,0281372279339813;
-0,0312867128604924;
-0,0611899533441127;
-0,0742671861354959;
-0,0724323782269173;
-0,0653199820113084;
-0,0660133317480507;
-0,0881768841720578;
-0,121955022709621;
-0,1491774940013;
-0,167459032075368;
-0,178680100316737;
-0,179565941907626;
-0,170501214402546;
-0,154264212860784;
-0,133130924124528;
-0,112622909884083;
-0,0962458273509562;
-0,083815707441323;
-0,0772089243623359;
-0,0762732471280513;
-0,0784023500290934;
-0,0842908975028507;
-0,0933285512541321;
-0,102804618342144;
-0,114094430259752;
-0,127017256421768;
-0,100352936158444;
-0,0170285886322661;
0,0250127411137914;
-0,00160633668525426;
-0,00866414514145735;
-0,0319532676995596;
-0,122298495819538;
-0,165509796734152;
-0,128795164295192;
-0,112312056257158;
-0,115466327145901;
-0,1033140467711;
-0,100862530814466;
-0,109452496375787;
-0,110806816819224;
-0,0806813588921723;
-0,0131992857424559;
0,019676861453801;
-0,00124885651197643;
-0,00683547142072463;
-0,0253635462680178;
-0,0980087165323677;
-0,136968661808222;
-0,116588867192409;
-0,113193413814997;
-0,12550770660599;
-0,125589202701067;
-0,130873323117553;
-0,142792523809182;
-0,146412182873389;
-0,142949626446808;
-0,139504568940124;
-0,12874642375374;
-0,10801735042724;
-0,0933675616351891;
-0,0920259783922089;
-0,0984999322749424;
-0,104935071755492;
-0,102862039295846;
-0,102563771043281;
-0,085826047588363;
-0,0200990405805949;
0,0221352212627068;
0,000531937567834588;
-0,00851188512848365;
-0,0285314091038002;
-0,107349965101074;
-0,143616263927852;
-0,107786448697247;
-0,0923008801899659;
-0,103521860154851;
-0,113684970620534;
-0,118666460043603;
-0,104992053034709;
-0,0833500183280409;
-0,0666113850833847;
-0,0500105420476929;
-0,0348781603183818;
-0,0320656101823618;
-0,0423235867580034;
-0,0528046034490708;
-0,0672216133742949;
-0,0894195640552072;
-0,0950565896127023;
-0,0794171519980556;
-0,0638515799631723;
-0,0520027465787813;
-0,0411823259493117;
-0,0337162727200275;
-0,0250038452026586;
-0,0114296329567431;
-0,00869825174618475;
-0,0338187336602917;
-0,0621784626385091;
-0,0702260217506487;
-0,0783611769275542;
-0,0892325712435134;
-0,0904417912082635;
-0,100679688671136;
-0,132882665370813;
-0,174420638908412;
-0,208339933759585;
-0,212362794649373;
-0,1665332700999;
-0,0920630405227749;
-0,044698189169193;
-0,0395878221683609;
-0,0403320304934394;
-0,0313952820832653;
-0,0265700723939114;
-0,0269044300375754;
-0,0341109727997346;
-0,0573672531360332;
-0,0800720605491625;
-0,0761018205429898;
-0,050023026842849;
-0,0342672300862814;
-0,0531583214630628;
-0,081134206065507;
-0,0772551831227784;
-0,05294110092739;
-0,0475924417374626;
-0,071707204728338;
-0,096945964342814;
-0,0973462275942391;
-0,0749036360424836;
-0,0530242227579112;
-0,0656415059646408;
-0,0969198465614097;
-0,0996139427551834;
-0,0815212152226447;
-0,0724142448459401;
-0,0719627393864323;
-0,0672509251143209;
-0,0579249640283344;
-0,0582958370801064;
-0,0712816878805948;
-0,0766680521494181;
-0,0663200503714259;
-0,0565414224973095;
-0,0570268173855408;
-0,0634138605828987;
-0,0651064942019455;
-0,0588834396424842;
-0,0559450209792122;
-0,0601393458069788;
-0,0624128490118703;
-0,0582422947949819;
-0,0517550956467113;
-0,0479259039525452;
-0,0350266649626276;
-0,00568861538660363;
0,00861821440512254;
-0,000603493870139008;
-0,00296643677486332;
-0,0112829172472745;
-0,0440601288084082;
-0,0638543429987848;
-0,0580190897665106;
-0,0553174231065064;
-0,059462636900305;
-0,0620661946978664;
-0,0601587980471527;
-0,0590501573543815;
-0,0655542641088923;
-0,0697136991724262;
-0,0643495055847683;
-0,0575003765818695;
-0,0590445285189046;
-0,0665502569518675;
-0,0724113988149439;
-0,0800140367587528;
-0,0931479144191944;
-0,107731600686008;
-0,11370000739357;
-0,101592196213502;
-0,0743349322734136;
-0,0317380403668095;
0,0168015217500719;
0,030908947805354;
-0,00201900237745053;
-0,0469557491180693;
-0,0713845377440678;
-0,0663173932830972;
-0,0455572902986194;
-0,0289786979273912;
-0,0322851323623542;
-0,059582284759827;
-0,0877892796404532;
-0,0904487128171603;
-0,0756676571964449;
-0,0701368847739636;
-0,0739257329901325;
-0,0714536972854078;
-0,0668268023925339;
-0,0695429364676904;
-0,0743781815950281;
-0,0740263822143209;
-0,069951479256956;
-0,0674127176862601;
-0,0947817198657226;
-0,160415207188726;
-0,192780787260994;
-0,170214990407705;
-0,157599075649071;
-0,163058774055373;
-0,152416972881301;
-0,121480339673065;
-0,0867372127077789;
-0,0692875245432394;
-0,0735669118101762;
-0,0763511976976468;
-0,0549312442529338;
-0,019683122319912;
-0,00371399156686597;
-0,0182633732307662;
-0,0489282611977816;
-0,0919296513393414;
-0,142628360023377;
-0,178335403633909;
-0,188991877730094;
-0,184589991773467;
-0,174259334952654;
-0,16140719326069;
-0,14602010002756;
-0,127362173922793;
-0,107130421458729;
-0,0883258438633156;
-0,0721485076867985;
-0,0596492754155569;
-0,0530120071275173;
-0,0532408908168768;
-0,0607675169555783;
-0,0744042211948604;
-0,0904581195667701;
-0,102018951450212;
-0,0923070866240861;
-0,0658668872417646;
-0,0648789465222816;
-0,0916063269103128;
-0,115640273588102;
-0,13563317799849;
-0,138293463544359;
-0,117171194479744;
-0,099611095213884;
-0,0700827817750656;
-0,0106991216873441;
0,017053375298697;
-0,00138568140746625;
-0,0057906903906853;
-0,0207118315287086;
-0,0816976389919887;
-0,116446311466771;
-0,102646018328063;
-0,102762164009377;
-0,115435301828393;
-0,113364015102819;
-0,107906188579042;
-0,10652811913969;
-0,106558928354676;
-0,080520438502552;
-0,0140724120264032;
0,0199208908977448;
-0,00103050621105813;
-0,0070152859250781;
-0,0279843730860302;
-0,106060674701332;
-0,144973427587603;
-0,117205997970111;
-0,107800106487675;
-0,114674928311968;
-0,102343328208476;
-0,0913630359038526;
-0,0945494492288779;
-0,104370972839832;
-0,120117847377124;
-0,139025423485841;
-0,147841351234798;
-0,136180443143413;
-0,110090427408061;
-0,0880955458154465;
-0,0801021397692822;
-0,0796397149652465;
-0,078824076938275;
-0,0752041762733227;
-0,0730848306002943;
-0,0786879120673762;
-0,0826513393235159;
-0,0785272100261291;
-0,0741848928470388;
-0,052396306070196;
-0,0068678839508687;
0,0126150573295717;
-0,00143537057687144;
-0,00410567084802428;
-0,0140904735580826;
-0,053704531534652;
-0,0676081145599844;
-0,0452283230082852;
-0,0333987254952116;
-0,0234018075626168;
-0,00523530249307613;
-0,00470338807651187;
-0,0171089225631568;
-0,0222190217526247;
-0,0313632596998276;
-0,0605683879516819;
-0,098213694253735;
-0,123944996223623;
-0,122148032040256;
-0,0950019344102159;
-0,0742903162063532;
-0,0970599140544945;
-0,172728466411036;
-0,254389299755402;
-0,266306931778986;
-0,195257646764298;
-0,101085522331103;
-0,0389839636336228;
-0,0111816722953763;
0,00707345166419501;
0,00935133779386578;
-0,0218181462806256;
-0,0684927584367437;
-0,107722515051254;
-0,12792959296085;
-0,114011183815391;
-0,069225066233314;
-0,0212938486731753;
0,0100379330928545;
0,0224677642819499;
0,0135236160565624;
-0,0179735500095028;
-0,056073305371626;
-0,0787991182446676;
-0,0816780514260355;
-0,0719396074912806;
-0,0544777059265515;
-0,0380026467821097;
-0,035338344712436;
-0,0501399744365221;
-0,0717795065201621;
-0,0864396371258499;
-0,0900489646232346;
-0,0859738854833349;
-0,0601042458750241;
-0,00901324270541439;
0,0144124306727372;
-0,00113406706123574;
-0,0049169264761584;
-0,0130507075227848;
-0,05292886078239;
-0,0740156352094758;
-0,0595255162580311;
-0,050289920631116;
-0,0531127322903654;
-0,0587505613573839;
-0,0635600099296734;
-0,0608500276951587;
-0,0536076606289532;
-0,0520429901978367;
-0,0591799854673056;
-0,0609734465357584;
-0,0566082671544726;
-0,0632073488789744;
-0,0558066374837685;
-0,0111084542118756;
0,0144719919476057;
-0,000526658641060143;
-0,00517471478805563;
-0,0124557904933974;
-0,0499673739858378;
-0,0687324328538487;
-0,0533356095333241;
-0,0469433662102061;
-0,0520722403936865;
-0,0532234581025973;
-0,057561212808614;
-0,064491541779972;
-0,0626267660590364;
-0,0504841102562299;
-0,0370335111212397;
-0,0333236877190396;
-0,0474516437139529;
-0,0744865376429294;
-0,0983558144519809;
-0,109920349217629;
-0,113734447754502;
-0,117056590658162;
-0,121033434890755;
-0,0919689738552321;
-0,0154280440921004;
0,0227090592365695;
-0,00142364101587523;
-0,00788804753990993;
-0,00155043463240738;
-0,0167421913233282;
-0,0245521283439044;
-0,0224452744187257;
-0,0404309891502396;
-0,0486882519773514;
-0,0120540938387115;
0,0135558097738638;
3,11952760953864E-7;
-0,00503923289735779;
-0,0172366007181874;
-0,0793158501443282;
-0,143682444680562;
-0,154660492836022;
-0,133909842534852;
-0,0883630581467404;
-0,0126743027153136;
0,0209977643250153;
-0,00180030778061118;
-0,00710384621830109;
-0,0253797062481217;
-0,101305045873618;
-0,14972171732701;
-0,143417039281858;
-0,153613398493031;
-0,131619119735321;
-0,0242175009768092;
0,033732954480485;
-0,00184760737334987;
-0,0117982310843418;
-0,04320384618515;
-0,167926470755152;
-0,237605551589941;
-0,198662680575477;
-0,167402905448498;
-0,141136597331928;
-0,0880315319651106;
-0,0670271116571889;
-0,0854349749723219;
-0,0961454954323074;
-0,0983412612091471;
-0,106966047556793;
-0,117002190444923;
-0,128946631213977;
-0,143521024475732;
-0,155018653192069;
-0,162543689552027;
-0,167003782182979;
-0,165876926145465;
-0,158890881833045;
-0,149849916776756;
-0,142256295399722;
-0,136811478977671;
-0,131732803360487;
-0,125502000970649;
-0,119974474861934;
-0,118160086063728;
-0,119600161771751;
-0,122213247581011;
-0,125625359747767;
-0,129325267674387;
-0,1320953206936;
-0,13200539148854;
-0,128391156277154;
-0,126533171520342;
-0,130860125851723;
-0,13715889631057;
-0,13901596356961;
-0,134541850119389;
-0,127424575544233;
-0,0918696893256178;
-0,014910192764728;
0,0223987524818085;
-0,00146853180958215;
-0,00776040498295722;
-0,0313352558362386;
-0,120425393715218;
-0,168125720918134;
-0,140592353903159;
-0,130833335374918;
-0,107100570328546;
-0,0181395125620192;
0,0272565441222736;
-0,0020531042291487;
-0,00929011791154404;
-0,0318434372425098;
-0,121665000001891;
-0,161903494664348;
-0,125269740568649;
-0,120404380285049;
-0,148191574922576;
-0,160509591484987;
-0,164580966636525;
-0,166698737282331;
-0,161387644863323;
-0,148904113809649;
-0,13224702165433;
-0,113852764871611;
-0,0967436489130192;
-0,0814755514178037;
-0,0665195233121116;
-0,0534198591728169;
-0,0489867019454035;
-0,0624135026925344;
-0,0894798507918761;
-0,109621639372178;
-0,117514889356734;
-0,12603792628098;
-0,128792260838244;
-0,108908714119676;
-0,08816608026934;
-0,104827142275454;
-0,134041541539201;
-0,130731665847051;
-0,105127674793952;
-0,0757822567239234;
-0,0632808376017711;
-0,0827636596766118;
-0,0955664356197596;
-0,0795646524714994;
-0,0631733938964601;
-0,0661813120931206;
-0,0851338951124121;
-0,093684701229869;
-0,0794878425107223;
-0,0897051891181891;
-0,139902062160862;
-0,14846989908584;
-0,109733310749964;
-0,111995424777129;
-0,143121086698365;
-0,149683230310906;
-0,147285935742105;
-0,152664615174958;
-0,152632151862021;
-0,134522205066353;
-0,0997597847354443;
-0,0673127248438932;
-0,057894953387613;
-0,0704120266715847;
-0,0901868405472361;
-0,0975447153496293;
-0,0767249608566035;
-0,0558920754122056;
-0,0677229120409202;
-0,0918031098025535;
-0,107722306418894;
-0,110134690320385;
-0,0877035183012031;
-0,0540617792051856;
-0,0545330251862695;
-0,099178745742695;
-0,120970583154377;
-0,0871503678455929;
-0,0502916196619834;
-0,0534785869753799;
-0,0827165715101769;
-0,0882573703292003;
-0,0767499811811847;
-0,0912802489747831;
-0,106267841882807;
-0,0922453208628919;
-0,0741786091351824;
-0,0778858204465064;
-0,0960263933986219;
-0,0997645338118887;
-0,0809179561551575;
-0,0666335206685222;
-0,0695239334754765;
-0,073812412100973;
-0,0548172047961025;
-0,00883160458023787;
0,0134001333800362;
-0,000923986451446852;
-0,00462144535460877;
-0,0167498347609708;
-0,0627537789686067;
-0,0818704743775315;
-0,0630744312890863;
-0,0633025623267447;
-0,0570540995424016;
-0,0101566765745093;
0,0148775077041695;
-0,0010919575833402;
-0,00507302507483805;
-0,017677590871685;
-0,0693728727325225;
-0,0976893895556935;
-0,0826028913676577;
-0,0780570868978546;
-0,0645470012480968;
-0,0111950265523354;
0,0164727930232822;
-0,0011530286861708;
-0,00565218681169296;
-0,0267534184052035;
-0,104783209427792;
-0,156546701429438;
-0,145789363911879;
-0,131057522082556;
-0,0916157156664929;
-0,0106331467218058;
0,0219090337203703;
-0,00300414693742602;
-0,00690821454215008;
-0,0158782553084202;
-0,0693102729379618;
-0,0967189206185602;
-0,0683621297423792;
-0,0416377327966056;
-0,0345037285538462;
-0,0370319622312661;
-0,0564731273178061;
-0,0842599944120354;
-0,103409386538421;
-0,117944613417725;
-0,126696769025949;
-0,107975120506747;
-0,0700193709782611;
-0,0501089978128096;
-0,0390384898749767;
-0,00832359799062745;
0,0101665957711378;
-0,000160026150704055;
-0,00372716928177149;
-0,0327269275664188;
-0,110749251146078;
-0,134633969624057;
-0,100434237892696;
-0,12353871194207;
-0,182667552978562;
-0,204947032694315;
-0,200799673577665;
-0,194011698895231;
-0,187008990342931;
-0,172429115212501;
-0,147141627931643;
-0,120375863801025;
-0,10042561519866;
-0,0914259685090102;
-0,0993447789670641;
-0,115342798640151;
-0,120100798793298;
-0,113908569258956;
-0,110984435951139;
-0,111519360336385;
-0,106300463228999;
-0,100031377476406;
-0,105303811310064;
-0,12252628297599;
-0,138783501026394;
-0,144293847986528;
-0,141315248393964;
-0,13540440587682;
-0,12925598831582;
-0,126621619435442;
-0,130629292758875;
-0,137817721821825;
-0,144357654931181;
-0,14781576475952;
-0,143613018959358;
-0,133141206180973;
-0,124376918873987;
-0,121403276459302;
-0,122779978450277;
-0,124783590565962;
-0,125173927540167;
-0,126127309626378;
-0,127008810449182;
-0,124915452522982;
-0,123518635766944;
-0,124860314319485;
-0,1250594357322;
-0,124002469559457;
-0,122571310149249;
-0,120146917846303;
-0,120280716532055;
-0,124489946674333;
-0,128350080011317;
-0,128823793015658;
-0,0944757059841576;
-0,0146853942344076;
0,0230705931141852;
-0,00180445102132756;
-0,00786252801442114;
-0,032818985736366;
-0,125622670538409;
-0,17511035717708;
-0,147190626131599;
-0,133022246281531;
-0,101939418087661;
-0,0143825872663302;
0,0252766518827937;
-0,00278541123466265;
-0,00824381223880182;
-0,0343635902068739;
-0,130677791578431;
-0,174404747731553;
-0,135562258074378;
-0,124364222605955;
-0,104182050174263;
-0,0170495464105559;
0,026710090094323;
-0,00236170704480103;
-0,00894285471078339;
-0,0268178830498317;
-0,105704921282782;
-0,144825252437684;
-0,118542222941201;
-0,111204145169878;
-0,0893853804636882;
-0,0131723105210388;
0,022476746025677;
-0,00238642878983076;
-0,00736129228271345;
-0,0115811705953862;
-0,0548867028072788;
-0,0844073892006204;
-0,0780622694139961;
-0,0713674184522028;
-0,0672608933519102;
-0,0625253864445839;
-0,0700650879839526;
-0,0799847145481591;
-0,0758770653364266;
-0,0697507546690968;
-0,0762802531703115;
-0,0827750569742463;
-0,0790003965643747;
-0,0715801826278584;
-0,0705037219656794;
-0,077995658315003;
-0,0822423326988696;
-0,0785419809534175;
-0,0719729223264731;
-0,0715039685631113;
-0,0783604444649955;
-0,0747350067516032;
-0,0704495592031549;
-0,0932918055529844;
-0,113151399914424;
-0,0903812062080196;
-0,0622960271779779;
-0,0702150053896361;
-0,0979970643358053;
-0,11832252161577;
-0,107896205070873;
-0,0742809870062838;
-0,0620003958549929;
-0,079244366610677;
-0,0951175955181633;
-0,0991472023595391;
-0,0952552897002457;
-0,081720578710206;
-0,068649167645455;
-0,0681973357280223;
-0,0715344722076468;
-0,0697975789318943;
-0,0654506753665336;
-0,0561947422873188;
-0,0429263070993847;
-0,0369044278706594;
-0,0453846614371346;
-0,0670162329739371;
-0,091169480378841;
-0,0999608860545587;
-0,0897063066725603;
-0,0756448276579348;
-0,069793653763056;
-0,0728110059262107;
-0,0814324969354045;
-0,0944085895164764;
-0,107747381554357;
-0,10821808386922;
-0,0907382247420968;
-0,0543244766908459;
-0,0062279235073743;
0,0123286060464103;
-0,00143139563716012;
-0,00402317190742416;
-0,0142334149892659;
-0,0564483232218948;
-0,0807875279136862;
-0,0718794862341679;
-0,0672957583121724;
-0,0677497806431249;
-0,0648417943309787;
-0,0664771828148015;
-0,0730851128509276;
-0,0805684210266072;
-0,0837035629642808;
-0,0816899101505788;
-0,0811556644095835;
-0,0818703023905853;
-0,0765745917237391;
-0,0680225170107866;
-0,0648185332993296;
-0,0696794531094741;
-0,0826784841319575;
-0,0997124333700801;
-0,109966153561649;
-0,107327274806378;
-0,0951458002967677;
-0,0816845227985727;
-0,0760022393548022;
-0,0808787253143947;
-0,0934811917006007;
-0,107191889774101;
-0,11035671769121;
-0,0989481434597706;
-0,0840447130435711;
-0,0696508342391773;
-0,0523020384124817;
-0,0518046463756627;
-0,0803858262804668;
-0,105892680159068;
-0,104435958304477;
-0,0899769203561889;
-0,0742149008391346;
-0,0543991325135378;
-0,0312110398516529;
-0,00958873445276911;
0,00394791160945062;
0,00319329611698629;
-0,0114993198193447;
-0,0432925957617511;
-0,0889687756063588;
-0,11814755065971;
-0,112223182547465;
-0,0908379933794169;
-0,0785563146030501;
-0,0827364932685932;
-0,0952070032709407;
-0,107542109107959;
-0,119044489430353;
-0,122714534984316;
-0,113278054589399;
-0,100738511617471;
-0,094375466212628;
-0,0954792095759556;
-0,103249911911023;
-0,120234579526564;
-0,148630550830315;
-0,178754245278884;
-0,195303977586666;
-0,184697153781911;
-0,149933980408671;
-0,119645966919528;
-0,108606863006164;
-0,102817707000832;
-0,0974038915943406;
-0,0975549027777;
-0,0938673041908443;
-0,0781093688589399;
-0,0600554742990795;
-0,0520369709289902;
-0,057248515114916;
-0,0675456997129539;
-0,0742191331897732;
-0,0807687688735577;
-0,0871736427446853;
-0,0886650460686142;
-0,0905987579408565;
-0,0974783304475429;
-0,107787144719046;
-0,119086222390238;
-0,126144342907494;
-0,129425850899325;
-0,133248911475268;
-0,134106176719513;
-0,109295634772612;
-0,0762316070730294;
-0,104087464320168;
-0,149422521069776;
-0,138267466216172;
-0,112051788834052;
-0,0929565986376077;
-0,0812125949592975;
-0,089853497687806;
-0,0984995543265171;
-0,0727268877979519;
-0,011477526812165;
0,017661537618989;
-0,00125956028203608;
-0,00607618554811946;
-0,0234884742303339;
-0,090033283725459;
-0,12415292576468;
-0,103306826900958;
-0,099664501854025;
-0,0840190334318818;
-0,0145149564135037;
0,0215304534838061;
-0,00157599024586992;
-0,00735438906138712;
-0,0243717600917738;
-0,0953331046547756;
-0,133241270513184;
-0,114702948071235;
-0,114185799645518;
-0,095141963580069;
-0,0154724738152154;
0,024205013863949;
-0,00208979621535808;
-0,00813198877958442;
-0,0201402687829912;
-0,0806240464177345;
-0,10985210549103;
-0,0942982879801295;
-0,104620499132055;
-0,0942309483756986;
-0,0165399112809295;
0,0244159125873125;
-0,00181259184519727;
-0,00832086294634696;
-0,0177137446504212;
-0,0774287619039929;
-0,112960298358224;
-0,0880138502430307;
-0,0619233349597023;
-0,040735309393291;
-0,00490762041914617;
0,00987351200021788;
-0,00133613516952432;
-0,00311696265295563;
-0,0308730090611017;
-0,109564281064617;
-0,140681889240035;
-0,0979707059069644;
-0,0708691750814334;
-0,0517493122530969;
-0,00652597816874784;
0,0128519737547214;
-0,00175276373316072;
-0,00404163528634188;
-0,0197462815432868;
-0,0756645417533863;
-0,106885885997539;
-0,0894057077984978;
-0,0735508163443039;
-0,0547286612717836;
-0,0101318804307336;
0,0134870585299116;
-0,000430708412845329;
-0,00486964739384941;
-0,0288471193974173;
-0,113228736549144;
-0,176142278715828;
-0,175819110571054;
-0,171314677859599;
-0,128937976756075;
-0,0187800081810845;
0,0317457467304698;
-0,00314491550778239;
-0,0105173095818181;
-0,00441008646628623;
-0,0362158528135413;
-0,0643483893245869;
-0,0722966257657215;
-0,0826078262654651;
-0,0859738946677605;
-0,0795949403385495;
-0,0803673561126155;
-0,0816071155512084;
-0,0755304100196511;
-0,0531933751365744;
-0,0088345067071084;
0,012970430444952;
-0,000766137546525336;
-0,00453115562480061;
-0,0138648823277095;
-0,0512937154861458;
-0,0642097107722388;
-0,049772025422931;
-0,0619357722051199;
-0,0640247041001718;
-0,0133702178351699;
0,0172120910770373;
-0,000691717857242382;
-0,00610784320281299;
-0,013538564644001;
-0,0560901802737035;
-0,079429348951648;
-0,0649816164462583;
-0,0621323869784823;
-0,0736377748717531;
-0,0749704519485576;
-0,0694146687004465;
-0,0647472854345089;
-0,0623238978822492;
-0,0628836013189132;
-0,0658369651040697;
-0,0677960451856228;
-0,0657643371179617;
-0,0645175365435431;
-0,068806542952493;
-0,0718792849644808;
-0,0705777899262088;
-0,0725358020363247;
-0,0776620358740785;
-0,059398068059984;
-0,00969436383804661;
0,0145886582579881;
-0,000988260552156861;
-0,00503707717757653;
-0,011312140863136;
-0,0448418162894283;
-0,0607652058442844;
-0,0527279282126826;
-0,0558671201956936;
-0,0590419647773351;
-0,0513353672098761;
-0,0483562178413181;
-0,0544649460969672;
-0,0597328245357262;
-0,0619042691727889;
-0,0642477713441197;
-0,0541398173725136;
-0,0409086728573736;
-0,0494002922928009;
-0,0469161964479068;
-0,00845827960435942;
0,0123196909935759;
-0,000902579896543819;
-0,00419910264458644;
-0,0296907788250854;
-0,109281521274529;
-0,150095763242179;
-0,124477215955533;
-0,115672177268659;
-0,123037143958951;
-0,113419697232499;
-0,107939637388589;
-0,118586771001523;
-0,132652936149791;
-0,139372557377462;
-0,133289445238867;
-0,119406492443464;
-0,114930021983912;
-0,123539639243959;
-0,0987524346849809;
-0,0179452313433116;
0,0247023761286175;
-0,00113065722449339;
-0,00875621422043121;
-0,0292292764801131;
-0,111345112621493;
-0,149940372983589;
-0,11831242867692;
-0,108767684772651;
-0,120944197523004;
-0,122152447310424;
-0,121576533986729;
-0,11897321513718;
-0,112308363124459;
-0,107579290961464;
-0,1088603481353;
-0,1109925477581;
-0,106821824486416;
-0,100699464124164;
-0,0992080797164277;
-0,101960899354288;
-0,107476991606019;
-0,11456904316369;
-0,120225093880781;
-0,122643736618918;
-0,122759379476238;
-0,119142981423837;
-0,109645222890672;
-0,0988638885118855;
-0,0936939807737299;
-0,0946410472567514;
-0,100096600857765;
-0,110967932918438;
-0,123900033747174;
-0,130077951804835;
-0,124741881852867;
-0,113621086150297;
-0,107641943051346;
-0,111034961642132;
-0,0868676059600265;
-0,0151225107034481;
0,0217155605142428;
-0,00126621623310902;
-0,00757707529560149;
-0,0252154084623314;
-0,0962593593080795;
-0,127821989837396;
-0,102087989479888;
-0,108725600674734;
-0,13313410657197;
-0,130395526048094;
-0,127140941695584;
-0,133410906595313;
-0,13458026819411;
-0,134015642842948;
-0,133997167800128;
-0,127844881758875;
-0,116413064762074;
-0,105802406731112;
-0,101680678334631;
-0,108238043092511;
-0,125073177383275;
-0,146661866127655;
-0,162483503308859;
-0,163808234360562;
-0,155076393933049;
-0,145463590073552;
-0,132557211596102;
-0,112955485655592;
-0,0719990524046439;
-0,00901016495148859;
0,0168382019804475;
-0,00186597398448072;
-0,00551777232939066;
-0,0231793753919057;
-0,0829017275486678;
-0,0971784046947313;
-0,0581112307079629;
-0,0557068729355258;
-0,0604748680856076;
-0,0140017712342924;
0,0166225422794913;
-0,000284871313261473;
-0,00605847275693313;
-0,00718202913332132;
-0,0275622771780116;
-0,0250978301671626;
0,00081547158545855;
0,00655477235558514;
-0,0104299274193447;
-0,0289838871594806;
-0,0230528596387042;
0,000417496100778887;
0,00600199056269197;
-0,0322629138416485;
-0,117097734136264;
-0,170649630658213;
-0,146492751858773;
-0,11638864931055;
-0,121542346779004;
-0,139148356601306;
-0,167788282055485;
-0,210452404065225;
-0,235698813319048;
-0,223722849218285;
-0,180012836040966;
-0,116134453101212;
-0,0596671256010751;
-0,0267782589074502;
-0,00972961706141266;
-0,00613726798636712;
-0,026818997164043;
-0,0675517038100288;
-0,0980553620035016;
-0,10773532666884;
-0,10815831127298;
-0,0948221585048582;
-0,0677370424582122;
-0,0440300880092792;
-0,0364726592216738;
-0,047952754074425;
-0,0662967363008103;
-0,0738095898411825;
-0,0697297452761687;
-0,0640883673601373;
-0,0622603575087729;
-0,0629609254929515;
-0,0605716070941596;
-0,0542311859382828;
-0,0521321730088786;
-0,0587557340456896;
-0,0668379573019157;
-0,0692037702131506;
-0,0697015523225621;
-0,0723521177151595;
-0,073348646504436;
-0,0720508085770987;
-0,0717286271821622;
-0,0719825159663798;
-0,0532116014303909;
-0,00844596193390503;
0,0130245385129437;
-0,000960227979288953;
-0,00446381484082546;
-0,0162085025492925;
-0,0636168263049952;
-0,0903440084276924;
-0,0777492662797629;
-0,0732883970671239;
-0,0782126574740898;
-0,0770198791041869;
-0,0818571435443567;
-0,0939057844737278;
-0,102791703006398;
-0,0787594082777218;
-0,0129820566180387;
0,0194500061840558;
-0,00131773139655836;
-0,00671225883088732;
-0,021002066230681;
-0,0789498327864355;
-0,0998245907823018;
-0,0696951230483177;
-0,0646233278439739;
-0,0784724285214645;
-0,0684958042207513;
-0,0412721699432919;
-0,0309184569877322;
-0,0484845129117829;
-0,0677820759751177;
-0,0666425929657677;
-0,0441214654295938;
-0,0306572259772117;
-0,0475378407756708;
-0,0694387307101751;
-0,0859999542615347;
-0,109956258266139;
-0,133369709248389;
-0,138298667987626;
-0,11805085236233;
-0,0925953366001379;
-0,0951663003679183;
-0,118950822333038;
-0,124701370518019;
-0,108162995276432;
-0,0982166995653906;
-0,100495558271163;
-0,103506642727858;
-0,111481757392303;
-0,128688284529423;
-0,146193354748035;
-0,150398884453737;
-0,136106565264643;
-0,117730312446414;
-0,113163404137627;
-0,123868969967017;
-0,136613705503322;
-0,138594304195472;
-0,135220609826491;
-0,135254487331347;
-0,127545308190275;
-0,108429416672832;
-0,0947851021579193;
-0,0864598485612217;
-0,073806258940273;
-0,0690657467171248;
-0,0790192940908241;
-0,0917296398405406;
-0,100313918383321;
-0,104303240076673;
-0,105771411448943;
-0,108560112149273;
-0,110622750014264;
-0,107216656913795;
-0,106258356949109;
-0,115298434295439;
-0,124365916841221;
-0,126098812450697;
-0,124324706075248;
-0,120704549390726;
-0,114051852302343;
-0,107475584810504;
-0,104700186756374;
-0,104824569989128;
-0,105995677700961;
-0,106850454855185;
-0,106138346867951;
-0,105527048623189;
-0,107904145031232;
-0,113745396875737;
-0,122671808128349;
-0,132327845766397;
-0,136020619322474;
-0,130223195894777;
-0,120867930344939;
-0,115317528114711;
-0,114090597830231;
-0,113793298566027;
-0,113728554715212;
-0,115748072569406;
-0,118750568585246;
-0,120340487038094;
-0,121100480140893;
-0,120935518815226;
-0,117750988591118;
-0,115585911385631;
-0,121042170120313;
-0,129805218312157;
-0,134939935321192;
-0,136283778141362;
-0,135640247588246;
-0,131847066156517;
-0,122581170132647;
-0,113837558099505;
-0,110524141379427;
-0,113274873519107;
-0,122640664389245;
-0,126892627088327;
-0,124833545016147;
-0,128233353430671;
-0,12442231137509;
-0,109215046918965;
-0,104120016235299;
-0,106821416009477;
-0,0995954100850218;
-0,0882675817437752;
-0,0871800235056609;
-0,0832230528531283;
-0,0696050232138851;
-0,0687052958256529;
-0,0713650775474574;
-0,0571449328887392;
-0,0387529093135406;
-0,0260346496730601;
-0,0251865216653727;
-0,0407163435154139;
-0,0549990797459321;
-0,0628644997399736;
-0,0770020034705826;
-0,0813575780626;
-0,0656318352240374;
-0,0496519956655719;
-0,0298397167737352;
-0,00584055105626794;
-0,00448710013921294;
-0,0248958095820907;
-0,0445493542875986;
-0,0562705433316384;
-0,0628040089694544;
-0,0639749769058189;
-0,0615613507982373;
-0,0610892712341134;
-0,0671280669268746;
-0,081226725522579;
-0,0975868868516132;
-0,110302531065673;
-0,120170329772936;
-0,140148527168837;
-0,190321401541867;
-0,212045094509988;
-0,139551680132027;
-0,0891061932094003;
-0,139299412615072;
-0,202267349091552;
-0,186917652979326;
-0,0647780914895339;
0,0157952820772825;
-0,0259530803395011;
-0,0574242768784157;
-0,0389809583039814;
-0,00859892153366083;
0,00892541228547259;
0,000669324292135009;
-0,00366688889272936;
0,00101826125637788;
-0,00541408694472476;
-0,0282253277182134;
-0,0587116404867478;
-0,0788014377184529;
-0,0623138547458614;
-0,0101906942428112;
0,0152753088591677;
-0,00101112663632519;
-0,00528555624752828;
-0,0037647547992705;
-0,0245353672773447;
-0,0451560622255108;
-0,0522240449847556;
-0,0622540519045637;
-0,0783062712520545;
-0,0887650006597327;
-0,0866203738070478;
-0,0687123254816588;
-0,043721618176865;
-0,0325141728075164;
-0,0404964228143147;
-0,0533604327276213;
-0,0605738929884004;
-0,0593947097784753;
-0,049471555774664;
-0,0373670714784328;
-0,0362178366293471;
-0,0489904223673064;
-0,0621972763420893;
-0,0663281362042458;
-0,0671099567898601;
-0,0698965029775749;
-0,0700622008027433;
-0,0658775205489167;
-0,061872185371531;
-0,0595105841624607;
-0,0582355040562046;
-0,0584368014804596;
-0,059916568729193;
-0,0608526226243291;
-0,0613233582877234;
-0,0659208529558027;
-0,0729734104053924;
-0,071578406894632;
-0,0612153864305476;
-0,0534636468897681;
-0,0494193010266784;
-0,0439085577449792;
-0,0433983694874458;
-0,0528310886827928;
-0,0653492463350985;
-0,0754686720104486;
-0,0818969075014756;
-0,0832336796891788;
-0,0605985839629324;
-0,0093076424106336;
0,0147306976771393;
-0,00116577982284395;
-0,00501628759565879;
-0,00633331474916107;
-0,0271719866469856;
-0,0281860630957915;
-0,00147189013963416;
0,0116020271504107;
0,00504472976960829;
-0,000587724000799784;
-0,000654030320406914;
0,000341422832255207;
0,000111865660791028;
-0,0126541255101767;
-0,0409037132353558;
-0,0521616770293644;
-0,0561277706916473;
-0,104485614703949;
-0,167192621972549;
-0,179310872977155;
-0,153933088245604;
-0,135007255226338;
-0,135160323320112;
-0,150818607033866;
-0,167996551858466;
-0,170598929542385;
-0,159056652715425;
-0,140305053976318;
-0,133818798675962;
-0,15752225834926;
-0,176578937548592;
-0,160979713333374;
-0,137262369306674;
-0,110842610500655;
-0,0756138565345;
-0,061713275325181;
-0,0703081950945158;
-0,0754356605393033;
-0,0830407830307198;
-0,102082335093021;
-0,120321378657811;
-0,129497163062979;
-0,134943164195241;
-0,138694861412633;
-0,136475525478913;
-0,131633636153371;
-0,130480401854847;
-0,134614837196234;
-0,140655464074229;
-0,139849060821855;
-0,129003272833361;
-0,117120624708947;
-0,111961856399123;
-0,110416400012646;
-0,107347650688775;
-0,103741745990407;
-0,103378331523974;
-0,105564059611905;
-0,107324486379982;
-0,11087963962465;
-0,117919550576182;
-0,125319778825047;
-0,131537045290689;
-0,137602883603634;
-0,142305997896108;
-0,143582462239187;
-0,143562616970753;
-0,143852918005472;
-0,141159879645719;
-0,133921289119308;
-0,1252628299134;
-0,11775287265435;
-0,112316501264614;
-0,111802130283447;
-0,116743634520438;
-0,121063103392333;
-0,123398544193862;
-0,127054001237272;
-0,132277714334127;
-0,138911015812613;
-0,140780183098406;
-0,139102639353318;
-0,146655751526779;
-0,157764057940904;
-0,15638347523642;
-0,146157970767393;
-0,137904265104461;
-0,126485399337017;
-0,108781901941153;
-0,100383672248084;
-0,107711818158553;
-0,119813022405115;
-0,133104386139041;
-0,140160025661166;
-0,130050736959633;
-0,107134529230787;
-0,0747704299652924;
-0,043172806663797;
-0,0301087746158294;
-0,036835714013352;
-0,0603452570038692;
-0,0849581491199274;
-0,0807161817555392;
-0,0519365995803013;
-0,0332307661875221;
-0,0406934721929148;
-0,0546146225726523;
-0,0536264186988804;
-0,0459604704233187;
-0,0352468123273347;
-0,0184068746500986;
-0,00485157068415154;
-0,00300730885179192;
-0,0183585272649116;
-0,0324589348691656;
-0,0331594114697654;
-0,0360893089943963;
-0,0455716128844465;
-0,0649166021548458;
-0,0836767141960654;
-0,0885545237694444;
-0,0920733851337338;
-0,0960865320395874;
-0,0976564541369092;
-0,103578273428652;
-0,113745754980277;
-0,131321605257227;
-0,165825058853435;
-0,202953210027932;
-0,206044635886749;
-0,161457567794622;
-0,0905438323568846;
-0,0292227004297807;
0,000685883913010452;
0,000938126276737723;
-0,0277257437875925;
-0,0704578342374707;
-0,094464889334293;
-0,0942296749622263;
-0,0865853395249431;
-0,0838494469712537;
-0,0884310181908373;
-0,0868845463861991;
-0,064280121414234;
-0,0292672536424843;
-0,00595527834545069;
-0,00706917003753241;
-0,0287835604798006;
-0,0606702152141145;
-0,0915809141412729;
-0,107333401439805;
-0,0959683356890616;
-0,0680662244441207;
-0,0491581282881836;
-0,049837331246811;
-0,0628018406725114;
-0,0729066155141675;
-0,0699881221844224;
-0,0581345230742104;
-0,0511651151187129;
-0,0603364561563411;
-0,0732643471053908;
-0,0707467417092787;
-0,0454687435975185;
-0,00571340654215813;
0,0105267187882565;
-0,00110684318314456;
-0,00347946991088909;
-0,0142847666776775;
-0,0549256475841756;
-0,074477682088781;
-0,0575473616593148;
-0,0497288514058453;
-0,0598745613216881;
-0,0729466782508225;
-0,0799873549392063;
-0,0737430252256317;
-0,0594189193700036;
-0,0458225264685025;
-0,0379691366297642;
-0,0400425194809271;
-0,0549825440475753;
-0,0817894303977014;
-0,112868816921594;
-0,140111716976019;
-0,158411560948387;
-0,157173243950974;
-0,126634762058046;
-0,0730789863624606;
-0,0161442027537139;
0,0180263042789521;
0,00820191485547417;
-0,0418507084153747;
-0,0999338002449199;
-0,12642546847014;
-0,103324498603502;
-0,0480991727404423;
0,00548207082164276;
0,0330388158098404;
0,0175168251242621;
-0,0428593990363202;
-0,111103820842586;
-0,135130738910065;
-0,108726547397422;
-0,0734543271044574;
-0,0553946708933297;
-0,0577674037427444;
-0,0882526770860667;
-0,138320660143816;
-0,17238803912766;
-0,163995667222419;
-0,130843048129702;
-0,107945064875448;
-0,104788962932895;
-0,118731158261752;
-0,147692682007801;
-0,180141046355089;
-0,198323809386819;
-0,19322630788769;
-0,178408707134001;
-0,168988548141403;
-0,16250612942878;
-0,153429683879164;
-0,134004998772954;
-0,10852967180276;
-0,0959974396446403;
-0,0970680669199607;
-0,102135211272414;
-0,105768111219838;
-0,100501280458807;
-0,0861837020797502;
-0,0728021714168832;
-0,0679816499885797;
-0,073090248411821;
-0,0899578946705012;
-0,115016553781024;
-0,136163502662583;
-0,14144812753287;
-0,128757365430275;
-0,1169350799871;
-0,119703799990058;
-0,124621955169671;
-0,122017772487341;
-0,116225646760132;
-0,111718835017605;
-0,108708648750568;
-0,108705861053968;
-0,11328871452587;
-0,117039447646839;
-0,115497603265669;
-0,112242445410092;
-0,111832071459007;
-0,115802538487839;
-0,123652140977309;
-0,130986778074296;
-0,130651507106691;
-0,121005565540089;
-0,110714812817021;
-0,106723322368013;
-0,105662521848759;
-0,107487107530992;
-0,114429220787545;
-0,120877215260576;
-0,124332925890238;
-0,125766775452458;
-0,123400785644916;
-0,119027575546352;
-0,116384823109073;
-0,116783179221758;
-0,12003109425133;
-0,125193637375097;
-0,131186633991247;
-0,133803463994233;
-0,128690450282187;
-0,118941536629664;
-0,11339026153142;
-0,117748454520584;
-0,128127730975432;
-0,138016996364981;
-0,144997537131159;
-0,142234240642527;
-0,12384717545142;
-0,102710326464029;
-0,098971011938629;
-0,108147471155129;
-0,11312896024542;
-0,116566790793118;
-0,117923516527964;
-0,110674111531172;
-0,0997915696438207;
-0,0884964729270528;
-0,0885986653324591;
-0,105740205544363;
-0,118580276914964;
-0,114878225543342;
-0,103468019841377;
-0,0905700240570226;
-0,0740258416805174;
-0,0555357401914549;
-0,0483369173441925;
-0,0577884283368703;
-0,0685943636325738;
-0,0642169215370912;
-0,0525586707983016;
-0,0553043959738083;
-0,0644343914949534;
-0,058066512297428;
-0,0435451866300196;
-0,0262022359857041;
-0,0118984952170471;
-0,0291031673641159;
-0,0605079285255203;
-0,0698785305441199;
-0,0725065955729335;
-0,0840868050074916;
-0,102204993090218;
-0,127767912355768;
-0,147386995706691;
-0,141650584471297;
-0,117888408325756;
-0,0982170881035184;
-0,0903269626678461;
-0,100313710636292;
-0,136368716700996;
-0,181037113841905;
-0,206661900541193;
-0,203805296803747;
-0,175305231892263;
-0,125813989551481;
-0,0642118648848041;
-0,0128728446971362;
0,0081647758484049;
-0,00579864990452556;
-0,0447537382626319;
-0,078123472051638;
-0,08470527658686;
-0,0799430166548241;
-0,0837138955694367;
-0,0886794718114336;
-0,0784534096281577;
-0,0558303633489785;
-0,0349427150366636;
-0,0228853049057661;
-0,0245143059185083;
-0,0450307970171198;
-0,0764444331918972;
-0,0954338959607972;
-0,0890262890329201;
-0,0705430513802554;
-0,056893261712737;
-0,0558365092457343;
-0,0656592991077998;
-0,0700476450802583;
-0,0610002694703324;
-0,0527164333001938;
-0,0559080451073399;
-0,064906148503373;
-0,0696523952075178;
-0,0653369553198809;
-0,0555814022964811;
-0,0477586350860363;
-0,045686375623145;
-0,0479243564593639;
-0,0525102320705349;
-0,0591345873752362;
-0,0654192232063862;
-0,0698573232812794;
-0,0737433040715701;
-0,0766446580573248;
-0,0768601781654613;
-0,0746503118514043;
-0,0729431373789466;
-0,0747701406593598;
-0,0761438113804542;
-0,071383289747198;
-0,0665962486194427;
-0,0676520391747521;
-0,0716505518804881;
-0,0808021976293609;
-0,0941749903821896;
-0,0980518840314064;
-0,0858006855978211;
-0,0666645094848561;
-0,0540099751128338;
-0,0543787412514467;
-0,0641246949370372;
-0,0801315611455964;
-0,0974016539121349;
-0,0929598518453484;
-0,0562265731642646;
-0,0200754849164295;
-0,0105524722070247;
-0,0128700432709762;
-0,0166589367406784;
-0,0289120446641358;
-0,043146396573834;
-0,0495263010734072;
-0,0541255813687869;
-0,060946861355165;
-0,0665967269779141;
-0,0769627176861481;
-0,0954348335759078;
-0,110268289919986;
-0,112775831324529;
-0,104565054280576;
-0,0941925279200734;
-0,0926348180865608;
-0,100488216593463;
-0,114711964946647;
-0,134608036083102;
-0,150600486986304;
-0,152044619573261;
-0,137574763859607;
-0,11231815487449;
-0,0896386298765345;
-0,0820822640003559;
-0,0883210402404833;
-0,102528577035066;
-0,120238061362029;
-0,133105565726906;
-0,137637402092382;
-0,137378663729654;
-0,130642493959427;
-0,111991901220285;
-0,0851086154453995;
-0,0620323140890652;
-0,050498653237444;
-0,048111406446407;
-0,0521720403451262;
-0,0655975270936678;
-0,0849349951946364;
-0,100671054885192;
-0,108330161052249;
-0,110296328579333;
-0,112164307084289;
-0,116254902275291;
-0,122403883475071;
-0,130933288708361;
-0,137424597597247;
-0,137997865734971;
-0,132331836245335;
-0,119376621281147;
-0,109234425084131;
-0,110067776717538;
-0,112508300982946;
-0,111648320777926;
-0,109798248925427;
-0,105007150493449;
-0,0988790728203034;
-0,099460663367737;
-0,106448603422694;
-0,1109511406988;
-0,111299484161482;
-0,111424680099654;
-0,112253557844763;
-0,113537398624036;
-0,116046368972835;
-0,120157012741861;
-0,125231359933787;
-0,128393308807654;
-0,12766197306515;
-0,124441893132944;
-0,119045191022852;
-0,11468409524239;
-0,117259788665935;
-0,123561557647737;
-0,127488254984985;
-0,130996302436212;
-0,136337767753394;
-0,145118124816159;
-0,15735780928077;
-0,161750240117387;
-0,151785906857079;
-0,134923849066809;
-0,116779691437815;
-0,100411717834127;
-0,0873817731382586;
-0,0774716874278851;
-0,0724384322503345;
-0,0733888900515259;
-0,0812448168612917;
-0,0925404706966158;
-0,0965311309611435;
-0,0898834076052672;
-0,0843293255608534;
-0,08650791390793;
-0,0877790564056481;
-0,0904221466195945;
-0,0750496220941221;
-0,0163419946915151;
0,0193165633431186;
-3,23751273451474E-5;
-0,00720877886792294;
-0,0116844578303534;
-0,0514329041336775;
-0,0788076659376935;
-0,0717216115894776;
-0,063392200179385;
-0,0591100809563769;
-0,0577945078879384;
-0,0665683538962085;
-0,0734334649022316;
-0,067208291667687;
-0,0421024367889191;
-0,00468601985840758;
0,00964751579307009;
-0,00122218375250183;
-0,00309989325466684;
-0,00570257170416334;
-0,0279805406854266;
-0,0481183597046535;
-0,0565416429851449;
-0,0666294689996447;
-0,0778385186170849;
-0,0952732467835266;
-0,134908004478879;
-0,193334112724572;
-0,239886393265397;
-0,208815077387326;
-0,112733288306815;
-0,103205907196922;
-0,196895810308988;
-0,250219019045599;
-0,198946205848051;
-0,0915253779771115;
-0,0530416633352684;
-0,0920414856850809;
-0,100511792081185;
-0,0816686033986313;
-0,0657173380311253;
-0,0400249716576623;
-0,0190816784887333;
-0,0177057661610886;
-0,0331394363099558;
-0,0578857791492132;
-0,0759646157339858;
-0,0747961662238407;
-0,0612772231909109;
-0,0510869155551558;
-0,0529048554055341;
-0,0680641344505768;
-0,0874253461061899;
-0,0935102016408983;
-0,0843652168812057;
-0,0759358234014042;
-0,0760678898643124;
-0,0772706196065743;
-0,0732787199994208;
-0,0684664218385154;
-0,065944815719364;
-0,0622846465753171;
-0,056981744191759;
-0,0526647382634569;
-0,0502762457335629;
-0,0508733243061129;
-0,0553231249837041;
-0,0594899006037681;
-0,0583418218987692;
-0,0539073075833097;
-0,0529375473863661;
-0,0577689096361893;
-0,0628992055497229;
-0,0659050303870177;
-0,0714721878293834;
-0,0783688931186695;
-0,0810283764538437;
-0,0799873412430886;
-0,0776983079856421;
-0,0751063992221087;
-0,0720597623245123;
-0,0681720676596107;
-0,0694792661285647;
-0,0866407539030356;
-0,11698532072467;
-0,136927411822804;
-0,127975237354117;
-0,0989522729205147;
-0,0688840323285315;
-0,0472689992344101;
-0,0373836727262127;
-0,0425776399862633;
-0,0622780650367509;
-0,0905923397675209;
-0,119872554076162;
-0,133121307413559;
-0,111560922210043;
-0,0597211060685552;
-0,00602198117991345;
0,0225266532321133;
0,0202784885568257;
-0,00675476888159296;
-0,0468349403907031;
-0,0787375813080107;
-0,0869003993357185;
-0,0716194531960787;
-0,051506694499583;
-0,0514451408736317;
-0,077524899271148;
-0,0798277084844171;
-0,0192188797608615;
0,0214196799924194;
0,000236046636595159;
-0,0080888294732589;
-0,0104671916907173;
-0,0519206091967541;
-0,0908137727531249;
-0,100783880252368;
-0,11403542399863;
-0,0992855947791608;
-0,0199179139656701;
0,0256563583494712;
-0,000819267001119046;
-0,0092272820417133;
-0,0248457106659856;
-0,10613590786791;
-0,171831070855952;
-0,17840405486654;
-0,178987105104198;
-0,174970971736205;
-0,146267121057796;
-0,114175783796984;
-0,0991652287471124;
-0,101717659878479;
-0,115815170297715;
-0,129572388736586;
-0,129591823342955;
-0,118922864591629;
-0,107456946053467;
-0,096322620120025;
-0,088177194648815;
-0,0886866099718813;
-0,0976298711529384;
-0,113347831481676;
-0,127994748449924;
-0,126739606678316;
-0,109847810852711;
-0,0921117790945449;
-0,0810207388496408;
-0,0769273222124485;
-0,0794939594010233;
-0,0851304716177985;
-0,0929582388708641;
-0,103308462886547;
-0,111826896833063;
-0,119086354949679;
-0,129851509569129;
-0,140497368874084;
-0,142857466194335;
-0,137010361480592;
-0,129570115227462;
-0,123527752125561;
-0,118110429367741;
-0,113855284203414;
-0,111613455102243;
-0,11064785637674;
-0,111229945666412;
-0,11544185473924;
-0,121475525009047;
-0,124698327095817;
-0,125858056407192;
-0,125355680636352;
-0,118765259115896;
-0,106783859310241;
-0,0983176652222234;
-0,10069454793705;
-0,110169819207579;
-0,11773877212752;
-0,119071521377626;
-0,112208400873954;
-0,103201263759164;
-0,106515884829895;
-0,118008660826758;
-0,120315791707051;
-0,116772559427691;
-0,120365362444295;
-0,130570283584648;
-0,144282603426233;
-0,159506970224378;
-0,164997333916449;
-0,153897643010674;
-0,135319205208677;
-0,117469503511298;
-0,0978461258502092;
-0,0774471209495467;
-0,0662474661676774;
-0,067178854503186;
-0,069988797001459;
-0,0712702780075633;
-0,0811637146501529;
-0,098793646595216;
-0,111061546987849;
-0,115965023347064;
-0,124718882394054;
-0,141260084334243;
-0,145494817967291;
-0,119177970187522;
-0,0771433256721176;
-0,0436004416392812;
-0,0274930773108201;
-0,0276505802097543;
-0,0347365016984425;
-0,0337133415395241;
-0,0132100419211847;
0,0182025450269133;
0,030787244657695;
0,00819394420734817;
-0,0317244587838708;
-0,0715090060942195;
-0,113593012287296;
-0,147957985340291;
-0,15504951779038;
-0,133527555018506;
-0,0940124100034433;
-0,0493048645190986;
-0,010334013630848;
0,0173762483948797;
0,0288903276162156;
0,0146974240555161;
-0,0254426392674892;
-0,0647872511868739;
-0,0765182594422855;
-0,0662438775110122;
-0,0573591819948093;
-0,0702538017754484;
-0,113804108065029;
-0,17143236661919;
-0,203798514957622;
-0,189296175575156;
-0,141740668616141;
-0,0815152180227182;
-0,0307094391653443;
-0,0142098912026477;
-0,0314925225675709;
-0,0577589036376866;
-0,0780426851389675;
-0,0921684523363165;
-0,0965458065893766;
-0,0884244446148617;
-0,0723745786396427;
-0,0516521825257116;
-0,0336446335049389;
-0,0287342743371626;
-0,0347638135704899;
-0,0422402642624245;
-0,0459761485084512;
-0,0483555858177819;
-0,0529515591841118;
-0,0554042303632402;
-0,0535154703447533;
-0,052779327309129;
-0,0527180953489776;
-0,0458784349591903;
-0,0329579623621514;
-0,0240948411372801;
-0,0252135216285279;
-0,0323893221180752;
-0,0397059967723834;
-0,0463963339677094;
-0,0523264578399359;
-0,0527418383325954;
-0,0414855398400334;
-0,0230111544120674;
-0,0129645246492585;
-0,0171380481775503;
-0,0256047628130194;
-0,0299821600693087;
-0,0316780981208372;
-0,0341468932155872;
-0,0377503250107657;
-0,0424369023887394;
-0,0482656383747936;
-0,0539179476322205;
-0,0589411953865331;
-0,0642749516192563;
-0,0683090908514534;
-0,0695166051948009;
-0,0713339879424313;
-0,0747076644068795;
-0,0749051722682661;
-0,070929353060246;
-0,0653613426942319;
-0,0613969654168589;
-0,0635134685066051;
-0,0697658005882684;
-0,0731553572541322;
-0,0725980228562906;
-0,0710439905617709;
-0,0721891524480956;
-0,0803849555034239;
-0,0932920459036883;
-0,10436819280142;
-0,11058883634433;
-0,108671914421988;
-0,0971850040924303;
-0,0776314072832246;
-0,0471880672488059;
-0,00840518298405576;
0,0191678964118004;
0,0168716368393963;
-0,0115798330149571;
-0,0457324306510268;
-0,0686477502783909;
-0,0786166427178198;
-0,080044702932705;
-0,0738980448023785;
-0,0649920056245463;
-0,0674232236152748;
-0,0909001231228839;
-0,122378592300319;
-0,135646024829775;
-0,120696144827218;
-0,0910810367618802;
-0,0609513573474837;
-0,0369640617704433;
-0,033933102850691;
-0,0609040083343029;
-0,103068453920347;
-0,137494322337818;
-0,142195963535884;
-0,113978790530243;
-0,0824222175185784;
-0,0713622244426921;
-0,0770736104238389;
-0,0931554006729592;
-0,11656931400561;
-0,136783496039704;
-0,143469976623035;
-0,137214697414755;
-0,133683907998166;
-0,142123867790801;
-0,148298336893222;
-0,144760265346188;
-0,135474729476221;
-0,119037591059447;
-0,097672037684064;
-0,0783358237937335;
-0,063586954720319;
-0,0529504689612996;
-0,0454807994755868;
-0,0401962722528231;
-0,0415233346360869;
-0,0484718474025396;
-0,0542660854745757;
-0,0640990798316315;
-0,0816974287996638;
-0,100592072204188;
-0,117305684946552;
-0,130922855842552;
-0,140635243016451;
-0,145531156229175;
-0,143643972601077;
-0,135848973157715;
-0,125469828057255;
-0,115912078448514;
-0,107804542546772;
-0,099003900775943;
-0,0906981295413154;
-0,0872570281966614;
-0,0906703464526734;
-0,0969543151977644;
-0,101270263223797;
-0,102287217885182;
-0,0981146867699704;
-0,0906620481891364;
-0,0877439858239228;
-0,0895763774189309;
-0,0884283793736731;
-0,0837937228076475;
-0,0828670204652517;
-0,0901101452081523;
-0,102654305966119;
-0,114427055440406;
-0,121267734771374;
-0,121103084144577;
-0,115533060024412;
-0,108647469678983;
-0,102937458533176;
-0,0993211780341608;
-0,0972108025040764;
-0,09588497343107;
-0,0974931095671511;
-0,105177623447841;
-0,117011306107185;
-0,128206678487198;
-0,137490184150206;
-0,141671758789048;
-0,133786853085496;
-0,115775968840039;
-0,102008713233412;
-0,103365676056053;
-0,113119678138961;
-0,120911370480387;
-0,127120479197037;
-0,0965550808083087;
-0,0147948043044983;
0,0238992291873723;
-0,00211956253629658;
-0,0080239813573047;
-0,0201728451631991;
-0,0798336915352294;
-0,105878526379185;
-0,0824182661243581;
-0,0790289394662913;
-0,0667704905348649;
-0,0106253942259174;
0,0170110788587936;
-0,00157883631994094;
-0,00566550410941445;
-0,00160034327969237;
-0,0169521050503862;
-0,0318268633924574;
-0,0366586615896471;
-0,0377082633742252;
-0,0240027447002114;
-0,000605062081306984;
0,00538275750744655;
-0,00150065022411395;
-0,00137007795687564;
-0,00682966577256817;
-0,0303803961112479;
-0,0506360679807252;
-0,0558787216481731;
-0,0608597815629252;
-0,0506498241011044;
-0,00962794391308601;
0,0128939603607314;
-0,000530529271720998;
-0,00459023585583458;
-0,0236169322656861;
-0,0854050356214433;
-0,113023049398191;
-0,0949756948718539;
-0,110134225470702;
-0,151380607369572;
-0,172029238316565;
-0,168423666623609;
-0,142365199894162;
-0,0999169795117954;
-0,0623819575069677;
-0,0433758858533152;
-0,0395591963853239;
-0,0424674782814569;
-0,0447387099668033;
-0,0327718185388492;
-0,00478023422588675;
0,00795129058790709;
-0,000728603447119952;
-0,00266405797745407;
-0,00890517307555682;
-0,0315653799582093;
-0,0360352909605439;
-0,0241575110058154;
-0,0328865066826216;
-0,0374986118282123;
-0,0084893594114464;
0,010274062399799;
-0,000238835101925043;
-0,00371767368363577;
-0,0131819220737633;
-0,050273074322947;
-0,0696803218905454;
-0,0585775476445833;
-0,0582566517399533;
-0,0685871273284427;
-0,0702528001632752;
-0,0656107282662882;
-0,0560605928570479;
-0,0430987839984455;
-0,0353156656538556;
-0,0358084570819945;
-0,0403205985553598;
-0,0469160619609195;
-0,0557773359877772;
-0,0466854656325318;
-0,00860569724674447;
0,0118667276146424;
-0,000591921732942941;
-0,00417907383333752;
-0,0193640838967505;
-0,0730855802473337;
-0,101283246258534;
-0,0844029757315677;
-0,0803582279323011;
-0,0911421824999376;
-0,0929366076731602;
-0,0942602288895333;
-0,0980440825786995;
-0,0929738279606041;
-0,0833001780919263;
-0,0871716719623838;
-0,0978645742429572;
-0,0988365667713672;
-0,0913206577293191;
-0,0623749464353335;
-0,0149886572707028;
-0,0041193364083635;
-0,0350051757191611;
-0,0518398950361409;
-0,0449021187279012;
-0,0361941338705541;
-0,033853159634684;
-0,0431882983033384;
-0,0669078666443763;
-0,0934749487661632;
-0,102217969969922;
-0,0899618097366884;
-0,0721103803966741;
-0,0572349165057531;
-0,04572058620126;
-0,0424282524808635;
-0,0541626435103555;
-0,0764135909026967;
-0,0938061784090158;
-0,103029163218679;
-0,112215294474281;
-0,12053172338842;
-0,123678556075823;
-0,120722531598529;
-0,120743153018813;
-0,134941886065501;
-0,150613740093887;
-0,155978760725613;
-0,160228480949759;
-0,162909951285439;
-0,155990180408936;
-0,147841199633476;
-0,148146449311847;
-0,147766835213347;
-0,135849295465859;
-0,114880282036913;
-0,0890341857333199;
-0,0628025007825063;
-0,044205597559672;
-0,0376180998193934;
-0,0414580082144327;
-0,047442033082013;
-0,0501249674169703;
-0,0557467296252327;
-0,0480066066921505;
-0,00996481685981648;
0,0124227155470522;
-0,000265224857746973;
-0,00452565033986855;
-0,0342931427381896;
-0,124039079878573;
-0,170384334216868;
-0,142553174422596;
-0,132230496096558;
-0,138882304375076;
-0,125548621222681;
-0,11088598581343;
-0,103351103530925;
-0,0956455722694431;
-0,0909404357196732;
-0,0919049661519367;
-0,0963853533983088;
-0,104555698937164;
-0,115380093780033;
-0,114920659333825;
-0,0969565989253069;
-0,0898963043375793;
-0,104820707423997;
-0,11767972402923;
-0,125937088371679;
-0,138554128265178;
-0,147073703551785;
-0,148538025868987;
-0,152437154808944;
-0,164237354940235;
-0,177903571026004;
-0,175654016943094;
-0,153054961376854;
-0,122371699867702;
-0,0843820358958403;
-0,0480930631266247;
-0,0369874528357796;
-0,046384776816021;
-0,0593700470651349;
-0,0822665790442323;
-0,10866079401001;
-0,118476367107272;
-0,114329402226342;
-0,103836724639126;
-0,0911276954305822;
-0,0822354255489646;
-0,0787359497023971;
-0,0835598920522891;
-0,0963790647934834;
-0,106257233998281;
-0,0995967088510955;
-0,0669239580416411;
-0,0227556917177575;
-0,00211247873182104;
-0,0167933079321921;
-0,0420466473965396;
-0,0536609612768374;
-0,062638806717407;
-0,0787038052441989;
-0,0782562769658084;
-0,0494047157282476;
-0,0223921010138089;
-0,0180952188613998;
-0,0142112236198611;
-0,0109420394656348;
-0,0262977933534755;
-0,0485437117342219;
-0,0690835009828696;
-0,0803651960876602;
-0,0764508708818418;
-0,0711960727955307;
-0,0739593669008119;
-0,0854800608390869;
-0,112176891175098;
-0,158381662437508;
-0,212101934736086;
-0,245956343947559;
-0,232187907198952;
-0,167884458704726;
-0,0806936345139039;
-0,00748628141505881;
0,0269678153780782;
0,0208931479504131;
-0,0119582294825705;
-0,051569680666543;
-0,0806343786106749;
-0,0973778228674496;
-0,105856615116756;
-0,105498952401916;
-0,0953844513185231;
-0,0700512362755595;
-0,0335900048916384;
-0,00874866102959118;
-0,00368489073932405;
-0,0112976466270035;
-0,0333323762961273;
-0,0634296859996022;
-0,0846009919730839;
-0,0913287233814858;
-0,0855085009289866;
-0,0697060984599213;
-0,0514230659649338;
-0,0399748452577276;
-0,0393932681335273;
-0,0467317129037536;
-0,0582200389323447;
-0,0697115124425;
-0,0736262202738508;
-0,0692442694873789;
-0,062905106939516;
-0,0556627827370777;
-0,0492464797342934;
-0,0492738499160992;
-0,0537363656141617;
-0,0584098959158857;
-0,0642251159263004;
-0,0697796407410472;
-0,0737523922841876;
-0,0776332400601073;
-0,0595266921637064;
-0,00979899226174004;
0,0147330476053858;
-0,00102023583920063;
-0,00507363101169119;
-0,0120070251394656;
-0,052640516780346;
-0,0836929775750812;
-0,0836006996259994;
-0,0808296584165946;
-0,0768780358198548;
-0,0642753416878631;
-0,0525009792731941;
-0,0442774708721702;
-0,0407751337712445;
-0,047790733014408;
-0,0611273880381426;
-0,0701903095095333;
-0,0724246084348536;
-0,0699799778369206;
-0,0633836924106554;
-0,0556613439409159;
-0,0585226177558208;
-0,079113290963371;
-0,100938734562123;
-0,107391386703246;
-0,104466896998757;
-0,0991311266731208;
-0,0932021366077746;
-0,0941158416506593;
-0,107570385824665;
-0,132149969251902;
-0,152536347493079;
-0,140746104806301;
-0,0997459915865341;
-0,0678842365987324;
-0,0590081583744874;
-0,0608416851184996;
-0,0668262535648317;
-0,0722089305424443;
-0,0758518500362779;
-0,0831850375147225;
-0,0948794420501299;
-0,105859535043055;
-0,116788518449708;
-0,133604871366376;
-0,151632162247258;
-0,161995242127636;
-0,166750936224914;
-0,164139696904984;
-0,151061464870658;
-0,13750617885556;
-0,128224735480761;
-0,121704560457711;
-0,121490075403787;
-0,123318393619199;
-0,116996851821945;
-0,107921936369896;
-0,105452468136171;
-0,102938566679742;
-0,104185862263929;
-0,113399746888804;
-0,113263435533924;
-0,104963459271446;
-0,101170374312584;
-0,0993883832338827;
-0,0990185794407403;
-0,103945051754178;
-0,111189806153099;
-0,114641819012919;
-0,110649002750686;
-0,101069553549494;
-0,100969640696811;
-0,111408317917116;
-0,115655210841668;
-0,119940225421574;
-0,13018894025662;
-0,126727065753316;
-0,10968749283017;
-0,101055823124356;
-0,110064526258689;
-0,128281979997614;
-0,128910528437433;
-0,109787415395406;
-0,100184544081584;
-0,105870481131512;
-0,116653649593391;
-0,125617169234632;
-0,130268195698825;
-0,132431998128199;
-0,12700733106349;
-0,118159706240326;
-0,120916919673127;
-0,131156188794846;
-0,133817130090856;
-0,12573717250063;
-0,115263530733143;
-0,113292659445974;
-0,118095387049016;
-0,120883862797542;
-0,119931211335939;
-0,116243314606406;
-0,114335938678413;
-0,117406763417857;
-0,120786163470953;
-0,1233869613472;
-0,126936306962007;
-0,129527802087839;
-0,13233163669473;
-0,134861705065087;
-0,132386359181815;
-0,127399699965852;
-0,127510395919053;
-0,132794070894693;
-0,135419597353227;
-0,130618568249638;
-0,123423023570487;
-0,122585348828631;
-0,125574411377473;
-0,124497643443762;
-0,122149295841817;
-0,122755778131791;
-0,124570190371769;
-0,125186912519451;
-0,123921707105593;
-0,121294622910485;
-0,118448787523915;
-0,117679784698935;
-0,117809693965396;
-0,115365265211115;
-0,111339035837717;
-0,109856993825392;
-0,113191250382113;
-0,1177793259256;
-0,118261498356032;
-0,115029156408301;
-0,112654116766443;
-0,112679787916646;
-0,113331217408603;
-0,113234879940731;
-0,11219884924762;
-0,112267682042349;
-0,11326624859746;
-0,113315020170788;
-0,113018623330106;
-0,112705212419508;
-0,114247224173271;
-0,117598827077578;
-0,119390808393088;
-0,119255178910955;
-0,120066855031898;
-0,123725888249324;
-0,123646912809892;
-0,118010637097363;
-0,116057723869149;
-0,114658512285052;
-0,111526452742889;
-0,115085168661442;
-0,118554965830149;
-0,11481964888087;
-0,112897034004916;
-0,116406302102543;
-0,118491060817369;
-0,116370487183376;
-0,111531008648847;
-0,107982277578322;
-0,109023725558177;
-0,109109803644962;
-0,107346582299797;
-0,107955820600582;
-0,110365897285558;
-0,11239234965164;
-0,112194657412075;
-0,11116154774007;
-0,110645186860353;
-0,111233319467617;
-0,112110662789134;
-0,112420197563573;
-0,112559701928614;
-0,11057427472582;
-0,108680299181671;
-0,108266629387822;
-0,107989040796105;
-0,111488248003447;
-0,115740148244923;
-0,11598104734992;
-0,115796087414652;
-0,11510711591854;
-0,113546374185372;
-0,11534420132176;
-0,118296596591411;
-0,117207791359708;
-0,114121913350456;
-0,113389275568948;
-0,115770955662253;
-0,116102043195918;
-0,111356577724455;
-0,109556791683599;
-0,112562956322623;
-0,113359370095651;
-0,112062318071625;
-0,111584530614764;
-0,111515779176981;
-0,111296843976513;
-0,111761383349622;
-0,112216701443005;
-0,111095963559234;
-0,109156813599869;
-0,108559221099759;
-0,110475158438747;
-0,112443303023576;
-0,112257685327624;
-0,110705488839109;
-0,108809049807406;
-0,106711282252606;
-0,103556220080332;
-0,101398033398967;
-0,102022749249996;
-0,102891186678208;
-0,10431783213207;
-0,105586185750919;
-0,103262527694202;
-0,10115021936577;
-0,102494145282975;
-0,104810076443909;
-0,107274942916878;
-0,10895519405787;
-0,109575175514478;
-0,112086306646654;
-0,117086397640734;
-0,08972516528754;
-0,0149357195179145;
0,0222128159656641;
-0,00147116564046717;
-0,00767902192898569;
-0,0253333302725967;
-0,098191010682905;
-0,134946925899476;
-0,111972690932907;
-0,108577591452069;
-0,119491274575095;
-0,112592400497189;
-0,104259188053161;
-0,100340903731508;
-0,0947135403163465;
-0,0910355548212825;
-0,0925694581128057;
-0,0953868780313282;
-0,097162562749387;
-0,0994261362870704;
-0,100802968132902;
-0,0992671200996346;
-0,0989907515385663;
-0,101978687841786;
-0,103201201025627;
-0,10247394909399;
-0,102821468730669;
-0,104019208464548;
-0,106452548203078;
-0,111281837596837;
-0,115397890264372;
-0,114501773283482;
-0,110815684226695;
-0,107005323734614;
-0,103737717306299;
-0,0762954037185818;
-0,0125308714297485;
0,018736702911355;
-0,00123500455744277;
-0,00648455051194768;
-0,0240606595794938;
-0,0933740683142808;
-0,131196481793526;
-0,111630650453033;
-0,105625745759827;
-0,0856716501923513;
-0,0138397386946848;
0,021687222122304;
-0,00185824378927859;
-0,00729559675082039;
-0,0221471254961617;
-0,0875309714318946;
-0,121609606216411;
-0,100997624717627;
-0,0939940455379489;
-0,10206789071745;
-0,100941546268661;
-0,0999291539212543;
-0,102274721369469;
-0,10550402443709;
-0,111442123628811;
-0,116211366936558;
-0,114488435149386;
-0,109467638757796;
-0,106081075155384;
-0,105483505920462;
-0,107492468640865;
-0,109974513016011;
-0,110911380029842;
-0,111562793565391;
-0,111263453796792;
-0,107737251104609;
-0,103746571708145;
-0,102614683042578;
-0,10436571928057;
-0,107412841963445;
-0,108366251347002;
-0,106730035315508;
-0,105015223997655;
-0,103081873730219;
-0,101641788578092;
-0,103604604402671;
-0,10651228794296;
-0,106878320201999;
-0,106741429801069;
-0,107317797119735;
-0,108292416895998;
-0,109799589421938;
-0,110963713738571;
-0,11168678095767;
-0,111054206384416;
-0,108900490040875;
-0,108880078039266;
-0,1110276660785;
-0,112003470230098
