-0,168807312117008;
-0,0247407479655843;
0,042730313537903;
-0,00472695637317739;
-0,0139016663199388;
0,103661120411118;
0,389290746276309;
0,724191485892554;
0,968308917487991;
1,11501614873384;
0,863427315466233;
0,137203095809994;
-0,212128428575128;
0,0159700648119554;
0,0725303001063859;
0,314209333510618;
1,1886559941952;
1,58825637964061;
1,14372935152953;
0,894408134325858;
0,764247642608879;
0,163937662311082;
-0,200750764948379;
0,00370966388452623;
0,0733034669971429;
0,15167930181315;
0,62030146754936;
0,857745255996778;
0,724429857591984;
0,835586025313524;
0,800564267929115;
0,150226464622183;
-0,212683147240119;
0,0143361984637608;
0,0729742274493004;
0,220585278916253;
0,897614358665901;
1,33116146609958;
1,26138952785803;
1,31198539270983;
1,07610241230117;
0,17164201643521;
-0,272035115337048;
0,0240517212048068;
0,0911942890759907;
0,509217447431298;
1,93023713766428;
2,76851003467949;
2,46539352194877;
2,28323916585532;
1,75358205322327;
0,271453082454912;
-0,434860712782916;
0,0378020079999501;
0,146315707319718;
0,510168623858721;
1,956628904489;
2,57531610298036;
1,95807484055865;
1,88769822378193;
1,65595319294926;
0,268380964006629;
-0,430406190104606;
0,0420226918001619;
0,142173449392852;
0,212582809891242;
0,900890253969593;
1,09745000367338;
0,630899623666245;
0,480609360166205;
0,735440595151324;
1,08375291577985;
1,30115430095349;
1,34959061302086;
1,42986417501707;
1,53707429441801;
1,63265994949104;
1,66495693743378;
1,60192155267031;
1,57422055483315;
1,18178233417593;
0,188638927939875;
-0,292179701175714;
0,0225614278117111;
0,0995943930776923;
0,290512504644973;
1,15134499864825;
1,55946007107502;
1,21662651452875;
1,156680558458;
1,01300474052974;
0,178081636095985;
-0,26391735466543;
0,0202018971528692;
0,089630064425533;
0,181978568850195;
0,740049290650406;
0,9729001795916;
0,737075333455524;
0,75533268458272;
0,7037417362513;
0,1334050716584;
-0,185059010591627;
0,0109363139841102;
0,0642322734188542;
0,203948480404504;
0,803287073406346;
1,10497529723092;
0,897549491053876;
0,901378697174196;
0,808939664719452;
0,147098598403733;
-0,212233684695203;
0,0149245322356099;
0,0726211300979752;
0,0793833841499919;
0,353943298232835;
0,428496576085759;
0,23791216594193;
0,161850547923853;
0,11141047224819;
-0,0048386400751836;
-0,0258677894798156;
0,0107007103880662;
0,00500621696521825;
-0,0255486303279765;
-0,0565722337218899;
-0,0548584840536434;
-0,0253608598097918;
0,0194009012005359;
0,106475302919875;
0,174843955274893;
0,196100665589401;
0,253980396734948;
0,313604295405822;
0,316302799509471;
0,380426230955143;
0,540814274118511;
0,650373370113776;
0,588398149892332;
0,319991118727933;
0,0107369403573608;
-0,0664817298032241;
0,0158326305300411;
0,0182974365787564;
0,129595149372527;
0,492873541871082;
0,677130154492054;
0,609255096624514;
0,709040502762891;
0,844151161747167;
0,757295354817552;
0,662499324966848;
0,640398536380766;
0,641184547963014;
0,747517415359186;
0,839943742614474;
0,80834323466153;
0,773773172868319;
0,71364608803705;
0,445206344288654;
0,0433369172136057;
-0,100081113821911;
0,0144280374028415;
0,031444721068965;
0,163693401687596;
0,608856630999993;
0,812636561872718;
0,682093045866604;
0,697399286206004;
0,581220108064592;
0,084647655871532;
-0,147058645096503;
0,0164638386467391;
0,0477584079376898;
0,240349834128306;
0,926123936814395;
1,31366824069839;
1,19170387550812;
1,26193583585688;
1,07068475066071;
0,170400120265307;
-0,27405617249882;
0,0260471724004197;
0,0909648048384818;
0,343967734059503;
1,30426775259308;
1,72747014185;
1,35204013067556;
1,27738491426013;
1,39816038319271;
1,35950629031782;
1,37428375900972;
1,35761654311799;
1,35730019835926;
1,38524276385584;
1,23297300980446;
1,15424782572544;
1,27018419445799;
1,31168444382677;
0,990398400541758;
0,199183792746078;
-0,243926878766298;
0,00103464244781783;
0,0910744636557602;
0,564456592463927;
2,04474980574009;
2,80260700102393;
2,33549649060078;
2,18841964782833;
2,41787340807643;
2,36395468589468;
2,26737474678186;
2,45055942578312;
2,81002606317874;
3,11483036154649;
3,26895655111345;
3,27229013207402;
3,17251642133623;
3,0475319240187;
2,96751676845811;
2,8936630877354;
2,74185962693531;
2,60835958480951;
2,67324072861391;
2,83001464720068;
2,92548592723694;
3,07110169970358;
3,18885368573277;
3,05800919198418;
2,65031695227017;
1,98941075017922;
1,33101215474608;
0,964089016378895;
0,669491757644051;
0,261027753939836;
-0,114901940072628;
-0,502899220684749;
-0,912804642001767;
-1,16959351547433;
-0,952079498202363;
-0,179824051765677;
0,237992462941221;
-0,00793199346115756;
-0,085679873316885;
-0,350668701077324;
-1,28208675972597;
-1,74558573696247;
-1,63478617854635;
-1,94477296170271;
-1,72179051552308;
-0,283308975454626;
0,440603168725507;
-0,037905899880347;
-0,148010376248383;
-0,137037498894039;
-0,646282177068724;
-0,744749382458817;
-0,322801940630247;
-0,180578424606321;
-0,14891927206822;
0,0136862609871335;
0,0376356378198754;
-0,0191137594781053;
-0,00561148672091332;
0,203239191314499;
0,664312617019622;
0,816995807470718;
0,48538513126208;
0,304182776451849;
0,242107679562637;
0,0182466873728298;
-0,0650896407328564;
0,0162461686679117;
0,0170487824627974;
0,0653775073387492;
0,24034074752493;
0,293370416716997;
0,301891588146964;
0,468613359599171;
0,428520702862911;
0,0535145661729589;
-0,108645655968635;
0,0160183931905415;
0,0335661427044928;
0,117196282765399;
0,505341091536722;
0,776232330719669;
0,714103151095886;
0,660900822231786;
0,522230549763032;
0,089167571739002;
-0,132532780860501;
0,00949342829207148;
0,0454007310906509;
0,0870194193216677;
0,322119031131307;
0,243280944041345;
-0,25767416447665;
-0,67962867204596;
-1,0024326382915;
-1,39006755327908;
-1,64541508530445;
-1,85931295779813;
-2,31393886053398;
-2,76038632875547;
-3,0907903833497;
-3,42907237626419;
-3,57503232950421;
-3,67644467447671;
-2,89632131096466;
-0,525927937171513;
0,730544386824851;
-0,0368153470023732;
-0,257274561174392;
-0,829732858007415;
-3,15438216780103;
-4,14213809929024;
-3,00418921401973;
-2,48043042682649;
-1,97222210585523;
-0,284601724302509;
0,498727420014101;
-0,0568137020109453;
-0,161539304844276;
0,524291148515397;
1,63477367160878;
2,49217432164823;
2,67419327808335;
2,82122572766757;
3,00138400396099;
2,95645720908518;
3,04121725960114;
3,34020691307581;
3,51074922957365;
3,49116179556047;
3,42742481678692;
3,29626257298511;
2,91971916181823;
2,30410854179479;
1,78089837373438;
1,52089819555159;
1,39119479148184;
1,44053054146105;
1,69113467717846;
1,76818901352939;
1,56230648462203;
1,41304213802713;
1,4033287082832;
1,45016118406279;
1,61008290720013;
1,80238951225322;
1,87219469480019;
1,82019154024841;
1,8295423191482;
1,9421177742827;
1,89375978866086;
1,78545702204625;
1,81302859532976;
1,86511799417404;
1,47668704168469;
0,311143590305214;
-0,372326654644778;
0,000552297242853624;
0,139207228174431;
0,399051807313567;
1,5613049924359;
2,1627611309986;
1,76156357106687;
1,78772288664893;
1,64923980589601;
0,327447717178247;
-0,436440255766083;
0,0209701526719752;
0,153545623902557;
0,513183605503766;
1,96846799908665;
2,67853310052805;
2,11286956873562;
1,81098727135459;
1,36450962923632;
0,174070306272336;
-0,336928184937236;
0,044249880255595;
0,106769443445231;
0,342467532121189;
1,35624788500906;
1,844220883916;
1,52154926160562;
1,47235705912101;
1,18794335674492;
0,163966016543609;
-0,298323546704823;
0,0361677703650746;
0,0957206719626393;
0,330479222571839;
1,32907984621585;
1,902825141645;
1,68607072348413;
1,67762767268451;
1,39859547251126;
0,240552034183313;
-0,356691108882337;
0,0256977702581456;
0,122071480962113;
0,322970510652153;
1,26408407205436;
1,59507679254919;
0,946750551562484;
0,608955065463995;
0,539320815203523;
0,107716722690888;
-0,145563982255833;
0,0082296394734646;
0,0505823672511029;
-0,0970007988334154;
-0,20690644857843;
-0,0836001271131621;
0,291921831777463;
0,774198429158141;
0,898926116899626;
0,249538715275595;
-0,247276725502431;
-0,0131211076402631;
0,0978238152518538;
0,884267481426976;
3,22433084193374;
4,67186627864968;
4,31433827300946;
4,27239004278752;
3,50343776549166;
0,62147700087912;
-0,889106934639231;
0,0538637391124915;
0,308934019204847;
0,86829455789821;
3,37203654479295;
4,50108982999557;
3,54784641467352;
3,43387924900514;
3,79896545649258;
3,55078565542506;
3,43474278928408;
3,3388716573553;
2,59661481191513;
1,38041866606371;
0,30942625846082;
-0,432677115802797;
-1,05420217831648;
-1,50999242364757;
-1,25854965101662;
-0,225773446357258;
0,312976289248538;
-0,0145814145062474;
-0,110881940886794;
-0,878544792466709;
-3,10883717893872;
-4,09531649136495;
-3,22409418022049;
-2,88348928198728;
-2,25905602539603;
-0,311037043036492;
0,563572714815028;
-0,0669470019408063;
-0,181552623599726;
0,0111414897584261;
-0,206390196206192;
-0,159566333830952;
0,207936185476587;
0,41561269842577;
0,432115087463963;
0,331946132760492;
0,208421469877695;
0,183833918786441;
0,279289231645547;
0,455171927529471;
0,66759835884452;
0,886854915718375;
0,976378137260375;
0,84182498213549;
0,494998714539663;
0,0510533019837155;
-0,11119134489508;
0,0147834690159887;
0,0354912919744052;
0,263761971575585;
0,966882470682278;
1,32212000794818;
1,15459452047796;
1,21281180065233;
1,04953194872743;
0,179937196782734;
-0,269834004529369;
0,0207781948814043;
0,0916885053677023;
0,239685478523244;
0,890093864590342;
1,02256642415993;
0,54386185168025;
0,4905175190259;
0,560910125486525;
0,128688035420076;
-0,156187518122062;
0,00430112828229704;
0,0561503060002048;
0,10785811392793;
0,435219612771669;
0,593956997791352;
0,471109036170195;
0,454678766842087;
0,405113331450894;
0,0829789086230407;
-0,105195411784234;
0,00291686470726399;
0,0380148465151589;
0,0552745064698317;
0,18907554017648;
0,153548768717149;
0,00491933938196362;
-0,0429658889832584;
-0,0917668290310981;
-0,0663948783508499;
0,0304464776512898;
0,0155957779258438;
-0,0181065968178419;
0,00215971175354945;
0,00551245568939464;
-0,00307359989855094;
-0,000672461801121394;
0,00137424081145719;
-0,921616638948242;
-3,13798611375522;
-4,19797452102175;
-3,46570375494173;
-3,0617131184664;
-2,78747505582233;
-1,87936818034514;
-1,06204931058875;
-0,595469301355802;
-0,25704941715321;
0,000651170009869412;
0,290540452405671;
0,83637079644493;
1,67626825597903;
2,47971461736788;
2,91485775578388;
2,99689082787051;
2,99715247705809;
3,2084071007897;
3,53845345597538;
3,6606530423813;
3,57818425089589;
3,49882073997923;
3,34907792930563;
2,87578087166896;
2,22084812430127;
1,70338664214309;
1,23472086132488;
0,615643740897995;
-0,191911964255447;
-1,10243937245205;
-2,72411636462381;
-6,62940480807993;
-10,9904901637026;
-11,0234515668537;
-8,46879725731656;
-9,26063071966352;
-11,9667981945233;
-11,2671349924115;
-8,58167915418672;
-8,35754566221805;
-9,53943380542231;
-9,46555192589914;
-8,37545632528186;
-7,00523842206826;
-6,8017645701468;
-8,7228686183671;
-9,93895947019235;
-8,53418910234732;
-6,75990462304288;
-4,51521538435755;
-0,657916288332371;
1,09078251079224;
-0,0979491511339637;
-0,366498847708265;
-0,18684923884275;
-1,0512389272521;
-0,91087932844814;
0,524955011717814;
1,45562791687602;
1,33593719368311;
0,331836133520673;
-0,343015182794215;
-0,0171714914046041;
0,135909985031231;
0,871340981084016;
3,11206728799231;
4,23621366794415;
3,58676441531404;
3,52208972485913;
2,91151093342592;
0,46203391769951;
-0,738423285686583;
0,0674579028503008;
0,246506710377771;
1,58597367268179;
6,11764110661999;
9,1933937069753;
8,8261527052824;
8,19528777841265;
5,73030549238314;
0,616605645881712;
-1,36622816395296;
0,205965623308392;
0,422652446751277;
0,367443103477943;
1,3445440663728;
-0,0120603137734071;
-2,62333305855648;
-2,72559531373568;
-1,29277426364684;
-0,149881669541679;
0,255990717070732;
-0,011770450367708;
-0,0927412643017462;
-0,345986820598394;
-1,16790495552846;
-1,35243330013214;
-1,00651517105566;
-0,999762595216787;
-0,635412038711889;
0,0473472024956145;
0,134267580618965;
-0,0617031836921689;
-0,0236802650833964;
0,584903944041177;
1,89082393039998;
2,60507050620644;
2,35648174760226;
2,48586894723909;
2,23668204571231;
0,471901540007611;
-0,583444664232842;
0,0118269282608092;
0,212695668125653;
1,64571254687682;
6,08878931556884;
8,83196368997793;
8,38693388480253;
8,97728598496878;
7,71126222238446;
1,39672086791447;
-1,98064635430322;
0,120067815308722;
0,687471446544068;
2,32593675937432;
9,02397545293937;
12,4516659156856;
9,88631952236795;
8,16042467450777;
5,98818897893592;
0,791277207374977;
-1,46997586002273;
0,177660667793108;
0,472917122455364;
-0,508227435611908;
-0,951072570214399;
-1,27243710777305;
-1,43100132442949;
-1,32796621868232;
-1,07509023372922;
-0,540130485429737;
0,226471865120337;
0,87895858565248;
1,34456099495573;
1,76103556890973;
2,14214555400006;
2,54746958363263;
2,96825939423272;
3,28957233483103;
2,61172979417088;
0,489628504003516;
-0,652061346445821;
0,022844102295132;
0,234279757601321;
0,956210609536589;
3,507415641129;
4,52531625694014;
3,22286973056486;
2,6196236065564;
2,046609012184;
0,266689943060082;
-0,513878446928713;
0,0689266688280199;
0,161946100233352;
-0,0269785013597224;
0,184486882888965;
0,279962138814515;
0,214898485229076;
0,343373151708943;
0,39124906660981;
0,0915878576365304;
-0,105891561354452;
0,000468087050345821;
0,0392373470490825;
0,0987646302796305;
0,46938007004534;
0,835808173655118;
0,954661584446369;
1,14971347361674;
1,07221109612871;
0,232157986993842;
-0,284429596755558;
0,00590053588984491;
0,103492838644534;
0,386981207082907;
1,46542518977892;
1,99978909806042;
1,56156891153606;
1,30300658542584;
0,985637640087718;
0,134303182086837;
-0,245142170830509;
0,0293699772210558;
0,0788833536757719;
-0,349908284959141;
-1,20310322511005;
-2,19671782368061;
-2,98370842079675;
-3,38541422351007;
-3,21453215713564;
-2,73680100405946;
-2,53278171969381;
-2,82050734333863;
-3,41226411850216;
-3,63510349148641;
-2,95449320945011;
-2,38503146426513;
-2,79029802161647;
-3,47976583783819;
-2,91153728630431;
-0,565872806428557;
0,737186588653526;
-0,0229446491954568;
-0,265834099010804;
-2,1854940434335;
-7,63200971240622;
-9,52364747713308;
-6,11850418577817;
-4,22359934992568;
-3,30703637647394;
-0,477442241779704;
0,847788960981912;
-0,101822181708719;
-0,27193183536102;
0,356046888729868;
0,838145153442007;
1,45518187658685;
2,26770928111695;
3,16175003226184;
2,81510999609305;
0,543988848772907;
-0,722824027066961;
0,0293129564821798;
0,257332117846786;
1,13037529622702;
4,48860821903799;
6,85383195372478;
6,71815405858569;
7,08188076379511;
6,06877140626747;
1,17221869627852;
-1,56317162214688;
0,0662442841347694;
0,555093986596683;
1,36854003888529;
5,21726499000019;
5,58290006934962;
0,1391139706254;
-5,10258100247478;
-5,82493135811113;
-1,55573631727149;
1,55067415091777;
0,0890050073381036;
-0,617847915368651;
-2,64572297836427;
-9,30783553995036;
-11,6001599309709;
-7,79381915721732;
-6,62616628460987;
-5,77753599119981;
-0,932942239619059;
1,50197634755121;
-0,14823935122365;
-0,495422340040801;
0,263946172374953;
0,0649477654115886;
-0,120928650609501;
0,0275513513627008;
0,0314460024138713;
-0,932483781776122;
-3,0322960832228;
-3,73664729644251;
-2,33328207724287;
-1,171686283251;
-0,508790864902036;
0,264557257041972;
0,7394240616696;
0,878031735964769;
0,73844774762028;
0,565250025596375;
0,820187285070304;
1,27142287637478;
1,57571028803018;
1,95593174881665;
2,52554662278767;
3,17377911418417;
3,92965237156869;
4,79126719080606;
5,68510869188526;
6,57241279695845;
7,46746684082894;
8,50992353511559;
9,72313513960501;
10,8888611386533;
11,8977881559646;
12,8410272078566;
13,6675336889644;
14,1196750690337;
14,1449890364396;
13,8911792091877;
13,3527407430378;
12,3617755599532;
10,6759788496283;
8,30052802846603;
4,69723151060592;
0,417552538969432;
-1,04105322736304;
0,160378705020067;
0,323018626410528;
-1,13833859800378;
-3,12037435237482;
-3,55462750831861;
-1,9662151593866;
-0,798730158200279;
-0,44026853792534;
-0,0313763354140591;
0,107645298370486;
-0,0241171946118199;
-0,0297155696553592;
0,0212652185411709;
0,00161622792281828;
-0,00822944157021567;
0,0028714901280159;
0,00172254223819683;
1,43506264824466;
5,11789217955165;
7,41927128494669;
6,99713982905178;
7,23104768679996;
6,1585492271117;
1,14958186239877;
-1,58460851009416;
0,083112204725699;
0,555673332153113;
1,20744433033725;
4,80921855636337;
6,18038202017994;
4,03099347644988;
3,01655065366655;
3,11036491353887;
2,68381495806133;
2,86525041320449;
3,79370487175436;
4,10104761979225;
3,21994632334637;
1,99811654803991;
1,32887056973907;
1,02563301866754;
0,554012263507751;
-0,086264419988844;
-0,612092370332803;
-0,95479372610471;
-1,2832075096053;
-1,60750388724199;
-1,7054915446932;
-1,57598345013846;
-1,44414108318568;
-1,34393465811311;
-1,18633403518821;
-0,98592600198963;
-0,767969633992724;
-0,528505023779592;
-0,270103865475826;
0,0437531709185401;
0,473214406034862;
1,0780707275145;
1,84146660896105;
2,46618235401075;
2,65708772449266;
1,93658892246296;
0,30603109796904;
-0,468769789568569;
0,0324883611689328;
0,161738722309481;
0,575982180222685;
2,2358606682953;
3,01471930147483;
2,20236586044229;
1,66911972141497;
1,54458005133069;
1,20693986976511;
1,09039473839008;
1,23848684555124;
1,23292853786326;
1,09202719069301;
1,06543954834945;
1,0131192240284;
0,823326538214286;
0,803554130129615;
0,719589654277584;
0,157867234551287;
-0,190937210308653;
0,00311943159349947;
0,0698466910531288;
0,243539003232082;
0,93139908308354;
1,32175574509491;
1,1395469934778;
0,976667642898111;
0,659044962911062;
0,060833132218527;
-0,154417105287485;
0,026374773458462;
0,0464818098025379;
0,156953712920269;
0,615532886492272;
0,765695006577701;
0,459771623478523;
0,31394955401442;
0,271723312262351;
0,0455179006999249;
-0,0723111497926931;
0,00724479348613507;
0,0237553860440431;
0,193120468125814;
0,766052610778103;
1,21760171324328;
1,29773056018042;
1,47372354166388;
1,29331328116838;
0,25237815699377;
-0,33507410660737;
0,014158551506951;
0,118948836026191;
0,393108763378349;
1,50978884146748;
1,99816833089137;
1,37879320039074;
0,957819201116233;
0,683827220123431;
0,0782521731539515;
-0,169943460958029;
0,0265949166918143;
0,0519229060751655;
-0,239400101859753;
-0,804526061208142;
-1,34282774224067;
-1,61040708526618;
-1,76749529585954;
-1,3474350375429;
-0,193314818034838;
0,330545896127543;
-0,0334099310204107;
-0,109251321839834;
0,860256999919476;
2,60533180906543;
2,96730164144917;
1,75602899997358;
1,3849563921064;
1,29188643711974;
0,215837430014572;
-0,34562538439089;
0,0357419093984571;
0,112997581454362;
0,468401478060584;
1,90473989155478;
2,94034852236;
2,97122504905277;
3,11983311092892;
2,51776663349466;
0,409476814515622;
-0,633052891494113;
0,0509684626177421;
0,214540035592947;
0,633204632947174;
2,36573443968227;
2,82051463581442;
1,60373141204364;
1,23072267029454;
1,18487391306219;
0,212065023719284;
-0,319030924136423;
0,0280061706964323;
0,106458140469609;
0,0466248221726206;
0,287278264004199;
0,349519302445467;
0,217415368537079;
0,263671376550491;
0,27742524233541;
0,0574754840497783;
-0,072907518382837;
0,00222448490771071;
0,0262316732523927;
-0,0119757519544044;
-0,00427652305312704;
0,0060430287715531;
-0,00101029732233482;
-0,00172493028445983;
0,344111427160096;
1,17622875166396;
1,528192826993;
1,09571121957082;
0,838390257077431;
0,912346273892675;
0,93981258291126;
0,903330344687725;
0,806712062491974;
0,684228819032848;
0,587999077656519;
0,492869920027658;
0,377687348024603;
0,227054290908303;
0,0347148701638451;
-0,17235320852874;
-0,596353628458213;
-1,60203376022615;
-2,90487936718696;
-3,58065415845321;
-3,41358118570822;
-3,39274376138747;
-3,95860223053573;
-3,97946910407484;
-2,92233505001191;
-1,84927530735256;
-1,2590158462016;
-0,631925376477115;
-0,250670049896235;
-1,67799371016239;
-3,28871115672043;
-1,31577656818772;
1,00229410689213;
0,161558088901357;
-0,441937964659403;
-1,41407919384074;
-4,90262001899721;
-5,94182496247044;
-3,35712370110305;
-2,01508853999503;
-1,61038266944403;
-0,211196204407826;
0,416710220449912;
-0,0608021086089873;
-0,128775770293837;
0,46659439160063;
1,41926344323971;
2,12354201769971;
2,42248183752986;
3,05377375112427;
2,79217192529532;
0,558776297086353;
-0,72736721588969;
0,0269896649970952;
0,25975698157328;
1,92996075339701;
7,10951099520647;
10,107832824974;
9,10724630646732;
9,00281366809302;
7,30911923046995;
1,1835410238746;
-1,84622236577929;
0,155028878003641;
0,622593643068889;
2,05684834026817;
8,0285984175573;
10,9166348651562;
8,53371543499394;
7,49634910869;
6,03072251506314;
0,944595974303341;
-1,52923128948921;
0,144802912242335;
0,508245700346544;
1,15863946820453;
4,73827199722389;
6,26615242590642;
4,40030879074824;
3,42588101788177;
2,89577762417233;
1,10099028597363;
0,102461650383804;
0,313134116499597;
0,160965419673356;
-0,0935480647367215;
0,162534879245906;
0,616752829916767;
1,10374898856263;
1,67904736355507;
2,22739850148031;
2,55619759263977;
2,78094524069331;
3,05598783714039;
3,17006952671067;
2,9873158976564;
2,82926901026463;
2,89119202302242;
2,99120331418693;
3,04562326217313;
2,27267984351132;
0,355707288939208;
-0,559148319099165;
0,0447847469419296;
0,189964611097207;
0,320449881609164;
1,29855354394958;
1,54693837564759;
0,840570735755579;
0,572959934981007;
0,482143094814519;
0,0501522228101546;
-0,123435407580791;
0,0229550375756173;
0,0359894467820624;
0,0529390094420182;
0,256795667620983;
0,356658020862891;
0,217955622831041;
0,044485683231367;
-0,00243690808750718;
0,0174169850883909;
0,00219083774747094;
-0,00847370787770679;
0,00298677246622328;
0,150699619033953;
0,517919960781179;
0,762442069256061;
0,756035275839679;
0,794697582264212;
0,95341320540706;
1,14183525617494;
1,34030233556933;
1,46467830339946;
1,40441416637539;
1,25599735948338;
1,15818862301693;
1,04346017407461;
0,892712837337575;
0,859172487606816;
0,919172951028035;
0,924813328351176;
0,958903563986484;
1,12360491946651;
1,27257874502978;
1,3014131098453;
1,33419184336453;
1,43389394519958;
1,55690994156687;
1,72426623947464;
1,92299254989109;
2,00322916264992;
1,83426890260098;
1,46925283109783;
1,05084259214621;
0,563959497526517;
0,0482312229899893;
-0,122973821249462;
0,0188928067117691;
0,0382477869025645;
-0,207379835935518;
-0,726640026722187;
-1,23586827427086;
-1,46178110994228;
-1,5166335690294;
-1,26888725122754;
-0,854636840019279;
-0,98542888873385;
-1,49259754016305;
-1,597271299109;
-1,03330444038529;
0,0722512833295617;
1,02505702524348;
1,56277785222778;
2,24466928095734;
2,12729826995816;
0,422718039446827;
-0,558063869642908;
0,0240790729094708;
0,19768683843774;
0,816667378685072;
3,09368626415297;
4,28208805348525;
3,51230960236609;
3,10767549148874;
2,40724199835974;
0,357774640338556;
-0,600989918265253;
0,0604899541036083;
0,198430787527082;
0,242688214311061;
1,10964572083022;
1,4197625369345;
0,870627354116241;
0,580682740837157;
0,7152284517735;
1,02403315698787;
1,18562504776569;
0,94864277207887;
0,639224991326828;
0,614666805814708;
0,866780820017001;
1,05089431134641;
1,06900060040998;
1,15683542756881;
1,17241884987458;
0,972463256828598;
0,90387299790968;
1,07789187868658;
1,20776507818095;
1,43373172346554;
1,95026082286837;
2,28650202166448;
2,26169813531453;
2,20312311507677;
1,60905368254462;
0,243326490734392;
-0,390397632792576;
0,0321360963471926;
0,132415799236688;
0,414189847671275;
1,56541418005267;
1,97209061253661;
1,35351609961497;
1,18805591115143;
1,01977459856037;
0,151273406631688;
-0,262865193823755;
0,0305207869642119;
0,0847390244733373;
0,0588597087179309;
0,314717281499845;
0,353264642742447;
0,189270001709093;
0,339518995671748;
0,602054416879856;
0,635508474861608;
0,645977736255128;
0,744335527826904;
0,76750774804584;
0,731658073406568;
0,768403669023746;
0,811973446499252;
0,769422285961594;
0,699052225354809;
0,612074914320182;
0,490500724423232;
0,415109638103646;
0,391312700261765;
0,279038226430679;
0,0739044587161861;
-0,0765359858098787;
-0,17519633858219;
-0,260822193048355;
-0,329887085618896;
-0,311075298816451;
-0,0841253368266991;
0,0826897691963738;
0,00526377143736225;
-0,0331799119108344;
0,139688463335523;
0,509354748475626;
0,893637092621898;
1,18634038247507;
1,53426447385166;
1,92339996152881;
2,28433198207349;
2,62341144232118;
2,84746893418742;
2,99975372860602;
2,35721667102983;
0,432356744968256;
-0,591383785364514;
0,0263034267930834;
0,209914127665195;
0,85955116492012;
3,13421559856872;
3,98117421102036;
2,86871096646516;
2,75507283672351;
2,52282802863554;
0,45248771365285;
-0,663002404617127;
0,0498301525227635;
0,225408036298955;
0,384076093943576;
1,5935424392448;
2,0280058467793;
1,4071190909795;
1,40637006979027;
1,78927794068065;
1,80541567748739;
1,75616746763816;
1,79739576315393;
1,74445660974343;
1,41540823817525;
0,884411928578762;
0,346727524247009;
-0,17458069367407;
-0,61470520565769;
-0,914166124768317;
-1,15945312347402;
-1,33329752867479;
-1,38313329332035;
-1,37308096795853;
-1,30103245057711;
-1,02062799941735;
-0,50974272290165;
0,0531116450547088;
0,571111831544132;
0,986020171514762;
1,24905074453863;
1,45170243163205;
1,61401851726526;
1,75914880581045;
2,04046082795495;
2,44085911332472;
2,77680908238285;
2,9176103756541;
2,89555291483416;
2,12040250867915;
0,340513929234157;
-0,518864519052695;
0,0365124605429793;
0,178603869072304;
0,281184951678533;
1,17162291950071;
1,51587833443728;
1,11026508104589;
1,04126044933018;
1,15438769559254;
1,13710588919223;
1,15813557941033;
1,14887705107624;
1,17376670004003;
1,35617745988563;
1,51336934721221;
1,62459645847968;
1,73864307784492;
1,56412252540313;
1,16945937656986;
0,888174869947069;
0,67014414975878;
0,491902264881712;
0,381120848772785;
0,299262751104203;
0,281744695683864;
0,285576112929449;
0,32868463235334;
0,467825129349921;
0,576887334555519;
0,629232987144637;
0,782363310690303;
1,0087814662784;
1,13985703937649;
1,16785189921577;
1,23263237906016;
1,31718366083268;
1,27672086967143;
1,20588326640225;
0,912130135852331;
0,165130247477574;
-0,228424684809782;
0,0108557792359545;
0,0807838013562159;
0,167467049320302;
0,660555323370182;
0,845070442283615;
0,63743227030195;
0,708548781827264;
0,664321867446515;
0,107015819268891;
-0,174087513766423;
0,0179529959578947;
0,0570399669509136;
0,175120406089749;
0,683394316567487;
0,953486204437656;
0,841170257183092;
0,82227300580413;
0,653650857431554;
0,106662866440428;
-0,162064048682162;
0,0117621839689285;
0,0555620829283436;
-0,378780548898467;
-1,33830323939338;
-2,07970181245486;
-1,98899656581125;
-1,60405838722506;
-1,04459230071539;
-0,145246446407707;
0,248189846300422;
-0,0231945073761654;
-0,0831174796323151;
0,0163471336641723;
0,0171265835662702;
0,301525365508098;
0,77436637795568;
0,934191805410781;
0,612763819044929;
0,0632974519112711;
-0,139808062039153;
0,0195079240379915;
0,0441449939413501;
0,129013792277611;
0,511502605484178;
0,682808299604376;
0,639316248555564;
0,917584180205682;
0,949913008446223;
0,194956185323844;
-0,255148160825445;
0,0115743869435486;
0,0899614900688049;
0,249618167219884;
0,928730642454203;
1,12750286725492;
0,727135259039654;
0,74796429801193;
0,783850940579503;
0,165316752762319;
-0,213331887570928;
0,00928670371664391;
0,0753130891964754;
0,542869456568992;
1,9614652950188;
2,57841016826071;
1,82499685760946;
1,31020220558008;
1,21807181213348;
0,946671262846846;
0,739938114748465;
0,765274225889827;
0,81000191444618;
0,791015852324574;
0,795404656115713;
0,839524866919134;
0,938725514891094;
1,09586673580153;
0,89614744050396;
0,15550053607789;
-0,225612467027826;
0,0141939222984378;
0,0782128590044423;
0,381043358838813;
1,41632317999306;
1,92229093147975;
1,58030478285637;
1,56286394798724;
1,37506499836872;
0,259490702765079;
-0,357118056989217;
0,0192808375477809;
0,124889481045447;
0,42404314735645;
1,61458910312652;
2,16931249628377;
1,74566138817742;
1,71469260002676;
1,46251392156343;
0,235631846924127;
-0,375056923158133;
0,0347761017497716;
0,124854555673404;
0,381294278777865;
1,52079765480752;
2,09251266343486;
1,65554469808634;
1,49075773124355;
1,24403798358706;
0,216249872184802;
-0,319876905919485;
0,0233986171112212;
0,109239035874986;
0,111696229506953;
0,493824145403755;
0,537878937670088;
0,208041355078029;
0,215250055787288;
0,304606212394511;
0,0646969139618702;
-0,0877747852734474;
0,0062303547406473;
0,0297835969240229;
0,48300455270045;
1,66648724382053;
2,16296357427838;
1,71431606395738;
1,71490102987936;
1,52497634353272;
0,271818878705133;
-0,396820905079213;
0,0285594710185659;
0,135585582675324;
0,498517629956989;
1,86255129086777;
2,32935326149833;
1,43080954839813;
0,923097645525285;
0,690727675063592;
0,0722644846166351;
-0,175283600592963;
0,0318145146301816;
0,051499434675778;
0,0843316895533857;
0,382566977700815;
0,487522432087474;
0,342421489957625;
0,292594658841976;
0,145349625359551;
-0,273635802505663;
-0,719574669515193;
-1,11022094704915;
-1,55120142011881;
-2,03393550730347;
-2,46072903244695;
-2,77979851873036;
-3,09016707298479;
-3,4639449127984;
-2,75824339686315;
-0,467736186745043;
0,689476574743392;
-0,0454272732587576;
-0,23825757182422;
-0,115383330501375;
-0,624213650391296;
-0,524360403806117;
0,292158717373852;
0,658073637442128;
0,461425741111205;
0,0806073862978391;
-0,107666162354332;
0,00217312642138907;
0,0396198031378132;
0,787904549322695;
2,74695574081551;
3,65255157750074;
2,84942726870188;
2,44637287487315;
1,94162802527887;
0,301817527956162;
-0,491883376236966;
0,0473240017647992;
0,163161213199069;
0,311462330856863;
1,25413861614054;
1,48574825739035;
0,761840186728913;
0,454619345827568;
0,389129238493869;
0,0386200417525455;
-0,102247002100989;
0,0208247789561923;
0,0289313532960161;
0,197851155654076;
0,770175046135748;
1,08160393082252;
0,862624427967073;
0,750964876049371;
0,935333344023876;
1,10787196044754;
1,1778985184217;
1,24053854106358;
1,37094832080417;
1,51228891728572;
1,5858283439168;
1,56854906766543;
1,48466353497135;
1,40490236204022;
1,277560127726;
1,08364541205643;
0,953876426767846;
0,904085512433647;
0,871067516195583;
0,885110744587031;
1,0407468508373;
1,28987275626342;
1,48734672198181;
1,56530335053098;
1,13092118902931;
0,151762807871501;
-0,272460767644512;
0,0295960720388662;
0,0892925442271431;
0,441354849003836;
1,6288305466237;
2,11070999862567;
1,51180501702358;
1,18754038907853;
0,900420158152637;
0,117387663832088;
-0,224296515075967;
0,0292692752088356;
0,0711013522710175;
-0,0172386655197511;
0,0331982159696047;
-0,094301931512024;
-0,466281300297081;
-0,761229986976976;
-0,816973556456999;
-0,670811887436551;
-0,434761261045532;
-0,26101812167016;
-0,129991835332555;
0,0312309784166755;
0,16322539239159;
0,289998937974662;
0,444135551921645;
0,60592636975898;
0,585436927801222;
0,155753850739479;
-0,155330395338685;
-0,00899043927724946;
0,0619374835387299;
0,32177387064109;
1,22152528189606;
1,74310394451934;
1,33604107525032;
0,884809512590385;
0,579987586256904;
0,0890668327334359;
-0,141998856442247;
0,0117485595940169;
0,0480973173243262;
0,228137001293373;
0,741199498764194;
0,696362902779047;
0,101711318843761;
-0,0942501757880946;
0,0311063060039207;
0,0278326387276489;
-0,0179998286467557;
-0,0031004150771914;
0,00781487918346579;
0,00761084208813952;
0,0277681089435358;
0,0979312296651006;
0,292000763213975;
0,543241500648568;
0,510386360506321;
0,0988287628161176;
-0,130410332190377;
0,00486009476025103;
0,0466361592507334;
0,444892067314528;
1,57952740846388;
2,09695550503093;
1,63246896187644;
1,48517653332868;
1,27634430719685;
0,236537595615567;
-0,331178792790589;
0,0195466684890643;
0,115087383463291;
0,434009393278211;
1,61687595496868;
2,06241177453206;
1,34128281854512;
0,924784079242723;
0,72294177733616;
0,112882759375671;
-0,184970163273829;
0,0184601639881675;
0,0610070771139306;
0,465294550642002;
1,67265286219454;
2,15923607243616;
1,52472765590144;
1,15322583290485;
0,847359805007256;
0,0911960455456263;
-0,210347881087631;
0,0352519950318941;
0,0632390465061721;
-0,141459826677272;
-0,407641677258627;
-0,641628029177339;
-0,686591983488881;
-0,676330491488614;
-0,522704772257303;
-0,0858947696511872;
0,131712255511167;
-0,0103735159264597;
-0,0447308715903592;
0,00709948803916621;
-0,014049764150934;
0,105642360721461;
0,348340357632748;
0,431414966967438;
0,295917601507661;
0,0529654789446678;
-0,0679457958192669;
0,000221570596419329;
0,0255489470680617;
-0,0110161826858928;
-0,004429701718263;
0,00576515141228504;
-0,000839307570588928;
-0,00169780389169414;
0,232309583911498;
0,748741492518599;
0,883189264125889;
0,525578044481553;
0,363959190901378;
0,337856065102376;
0,0785936037867884;
-0,0907504041527674;
0,000214683935149396;
0,0337288181684566;
0,569679555597094;
2,03264581657591;
2,85766342450914;
2,57118977986676;
2,62767920696285;
2,23429807491378;
0,395495953862174;
-0,573760645548797;
0,0385980178849109;
0,19745913999373;
0,60182037520797;
2,38783128688109;
3,35120450256519;
2,77761165769719;
2,57438448415318;
2,14237019404179;
0,386892193428457;
-0,548581744512557;
0,0328679762073197;
0,190630985837399;
0,269611925235438;
1,18911699409273;
1,54918771092595;
0,935337371382054;
0,558752092787971;
0,385560846190477;
0,0203135014987571;
-0,0960370094214656;
0,0251624717335826;
0,0248387743820817;
-0,544870174771325;
-1,88688233356203;
-2,76346879339335;
-2,6472770106937;
-2,63757524155351;
-2,78200638123512;
-2,61714022697671;
-2,34222774318644;
-1,98407546488293;
-1,48689946994516;
-0,942703723616347;
-0,30079790772144;
0,337413705530733;
0,708478253498813;
0,902459832998922;
1,04496486260191;
1,15598207372219;
1,42466612017523;
1,74984903167523;
1,88948169305069;
1,44881790038994;
0,265626561765638;
-0,359191190897916;
0,013737424027162;
0,12861835310296;
0,322416687285474;
1,28583775354075;
1,79212293314613;
1,46875932118992;
1,3229498069569;
1,02888285943014;
0,147316996242708;
-0,256335931016425;
0,0279078246198687;
0,0837161087099902;
0,279723785287691;
1,15808844109983;
1,76682981023711;
1,6886189776122;
1,59809152776847;
1,20606701143871;
0,187113919672347;
-0,297005725854286;
0,0246232733472944;
0,100525620735829;
-0,0516926382764109;
-0,0139475414833898;
0,0241950568591597;
-0,00517332227841112;
-0,00643370231714878;
0,488695783993418;
1,64775729289771;
2,23221881627292;
1,95634262424382;
1,92731001029676;
1,56100571577754;
0,247773166938139;
-0,392453974263049;
0,0341525172923715;
0,131868841970147;
0,535301398447656;
2,04054820966748;
2,74642704442221;
2,11259689392223;
1,8235338843911;
1,46528969229167;
0,22822953990748;
-0,372201748331883;
0,0360939081435631;
0,123306318084303;
0,140370464888915;
0,594114836552636;
0,55138803927035;
-0,1043748909341;
-0,495871145219492;
-0,416242886063373;
-0,0837465264829697;
0,102850979466911;
-0,000613228926310795;
-0,0383125324901467;
0,0381458457966942;
0,143147868067288;
0,336634352416389;
0,515462686549457;
0,677544962734906;
0,685840623993969;
0,312515081384282;
0,166479612911101;
0,505782574527315;
0,745366875013156;
1,26604587881578;
2,33310274314978;
2,88361228063578;
2,78035259889579;
2,80839077631487;
2,16183157553265;
0,343448954898159;
-0,533125991120051;
0,0411744623767148;
0,181762843066494;
0,380126829089564;
1,5225903794079;
1,97703675873044;
1,46276916612261;
1,43110182216883;
1,29571885795085;
0,238113759105385;
-0,337216296010454;
0,0212762210038749;
0,116546822677786;
0,844413101305646;
3,11793242016936;
4,42365149699319;
3,96177189772382;
3,81624243059128;
3,90590434607385;
3,47109197172161;
3,04952210768033;
2,75967800737417;
2,3569721124794;
1,90822411278798;
1,55760405345376;
1,40741443669944;
1,43792031676841;
1,52692010577516;
1,61030618761171;
1,59348213778815;
1,48656540779909;
1,44091430052409;
1,47998631400705;
1,62775912908678;
1,92842337545996;
2,24310750755263;
2,36736190588526;
2,27731238454288;
2,13567714546013;
1,98183812661223;
1,76105716343346;
1,55364643778528;
1,34783845038847;
0,827567472818727;
0,0679121102665367;
-0,187754431421014;
0,0331452562383398;
0,0562363382692621;
0,0562559266375228;
0,300652219321457;
0,41113051790814;
0,287397419741208;
0,212216533547359;
0,180052824373487;
0,0471586569592777;
-0,0465070810713551;
-0,00318161528895736;
0,0187977396839084;
-0,00689063285589725;
-0,0037719744689762;
0,00402545542142294;
-0,000344762433577795;
-0,00128652237502029;
0,255483566529507;
0,801809006184174;
0,842758904939765;
0,295888339657501;
-0,00687411577303388;
-0,0310669275098139;
-0,0330684290420899;
0,00709684478583326;
0,0116002308469149;
-0,00782781938897571;
-0,224233239830244;
-0,795075428291242;
-1,09649427643161;
-0,79695730295593;
-0,479321997489496;
-0,287883670959181;
-0,0297820626755165;
0,0695531764392265;
-0,011380168643802;
-0,0210908866712948;
0,305124245732289;
1,09379595985682;
1,76384572935908;
2,03357685926699;
2,38393114621786;
2,32226678131009;
1,46179824052266;
1,25127881469929;
2,06067310784731;
2,56376666823316;
2,97290971815228;
3,86481116339513;
4,22912932525116;
3,79797951450924;
3,45878700931813;
3,51798008349778;
3,88637142719133;
4,09908720986127;
3,8332652981457;
3,4920549218395;
2,81495566692919;
1,47312361060269;
0,635437792499013;
0,631255334856952;
0,315711199085715;
0,213550613213223;
1,03506440118345;
1,29796638039141;
0,580036601695114;
0,090492272646477;
-0,464047828124421;
-1,56710898703392;
-2,10376422107729;
-1,92084324249321;
-2,18097761034477;
-2,04051576864748;
-0,430514388295671;
0,538056200417687;
-0,0141270514538862;
-0,194553659877066;
-0,705897185728287;
-2,55773683094971;
-3,13490698538767;
-1,88406240987523;
-1,23519534054519;
-0,960105208529123;
-0,12028454232623;
0,244025082546096;
-0,0360754346224405;
-0,0753307292336187;
0,736902279885699;
2,64081807290565;
4,21028273700597;
4,38827855211242;
4,23378941886122;
4,15169327311149;
3,82690621242748;
3,56962846268241;
3,59316920669513;
3,64365612230032;
3,53478055100018;
3,43191550484763;
3,40500217015312;
3,21915237685269;
2,78884692721904;
2,38207698942335;
2,14238327423858;
1,89436891947081;
1,68325102999433;
1,71740228601639;
1,83402100652675;
1,81318900893225;
1,77802353547929;
1,83778706267944;
1,9114222622648;
1,99270205094084;
2,12501973113828;
2,30619809927504;
2,51758158980237;
2,68412702141162;
2,04563310058133;
0,336597285840423;
-0,504526937113196;
0,0340975277276201;
0,174170955985799;
0,572100264411616;
2,18964337397229;
2,87572076238009;
2,08865528439393;
1,77834623080932;
1,95679341042974;
1,909410029586;
1,93776957923173;
2,02934742634199;
1,980912036585;
1,92552424559455;
1,95708880109282;
2,03748339320264;
2,13573448944476;
2,16486413887903;
2,09032126965617;
1,97636056904259;
1,89944961507218;
1,92554330872014;
2,01206213779482;
1,54380809203571;
0,266810645576336;
-0,381359050997471;
0,0206864947254597;
0,133890523526996;
0,0824699017676256;
0,484768410516497;
0,716739885852978;
0,559139520001;
0,461016019047086;
0,331930543469678;
0,0352669829751003;
-0,080466267560059;
0,012886461545742;
0,0245156080067586;
0,128035715584245;
0,51483887088032;
0,752966223181344;
0,668032252311598;
0,671291242191051;
0,742792586074678;
0,640240440935549;
0,588728899662556;
0,675334820074749;
0,729289318268831;
0,721360236048459;
0,600295725950322;
0,511712167811242;
0,608475504324494;
0,626201334621365;
0,537019007768957;
0,536371220782609;
0,571403014557871;
0,611359958719616;
0,602958257554554;
0,571341012487531;
0,673213183544311;
0,837955397502751;
0,995696662029978;
1,18813192319853;
1,16785721398815;
0,80332863541735;
0,676278217991765;
1,00056005587857;
1,24619277520209;
1,44913953672005;
1,72957470077527;
1,58979795940435;
1,19774369393353;
1,12027145475624;
1,34018419688378;
1,66394441019254;
1,61604177637586;
1,21641059035531;
1,10212166755243;
1,33738973944838;
1,78585181232859;
2,13004291233996;
2,11315480403429;
2,11321474573234;
2,29302301223477;
2,42145596104103;
2,50277518139105;
2,63656165687643;
2,66873798082603;
2,49114853753368;
2,2550094063587;
2,04101518600476;
1,82918088543582;
1,60613520007758;
1,38740345688582;
1,30408033143192;
1,335462329436;
1,34716444356091;
1,34558504256056;
1,30647132173174;
1,25064990855806;
1,24653426900133;
1,22761263917936;
1,14540497032842;
1,02269566821594;
0,94501180719518;
0,942350312810474;
0,912994745396309;
0,909953725157056;
0,934041609710976;
0,85250627596129;
0,785693992056795;
0,792609596341541;
0,778264652643915;
0,791309910704229;
0,783560330242772;
0,701011809208582;
0,686510801512974;
0,708573674499167;
0,606632995524334;
0,44920976703436;
0,360336769195302;
0,313241106217071;
0,2515228527273;
0,208127748583781;
0,273621498756609;
0,471252475058254;
0,665219426904849;
0,75435357297252;
0,878506237229325;
1,11311568119885;
1,37898546154999;
1,7193820858019;
2,07576199120765;
2,2975933666929;
2,50774759774672;
2,821656938921;
3,11365681850994;
3,25366799770595;
3,29859703648339;
3,26969478743092;
2,99100227622423;
2,63817063040991;
2,4944948312835;
2,28718025150591;
1,87182119114281;
1,5504573768854;
1,40926128448832;
1,23413994879042;
0,848344611054531;
0,309980945221494;
-0,194597238239359;
-0,671868616870677;
-1,1117585844186;
-1,29262075780636;
-1,24435416257334;
-1,14764364183633;
-1,0352695602313;
-0,96722962786426;
-0,696715995398646;
-0,0959833367496511;
0,170463344219651;
-0,0186906367859698;
-0,055706641272591;
-0,245941028527209;
-0,95274154351093;
-1,35430283156813;
-1,21551132146837;
-1,2315157417026;
-1,38562208207833;
-1,40161780462326;
-1,36568676828066;
-1,30435927856751;
-1,16975871325095;
-0,938196281070523;
-0,624404735909107;
-0,279610769327947;
0,0777116141135698;
0,419897247492794;
0,463884695469415;
0,0956721292275283;
-0,123592328047081;
0,00487380886941605;
0,0439302068132628;
0,350016088656746;
1,32180698335255;
2,04675119820681;
2,14008499152007;
2,17852706096719;
1,62531822984737;
0,227636672268919;
-0,394657000488808;
0,0402968891506001;
0,130384898466556;
0,308270813767806;
1,25647992909894;
1,65224241862106;
1,16084823444293;
0,975250197500954;
1,07723175459645;
0,95769637416111;
0,878481148620912;
0,908119303087525;
0,778259143403277;
0,568794286019801;
0,503669900586103;
0,485989553815877;
0,372762146273849;
0,290471464110572;
0,337721931820269;
0,41817637144171;
0,521092216597866;
0,689713299611245;
0,811023605135114;
0,815015427401769;
0,824577470295078;
0,885031209252114;
0,939965161371253;
1,03903176151792;
1,24341773179522;
1,46867394841187;
1,58793203339111;
1,66151654217691;
1,82460109499862;
2,0416215026362;
2,17860809370323;
2,22815620053159;
2,2981328522158;
2,368300868312;
2,33861612565889;
2,1732429665429;
1,85779698549737;
1,43112951976303;
0,95534524927722;
0,496627865572408;
0,155005762972225;
-0,0802664350224507;
-0,290066278162022;
-0,505253670523552;
-0,736022436555555;
-1,01772390635915;
-1,38860052913989;
-1,72092476218297;
-1,86448788550638;
-1,86558933430212;
-1,75628897685227;
-1,43644226076969;
-0,977130267096437;
-0,624738366668961;
-0,412637091766187;
-0,264604219860466;
-0,210413424991979;
-0,21022441529347;
-0,100392074580805;
0,115342257192591;
0,277704110214813;
0,37102975851566;
0,320818361832075;
0,0778389268841314;
-0,107048588533401;
-0,0577058156040987;
0,189729774898188;
0,552021228031284;
1,0217772217025;
1,54043835041775;
1,8105015882196;
1,73870824295177;
1,53315288094854;
1,39638195345029;
1,43866296215383;
1,48939756609177;
1,38725229037282;
1,23425883105821;
1,07269498737616;
0,695230338134643;
0,092118877434829;
-0,161782377173212;
0,0153932480997743;
0,0541660665579716;
0,147763706628303;
0,582931774648584;
0,736992884826109;
0,512169623338483;
0,619112770465092;
0,723902159694194;
0,184044342537919;
-0,203363628857411;
-0,000991483300173246;
0,0759872812902526;
0,420803406940732;
1,55197930941095;
2,18997124269113;
1,95046323047449;
1,87746870799461;
1,437820784838;
0,185380456622392;
-0,354599235545337;
0,0455526363817103;
0,112834129889517;
0,32961124347481;
1,32379447229471;
1,75630579260117;
1,28092305050753;
1,12287893239353;
1,26285842409461;
1,09318444747963;
0,839116826566317;
0,726032680722805;
0,635560368307058;
0,524365801651814;
0,45470268865194;
0,452820655292698;
0,532673733528812;
0,657909434522537;
0,648091616673159;
0,486671017700956;
0,449529063822881;
0,4964829921615;
0,360841230078432;
0,19404582738608;
0,164559787413307;
0,12431697070264;
0,00667957021609156;
-0,206687529862954;
-0,637332525268465;
-1,27221379353421;
-1,87838346748392;
-2,24789682346008;
-2,21950354483169;
-1,8244124263137;
-1,4595176170835;
-1,2346600149626;
-0,968237649599944;
-0,757170305157878;
-0,617885744974671;
-0,400475840713062;
-0,151645920983121;
0,0834589017509748;
0,35587969737961;
0,587258365710702;
0,733273329562683;
0,951614615792634;
1,27237127741151;
1,53379128252966;
1,83511815756113;
2,29928537641504;
2,6755645416698;
2,92383629193227;
3,21313641161301;
3,4534056950963;
3,69619743064049;
4,11075734643358;
4,55527314036787;
4,88246320235742;
5,1590250112931;
5,3420767243036;
5,3189206755616;
5,15130111431297;
4,84960496222648;
4,39401862057754;
3,9331748042626;
3,55370335671168;
3,22438910075275;
2,92814459606281;
2,60667590052288;
2,23203109820853;
1,91058039320175;
1,61167549946545;
1,17250396969248;
0,725349172836423;
0,399501133919848;
0,0815395713259601;
-0,111354900683393;
-0,133736845447988;
-0,313621707682287;
-0,689328462482667;
-0,963771539199504;
-1,04643220294244;
-1,02254329546464;
-1,03110127372243;
-1,27856518486163;
-1,76658922981377;
-2,17781242396799;
-2,2303082543535;
-2,04808676875445;
-1,92764393609523;
-1,73392242038619;
-1,21878634648649;
-0,614747586225425;
-0,176238730614343;
0,039565120356423;
0,0273001043723288;
-0,0225250284249151;
-0,000739878160380472;
0,151483364591481;
0,649201694554739;
1,3706395944412;
1,9019968392958;
2,16072057396828;
2,37193451201078;
2,51672825530133;
2,38829981317391;
2,22873706300574;
2,28257379159576;
2,3377897398004;
2,27455063117422;
2,02011158567156;
1,5613343783223;
1,04908130821747;
0,454909669077143;
-0,116721261216412;
-0,416819409201843;
-0,586487497836296;
-0,808071001370493;
-0,903372602878671;
-0,774750314446377;
-0,541502652221079;
-0,205583523565081;
0,157425982212478;
0,29486824543101;
0,24344434545036;
0,271167147708592;
0,498456663621064;
0,824978380753766;
0,966385448137866;
0,84989120318354;
0,660734964777416;
0,446506871437494;
0,221352156838537;
0,158302645758719;
0,321326873854484;
0,3743011049415;
0,188342403260993;
0,134792403716209;
0,180391023314248;
0,0479532179791969;
-0,0545106390941471;
0,00108418753109198;
0,0196664109531464;
-0,0224619394178686;
0,0261717408325448;
0,19711731262531;
0,307679009420205;
0,312110179632296;
0,241534051725034;
0,0448401992110603;
-0,0630033028364726;
0,00385734467517353;
0,0218229821971081;
0,0442075925955642;
0,241443789645736;
0,430765357698676;
0,382082013652526;
0,305505582326979;
0,479154713120312;
0,807951313294417;
1,15295713159952;
1,53257086053222;
1,88643714043396;
2,07500188321947;
2,17776046347781;
2,36005781937723;
2,58310369482133;
2,83427708026373;
2,28504286822108;
0,42148540711442;
-0,576713280156343;
0,0264835918214612;
0,204234326293263;
0,840366002937203;
3,10847216934867;
4,15537928490236;
3,35638112385436;
3,2463750995936;
3,67615179718361;
3,6115757796893;
3,40908484421625;
3,28203144737554;
3,09354483803178;
2,77337318838187;
2,44699126289903;
2,20083725762249;
1,96544945062101;
1,76680412316752;
1,70646654038542;
1,84421405868517;
2,1776861010146;
2,54598271933317;
2,78479010558138;
2,97070776341575;
3,26529408341493;
3,79725403799831;
4,51588666905323;
5,04012709926167;
5,24928986680176;
5,44718819568558;
5,65821631500254;
5,59600954871098;
5,20441931790293;
4,71955576462758;
4,27819109588628;
3,83431890096085;
3,34743519108539;
2,9133908002935;
2,63962326661555;
2,36716180236372;
2,05277156627519;
1,86277982610569;
1,73424176556128;
1,61420912480239;
1,64451950242823;
1,91814794105936;
2,27949713993467;
2,50656044206434;
2,58206589315466;
2,56153785706472;
2,56796061965271;
2,65490834565059;
2,67961187010042;
2,58911358010301;
2,53391031292035;
2,59471546111999;
2,54095100497199;
2,32794775102091;
2,15456843183991;
1,89667963553655;
1,56809526865279;
1,40978187978519;
1,21715986284028;
0,807929402291565;
0,430610747730022;
0,17324933959498;
-0,0624937778796191;
-0,220016376123172;
-0,293510002016834;
-0,379151877082875;
-0,464304326594977;
-0,559146768648114;
-0,630276742099552;
-0,538539966674415;
-0,442463204536806;
-0,505169183721306;
-0,512701041976323;
-0,375583927208376;
-0,216726373161452;
-0,046327832028604;
0,133418505646451;
0,199748295060213;
0,127016836232995;
0,0701388341116266;
0,143635317550295;
0,307670651222408;
0,449808009503799;
0,582579972547837;
0,764100622658905;
0,959907788733376;
1,11959319864927;
1,14630666387052;
1,00742601211972;
0,851717578170619;
0,824217805303213;
0,897904823910005;
0,954141505297519;
0,93723126189631;
0,895602216654708;
0,990244530777863;
1,23638826741302;
1,34095351945689;
1,19104758054957;
0,947154210098277;
0,725804551283019;
0,582653690467437;
0,409747604546801;
0,0923539818142721;
-0,204053717886296;
-0,355869059607665;
-0,560503586596651;
-0,924228442451489;
-1,20354348861494;
-1,28705232622182;
-1,37498331016491;
-1,50065812660932;
-1,60978347714451;
-1,79854052905491;
-2,0265533952062;
-2,19140960222307;
-2,24427068386403;
-2,14510761021073;
-2,02963922459612;
-1,94304533379249;
-1,68860534794515;
-1,25908933586888;
-0,73126072436887;
-0,120016786541464;
0,311386184512091;
0,505976361311208;
0,802573821650684;
1,1855807285737;
1,48705498571292;
1,79732441938906;
2,08107729554696;
2,17519909280036;
2,0248811536414;
1,75803101584731;
1,58597771292574;
1,48092199816506;
1,32337062702119;
1,22721198129948;
1,2570776075506;
1,31278817959928;
1,34401244231894;
1,26160577647453;
1,0674483178214;
0,994945192213932;
0,807741884759484;
0,16736599590546;
-0,207133301559338;
0,00349929032234995;
0,0759239687157329;
0,2290215061551;
0,935234298406254;
1,44685362047205;
1,41544539495696;
1,39364199635981;
1,48280063461703;
1,57167048290906;
1,70549196145029;
1,83468287343159;
1,96328434112694;
2,05636545494494;
1,98228331547328;
1,79233003424782;
1,6614022823;
1,58408893350892;
1,4084499422108;
1,18326467892469;
1,06433707756896;
0,949710091516824;
0,755288763144432;
0,593251495341916;
0,473377327052578;
0,4023250854187;
0,499102600105333;
0,693614759447243;
0,75425322345934;
0,633719398717893;
0,50015491542212;
0,53059140157643;
0,699634447868178;
0,804515598845047;
0,835614595992859;
0,961886027653847;
1,13655852817147;
1,29826762926719;
1,58477927291373;
1,92744367834406;
2,05053239067076;
1,92662874240656;
1,74268665712291;
1,6060518482291;
1,53818272356053;
1,51793468688742;
1,52085723717873;
1,56681449195742;
1,56567553067388;
1,49974019165164;
1,57293710978304;
1,73301483171987;
1,81338731968798;
1,87960957691005;
1,92980280882061;
1,9644211467346;
2,11947642484804;
2,38889762604858;
2,56002179644238;
2,5584135074617;
2,53668186915987;
2,50106738297442;
2,41131178500713;
1,77174603436791;
0,306869240351712;
-0,43489275543131;
0,0218598456577773;
0,153537852834011;
0,836153810271764;
3,10706482376754;
4,32547668690858;
3,69614272272411;
3,5195922880131;
3,85951962454919;
3,82024032749414;
3,703595772161;
3,66838958017852;
3,64603432499534;
3,63527104919383;
3,50196210327233;
3,26520401924213;
3,08431178163086;
2,85701838274546;
1,92526803443277;
0,256164282150417;
-0,454305863445069;
0,0458097086450604;
0,150755767912375;
0,530805018712107;
2,17369326535474;
3,31137924462229;
3,15954201380282;
2,94730100901486;
2,90515521340845;
2,80017224296906;
2,76700707162762;
2,76811888163206;
2,80501752342072;
2,94192991672847;
3,1177760756991;
3,24459041525722;
3,35021326781089;
3,46107561449676;
2,60640752303842;
0,414541287287048;
-0,64161047165985;
0,0487818785387638;
0,219126581194941;
0,457505976966675;
1,85573041300273;
2,38508901139919;
1,52731314462328;
1,05008511990651;
0,993060067775944;
0,742389927357188;
0,53225068549202;
0,382218304571459;
0,201096934458005;
0,0867339575265549;
0,0846966753147202;
0,144306132294131;
0,2093227611056;
0,325140222150023;
0,537213578319846;
0,740598549740176;
0,940822437993455;
1,27440831941375;
1,60732116140649;
1,83162550959713;
2,10747870878836;
2,40334370910369;
2,65634744474708;
2,88746659746226;
2,97763531919634;
2,98635478913036;
3,0772909618177;
3,23754415264787;
3,39825830983172;
3,51700010367951;
3,62451053552068;
3,6699341194635;
3,57796125131077;
3,52547311595721;
3,59200713712492;
3,63384223601564;
3,6629918822322;
3,72278285587546;
3,79906983854673;
3,9437925311046;
4,05993023658048;
4,02556245798511;
3,90986125274269;
3,69254095409209;
3,32771611460947;
2,85633656139923;
2,30270269343795;
1,70670441343213;
1,12096836096824;
0,657657182179762;
0,260906021216741;
-0,24608294359965;
-0,695001961669218;
-0,9465152243279;
-1,32046530506773;
-1,92001048357743;
-2,40368893228318;
-2,68755010248265;
-2,92886774884922;
-2,98368033147539;
-2,62257663752375;
-2,16510090206436;
-1,94918283290159;
-1,57556415290387;
-0,731955878957631;
0,0304994265177846;
0,13676279516298;
-0,0506021975322436;
-0,0301921701100012;
0,180045071264516;
0,554589978101278;
0,85425572937844;
0,805488092712526;
0,629312834092145;
0,538690506427966;
0,442635727145204;
0,263959419073576;
0,057924248585168;
-0,118725628334987;
-0,21577992754111;
-0,230462036201165;
-0,282835489031025;
-0,374238378109334;
-0,365205710502215;
-0,32107801559502;
-0,329533079088598;
-0,300649731563323;
-0,280957335795019;
-0,294230358348877;
-0,2082930183568;
-0,098556318123915;
-0,0131448026107013;
0,135370284129416;
0,219136406203915;
0,177819505033391;
0,152096329469222;
0,13457200448826;
-0,0048306504354912;
-0,229149360185169;
-0,418191573419781;
-0,575118053186627;
-0,662673150787245;
-0,564703243893409;
-0,236381848620258;
0,131636010764558;
0,280927979248299;
0,258222457641173;
0,171959835184385;
-0,00249329848886728;
-0,273804758282269;
-0,566040180657021;
-0,757255227646988;
-0,951341440265357;
-1,30477181292215;
-1,65694591982394;
-1,90523101679717;
-2,15407987327405;
-2,37004642628902;
-2,47339293391824;
-2,53405532850475;
-2,61578498411003;
-2,61364922146602;
-2,58875545663;
-2,76211896491374;
-2,92356842630484;
-2,79589545789178;
-2,51731244853139;
-2,33476977713564;
-2,21984117190697;
-1,85157439703751;
-1,20358507656567;
-0,526085673516297;
0,0903413917950744;
0,621699304222653;
1,10865054593053;
1,53510348893995;
1,76517567907794;
1,86024015707142;
2,06262836409692;
2,13777358300346;
1,72337577217316;
1,51177838213153;
1,86916375205299;
2,1537577922175;
2,2524853190761;
2,11022266917322;
1,70540128938708;
1,51916583814154;
1,49571898898433;
0,991181671106509;
0,0894497583734256;
-0,228518192620507;
0,0383804229010648;
0,0691955043782912;
0,317405463884892;
1,2751636542659;
1,90959266346115;
1,92518047751765;
2,12587563287472;
1,75995686591829;
0,2783121905713;
-0,444410771169755;
0,0400627214081629;
0,148652674035571;
0,467240157865367;
1,80192048296124;
2,37484844208234;
1,80039402817936;
1,61330244745642;
1,29624728262932;
0,177234585703035;
-0,326275836501927;
0,0406092424424965;
0,104199804331515;
0,188073083826577;
0,88017019820417;
1,36298710308032;
1,28552944330657;
1,19740160815332;
0,881329588671965;
0,121305506751336;
-0,215140716596461;
0,0234064281921835;
0,070403264211339;
0,388916808364465;
1,42043416408153;
1,87783323837743;
1,51558268803222;
1,45605027095874;
1,19210012558334;
0,176621135985132;
-0,300583327735158;
0,0319004274745801;
0,0984246533317146;
0,301442949795777;
1,22733027667355;
1,70903102280786;
1,33480374647673;
1,10538634262096;
0,847135862274811;
0,118275242422403;
-0,213390552147719;
0,0255993008968623;
0,0685698480304592;
0,0223998291296445;
0,209568836213413;
0,367523721749496;
0,415618275404702;
0,481230543504658;
0,386736015803255;
0,0600296069814656;
-0,0954924742949512;
0,00803024627277447;
0,0322626043513632;
0,414603092483332;
1,54605060194061;
2,36508479945552;
2,49320599068119;
2,75691874742553;
3,07103305380181;
3,14370240990252;
3,19159967361943;
3,15678024770224;
2,9467680201677;
2,75263704734841;
2,59064631075334;
2,2976172424956;
1,97169022890808;
1,80250143026611;
1,32494922844488;
0,226074930062402;
-0,326261523535081;
0,0183849154823287;
0,114272973048683;
0,252396849514032;
0,985094952435614;
1,24727987579187;
0,845763340382607;
0,733603182914821;
0,637353340157312;
0,104207401307845;
-0,164462069421893;
0,0150996072948774;
0,0547852769279459;
0,147680986466095;
0,716026460920753;
1,35014521532236;
1,70159925938563;
1,86964462858345;
1,8004025267038;
1,53996839977649;
1,13375639476167;
0,503859325377182;
-0,0755999697632379;
-0,501252654948841;
-0,942042744637859;
-1,22030881017632;
-1,15166596619876;
-0,93737540376409;
-0,794055299259027;
-0,61036352219434;
-0,165578234065183;
0,421247057986088;
0,733315446153194;
0,815747928074197;
1,04846017100617;
1,46944448652192;
2,0429594202459;
2,63657347305581;
2,99271774981627;
3,19641093223279;
3,35779529005955;
3,34488879259523;
3,1865542573867;
3,01360701742768;
2,85752112947335;
2,69821215087116;
2,5854388536752;
2,46973552932643;
2,12653861636592;
1,70549818703198;
1,47843558988592;
1,40458084839067;
1,47848060984531;
1,69341520594326;
1,9167266302942;
2,08699947607433;
2,24113216422739;
2,33043265384282;
2,29249539366843;
2,32881656267076;
2,491319572883;
2,44705766390479;
2,23736667951484;
1,62894523879329;
0,295173220794559;
-0,403201101072145;
0,0165386581936276;
0,14390078209719;
0,181599581390875;
0,79403024377286;
1,05841513492756;
0,798257085393217;
0,822040280673861;
0,979605455521729;
0,832501907408357;
0,577154486387268;
0,458219493846896;
0,470362363051517;
0,535734281708745;
0,609342504470471;
0,709131033060837;
0,804978146114747;
0,779864501592093;
0,495454256540244;
0,0473704126840765;
-0,113610051043865;
0,0177073934752722;
0,035030999703053;
-0,17614758389738;
-0,570750026963984;
-0,92133028822658;
-1,07772084666835;
-1,14470907842329;
-0,867447260784447;
-0,143641322271371;
0,211371343341809;
-0,0125911721843479;
-0,0737989507561576;
-0,118842538005742;
-0,45625134715578;
-0,464460263396893;
-0,0149651926510446;
0,385080983303866;
0,60208440717013;
0,610130051266507;
0,485554540654013;
0,573217057071757;
0,970660490688007;
1,49926683911694;
2,08201431664882;
2,62935267270946;
2,96893327135623;
3,1365007828829;
3,3204891994726;
3,57532754355482;
3,75478293891736;
3,66075952955761;
3,26432365989843;
2,76413161567489;
2,3530917226075;
2,04154542539668;
1,77801727707178;
1,52995481131567;
1,25691113055361;
0,920455145163213;
0,610667686508529;
0,42732881323682;
0,249567683826587;
0,101958778252703;
0,129371002319649;
0,205416243724989;
0,303320303453135;
0,515054208867145;
0,811817378605277;
1,22391422845797;
1,58400819486101;
1,64626332545241;
1,59597822087446;
1,60003599137806;
1,49582810737496;
1,2375927590476;
0,910936631373634;
0,553705335225346;
0,224211200308847;
0,00718387001614293;
-0,124007770655223;
-0,312582240615044;
-0,473325732823176;
-0,407303956621451;
-0,249388438490114;
-0,239771002318009;
-0,303885118287777;
-0,275902229021244;
-0,163625162285426;
-0,0229708449339517;
0,0370419305254206;
-0,00248165406853656;
-0,0128981001675071;
0,194583026401814;
0,832180328635882;
1,65131758919951;
2,18373918725373;
2,43392898590461;
1,89925520817979;
0,323917988724718;
-0,472346603660787;
0,0291103692927083;
0,164190307453596;
0,368415131802628;
1,49235797176716;
1,96905453216517;
1,33181486194629;
0,992317623980646;
0,808857942617987;
0,133345227448639;
-0,209379822571976;
0,0190827618390283;
0,069791386154329;
0,0379386987270519;
0,202410975455235;
0,218019893171317;
0,123789202676515;
0,201543407970736;
0,215128778636623;
0,0288628495208512;
-0,056020226246191;
0,00805201295484112;
0,017355759046199;
0,346490096795926;
1,31331028920107;
2,08404167461131;
2,32619942798954;
2,70858067723382;
3,21656162810559;
3,68537957127184;
4,25118521767855;
4,72340907743167;
5,00905120763333;
5,25411148109697;
5,39682517746267;
5,432181543064;
5,49263486498328;
5,38186691572219;
3,78941624934021;
0,549355309957365;
-0,907067145433755;
0,0785512974407414;
0,30631899627414;
0,997614194171604;
3,86555053939169;
5,23990909014164;
4,25648918642951;
4,05753326618427;
3,97075304318086;
2,4175355587633;
0,939148582974628;
0,496296000005859;
0,318195331953108;
-0,083246429383621;
-0,61198080758121;
-1,06046545060032;
-1,45960707479463;
-1,93939577941137;
-1,70602168871297;
-0,324143209627424;
0,437618833036748;
-0,0198476106360541;
-0,154876743928213;
-0,556078800079048;
-2,13138525035533;
-2,86622914133362;
-2,06864429102411;
-1,49531437468286;
-1,06673329334459;
-0,132685061134212;
0,263757405245906;
-0,036232486195559;
-0,0828647959165183;
0,322690341075471;
0,83472663673131;
0,778441325546941;
0,266343009451483;
0,296158446773445;
0,780377436550326;
0,889552924998778;
0,532408919780987;
0,235980618426113;
0,206593510999087;
0,264803753163891;
0,36417466397183;
0,525016781202415;
0,70256917282872;
0,838310385654406;
0,875948161648087;
0,900662395119461;
1,10398030364992;
1,3288647458629;
1,26283724210409;
1,08096153390582;
0,954155278318042;
0,798076064181906;
0,75391844713388;
0,866100238144273;
0,98753009615672;
1,11958644460718;
1,19360315456885;
1,15106733684866;
1,12716618595108;
0,99008271419752;
0,577924926440053;
0,161502715645558;
-0,0653776415628631;
-0,22561084105255;
-0,456977617368253;
-0,733108888247124;
-0,937547405131004;
-0,995829871674911;
-1,05054844333811;
-0,927985784749009;
-0,233388987303272;
0,244207308362222;
0,00971713249583242;
-0,0954734475112259;
-0,366530696661086;
-1,29135524066394;
-1,59578193749898;
-1,1538878137234;
-1,22457836496727;
-1,13544084701111;
-0,176388328326619;
0,296842458345241;
-0,033029002125147;
-0,0962084504764405;
-0,147182159193368;
-0,762518890730829;
-1,33686765184741;
-1,54266901222439;
-1,6311395653808;
-1,1473049319545;
-0,101621241177574;
0,271775403628808;
-0,0494271561371787;
-0,0803789928075328;
0,0931091184920559;
0,308327344294655;
0,912411610651329;
1,73335688641624;
2,28627529322811;
1,82793696934576;
0,295905836277002;
-0,453066315200417;
0,0338111883296123;
0,154921635009126;
0,462825217833633;
1,72769027124421;
2,09185792722904;
1,25436113787379;
0,995503656255286;
1,47767035121226;
1,92412507100012;
1,80496304843455;
1,27998185734797;
1,09066414653388;
1,22814739016406;
1,33463988104573;
1,3414875599497;
1,30839976570227;
1,3676201437695;
1,47245713871906;
1,46723215173807;
1,41093437382579;
1,50637932172917;
1,74582795761998;
1,96451469866726;
2,13374514132343;
2,23024499654477;
2,28882790192195;
2,35571499280897;
1,73223467173434;
0,245504914738414;
-0,420839029475392;
0,0418545238330547;
0,139523076667956;
0,18620265456061;
0,789834239275962;
0,867045485160916;
0,265338052886831;
-0,0380122769703879;
-0,0780209128649366;
-0,222411211793044;
-0,357972339209193;
-0,428265021898484;
-0,492917350541416;
-0,584931622139081;
-0,686806635808938;
-0,697279781223708;
-0,52155398793423;
-0,285488877673511;
-0,311028471930869;
-0,631167650659332;
-0,770355816032879;
-0,518259333011688;
-0,259700482063093;
-0,0546469114249091;
0,285909327802953;
0,450881567846085;
0,392563434683868;
0,42175881811482;
0,418256241417687;
0,33480034394069;
0,335764104813506;
0,411769161421676;
0,456475120220709;
0,492644998050358;
0,697572638179304;
0,884935391650972;
0,827482020316252;
0,772042562198986;
0,607991324387677;
0,10793247246032;
-0,15443167399719;
0,00939147015400623;
0,053639842911814;
0,328560609729075;
1,17302860044449;
1,53348233362139;
1,28697984204867;
1,46295540519542;
1,35488635419638;
0,241584483255272;
-0,354208069139856;
0,0262896880177196;
0,120624364009604;
0,829140331805308;
3,01105650562573;
3,9858329699332;
3,02552989457249;
2,51858599545617;
1,89707089138425;
0,220519270831029;
-0,471390081110988;
0,0722934367719483;
0,144680904170063;
0,159511300641803;
0,79743209829419;
0,973596074437319;
0,364824840879775;
-0,17021203427786;
-0,54951402520758;
-1,03894591187263;
-1,47975958905685;
-1,97171902629669;
-2,66408031377376;
-3,29641245520456;
-3,71329544735681;
-3,94907410613995;
-4,09550162669721;
-4,34281949310541;
-4,64838815029973;
-4,78087921564604;
-4,71056473206295;
-4,54477583448826;
-4,28828223456676;
-3,91629525396863;
-3,44095018440637;
-2,79290276440846;
-2,03590072130819;
-1,49298039270127;
-1,20362966651391;
-0,895443632303373;
-0,518328924085841;
-0,184472712448051;
0,0364110920336393;
0,0977317509096252;
0,0287806836144126;
-0,0265623124047067;
-0,00230850394215027;
0,0109159284307981;
0,0765349480068594;
0,294376494593771;
0,428352808828469;
0,316204617794772;
0,218079572667037;
0,312521313175605;
0,421357267606215;
0,408509933042762;
0,360783189572205;
0,401345868003753;
0,457590347006841;
0,340135694870108;
0,252557280420919;
0,46513558054877;
0,793694007292484;
0,754524853829848;
0,165945595397267;
-0,196059292490633;
0,000702001829768359;
0,0729477680142978;
0,390069708287554;
1,43957532426386;
1,99748606852818;
1,71279966941317;
1,66309538614109;
1,34921744905798;
0,203113663916005;
-0,340877410265872;
0,0351403285362927;
0,112058517182624;
0,343479085828133;
1,25005692895304;
1,38534905638763;
0,645258665222098;
0,442961236101378;
0,495767462285593;
0,188481965554591;
-0,0527400121169158;
-0,153412559588591;
-0,3232067987284;
-0,559226065870939;
-0,79066024175412;
-0,845904126078312;
-0,777598418294765;
-0,817940217197123;
-0,824274021506859;
-0,574187401235892;
-0,270606396313396;
-0,133456102219658;
-0,00191987716350368;
0,300012433801477;
0,597649902126984;
0,720362525708573;
0,875502259340545;
1,11142878666438;
1,16360077251631;
1,10560727849703;
1,02930952247315;
0,689120192580454;
0,178032993919655;
-0,198515143611631;
-0,365848434472498;
-0,30120002724309;
-0,189895134529769;
-0,279832969463569;
-0,335348634080752;
-0,0893384484465217;
0,0931192585120692;
0,00280879221174288;
-0,0358683381543362;
0,0985649122651187;
0,357949753341581;
0,5888553303901;
0,628699091645839;
0,652477820906047;
0,75203927850652;
0,886153428276404;
1,17312031895422;
1,53334984487682;
1,72018706123521;
1,68926274476261;
1,58058568430783;
1,53803417828762;
1,51608798756652;
1,4371720626654;
1,0317774923199;
0,173210967692825;
-0,251491912452162;
0,0140269591725132;
0,0882278034371291;
0,290542197878478;
1,06839494218167;
1,29434234011697;
0,789155325459344;
0,645691381165522;
0,595636758035529;
0,0979887063721406;
-0,157929384173612;
0,0163001699067379;
0,0516869568443883;
0,370094552707298;
1,4043104261145;
2,04706628670499;
1,91971785553771;
1,96184482372961;
1,60614565684928;
0,2601765277676;
-0,40687616173965;
0,0347047574643858;
0,136934883516927;
0,595681525203142;
2,20934435509801;
2,90158249224464;
2,22874397280954;
2,09709987287146;
1,82790240030368;
0,332147246785684;
-0,473122543383709;
0,030104244574505;
0,163480599202821;
0,48213916126885;
1,84447152112988;
2,36668932422873;
1,66870733395672;
1,51002758046178;
1,72353187709433;
1,57518065665642;
1,52873044957443;
1,61197682395468;
1,45073524081399;
1,29961479991267;
1,3835249228854;
1,41574738097812;
1,42318733061028;
1,61031598904305;
1,77568981730043;
1,84786350687222;
2,01013925704441;
2,19622286017293;
2,27700152470934;
2,35836820925066;
2,47463072653747;
2,48430230859397;
2,43490158748421;
2,47827529311732;
2,50685322868035;
2,34547230296219;
2,10658470130021;
1,8561803211784;
1,3755050100346;
0,642978220759418;
0,0163920488928033;
-0,124838905822771;
0,0289502246357131;
0,0350213637335373;
0,09417189368681;
0,35263557677973;
0,340843284029903;
0,107892558144356;
0,156337560863617;
0,260615509872521;
0,0696123301693911;
-0,076581524670378;
0,000172447203909527;
0,0282825699460851;
0,203531479998434;
0,68600529763137;
0,761278911465753;
0,343726729338119;
0,237698357534882;
0,302207990611307;
0,0685758532452756;
-0,088305934382568;
0,00503588243764184;
0,0304787529960511;
-0,40874049215868;
-1,31397099073684;
-1,5896559585332;
-0,920089066897078;
-0,570898498610675;
-1,17461153769366;
-2,40674398665372;
-3,54222818976076;
-3,59152514187687;
-2,47572392736325;
-1,10628458938783;
-0,0359533708173511;
0,777679783351312;
1,48873876241555;
2,13125662260951;
2,68091852508626;
3,03268018395307;
3,03597806111331;
3,01157505894537;
3,29653262466972;
3,42833564298663;
3,14718851713429;
2,90265378025689;
2,65120944305195;
2,16457746944688;
1,85180176986785;
1,88324724717259;
1,94796977607068;
1,8777111862305;
1,70690203542076;
1,20227579581252;
0,213129113708775;
-0,291067181408487;
0,0104358678838036;
0,104745781444859;
0,465085673514812;
1,79394885271866;
2,57492725009381;
2,28819616660778;
2,33959627454903;
2,03994843760796;
0,380500857829376;
-0,529637885226692;
0,0303946573546768;
0,184428225742656;
0,635800642680329;
2,42317885441397;
3,25055583156685;
2,45625650200381;
2,08292370757314;
2,28500643176706;
2,17452285846192;
1,87025378615311;
1,66751813264063;
1,49374508583321;
1,37522678178907;
1,61263635042123;
1,92544024467929;
1,78274454259183;
1,43558745663679;
0,937613424895751;
0,12697512922686;
-0,226159896118405;
0,0242071473926714;
0,0742696197720439;
0,149787000978815;
0,686478108167487;
1,120195229819;
1,24490797643904;
1,41060740388394;
1,48688131118317;
1,39730479028812;
1,29970285546026;
1,0719832646703;
0,792922702830643;
0,775247308033295;
0,95125744209335;
1,09040175460043;
1,21126214191453;
1,29831806027955;
0,930512589967953;
0,111375815376662;
-0,222113774550121;
0,0288509079888415;
0,0707606495544451;
0,116303162101529;
0,556091830880837;
0,872630775769504;
0,933088053467306;
1,16527570441744;
1,47992996436306;
1,73208794518952;
2,0934802360822;
2,46842030391848;
2,66753389704911;
2,02323672593681;
0,327929065540104;
-0,498943492782911;
0,0357915344499644;
0,171326078998985;
0,547231386178208;
2,14629815358193;
2,98783755142239;
2,44741451432848;
2,18306372264795;
2,37509254593065;
2,46497490005185;
2,50771207601868;
2,48724513935902;
2,34464195886269;
2,25088915935727;
2,29770152055624;
2,31825141019699;
2,28212150545524;
2,30147491827198;
1,75161754260242;
0,296775054789986;
-0,433994236289798;
0,0267319591951341;
0,150914762473663;
0,492532582802148;
1,92040861637481;
2,62888587464871;
2,05123167290202;
1,73888191971884;
1,34867733471991;
0,195530621596759;
-0,338578759806188;
0,037042290323144;
0,110417991096035;
0,23176472618991;
0,954456526286147;
1,24252227937243;
0,85279318919072;
0,66859120058213;
0,540852221018834;
0,0869685236172291;
-0,13759055767516;
0,0122921634215657;
0,0460422928434615;
0,175921186435081;
0,672208077010498;
0,893578944816244;
0,641283507472262;
0,449988979377879;
0,295653147571653;
0,0248716242057562;
-0,0703045394153091;
0,0134476450900976;
0,0204908147703976;
0,0433027188572011;
0,157700779973386;
0,120850712505113;
0,0377014285778097;
0,23789358347486;
0,531912764484887;
0,676429825716538;
0,798794606431947;
0,978001244654297;
1,06767008892555;
1,01380074257518;
1,07735329907109;
1,36804838033037;
1,68415855758303;
1,92826572466537;
2,05909728207274;
2,05491532391498;
2,00212489636744;
1,95839015053259;
1,95713311192211;
1,98711811131558;
2,03944769275963;
2,16719923744909;
2,30687646306901;
2,43992265201403;
2,63612635878279;
2,78427729720705;
2,90253780199839;
3,09396812406708;
3,22515160311252;
3,33253011442902;
3,4318181507529;
3,28458570408045;
2,98058108492059;
2,90482923037866;
3,11055247555902;
3,16435718172263;
2,88025732819376;
2,71398978261398;
2,90716502734044;
3,22480978467075;
3,7592825772605;
4,58786092284505;
5,2383749119473;
5,36537555555269;
4,99260246404996;
4,36488743621059;
3,61692156043188;
2,69768373615933;
1,82673375019066;
0,952035378722386;
0,049173976821981;
-0,209353366805661;
0,0465093399042588;
0,0586871039410626;
-0,635639197642477;
-2,13026968517882;
-3,1295632938375;
-3,02796554935761;
-2,82992084516172;
-2,52311999534901;
-1,77410202559068;
-0,912174884413764;
0,027121504826652;
1,08249826678025;
1,96915346265383;
2,50589048034023;
2,8446836562896;
3,10591723899286;
3,23872692455204;
3,34447280869175;
3,56749868974867;
3,81595734677829;
4,06647722830966;
4,33376059773873;
4,4714559916448;
4,45722907930648;
4,17473707716645;
3,43829376726177;
2,56222762413481;
1,50485010171476;
0,164179118937938;
-0,346457646946873;
0,046021865852475;
0,110322831718532;
-0,0145853705976452;
0,127870267560456;
0,175070777973636;
0,210420821854961;
0,542359959982968;
0,827146705016852;
0,877509510770751;
1,07226294751233;
1,45769477820885;
1,74219957333731;
1,91604209049404;
2,07386870163024;
2,11884301462981;
2,05180901022516;
2,07833033173126;
1,63792412588533;
0,298954139577523;
-0,411978493836619;
0,0195050958945682;
0,145677769352329;
0,411116866019752;
1,65443339701063;
2,32700989729677;
1,84633201654663;
1,60154478079906;
1,75679228630813;
1,65047328409442;
1,38768070637479;
1,16384344089408;
0,910035926060371;
0,946210990698279;
1,45661918307891;
1,6157808884314;
1,15957340813382;
0,827204509586415;
0,561547660533077;
0,0712173416414041;
-0,136356044932888;
0,0170581011446561;
0,0436572469815772;
-0,248178564308751;
-0,717028720509967;
-0,767792791581101;
-0,277323781054112;
0,0440525917450437;
-0,00244467086794228;
-0,0446808337394432;
0,00866131682893124;
0,0139837621381001;
-0,0092098179947214;
-0,102998353537037;
-0,235393727590113;
0,00146516015465018;
0,56683898995375;
0,994825357007641;
0,884086141939692;
0,173092336814677;
-0,226951687698017;
0,0082259988046979;
0,0812322824616005;
0,401494715545886;
1,4212217847313;
1,70092893332574;
0,954121149967069;
0,670777364816122;
0,837596275721591;
0,714679244270356;
0,595969601103847;
0,681464772139287;
0,587174718227037;
0,23195198867353;
-0,149415860788337;
-0,585648772393556;
-0,942932011889919;
-0,995786660645323;
-0,770418961907638;
-0,321016202295361;
0,0958754657376064;
0,40569425448996;
0,821543797494949;
1,26826424759184;
1,52125834618136;
1,7318372074498;
2,18800544366986;
2,67429842830563;
3,10472908004208;
3,73689053257075;
4,26074966810156;
4,35354698221453;
4,27865510675369;
4,18464724476273;
3,992812911047;
3,72597835170009;
3,48989030948545;
3,31827953238389;
3,09678334704535;
2,76146654406892;
2,3446084359862;
1,83353905699974;
1,32552508989633;
0,99532681017301;
0,805641987727797;
0,589045978210247;
0,312826397282174;
0,139149848835909;
0,097599087620967;
0,0280929505365454;
-0,0279729368278784;
-0,00119668887807891;
0,010907844303713;
0,638718956460759;
2,28084270719149;
3,3177337912482;
3,11048491956674;
3,06099444343781;
2,47958762049126;
0,436731708247202;
-0,627409482757263;
0,0383644701314732;
0,217900878916744;
0,838160651648607;
3,16799757196378;
4,21134744365295;
3,1363970106836;
2,61133722080797;
2,06829766393237;
0,305657386354666;
-0,523491652808411;
0,0568188267762195;
0,17079620369941;
0,277387385096091;
1,45822953226479;
2,4678155995552;
2,31989847011091;
1,96001784146736;
1,50489007504542;
0,302747398614379;
-0,38471830589821;
0,00965891259021416;
0,139649841151937;
0,260401125582606;
1,05846983908965;
1,45886265015788;
1,15679035492062;
0,968376216941367;
0,688042749646438;
0,07798362191677;
-0,164320147662437;
0,0232248611451742;
0,0515115166812398;
0,400957756269832;
1,53907237532025;
2,28753718684874;
2,23785473867564;
2,39445209779397;
2,01041299662905;
0,343923623616403;
-0,512875780245226;
0,0378094584519142;
0,175137260480701;
0,695897746168677;
2,57232541472178;
3,30429157401106;
2,36874751700652;
2,00632751576837;
1,63196231749053;
0,242396328952911;
-0,413926436782711;
0,0448205128638819;
0,135070350321715;
-0,12257413481551;
-0,278844642347073;
-0,575091257715395;
-0,921520099665044;
-1,20133005460927;
-1,07107220475706;
-0,228591332315515;
0,278915769465425;
-0,00428621651855175;
-0,102299821067846;
-0,685986236966154;
-2,49696601641574;
-3,42467912600329;
-2,81184027628247;
-2,53905358347688;
-2,03442147846715;
-0,328888125756489;
0,514623131093184;
-0,0438082672604719;
-0,173257971871814;
-0,0947385862131356;
-0,51858516600442;
-0,387962206782299;
0,514659325399638;
1,1737811642743;
1,05405791455124;
0,235694336746907;
-0,266447896614134;
-0,00494884270583349;
0,101972004687488;
0,428666137180371;
1,61511020359895;
2,22911724871301;
1,70281892530627;
1,22412622353518;
0,774426605551403;
0,0541617249934417;
-0,181801090593033;
0,038500165049059;
0,0514083345309692;
0,240705066693367;
1,01330664006669;
1,57269444588688;
1,6169640536494;
1,83337727739858;
1,62104722399351;
0,313004037417852;
-0,420741898901197;
0,0195877464257264;
0,148535380453604;
0,562819115270783;
2,17918805946842;
3,07921056384943;
2,60533981109828;
2,39454108040043;
1,9107608502419;
0,306234483647922;
-0,482416001212684;
0,0417337711847163;
0,162146242263422;
0,458925715427393;
1,83621749372458;
2,50089052323079;
1,87829378172893;
1,53088334121626;
1,24898523429717;
0,281938013281532;
-0,222968318690489;
0,0962877538752683;
0,216648484480615;
0,136986492571042;
0,16715538880502;
0,0236718156361037;
-0,278096449132766;
-0,470439445940705;
-0,623926340856926;
-0,819444189805041;
-0,778028973181762;
-0,471686953122297;
-0,321752317484017;
-0,361467826466036;
-0,197529877613873;
0,0670195606375841;
0,241394104715526;
0,470764440755917;
0,653715343381201;
0,766934696560632;
0,791836328245771;
0,699806307211641;
0,700769576963345;
0,71998718381588;
0,754832319862618;
0,889252463274907;
1,0997069808302;
1,40568797932625;
1,59140872558477;
1,6628041138485;
1,75341106750499;
1,74482717016661;
1,75851036881308;
1,8275383397845;
1,75692223738289;
1,68939247085741;
1,72879004820572;
1,78947127019261;
1,74162796112807;
1,48269004972837;
1,40390172077102;
1,73182645699936;
2,14899293203915;
1,81351210161381;
0,352421683892656;
-0,462075861281497;
0,0159862910577953;
0,165829311877744;
0,550801881397019;
2,16923243803133;
3,11649484929363;
2,68866218528584;
2,47045056615013;
1,94534956618218;
0,308365126823813;
-0,488787269363693;
0,0425655985376773;
0,164233446872721;
0,16370318170774;
0,770797427801024;
0,901814527326278;
0,354532776856116;
0,130167767986767;
0,22243814687721;
0,153488388194323;
-0,025095027422357;
-0,150983864051213;
-0,206887925337498;
-0,209474317155068;
-0,255721356470187;
-0,401202867747351;
-0,556315514863619;
-0,767404087570589;
-0,720913439406869;
-0,140338607349606;
0,191103206088114;
-0,0105340735748403;
-0,0666234873654332;
-0,33832985700318;
-1,19909197228405;
-1,44890039391183;
-0,820497023182795;
-0,382556229502406;
-0,108154672202051;
0,409152329196148;
0,989436442242547;
1,51068618190097;
1,97285052077105;
2,38070630721784;
2,76974930775352;
3,14100003104958;
3,42374405170606;
3,65245151024409;
3,9781260834325;
4,214836633911;
4,0573280365718;
3,7889714117698;
3,70884163276748;
3,60076842328087;
3,3317850600658;
2,93929618064603;
2,46996374336471;
2,0277335337943;
1,26815382412305;
0,135808132961439;
-0,294242974078714;
0,0411733014432297;
0,0926953549223564;
0,196592984434187;
0,942798288796125;
1,57675168523834;
1,68408818414773;
1,76160557794626;
1,66725915233733;
1,20273942736572;
1,19660221470861;
1,71109161729587;
1,89172625750787;
1,63940312500501;
1,09380965853596;
0,462195114673343;
0,0126260150006363;
-0,50491556913105;
-0,772897818751802;
-0,231513336968224;
0,223439530365798;
0,0121829866475722;
-0,0882428525974084;
-0,654800079806874;
-2,20819689956189;
-2,59778611258697;
-1,43685953609027;
-0,839849553023605;
-0,646631542008484;
-0,0619247983596421;
0,165631002328727;
-0,0330862799240822;
-0,0472760750384999;
0,224017152694022;
0,737324724013254;
1,28395677632485;
1,712803869794;
2,08983263726546;
1,69386322499444;
0,276977013103378;
-0,421574171048588;
0,0311645602667975;
0,144232037877083;
0,205676258668447;
1,00654884780563;
1,62926804367658;
1,68321802924874;
1,90494281252768;
1,67993810117974;
0,325461487396874;
-0,435239321672891;
0,0193864616537836;
0,15406507533792;
0,544846853019481;
2,06963113748483;
2,81649146842663;
2,41413950884317;
2,66893299432369;
2,43193763832574;
0,437505877022378;
-0,634690500449724;
0,0449233965573285;
0,217142256185856;
0,740193645549514;
2,89911055552256;
4,03157115073268;
3,36498001607149;
3,20152959228967;
2,59984554500982;
0,385838688712659;
-0,658627115329519;
0,0710803804324285;
0,215048259151352;
0,463173942249336;
1,95681249918106;
2,71661331939866;
2,17310613946201;
1,87842092912818;
1,3940817175938;
0,164369708563104;
-0,341717548367279;
0,0494412545419239;
0,106338980137333;
-0,237454252854672;
-0,637790775398702;
-0,911752162563509;
-0,884906937749033;
-0,79367460942129;
-0,626618572338652;
-0,143628197649401;
0,158629035618897;
0,00429029978210196;
-0,0612983370579975;
-1,21026337573184;
-4,00370439155623;
-4,79023685789368;
-2,81691363329588;
-1,45780898952791;
-0,929079277500604;
-0,17799764586346;
0,48652384448233;
1,03440362170956;
1,67752621116401;
2,35894525643598;
2,87684309022921;
3,15791022991105;
3,23478536532568;
3,1642337844308;
2,9489327241979;
2,82225909390939;
3,0548489245388;
3,28408468603958;
3,18231907064585;
2,79217000549909;
2,16728146935362;
1,62410807561859;
1,2176166107468;
0,644329801993208;
0,0697899555449822;
-0,355121792485541;
-0,79964137179966;
-1,09398562657729;
-1,13410085096882;
-1,16170627027148;
-1,13384232665175;
-0,977250744952515;
-0,852420708655169;
-0,766675043614203;
-0,828634024637333;
-1,05952220150548;
-1,06763207248902;
-0,850347256940323;
-0,733934268233436;
-0,892323920679533;
-1,36795295828501;
-1,80153438721307;
-1,85528716720382;
-1,54795746229005;
-0,833445559258722;
-0,0238951730558254;
0,176091519556141;
-0,0446478048887189;
-0,0471553677988942;
0,496778410349412;
1,55272031184508;
2,05466128747599;
1,82012218057822;
1,97641421917204;
1,78044846142902;
0,347200013408272;
-0,462842565885826;
0,0204926885795717;
0,163845388297706;
0,74806670630866;
2,77532878364875;
3,6479432067531;
2,60322200857866;
1,95374377752144;
1,40881909022622;
0,143001909787042;
-0,347680371316363;
0,061066225020772;
0,103346565591823;
-0,0129147263218871;
0,178005704406649;
0,316353476826942;
0,346766968967423;
0,477688381152989;
0,444224071812131;
0,079259435113766;
-0,114959651482789;
0,00792017870986098;
0,039454556839457;
0,241059163060901;
0,961060649545468;
1,49556719360778;
1,44240082948731;
1,44624935467245;
1,27366733733619;
0,29068435543723;
-0,33363167911037;
-0,00172512214036996;
0,125352605788439;
0,621450155931123;
2,31901603162923;
3,3906276085582;
3,22381364244598;
3,11753524514476;
2,96349505822845;
2,6322701001232;
2,81013458163393;
3,29492057717492;
3,30369854305968;
2,80187728873688;
2,439180322788;
2,47355769071395;
2,42716766138073;
2,1697595697509;
2,20072556350791;
2,48809062672807;
2,58434482619025;
2,3764302852499;
2,14956514552283;
2,05113063486506;
1,77038615653618;
1,41044345968012;
1,34621854562194;
1,43134568634176;
1,09633091556136;
0,187172192059039;
-0,270769323495829;
0,0156318190841658;
0,0946463972201098;
0,157874241292111;
0,738383551781631;
1,14644033421119;
1,06039713274207;
1,08168594686979;
1,14152172853937;
0,928391581956887;
0,879929878054372;
1,07871820683129;
1,17282401218468;
1,25888348942914;
1,34845914753085;
1,21791254218705;
0,96837804635507;
0,735122349050554;
0,413917434019755;
0,0413840188629208;
-0,0889257890820829;
0,0105739183083447;
0,0290742460788456;
0,0268872479786962;
0,124514451659098;
0,146447815630058;
0,131935626993937;
0,188290749437423;
0,129283829574012;
-0,0164214739197991;
-0,0282089693067392;
0,0159314029385324;
0,00362641011813237;
-0,040547778438168;
-0,106431715557097;
-0,107881108492248;
-0,0258041561472669;
-0,00221609014040034;
-0,026847432785855;
-0,00759736694445295;
0,00995365636409602;
-0,00102974656929581;
-0,00317620112781716;
-0,24135371512223;
-0,870731078682032;
-1,26736269182054;
-1,18489585048678;
-1,16698469065236;
-0,927115099274692;
-0,142773664161577;
0,233371332221688;
-0,0222972898500618;
-0,077524343435618;
-0,38826055662582;
-1,49627865372593;
-2,18675928127978;
-2,01292625792754;
-1,95959295151955;
-1,59751033799006;
-0,296146684269454;
0,40426885088958;
-0,01851411041714;
-0,143156030759732;
-0,145973307794015;
-0,710909060559599;
-0,95485020284781;
-0,534432724722869;
-0,246464793130352;
-0,196011949483751;
-0,0389960804286507;
0,0543750863657643;
-0,00390453064038655;
-0,01848548232233;
0,62278958765493;
2,15165483958141;
3,0204067895177;
2,73376820966839;
2,73095309817873;
2,27140387890548;
0,395851145505706;
-0,579749096369177;
0,0398160249216591;
0,199261911662415;
0,579041262651684;
2,26685977700495;
3,07182943859272;
2,38353208958475;
1,98366841062578;
1,44215488341334;
0,158788317127694;
-0,350976332014526;
0,054433571909597;
0,107676664182638;
-0,100638777671644;
-0,186405331510996;
-0,340175119015817;
-0,436770426896207;
-0,376010795860311;
-0,4048079999077;
-0,525984881461275;
-0,525717798483151;
-0,377091582517562;
0,000544294549861381;
0,521563567510716;
0,878392659138176;
1,2037045085958;
1,67503638082027;
2,05129370134865;
1,8012428991872;
0,991960450104032;
0,918102691644081;
1,71995349017632;
2,13943532025776;
1,56716145501295;
0,25626383496158;
-0,378570716606503;
0,0222107334421578;
0,132428344128127;
0,825418596065051;
2,94769043086397;
3,77437405620056;
2,71976955175693;
2,31151983866441;
1,87912399047879;
0,268784444518868;
-0,478063502233215;
0,0567983416430835;
0,153722867716555;
0,108278640293821;
0,598644629134041;
0,740932475576864;
0,362398521398417;
0,126730392283452;
0,0321846845869078;
-0,0316682982385865;
-0,00242942889503758;
0,0129477340618208;
-0,00466641748602693;
0,144382001585105;
0,63335833097029;
1,16542243859682;
1,47477078532294;
1,84400610113278;
1,65077131643756;
0,320929947887577;
-0,430611985039423;
0,0202687294810085;
0,151859157083816;
0,274984061234849;
1,07566766780141;
1,23235889994989;
0,501275087953068;
0,122139737961565;
0,0269991216387111;
-0,299180060412578;
-0,553186633775894;
-0,62822111406723;
-0,714230641173036;
-0,655877252238339;
-0,378555752824554;
-0,193815889375688;
-0,0835616843354095;
0,217941655525974;
0,594650363732469;
0,933801566951178;
1,29918912319507;
1,63947753469657;
1,93433799163782;
2,2214070182631;
2,51198563625136;
2,75541774070564;
2,90545267071578;
3,0526418014125;
3,17295544888423;
3,15254690337502;
3,06413088695228;
2,96606981567066;
2,79453315407524
