0,838679011602402;
0,139746855404945;
-0,206790420140106;
0,0132090862847668;
0,0717293393412158;
-0,166666184106544;
-0,518922416055313;
-0,855383576541623;
-1,03233275643108;
-1,09579294726068;
-0,810730993604218;
-0,117240512031987;
0,196898080072265;
-0,0185651070392393;
-0,0657322111236164;
-0,241695012722211;
-0,911767521305322;
-1,17140314815006;
-0,813284140413898;
-0,645391013992991;
-0,510226904538111;
-0,069612398600561;
0,129029793139748;
-0,016395252640422;
-0,0410401057361697;
0,0586243620686415;
0,178449694942681;
0,374418479535889;
0,557976402352099;
0,664482626894403;
0,536109935735857;
0,0962752545863961;
-0,134850733177515;
0,00705214465832303;
0,0473874783012245;
0,190921810496673;
0,700519961429483;
0,886514741043157;
0,579650574137512;
0,445788138610537;
0,404838693719741;
0,0886174850729827;
-0,107833870175165;
0,00207707263919323;
0,0392950398351814;
0,0981620250016211;
0,39708670151618;
0,558281999444485;
0,418164088116951;
0,320138928068825;
0,389504857624415;
0,494746371026441;
0,586672926762102;
0,669570584471452;
0,696590848492699;
0,713379588875937;
0,846398535636725;
1,03935635254697;
1,12182425114589;
1,06963205387989;
0,746365884266409;
0,113346776426162;
-0,179750494699687;
0,0139327308913839;
0,0613927834900906;
0,147179905661177;
0,590103707215439;
0,762094904744224;
0,469205344361082;
0,270290520509189;
0,195140215030135;
0,0292016783005004;
-0,0496949968475518;
0,00538322151875772;
0,0162093186510877;
0,02645350771879;
0,12656296516482;
0,169694580138615;
0,0902346501218632;
0,0593493012640633;
0,0847425112562572;
0,0287798269238582;
-0,026294823225447;
-0,00173128989877076;
0,0104699618513065;
0,156900840094984;
0,569609581900709;
0,847178065790347;
0,861386427634481;
0,965737601180457;
1,11322255883801;
1,13616768307362;
1,17637145858041;
1,3057180746786;
1,40294130658994;
1,417411097941;
1,41761412968127;
1,40788053196724;
1,33811244208903;
1,24526756503553;
1,14850097410798;
0,97106307647656;
0,790220615553689;
0,75143949690553;
0,795406181349885;
0,816166836745143;
0,803502999287431;
0,78782027925078;
0,781443952866905;
0,800293015318237;
0,634211123774935;
0,122676888483379;
-0,159910980258877;
0,00485924181018699;
0,0577370593207414;
0,271570696615056;
1,03783801117434;
1,50791569593433;
1,39137051022188;
1,40541005192232;
1,15341587365337;
0,192020379302102;
-0,292265144492475;
0,0227814501028334;
0,0993130598122774;
0,33175048563551;
1,29426151667878;
1,77125213533955;
1,39244096720223;
1,23420038948801;
1,40358288609094;
1,47816561605501;
1,52547188937247;
1,60222359772028;
1,57885134328433;
1,45537781095241;
1,40869821362221;
1,45963634446961;
1,47451439205397;
1,41766651397052;
1,00618056194648;
0,149549962000279;
-0,243580791628528;
0,0208812818392563;
0,0822664515528675;
0,20243922937404;
0,8430359045527;
1,20710286860581;
1,01009309170993;
0,885188308335327;
0,880716527927657;
0,809860225548323;
0,777352135190801;
0,777250884299808;
0,761686940771942;
0,756862539244803;
0,774058430477383;
0,788605215620026;
0,753625114963088;
0,707908210811185;
0,712950004721384;
0,690128181676371;
0,593979497821883;
0,535331795796333;
0,575741635809208;
0,66293216731109;
0,76155375067547;
0,865511947747767;
0,943253179419642;
0,931304599036148;
0,879957296945108;
0,92398137262257;
0,98754498143262;
0,943016097993512;
0,849263399345967;
0,750009861083548;
0,651376352166322;
0,616281393941019;
0,617083872293874;
0,5428878675648;
0,426620117629664;
0,401493582088976;
0,435892002631207;
0,390055693927095;
0,270128434461148;
0,217579842509391;
0,312838263460902;
0,443580755583384;
0,430859148531792;
0,295367147201882;
0,216730535329096;
0,272943649850861;
0,387140088157354;
0,437190087335804;
0,392251043307698;
0,371050592304433;
0,528796621864408;
0,864767344819355;
1,142576385904;
1,20797768215848;
1,25563416901996;
1,50636754218099;
1,95922526307493;
2,51849914014983;
3,025508396142;
3,34960928655858;
3,53856359300989;
3,69940453917833;
3,87124766929095;
4,06404680464187;
4,26913379456797;
4,37534221999919;
4,30684515196977;
4,26063871184277;
4,34354577206294;
4,31511359015516;
4,10314093812166;
3,90351641987291;
3,7804471432522;
3,68495740741952;
3,59152689562554;
3,4476422794632;
3,10308085589938;
2,49564843533669;
1,86477629144161;
1,41077121379815;
1,05577210767475;
0,654629419375995;
0,142158619758551;
-0,388208424544262;
-0,850849838293997;
-1,30348629587691;
-1,7463325576587;
-2,12053569125842;
-2,39400244696297;
-2,52970268090492;
-2,5423394236621;
-2,50749687680628;
-2,45191439455423;
-2,27648433287377;
-1,5053971853071;
-0,181142777910344;
0,352154975301311;
-0,042124743714458;
-0,114020460737813;
0,00887478151813067;
-0,101671795967804;
-0,00332077019144727;
0,232477453279946;
0,247321619699992;
0,159241651500291;
0,0454965106653097;
-0,038746059023568;
-0,00578890842811731;
0,0171228506025258;
0,320127249647183;
1,16083079027253;
1,72059144872795;
1,61386982778336;
1,45869058041252;
1,04820253062985;
0,143268179574373;
-0,254108045057284;
0,0272418928943525;
0,0833887552346788;
0,221263095449747;
0,884263146413611;
1,14197909321717;
0,729330269352708;
0,433387853779187;
0,305079192158268;
0,0802809887612489;
-0,162175194905087;
-0,341615881477989;
-0,377937188989367;
-0,314679774932058;
-0,321852305346749;
-0,375671294018028;
-0,290255961438043;
-0,0439935347165639;
0,118005884216894;
0,0451855452505019;
-0,0400566719101147;
-0,00257974863043682;
0,0158406995516147;
0,396034202845998;
1,42904142679776;
2,09443371854081;
2,02357634002337;
2,16082659466891;
1,86232877029888;
0,34987081391212;
-0,479899666567578;
0,0246025941541513;
0,1685170897151;
0,824963756034132;
3,06784831321569;
4,17753541940108;
3,39295615031469;
3,16135941359874;
3,50469438328193;
3,40327775695697;
3,18891129444173;
3,02247246483707;
2,71287057802606;
2,31719826437156;
1,94852843675935;
1,63019662907011;
1,38799361188279;
1,19474392937618;
1,05394241685489;
1,00886508540117;
0,995383688404551;
0,988941891368515;
1,13025560549632;
1,47555642035247;
1,77760186432185;
1,82600270867671;
1,82960093941903;
2,02336498776619;
1,66617305865792;
0,304619889202804;
-0,422109460835652;
0,0213730239398835;
0,148553670211487;
0,460203684959172;
1,77963377288419;
2,40440789320507;
1,85585294443782;
1,62692113884953;
1,71220905338286;
1,51011565784621;
1,23321485855473;
0,938365631559071;
0,554595759306431;
0,226095670227303;
-0,0409075856085734;
-0,393078122716069;
-0,766300333896579;
-0,951817879134258;
-0,89878320671963;
-0,702725622201878;
-0,431868816852259;
-0,0897678465249327;
0,369584167899529;
0,942612005897296;
1,48672356431708;
1,93417376216087;
2,43341684049717;
3,10001483986812;
3,78689657865297;
4,18078773468727;
4,14757765099206;
3,86001126948819;
3,53367677329574;
3,24539956777352;
2,94818406441552;
2,56385176208684;
2,09422242329023;
1,63463128777549;
1,00626960334599;
0,130907149147343;
-0,233310456426996;
0,0228111123853728;
0,0778701196259882;
0,105576286162117;
0,514541242815275;
0,783129454688183;
0,675532795833247;
0,54252621249357;
0,363380241357814;
0,0447863397519435;
-0,0861735672278365;
0,0103952737212636;
0,0278249741770942;
-0,00579410931230744;
-0,0089768442208818;
-0,0939094760590557;
-0,182780083028106;
-0,169964175427849;
-0,113534219836806;
-0,0269399028109572;
0,0279226635616805;
0,00163647195435254;
-0,0112054137053783;
0,110055203769703;
0,366462801655199;
0,565945321464412;
0,69649122112392;
0,804825178625584;
0,579949198975783;
0,0588615515350098;
-0,135725418270941;
0,0208696343610384;
0,041886682226532;
0,0491462055618537;
0,266415904141699;
0,403337015854333;
0,328298710274181;
0,23302466535353;
0,131626942428098;
0,00326752895136348;
-0,0293597580363515;
0,00815920763761351;
0,00748978754353389;
-0,0511959007245041;
-0,101477157305648;
0,0268242428941232;
0,281101697133568;
0,441748438275734;
0,383515620882599;
0,0841543313923022;
-0,0979965073789703;
-0,000518521330924519;
0,0368953128582415;
0,594051132549304;
2,20937993536122;
3,33323853945779;
3,2478815748039;
3,31631627272318;
3,76310993970529;
3,96138474504642;
4,0251002130436;
4,17552378487518;
4,41720836714394;
4,74971134612357;
5,06286276905322;
5,2182900287708;
5,27179444791116;
5,27925332282462;
3,89503299338441;
0,618589306394237;
-0,952479831779644;
0,0696174064968602;
0,326732800447364;
0,494272070461558;
2,02316807795163;
2,29235402490795;
0,843652936242784;
0,000361568110633324;
-0,340051188117527;
-0,960812898714448;
-1,42287529398983;
-1,71803383736095;
-2,15088964073763;
-2,61887628693023;
-2,92381311715576;
-3,10820250932437;
-3,34860431678584;
-3,69902524314049;
-4,00242274700669;
-4,02466361233002;
-3,71515547304703;
-3,34790963358318;
-3,15798708798589;
-3,01654528415679;
-2,76577538417007;
-2,43595302412638;
-2,00108993086774;
-1,42917817244001;
-0,830278259390659;
-0,175424106992474;
0,675013733871337;
1,55012674689495;
2,11757346271861;
2,32763452486275;
2,43133526663792;
2,60767927374029;
2,78551000120075;
2,88098539825966;
2,89579220590351;
2,86048549565486;
2,78495831588323;
2,61131389980348;
2,29063303988788;
1,87109669966451;
1,45267481664876;
1,00125617778902;
0,421086546707436;
-0,123832528827711;
-0,376154216686009;
-0,377677750882585;
-0,302420296786816;
-0,209483769584805;
-0,14973474560274;
-0,123771487728975;
-0,0300198749684263;
0,154410193096277;
0,379377165625325;
0,638849984501647;
0,636662668869066;
0,14534579551766;
-0,168861966141889;
0,000326646989888212;
0,0628526698316819;
0,643465822013822;
2,3266733406758;
3,30399350850936;
2,9929691681847;
2,97915134911228;
2,44779969312293;
0,415850174966917;
-0,620862583056378;
0,0451824670713244;
0,212379429899546;
0,628365318208527;
2,46777345446054;
3,35770797953496;
2,66219796756563;
2,46714786200466;
2,07028955188607;
0,350857311324653;
-0,530544549511596;
0,0417131638292954;
0,179945994126139;
0,490572579558117;
1,93589399597659;
2,58777668702536;
1,95485049458329;
1,71101589507384;
1,39400820770049;
0,215945881512537;
-0,354193277983846;
0,0348927278859369;
0,117095484468735;
0,208134044899089;
0,926198241302393;
1,31154904418497;
1,04377636753378;
0,897376085053055;
0,90651864692753;
0,829092851477961;
0,7801633602712;
0,791545684670818;
0,862896627943663;
0,937273868294063;
0,873405465361773;
0,590659984257344;
0,133687906923299;
-0,338229887374974;
-0,680428646259243;
-0,769727025336759;
-0,657047246845615;
-0,663200666794103;
-0,84524071479019;
-0,912482595288812;
-0,774977428444285;
-0,558958567492454;
-0,343871543746235;
-0,127805461102345;
0,152274362527732;
0,551855990437376;
1,07297995254465;
1,65615282258509;
2,19256003194515;
2,66218307314857;
3,13170384210327;
3,58308086381929;
3,95072557779149;
4,23519043677453;
4,47659765501468;
4,68268888602832;
4,82028017996274;
4,88144068514252;
4,91959220257487;
5,04240237959562;
5,24012141970852;
5,37194846644517;
5,39764003850015;
5,2572707363391;
4,92212514373576;
4,60685513316236;
4,41081842225147;
4,185780758423;
3,87314901978861;
3,54015321012708;
3,21436734065064;
2,84893594971021;
2,48489323888845;
2,24417436006501;
1,57716317863552;
0,227934490343259;
-0,382133838348173;
0,0356533929640335;
0,127766438708104;
0,301234990470395;
1,22270373379201;
1,63173069185619;
1,2284944698669;
1,12317046346706;
0,960548289573171;
0,161062336967767;
-0,247722680853825;
0,0209853483178724;
0,0833052605003463;
0,233391594621312;
0,932534296832552;
1,27561856140723;
0,989856370955534;
0,862932219632505;
0,712025808044941;
0,125853144312334;
-0,182410721539934;
0,0121265490204057;
0,0628533601384405;
0,278579799458616;
1,05866733847503;
1,45344437565631;
1,15293077984384;
0,984639381242465;
0,766835438135644;
0,11602681432948;
-0,192987142519685;
0,0192906758330006;
0,0637321284309985;
0,191358903135897;
0,776972019641827;
1,1039418167664;
0,964838933610486;
0,982064095687469;
1,06530993082223;
0,906093111635112;
0,7639405671768;
0,771253937145026;
0,808511548501189;
0,878170549370902;
0,939444268866085;
0,896117873552411;
0,775711506301706;
0,634620327433138;
0,392936178039018;
0,0459670155440769;
-0,0907848644943368;
0,0108951900605133;
0,0294149188874439;
0,379490404877312;
1,3889833990356;
1,95519595815064;
1,73562379566348;
1,8215390952664;
1,64254527530702;
0,326349851579798;
-0,430966275440553;
0,018650298458485;
0,152637690559368;
0,524178867434479;
1,95675413331747;
2,50625311666105;
1,74031692746456;
1,49563222446994;
1,72318295955216;
1,57154190759098;
1,23776292523437;
0,9582179635495;
0,74357762683377;
0,578819050405618;
0,421483335086584;
0,246930433865767;
0,058735385409723;
-0,118661103961444;
-0,170116698859621;
-0,0412748492874422;
0,0473740597622661;
-0,00035993022640724;
-0,0174503385872839;
-0,453082193293837;
-1,62852686019256;
-2,35108432168992;
-2,16246772258831;
-2,08662138041862;
-2,19280305679106;
-2,11531517921633;
-2,09992650286574;
-2,17471852478021;
-2,03458926989476;
-1,56731262834717;
-1,00006027507388;
-0,579838679371826;
-0,266662336478859;
0,0706040028049542;
0,394467748342848;
0,580801255758298;
0,572475447242495;
0,423610808499739;
0,30850630738321;
0,375481736965966;
0,534883322236076;
0,638679867653717;
0,680255226144997;
0,705431192837501;
0,547948809719454;
0,100568907567314;
-0,136787297284573;
0,005692504832432;
0,0487474143699028;
0,0849701056120043;
0,310343350059357;
0,313479759014533;
0,0989204957532895;
0,0343068530120611;
-0,0262501357486491;
-0,238146760723484;
-0,455163735553356;
-0,58797878412044;
-0,59406459081312;
-0,485071257499199;
-0,357606923920704;
-0,245513769284969;
-0,064330741990881;
0,239227933106764;
0,375264605857681;
0,105576905900785;
-0,1072419912978;
-0,0037529084746408;
0,0414559258229687;
0,530577830040571;
1,91496916651611;
2,77307409631973;
2,62480988681572;
2,67039378641802;
2,88960799520525;
2,90312195038085;
3,03943396301436;
3,23477335499871;
3,22645423714732;
3,13335007264075;
3,11884011825464;
3,1649941557496;
3,18695702868217;
3,09486358407072;
2,94406496257537;
2,81389727177715;
2,64027726080903;
2,42949783101426;
2,24949380393193;
2,03848184953445;
1,75215308096285;
1,49712435812176;
1,26342180874954;
0,896717395138822;
0,405893318224986;
0,00633093460059934;
-0,0783249553381598;
0,0196913599776253;
0,0213133866607656;
-0,000517670154755421;
0,101930247845144;
0,281249824726343;
0,443503858791123;
0,60363116702311;
0,571839440289381;
0,135203966390404;
-0,151324903733543;
-0,00186939531285164;
0,0572943655999485;
0,3173046636457;
1,18841936545018;
1,68987399793328;
1,40646502228461;
1,11937522888471;
0,888320411870312;
0,474641078815713;
0,109629514649311;
-0,129234034234562;
-0,319830098412182;
-0,478585522885729;
-0,604774227391152;
-0,685542075457602;
-0,766893866897391;
-0,827736351521081;
-0,728273251169345;
-0,439857511597038;
0,001986451651286;
0,554687923590298;
1,10329815086179;
1,63023688878868;
2,1416479075946;
2,52634063202711;
2,83709627306612;
3,25661471981695;
3,72027642209702;
4,00697502207241;
4,10449863604769;
4,16971875656779;
4,20808810436092;
4,0862946595;
3,80155424323453;
3,48784294850865;
3,25291910122376;
3,09387763738165;
2,92215869185348;
2,66839138221014;
2,3258490212305;
1,95030147353718;
1,57902418142112;
1,22028053448403;
0,92492505283199;
0,683500765424426;
0,456029591607482;
0,294156742837505;
0,250150768128804;
0,291949049684707;
0,373902344061606;
0,50549988233136;
0,680761518882788;
0,854662640325197;
1,01401783224475;
1,16224367101597;
1,26822093288539;
1,30805055327293;
1,33590376673482;
1,4107497957335;
1,48292645239903;
1,4924133396246;
1,45032014996668;
1,32542099057978;
1,1109117266589;
0,901672024858858;
0,73576898764522;
0,584915675367901;
0,418560568146124;
0,211202635295086;
0,0116425201130705;
-0,121327044230599;
-0,215309233704562;
-0,295636923410615;
-0,339354157507109;
-0,335711961025219;
-0,32269347555445;
-0,317522322961075;
-0,210553348094059;
-0,0125513846539871;
0,0492438524635213;
-0,011277964117554;
-0,0135537130005638;
-0,0352755581666073;
-0,124218932788937;
-0,0675074418117763;
0,159993674928139;
0,354747877990866;
0,335274824459252;
0,0712273075400884;
-0,0868511444101074;
0,00121619826353715;
0,0319207483748759;
0,742576290080081;
2,63921036176966;
3,71273701151065;
3,32136310921344;
3,29349165905281;
3,61023707935476;
3,47098872406402;
3,30564860979356;
3,34202219966187;
3,32803737507314;
3,1536609376992;
2,8680950789628;
2,61330937867702;
2,4613696060045;
2,30410526044812;
1,59123793666456;
0,225258762099893;
-0,380098942780817;
0,0348149863163454;
0,127542744511375;
-0,0669088310334897;
-0,0171333765673832;
0,030931053603769;
-0,0068612389945229;
-0,00812117086185471;
-0,207818045169573;
-0,803387882286341;
-1,3161820963691;
-1,49475450292462;
-1,72794729967762;
-2,1222855496256;
-2,52327073060942;
-2,85133516179949;
-3,06456416934942;
-3,26665429444855;
-3,5433969274403;
-3,74312634399034;
-3,75651316644807;
-3,69992705130005;
-3,60397054031111;
-3,37276726862457;
-3,07748497901228;
-2,81768819247437;
-2,5073638342517;
-2,0835147737507;
-1,5582947327843;
-0,936500059766851;
-0,345113800215912;
0,101734544925516;
0,511993952024248;
0,923722954189705;
1,18371831491893;
1,2975200460566;
1,38713222868321;
1,43350129356298;
1,395854104357;
1,31653615653821;
1,27366148123287;
1,29478179108344;
1,31298033757943;
1,29206051101965;
1,20902386306289;
0,968769449611425;
0,596768029933655;
0,276537569430711;
0,100612456895876;
0,0131853006227878;
-0,0303333566013168;
-0,0289990150825293;
-0,0104120784007183;
0,0336705588567522;
0,104198451332993;
0,132054678655578;
0,120988688857405;
0,113616675566787;
0,152334087792923;
0,331694433397427;
0,616039976689614;
0,826871991865079;
0,955413488217015;
1,10362848622615;
1,22837039748834;
1,30615168747959;
1,4649175483103;
1,74703762774813;
1,94996020701155;
1,95971453533138;
1,92513754628561;
1,90995685277223;
1,90139202385183;
1,92252628024751;
1,86970997903539;
1,65654527269628;
1,39688492885574;
1,23193950319305;
0,872384572216078;
0,136995014668281;
-0,212567980819924;
0,015807289309508;
0,0728213725601661;
0,312174546567285;
1,20931865192604;
1,73986505158601;
1,56313878326852;
1,53788078587768;
1,25802381816931;
0,213104688219147;
-0,318772638708168;
0,0233004233520811;
0,109007016849544;
0,192176392369622;
0,794421268210721;
1,01256893378102;
0,678908393923004;
0,594661083500929;
0,638453048243656;
0,491077815023872;
0,448730901621717;
0,623038688141225;
0,815162529137415;
0,9447911878383;
1,03981852857661;
1,12529104764142;
1,27947560778955;
1,49994353734014;
1,21854827376492;
0,209057356073926;
-0,305491000165319;
0,0195631996888965;
0,10579012429039;
0,435962853357262;
1,6353502339165;
2,22198195423803;
1,86852475516871;
1,93205387421521;
1,71545450061326;
0,320335866833325;
-0,444866900311726;
0,0251063354318328;
0,155112678649587;
0,450243567093834;
1,7314420487435;
2,27924427978454;
1,70004819808622;
1,53910313836553;
1,75333679903211;
1,71252259611976;
1,56657432302884;
1,40703409145774;
1,27287879184389;
1,23177029528792;
1,21521723109915;
1,14185456797158;
1,05040620087492;
1,00765814754183;
1,04171301319547;
1,20204765449983;
1,43076764947655;
1,57026656224725;
1,67042947196271;
1,86628451329802;
2,08340126383681;
2,23245616795932;
2,39664316037316;
2,63057035593035;
2,84521189866153;
2,9838735537578;
3,0863148139246;
3,17223088449142;
3,21863475475965;
3,22040924554455;
3,17929418629879;
3,07813603901143;
2,87738650891266;
2,57760911247054;
2,28629305439023;
2,05903003335794;
1,87520592799217;
1,72310135174791;
1,50919712352408;
0,950550105037254;
0,109459228586657;
-0,217808872190732;
0,0260462786528165;
0,07067174174297;
0,13101627763705;
0,57719677193411;
0,838565989782774;
0,780327394730159;
0,798154580553435;
0,776152053580253;
0,653280789372959;
0,6736787129428;
0,807096398431548;
0,847966424750091;
0,712067622298053;
0,542305009052965;
0,534584389454386;
0,612414931693949;
0,627345699252892;
0,615736344531801;
0,625479677837218;
0,665075121878337;
0,719129972184199;
0,737323744097825;
0,764518261485011;
0,86551451762793;
0,973096328974687;
0,996237098734768;
0,898493988688804;
0,754842228706848;
0,68363100257841;
0,708502974266502;
0,816556357303505;
0,943718915757764;
1,02523733416492;
1,04979438273753;
1,06464287629287;
1,18029670885831;
1,3822752463031;
1,51009337690944;
1,48574091155007;
1,45411697889625;
1,62049994375114;
1,98020481365482;
2,33730575390033;
2,57185914610972;
2,76151756770749;
2,98776317199737;
3,16775994932443;
3,1870937298195;
3,02259055645501;
2,69154497224015;
2,32564044199199;
2,07417404458754;
1,85913506089225;
1,52775838023894;
1,12019881211016;
0,813434916569908;
0,655744766235445;
0,514910047556785;
0,303634479030006;
0,0920361670397858;
-0,047489973739916;
-0,124548652814375;
-0,0975122047450194;
0,0703309828545262;
0,272166227438861;
0,369527449089465;
0,318714692090707;
0,172126676697037;
-0,0311321822121879;
-0,296032216680446;
-0,639147988519228;
-1,07845942201806;
-1,52771106417751;
-1,86156178098789;
-2,04660050552675;
-2,14807564841147;
-2,22983888004392;
-2,25291448851525;
-2,17391265595593;
-2,01700332939216;
-1,88477846884873;
-1,88080081003911;
-1,94770117105521;
-1,96328910773125;
-1,88513376799419;
-1,68468666573218;
-1,36988001710463;
-1,31907716383612;
-1,79433484130357;
-2,05899100725224;
-1,6909817375004;
-1,30242717302687;
-0,922174031687938;
-0,383434826797488;
-0,261183851526845;
-0,490224654989804;
-0,379141148493705;
-0,0477524303868027;
0,0543457925430067;
-0,0467295770088349;
-0,173595483880661;
-0,263416278087574;
-0,295459847384101;
-0,257417766901811;
-0,192199011789432;
-0,108835861777857;
0,107419004941572;
0,433797375193466;
0,647375193407867;
0,695720630276472;
0,690686537308496;
0,694499994847149;
0,758346103634787;
0,910303000185574;
1,05418565252659;
1,04653537647405;
0,948385938059562;
0,968805638206398;
1,11449745900248;
1,25469076811781;
1,37186766326319;
1,47211507816322;
1,57647108903455;
1,7378562756932;
1,83809965713585;
1,75137389538179;
1,59717533596293;
1,57794927957065;
1,73149501566526;
1,84194828689134;
1,75175218937289;
1,59569178851509;
1,13151058751219;
0,180564775264299;
-0,275364453721729;
0,0190907189851108;
0,0949599257482557;
0,185895588414211;
0,782646805271852;
1,05612850026841;
0,729650085683112;
0,535899909636638;
0,677920461996402;
0,915580665186604;
0,994021725498763;
0,860106709388435;
0,775292799712878;
0,811632809949526;
0,814366634322623;
0,659143171065509;
0,371152982757561;
0,116587694796408;
-0,0629774017397065;
-0,26697722454966;
-0,480587320539623;
-0,647282964378087;
-0,800347369421586;
-0,923682215611316;
-0,952998413473725;
-0,879358112855755;
-0,710460985377351;
-0,472773679697103;
-0,214919918444282;
0,0714019165652466;
0,356354563269513;
0,54074711679301;
0,629268579673334;
0,713693891920738;
0,846582108033647;
0,972341744954368;
1,01143973253655;
1,00675257634752;
1,02117031348363;
1,05574743111689;
1,13189963247903;
1,22347874995987;
1,27964139579657;
1,35328093947941;
1,42306114457103;
1,42500581662086;
1,47263233625577;
1,61288669552108;
1,715586178246;
1,72383640122634;
1,65021926090507;
1,45803293852745;
1,19184154072804;
1,01514804197003;
0,952093298315917;
0,909429275030622;
0,882392044513703;
0,88034056387259;
0,9306136473581;
1,12548063980617;
1,46822785557934;
1,83809437440382;
2,14139403508668;
2,3496650876335;
2,40608053459693;
2,27055445738083;
1,99767779299103;
1,63485047359795;
1,21038895552359;
0,826014098072995;
0,535807568987203;
0,283654261750449;
0,116532286262082;
0,314132814644886;
0,766957095612123;
0,733497958344991;
0,244905580341136;
0,0588410956068742;
0,262480943256628;
0,605708586070693;
0,982942487901026;
1,36362002386139;
1,72402828851172;
1,96143844899984;
2,10766873238035;
2,20273822295903;
2,15906417804121;
1,97716937142518;
1,74436493776905;
1,56001412144972;
1,46907638611065;
1,41837550520119;
1,37876669064399;
1,41833417014908;
1,53854575106829;
1,53898289442719;
1,40543234746484;
1,3579609559058;
1,2985762158687;
1,1369374247219;
1,15995359260676;
1,35539999439988;
1,41642746353439;
1,29746742758772;
1,13925577339769;
1,16559236904434;
1,35122963640006;
1,41632588367934;
1,35385238753728;
1,3069230851095;
1,30965426573558;
1,3078669311188;
1,2731454307591;
1,28790769361179;
1,33333542447394;
1,29696037959838;
1,2470011985872;
1,28666455926656;
1,18888069500943;
0,506145564078044;
-0,81705361203731;
-2,14726305677019;
-2,64306949970576;
-2,05846164768985;
-1,02205445065118;
-0,26300124949544;
0,146021986421127;
0,538939064118707;
1,09656495731731;
1,64049810456773;
1,94931478974029;
2,15317238999687;
2,48227350445801;
2,90439514343416;
3,26706795658212;
3,51584246916325;
3,67574648591511;
3,76192245972016;
3,76205884479609;
3,63626307148189;
3,36289886236369;
2,92885108213539;
2,20800945899968;
1,20347316746309;
0,343735961770941;
0,0654652752450188;
0,266960159738248;
0,455593038763246;
0,322468351635375;
0,0104609193769167;
-0,159859388759219;
-0,128266240484761;
-0,0904219248210272;
-0,133645748283962;
-0,197002185798589;
-0,203134673099317;
-0,115553677826494;
-0,0266640008441377;
-0,00284030480479511;
0,0487939765286577;
0,162709601793132;
0,250248334349685;
0,250691283446643;
0,150254817949331;
0,0110191074062293;
-0,0328850101539311;
0,00587591270731672;
0,00985831114848783;
-0,163131289611216;
-0,514055367649088;
-0,552374441993075;
-0,111798401480873;
0,277454592635365;
0,429698686771942;
0,531145009288645;
0,63735942458768;
0,724625863898083;
0,688426746298021;
0,425433964750284;
0,044632341719339;
-0,191038057929555;
-0,179482649551711;
-0,135878229089536;
-0,156575137619546;
-0,0617415049065562;
0,0466051829965861;
0,00795411439585572;
-0,0207730236549135;
-0,221367409494245;
-0,747940569254485;
-0,906603514480418;
-0,489494179925961;
-0,149537937203642;
0,0380343680725333;
0,245090683474793;
0,293898382437695;
0,224676064839692;
0,261793392666173;
0,388347664118291;
0,497593687051955;
0,577041100386913;
0,615189541672257;
0,616234025908563;
0,606828940817659;
0,650833311686082;
0,801835333706446;
0,920099268370287;
0,887593366717719;
0,879336622779177;
1,05973003164976;
1,29414117720944;
1,39879421161383;
1,42341386342336;
1,4851559890675;
1,58809345907591;
1,70706361434535;
1,78359230643322;
1,75008746857899;
1,66968603723597;
1,63183237992328;
1,61499508564647;
1,57464068412467;
1,5111193441585;
1,46382643708824;
1,4751062224196;
1,50976021753597;
1,51314353375382;
1,54298300672423;
1,62626951661492;
1,69478803332979;
1,81052400738849;
2,0374759302632;
2,19290620751802;
2,1401166469581;
2,05109010024636;
2,07679208260935;
2,09267715607525;
1,95614827442503;
1,69946276831625;
1,42408214869918;
1,13250660537809;
0,733597860681749;
0,318281988452125;
0,0605493145606052;
-0,126210947905851;
-0,311672871946827;
-0,395558730277054;
-0,438732557000156;
-0,546363409750297;
-0,612234930180776;
-0,532263863203411;
-0,397570557397972;
-0,279923782863244;
-0,0955210622921759;
0,181867785931867;
0,472472326705758;
0,657584946064804;
0,653641930585652;
0,592842385802891;
0,617219960590676;
0,691740127647043;
0,859443671945764;
1,18851420945653;
1,5469650535058;
1,8445504740834;
2,1930363708384;
2,67925109938482;
3,31490201645643;
4,04051512265283;
4,71594070724945;
5,24656776278009;
5,54169309941988;
5,58189962461529;
5,49842608187666;
5,29349798710825;
4,88216645415192;
4,36198528905138;
3,86720098511788;
3,42900908410099;
3,05353430653293;
2,67340188678864;
2,12714668906672;
1,45763911969166;
0,960971187484592;
0,75910067129079;
0,681769723140129;
0,541569795487739;
0,352853571438026;
0,241051562127927;
0,18726125852658;
0,132999610941558;
0,138419061954283;
0,221971120229322;
0,352885910375893;
0,545596708954962;
0,746866671031068;
0,869380873179044;
0,942059339081441;
1,00763535322588;
1,0635615840464;
1,12497888634327;
1,18965669199717;
1,21735670113611;
1,20199197301397;
1,25042119839327;
1,40184225323252;
1,52813432179423;
1,53761249348781;
1,43702546773179;
1,34480861925205;
1,3125215614387;
1,17382006238281;
0,898301477206247;
0,655061946509669;
0,513733090176173;
0,399792803651811;
0,209559538161305;
-0,0244898923761263;
-0,15360510959452;
-0,165662978437923;
-0,189075740485916;
-0,214170690475796;
-0,15776811902896;
-0,0980561878610341;
-0,0882556418648589;
-0,0673891738228145;
-0,0555667800229455;
-0,0717440944521735;
-0,0528857876340288;
-0,0321315390130103;
-0,053115354161658;
-0,0292563161943297;
0,0548214087561802;
0,130697816867298;
0,195145388266302;
0,289781254563365;
0,43107856953512;
0,541192066710092;
0,624403371300606;
0,868921482415065;
1,28629129611777;
1,66085222862249;
1,96245508282356;
2,3242983064271;
2,70611301514763;
2,95512941844087;
3,06512959367224;
3,1260078267791;
3,10885767105082;
2,97515737253313;
2,79347821972272;
2,53819307543282;
2,17773944564691;
1,835293816631;
1,54467695094162;
1,23422859812829;
0,967238050029896;
0,784497770258816;
0,549632532230427;
0,312754217031882;
0,337341624129622;
0,581335848075849;
0,74532366548372;
0,773745200139428;
0,823407943518736;
0,951896196862637;
1,13940510816039;
1,37797189179744;
1,62830032580482;
1,78425575966489;
1,7555516890149;
1,58247852363883;
1,31523832652228;
0,924702361952784;
0,412082779118398;
-0,141333936354494;
-0,573562987496347;
-0,76940127349249;
-0,762398790316116;
-0,679107256626362;
-0,734796270079402;
-1,04200222229033;
-1,40255904175111;
-1,62232911118294;
-1,74949266346538;
-1,78263326021427;
-1,66613205291889;
-1,42605917567814;
-0,998378640930623;
-0,382787203748149;
0,171538802388955;
0,432268743535602;
0,470020909167847;
0,581473137016535;
0,855048661769365;
1,05375058611732;
1,09377073011471;
1,21255898418119;
1,57068275266334;
1,98394124384955;
2,1482609843144;
2,0706389059648;
1,96210698643815;
1,82478583415481;
1,55236552261777;
1,19147731696802;
0,865773723344672;
0,594083021632153;
0,300955677165699;
-0,0222018358070426;
-0,286740731369163;
-0,42423073580557;
-0,454234755476991;
-0,436557208659166;
-0,344038638142578;
-0,111145748132697;
0,194642430161381;
0,467457382452943;
0,679493265897121;
0,873691717647837;
1,09587793188984;
1,27561053095271;
1,39064158737901;
1,53582970396768;
1,6638876827075;
1,6849471651989;
1,69293104454214;
1,70359322340423;
1,57527527594232;
1,38565647600827;
1,32713548452696;
1,35011035705606;
1,33692367483593;
1,27737434923317;
1,21408832739344;
1,19219176889729;
1,18195243848071;
1,17517929393022;
1,20228209285939;
1,23319427629985;
1,25134429832416;
1,23414387999403;
1,08766417106228;
0,827580828518307;
0,724875635051366;
0,970713383706767;
1,40229235617457;
1,83148576362764;
2,23269692942801;
2,62884904009216;
3,10258373992824;
3,63913281813468;
4,06190045414754;
4,29210561780133;
4,42113859717407;
4,52566338261694;
4,47438972832904;
4,11744643673687;
3,57868459896433;
2,97482757246674;
2,21625832651131;
1,388670402258;
0,795294045141995;
0,48873571447706;
0,233379629028793;
-0,0661236717203227;
-0,240674995705324;
-0,246195900768554;
-0,266214192254475;
-0,324830572470297;
-0,299882087333896;
-0,162981860101388;
0,0467564889132009;
0,319339080627536;
0,708757197958196;
1,17066045888734;
1,53790468875981;
1,76974585176954;
1,93133638376142;
2,05282629657806;
2,17591242757072;
2,37579093372786;
2,64857610669726;
2,83307551297978;
2,80608300010186;
2,62655880520032;
2,38423558771906;
2,09955135564869;
1,79010722142018;
1,51047773394783;
1,30879339096646;
1,18618618497109;
1,10098793441635;
1,11522770485712;
1,40662820748917;
1,96835382668042;
2,59456574368428;
3,16566024716945;
3,64186539008745;
3,96116183238742;
4,14365489500064;
4,18065476309527;
3,94869817434377;
3,48434326867738;
2,94842286380097;
2,3729202107376;
1,67143812942293;
0,810538729801546;
0,0872254775734743;
-0,108009298354199;
0,0171689125056051;
0,0307357777796911;
-0,018902936418063;
-0,61655227916713;
-1,98614238715433;
-2,2677194945897;
-1,04890174263253;
-0,251109604415321;
-0,0905998435431715;
0,0408476223871232;
0,0228912035126955;
-0,0253422076036927;
0,00267372778867652;
0,854650490235914;
3,02938608913827;
4,48273728098552;
4,37999265189105;
4,44284890543191;
4,70327154855216;
4,52045630855885;
4,27542253557118;
3,9677095356576;
3,41414461344506;
2,80897598697026;
2,28201582472402;
1,81216291577154;
1,43607683881537;
1,16359090508313;
0,912028883506437;
0,642536466387633;
0,478505900240005;
0,53048683186485;
0,741652602568041;
0,971660422424653;
1,0428829334952;
0,943832472854726;
0,860010360222583;
0,773669464777219;
0,560613880350417;
0,297417496474885;
0,0187443140497399;
-0,273677034300325;
-0,452763337671304;
-0,382854385025621;
-0,0783478993143221;
0,0949860071546288;
-0,000229999540651922;
-0,0355203323526679;
-0,067073816310144;
-0,1775874063137;
0,0583147396893274;
0,623268746878917;
1,09183268621932;
1,02846752058597;
0,235792798944789;
-0,268739096115564;
-0,00222713112206213;
0,101361777590527;
0,955285201949352;
3,40273021242059;
4,62694106378483;
3,79254557987084;
3,4220745937918;
3,50142670650828;
2,98651706118514;
2,3655318944686;
1,91937622583045;
1,46225948362389;
0,975063582816857;
0,513732604697566;
0,133102575433918;
-0,138673122363481;
-0,43429221879085;
-0,554906134185671;
-0,16299852925305;
0,156573998673611;
0,00960949329603145;
-0,0624115070062081;
-0,337512727907028;
-1,12210725580999;
-1,23713855970776;
-0,542054057037858;
-0,211580263562778;
-0,157838673933535;
0,0109314684592161;
0,0408128811470673;
-0,0192837195974511;
-0,00669841173194072;
0,201799255133632;
0,671492336622358;
0,940930989348228;
0,802931534080829;
0,669975954235174;
0,679991497369399;
0,747858901107263;
0,823673397958317;
0,811486038069904;
0,710196454730984;
0,350060786073919;
-0,357168840520843;
-0,736126441222167;
-0,504588384297314;
-0,25041070319893;
-0,169631452317527;
-0,14440762651537;
-0,121101490483834;
-0,016449887719184;
0,0961467166235861;
0,124870723418126;
0,13135331900273;
0,173842630402765;
0,280216471822332;
0,433787052336833;
0,533101186740423;
0,51674011570898;
0,358039155836409;
0,0726446893107869;
-0,227921288845006;
-0,434756589387962;
-0,468506831039834;
-0,364465041929979;
-0,312395014905547;
-0,347192142711548;
-0,305921301055228;
-0,16118529991283;
-0,0288812138050895;
0,0273933312829545;
0,0485672146174366;
0,146292824177964;
0,393370089646107;
0,725820611645476;
1,00637160543563;
1,19601704891455;
0,974979406193651;
0,177635015444124;
-0,245915148681282;
0,0121393943693407;
0,0867161139400537;
0,197808825780993;
0,767877453483619;
0,993447432943908;
0,740028251996391;
0,715952542080864;
0,626062778858004;
0,104520472790733;
-0,160847062442039;
0,0135164566714449;
0,0541567474403278;
0,270038595457716;
0,996621407297697;
1,30125527634555;
0,945963582115293;
0,764078217594738;
0,715592346819254;
0,458065978898406;
0,225775226797132;
0,130144136977735;
-0,0216862283004518;
-0,296186410217271;
-0,572073701218205;
-0,811857595847071;
-1,04538909459244;
-1,27219737027769;
-1,51539694503244;
-1,72292000418983;
-1,82101112607688;
-1,92975011395016;
-2,100109888191;
-2,11111833167342;
-1,85233140412175;
-1,4758752535755;
-1,11369445266303;
-0,723806106511393;
-0,225064073418678;
0,339132270797926;
0,82591348174098;
1,17075261875408;
1,48536201496703;
1,86008695580706;
2,24829461201578;
2,60702556155036;
2,96781997605027;
3,31557508481448;
3,52855369148851;
3,60909566655981;
3,70605627412057;
3,78838102164205;
3,67974745963543;
3,39060594928777;
3,07337007903861;
2,81415383478586;
2,5767811421257;
2,25882525732438;
1,87689706973975;
1,49016903147749;
1,03580210560744;
0,541817742406858;
0,154386363110522;
-0,183865878185212;
-0,606939819401033;
-0,862740397640353;
-0,574437100928166;
0,0808337640335951;
0,263801208310565;
-0,444137366190896;
-1,00418402111824;
-0,586660495578277;
0,138383363069212;
0,743543229452577;
1,25668444472946;
1,16425540793493;
0,5652691347001;
0,139017272886108;
-0,0529451844612119;
-0,0657771802493221;
0,0250321746161815;
0,0162750446867123;
-0,0162497889175822;
-0,463454170402735;
-1,55733682380617;
-2,03111992255833;
-1,58469845962319;
-1,38887618412282;
-1,33422623849644;
-0,910931119209367;
-0,403320816819511;
0,0766518432974841;
0,612309658618281;
1,07961048682755;
1,37626203469555;
1,58933838210738;
1,82063449152512;
1,99806377237093;
2,01739118402511;
1,95365897973865;
1,86057725342318;
1,73232308436153;
1,62378561700272;
1,48507138275867;
1,23983004500607;
0,965769786267732;
0,768696789899426;
0,698229538584283;
0,741409419591297;
0,814146020243354;
0,861802929698672;
0,926634065560278;
1,04731080803555;
0,85549541188489;
0,153083423796307;
-0,216098169959735;
0,0120099879903312;
0,0755965838516341;
0,255528035772778;
0,948995167817364;
1,20820953504155;
0,867685106438368;
0,792385331176264;
0,894321023278795;
0,851127599685602;
0,89806988810343;
1,09711118880252;
1,2804359237734;
1,52317550087052;
2,01978991794248;
2,60246418712898;
2,98975214575776;
3,24713692821819;
3,57082607837803;
3,92791335806271;
4,18038313020289;
4,32644977313571;
4,39780720400988;
4,38076311990262;
4,27583422563678;
4,0808327034313;
3,84265826674839;
3,59785765421704;
3,26059216665593;
2,83491373030413;
2,44671975487114;
2,08526569412683;
1,70342372644712;
1,39052779450773;
1,2056613533388;
1,09537366686414;
1,03900690247566;
1,0245804446269;
0,951161936629745;
0,757778973009625;
0,511112711676035;
0,282478481865703;
0,0667827940229703;
-0,125704454070452;
-0,226331309818588;
-0,253289208920018;
-0,313819652447878;
-0,418657145087406;
-0,544750646470358;
-0,74188516330564;
-1,00416227165003;
-1,27804258390495;
-1,51178917207816;
-1,37790793414248;
-0,860937897725879;
-0,798868955747892;
-1,29942685096702;
-1,57933302842206;
-1,29833297586035;
-0,653719374921562;
-0,401357524466812;
-0,701448625571854;
-0,823850088942372;
-0,529098031632722;
-0,0681503352975899;
0,120709966764157;
-0,0111469987577229;
-0,0406427256726988;
0,334993898908099;
1,14555285061752;
1,69894959258604;
1,67509321665014;
1,74696556815408;
1,80199575556339;
1,42959124417122;
1,325235609543;
1,68842420615972;
1,88090752212047;
2,33990737018388;
3,33171859277188;
3,57405704957366;
2,96451370622342;
2,68395415891981;
2,58363506354668;
2,17282131400925;
1,70948177355235;
1,26986676299525;
0,691537376219074;
0,0254959413648345;
-0,540582924150388;
-0,933343014948887;
-1,24579579379904;
-1,54612451722413;
-1,72066636165642;
-1,62266151461265;
-1,32212355616796;
-1,05275598344334;
-0,893607454011377;
-0,722015413831915;
-0,438796369869456;
-0,0798843487812402;
0,263997900529242;
0,5842258448376;
0,922146240528709;
1,22539398495982;
1,38571178972596;
1,42262391308591;
1,48911974256446;
1,63783954282049;
1,73160553946795;
1,67961434988291;
1,57349631105851;
1,49262859287824;
1,05970908020913;
0,152026820398597;
-0,256126965870698;
0,0240652275975783;
0,0855809225553217;
0,168526625401987;
0,712061442564229;
0,942033112556858;
0,593000117564981;
0,296405339426326;
0,149083352226104;
0,000560134181440012;
-0,0328474735167836;
0,0103316547708599;
0,0078592550830243;
-0,452003875455316;
-1,55025864052519;
-2,09823753423574;
-1,63779322385986;
-1,29307364161061;
-1,23790322906862;
-0,951027248711055;
-0,477161350116056;
0,0209953634173283;
0,428897487714311;
0,674068791698551;
0,906783198768826;
1,24000877096452;
1,53943153022919;
1,67946170294644;
1,68487838750602;
1,63915496564862;
1,6063761209638;
1,63839749035335;
1,79116670665634;
2,01474938350804;
2,09779379330296;
1,96459396522971;
1,82333334419475;
1,78976701506816;
1,71940991894846;
1,47830691458821;
1,1472431453343;
0,926516644019845;
0,879792327925304;
0,8754086194325;
0,766980644950558;
0,545904072671984;
0,323544334135049;
0,176858288745063;
0,0894216935062267;
0,0457075065433282;
0,0415922777011874;
0,0810494632625271;
0,17811996277691;
0,29777277253305;
0,38547728270946;
0,412209459456308;
0,41381509407697;
0,455480558304234;
0,627224580886835;
1,06515082087297;
1,69414010113898;
2,23437703831041;
2,57541873154931;
2,83270267480646;
3,08621720951718;
3,2316360512962;
3,13016990640514;
2,84262882353204;
2,72371185662485;
3,00363624030838;
3,27887013425009;
3,14387194471921;
2,81944580765131;
2,2288121150223;
1,1421320027452;
0,384370172818558;
0,390139438681927;
0,414769743247942;
0,1839963189685;
-0,00909286443712454;
-0,0329834351432167;
0,0125161435844559;
0,00719906361306364;
0,151195932254453;
0,591121750004088;
0,962801668737117;
1,11323985560908;
1,29766379383659;
1,48906260085978;
1,59418879688245;
1,67957420695706;
1,73394399069865;
1,74883443738893;
1,77522508457052;
1,81141514679202;
1,78443576300441;
1,65584806693653;
1,49831530302468;
1,39214311884884;
1,33697789828771;
1,29506114095455;
1,23285232022223;
1,18761851163755;
1,22468643881839;
1,23371122960684;
1,12132534691373;
1,03917340928367;
1,02764047951765;
0,736165929495953;
0,102395713825343;
-0,17656373067891;
0,0172864471959298;
0,0587292613002849;
0,503874433608985;
1,91015230049571;
2,79202580321618;
2,55467976301769;
2,58554310944145;
2,24771779259871;
0,445654883579022;
-0,584440656400949;
0,0228510730032861;
0,20822979585015;
1,19089731951554;
4,39437998179861;
5,99554391281565;
4,84284059333697;
4,42515047732514;
4,8192512482009;
4,53292454874541;
4,06348937520775;
3,66858207227272;
3,12861432767257;
2,57480831722078;
2,03305461885076;
1,39837845538889;
0,846359346573101;
0,485079587485411;
0,107555677996515;
-0,337855519522433;
-0,6793599886967;
-0,914083231436503;
-1,1622419073149;
-1,42413115218721;
-1,63727557611469;
-1,7975232606297;
-1,87088010664254;
-1,84695423754068;
-1,36212289854703;
-0,23270607049028;
0,334550037201284;
-0,0182796774133409;
-0,117456393563267;
-0,225588044717568;
-0,869862040069288;
-1,00737778242267;
-0,526673453876438;
-0,417816893047259;
-0,548255345427565;
-0,473411296306187;
-0,3226727857754;
-0,141844713773891;
0,146620951590135;
0,524564446342714;
0,905692465656065;
1,27450485485855;
1,69893054759035;
2,13547268720774;
2,48345197835925;
2,77630338382377;
3,0612027371464;
3,30444393754288;
3,48214118738108;
3,59808139140553;
3,64440934242476;
3,60188477774897;
3,46707245637152;
3,26031371020084;
3,01748272887999;
2,74868856663185;
2,45338131167572;
2,20400172160481;
2,03092319054329;
1,82140372969759;
1,53542560149205;
1,25957337105625;
1,05726077833679;
0,981106211731969;
0,998517193692323;
1,00453513485891;
1,06073034998176;
1,27567551345927;
1,5254738185648;
1,6696886014288;
1,79828808677615;
1,99807468436488;
2,18302077881884;
2,27290023770415;
2,31209853886749;
2,3156362167204;
2,2586779296383;
2,20357033541342;
2,19059981774637;
2,17161259168221;
2,07157560118014;
1,89695882917712;
1,71366950105887;
1,49103900505622;
1,23232864259928;
0,984084492986612;
0,698227383029898;
0,419937659972681;
0,238802668530071;
0,074998180266557;
-0,157856339956347;
-0,40283511423951;
-0,616586868595586;
-0,884446861970472;
-1,21980947095765;
-1,47554097213515;
-1,58498693759921;
-1,65576871808301;
-1,76996947171445;
-1,89737175049146;
-2,04806078745712;
-2,24982146457995;
-2,39977523712577;
-2,36076468767089;
-1,6382977864341;
-0,220787036545991;
0,390755834381176;
-0,0402033524487238;
-0,129179045864627;
0,144012631493635;
0,355852668213819;
0,693759946694425;
1,0937556496806;
1,40035111469315;
1,54723998357903;
1,44390470739011;
1,21263932385126;
1,12662897962925;
1,15222880025267;
1,11226272608999;
1,03528906108099;
0,997128838039639;
1,02251021488957;
1,04592948079829;
0,747469697826537;
0,102815940703438;
-0,178683365370467;
0,0176963690640336;
0,0593630146349264;
0,0486955250905661;
0,318288519656133;
0,582338484419462;
0,653957152923862;
0,752648920396658;
0,676089136551615;
0,143417551846036;
-0,177063852683947;
0,00365481531407387;
0,064499520509842;
0,653334180132269;
2,48670941322882;
3,81501193708316;
3,78055188602068;
3,82302846958436;
3,08944793588377;
0,537067123728871;
-0,781601031481605;
0,0507164514601131;
0,270158206387636;
1,23682321255721;
4,59892282985615;
6,08003573142241;
4,46214834899994;
3,54905760433519;
4,0988618968091;
5,02805194644762;
5,33047850772122;
4,55269718193156;
3,78878389433972;
2,85111111064433;
1,21014811701562;
0,398531990279823;
0,698515672656542;
0,669958582083889;
0,540919785023053;
0,883026638690506;
0,970923203028459;
0,636141258920624;
0,482952456309039;
0,838969005901591;
1,63036153831014;
2,06696855396881;
1,86489450500739;
1,79791535491749;
1,98739871690929;
2,09994422831564;
2,15484454155;
2,13166201748138;
1,9979414493096;
1,86619899944002;
1,75689167863203;
1,58905810600699;
1,35918655490449;
1,11014160620218;
0,850661573807889;
0,626426284858424;
0,536300037171925;
0,538738314644498;
0,480159386535114;
0,355324807427572;
0,265738771537955;
0,196987575122843;
0,110952806982307;
0,0829276649139227;
0,131423084720381;
0,202420877509201;
0,275852652986264;
0,318398966939432;
0,358838644398213;
0,497671741997904;
0,735228771858207;
0,966543879002658;
1,10723823595787;
1,1914682435576;
1,34882599388659;
1,58501708093193;
1,75979784518166;
1,86013306492806;
1,96413997027647;
2,1087255090819;
2,32269765913474;
2,49889650052632;
2,52225635542734;
2,47729243897624;
2,41094874040199;
2,31792217111281;
2,27472406416652;
2,20346003959003;
1,92306409005128;
1,49799635607582;
1,09725526687863;
0,723903362061734;
0,338505778944148;
-0,0410994548125645;
-0,387186596496935;
-0,717143503028197;
-1,09047672838728;
-1,45530256614931;
-1,71552372672229;
-1,88830034206707;
-1,95817613248937;
-1,90676296547846;
-1,84235641111577;
-1,80515807420393;
-1,75280170537892;
-1,73177348006011;
-1,74456718210222;
-1,67843295989412;
-1,53402042862125;
-1,4348172798944;
-1,43518530806104;
-1,49474634855069;
-1,48147629831327;
-1,33854261524306;
-1,24883858586453;
-1,35185317884318;
-1,54604980239273;
-1,68565671412676;
-1,77218302888041;
-1,85431695421286;
-1,84683808481059;
-1,71951296870962;
-1,57004151856571;
-1,36937798882543;
-1,07910090045184;
-0,810466725091961;
-0,632744643985631;
-0,453345481657927;
-0,133421562710869;
0,296012679275117;
0,698915532355574;
1,06695252748533;
1,41897740006707;
1,68471502261235;
1,8168810103409;
1,80470376146185;
1,63909791156709;
1,35603524713068;
1,01563653751302;
0,637142646110762;
0,252629823696552;
-0,0738296471817029;
-0,36835122517436;
-0,642730502155926;
-0,816104724400744;
-0,90518365063697;
-0,990609472765948;
-1,06842055632922;
-1,05106440344127;
-0,862720168410264;
-0,549023189304591;
-0,245991013420088;
-0,0306637262382563;
0,175886700942386;
0,487822122196755;
0,867134951374045;
1,18908111151494;
1,41178132068617;
1,5945634526695;
1,82391628483452;
2,09193456898689;
2,27123368901871;
2,30051887914498;
2,24974448401096;
2,16643952969878;
2,07748020801858;
2,07077819766521;
2,16978319627344;
2,25376006464736;
2,23446962247006;
2,15168618597026;
2,03430628731436;
1,87932322159244;
1,71520878997675;
1,50164726566782;
1,13442070428569;
0,6734083320146;
0,365493312430431;
0,297717207252829;
0,280970218976597;
0,169944631590853;
0,00185125255326257;
-0,129730485818597;
-0,145200776149181;
-0,0497461585072581;
0,0678602187814324;
0,197763071608892;
0,361824748122868;
0,51933669337503;
0,720414170395865;
0,993231746275954;
1,25367547180877;
1,57479771491807;
2,04044971676007;
1,79404403228803;
0,347715718202948;
-0,460718687034759;
0,0182837889657241;
0,164195597322896;
0,668309685791049;
2,49987647968157;
3,32700158241455;
2,4916385599369;
2,13570759485741;
2,51757457826771;
2,82753013276621;
2,83297087787826;
2,53450453277911;
2,30089337583091;
2,10656663233506;
1,66761899162476;
1,30653187466471;
1,1739618171298;
0,88845320196161;
0,408162213514518;
0,0135433162477308;
-0,0790596331098823;
0,0169456240564817;
0,0228021771186807;
0,168397061880415;
0,67629085795199;
1,05839826591693;
1,13877624110846;
1,37893922707029;
1,46323762196623;
0,948083141608055;
0,716132976408613;
1,14881122603695;
1,50220853896469;
2,08729663802;
3,19524374740414;
3,57292545023957;
2,99578794323495;
2,58389401859346;
2,71255379226782;
3,20910060288074;
3,43044195806581;
3,03699029697707;
2,61942793927726;
1,51442348044134;
-0,913134084292063;
-2,4408023134426;
-2,2977678169357;
-2,41670868496619;
-2,77713730469973;
-2,59165364826339;
-2,2832198558231;
-1,93899339919297;
-1,32166734820125;
-0,650743819425721;
-0,15148587047277;
0,312834588609306;
0,80006552077717;
1,14361862400163;
1,31543047775733;
1,47711534555647;
1,68400924315126;
1,86894579440227;
2,00689497749287;
2,07871466906586;
2,09019139581826;
2,10431289959822;
2,10883928380934;
2,04865966813629;
1,95328253951194;
1,86097125621008;
1,7500958013816;
1,64866455722517;
1,62980624285957;
1,67207486023493;
1,64565883043534;
1,52457016047759;
1,47777888139108;
1,55342914548974;
1,6323620051767;
1,70061711000926;
1,81380225810678;
1,95829550027281;
2,07224717044049;
2,13320911930975;
2,17707325396604;
2,22547416958851;
2,27949091254983;
2,33715565783805;
2,40185155869527;
2,46259412622979;
2,4518815642591;
2,39351959498171;
2,33029875482362;
2,12738880530798;
1,80206695725053;
1,59875813471171;
1,52564657532677;
1,3876925855756;
1,16265830914305;
0,923622931293658;
0,591917081527216;
0,0853714693997124;
-0,446988594116008;
-0,818839481036147;
-1,02935130654198;
-1,1130571219295;
-1,09222531540744;
-1,09237608093216;
-1,1571285124558;
-1,14634218102972;
-1,01351855671255;
-0,885276005472693;
-0,810115446406192;
-0,63476546385867;
-0,292704136940348;
0,0334248027603811;
0,212426506011954;
0,273753328161476;
0,291505015699745;
0,302158800510042;
0,277228360457869;
0,223400771663396;
0,144817406886015;
0,0319903661451533;
-0,0431208308962916;
-0,0888828551017857;
-0,24397345342881;
-0,540594086390183;
-0,830627137062497;
-0,913559772582757;
-0,712935396024123;
-0,391282395964266;
-0,174703533522599;
-0,054651236749282;
0,117461862449258;
0,313993076773318;
0,425020003716744;
0,497686874854803;
0,542899330339474;
0,491661436346647;
0,45103296570517;
0,534715085568811;
0,676966305686229;
0,795104639020122;
0,850375960158392;
0,821398823590643;
0,76503826533808;
0,771399356386666;
0,602994443717101;
0,102842559386872;
-0,151309909945837;
0,010017631420851;
0,0522482256476208;
0,328924054207171;
1,18513154236991;
1,54406260583038;
1,15421659631712;
1,00324159480228;
1,16600969414315;
1,31057318798476;
1,3257450745821;
1,18020305290725;
1,07326264815564;
1,07203585893529;
1,12408353240544;
1,15938250820228;
1,15632594520308;
1,2049571462202;
0,946847304692771;
0,164019639566708;
-0,236494200185193;
0,0140277898946272;
0,0824189294896699;
0,175440417013793;
0,676646394445362;
0,812725204520623;
0,484213062941626;
0,427496827988235;
0,420602226576413;
0,0769246787335632;
-0,112583923176451;
0,00886342666613696;
0,0380394647954222;
0,21586220088858;
0,840897371563191;
1,25809013627986;
1,20034657779024;
1,20874042078008;
1,32629439859982;
1,3992801290586;
1,51683273457549;
1,53898527662057;
1,36273733319251;
1,21329281005279;
1,23347812651773;
1,32614510520335;
1,43524751353072;
1,53198444399116;
1,5327184565111;
1,44614680020108;
1,3433510769861;
1,25490640627734;
1,14445368173464;
0,920034621012121;
0,566018623981409;
0,208708677994659;
-0,0581791838640408;
-0,303891422645564;
-0,578218639651726;
-0,763802755302743;
-0,81136018964395;
-0,878363619719927;
-0,962072825476126;
-0,900455481187697;
-0,79305491650028;
-0,778319160527032;
-0,759147647639431;
-0,658985198734816;
-0,502259486964954;
-0,334188219353106;
-0,199123113633727;
-0,0294532339686082;
0,258975115375819;
0,599405154176931;
0,889141497734688;
1,0736716874117;
1,18253207134038;
1,33525655448292;
1,58478758476277;
1,88964754434679;
2,16631231563187;
2,28345275262053;
2,19566803226173;
2,03238420604055;
1,88264618042396;
1,69790410394308;
1,47505979313052;
1,28037061901476;
1,12863439567204;
0,911010842122417;
0,558824787292328;
0,188155392672826;
-0,14666173974716;
-0,504444253242738;
-0,8728525285386;
-1,21569804467746;
-1,47931706150188;
-1,57539324956521;
-1,51685290784162;
-1,38355034421393;
-1,18575517466341;
-0,953696263815216;
-0,802229379919319;
-0,753655680185044;
-0,678309765569803;
-0,476393562909392;
-0,19034429619136;
0,0765343695383162;
0,178575708227413;
0,0537290140273716;
-0,0518390496127811;
-0,00279192092944039;
0,0204518546364021;
0,211829425935504;
0,753291127595579;
1,02516625240797;
0,82901072205363;
0,73239781937;
0,579212733356685;
0,0882556206650748;
-0,146344604026533;
0,0146428820313909;
0,0483052461672008;
0,193717947051921;
0,760816927650153;
1,08765845327753;
1,00248142514655;
1,1386477393256;
1,05797161428778;
0,21295029694989;
-0,278474162210221;
0,0113660160999473;
0,0989073566880606;
0,453633380114929;
1,75004518956829;
2,55446491199177;
2,32113075667213;
2,23171881315737;
1,7738928508286;
0,287620909208828;
-0,445939474876211;
0,0362342967385046;
0,15098332819116;
0,447993948546005;
1,72405500129413;
2,21608375331998;
1,46140523878051;
0,976690505503053;
0,686586493932123;
0,0777700993676533;
-0,167971076069284;
0,0255043691929346;
0,0517476273065951;
-0,00568971882474855;
0,117233952974605;
0,292485748475121;
0,438694976907479;
0,592965643889951;
0,528427357227797;
0,104267206898484;
-0,136117731909363;
0,00484511363137588;
0,0487459448759377;
-0,287141679716579;
-1,01354400979902;
-1,6409366263712;
-1,8610423933186;
-2,07924444154683;
-2,41318223520752;
-2,6648413483732;
-2,78591514587195;
-2,79885816599988;
-2,75947475308654;
-2,67780513232167;
-2,54089353342126;
-2,37824463924449;
-2,07775780490992;
-1,50817073799398;
-0,886923265952341;
-0,424599842505181;
0,0650793086719646;
0,70306007803885;
1,29596758323802;
1,72535054999482;
2,0539709731427;
2,37309356101506;
2,78664823555992;
3,27690215826636;
3,6483035720007;
3,8036629972002;
3,8315972204911;
3,79960111901629;
3,71521481280442;
3,58179207014642;
3,40413805215946;
3,18548064237988;
2,92174101300843;
2,65872554894704;
2,74200381158292;
3,26663538122746;
3,39431729944587;
2,90646663543963;
2,5871989618126;
1,8900203170702;
0,288599513247394;
-0,46453354816684;
0,0400171314236097;
0,156587369305656;
0,189388173810852;
0,951436187301857;
1,50260153153889;
1,51783503319873;
1,71978827268305;
2,04992036409348;
2,18103130047549;
2,24287893946604;
2,32538824622113;
2,38934541658582;
2,16909093544721;
1,77456681994273;
1,98183246608275;
2,46635217236849;
2,440964174443;
2,07101188960422;
1,46040438412828;
0,982416304925927;
0,931011399960777;
0,812475711305098;
0,784438043113727;
1,19066258587199;
1,31182176671957;
0,92706936741578;
0,690997972496182;
0,484847343399286;
0,0546999509255024;
-0,118165010464822;
0,0178423362363331;
0,0364616954161517;
0,199578773216327;
0,856337331701275;
1,45019138852107;
1,63074980137409;
1,86240468281021;
2,26399058474821;
2,40846702432788;
2,17400683134923;
1,90041201837557;
1,77666832281235;
1,66698950037002;
1,5254330093409;
1,4486742947242;
1,43145277492967;
1,37392943835118;
1,28346760597026;
1,29623234391493;
1,49687252980559;
1,78063837540376;
1,97252949657424;
2,04244499670202;
2,10707205531923;
2,26273457183474;
2,40630794422298;
2,40703010078101;
2,35689418726331;
2,31864217882709;
2,17561263306239;
1,90273927041085;
1,64837311254263;
1,50475425157294;
1,37903846431984;
1,18935410649684;
1,00516741580572;
0,920227111678321;
1,0105802759683;
1,28100470256878;
1,6208228562792;
1,96021477378342;
2,22124243624788;
2,29247813253149;
2,22800228375506;
2,15971364701156;
2,11842829460168;
2,02964034534342;
1,85124863748981;
1,68233034073093;
1,57193362063189;
1,44252574891042;
1,27731304102897;
1,13357204945141;
0,99752934516332;
0,81667920381114;
0,627835340236502;
0,47383260322805;
0,360497107899563;
0,319210858121604;
0,323069685393326;
0,287791755761156;
0,17752089448923;
0,0558988659461783;
0,0667915339557131;
0,24150111486426;
0,427128956410517;
0,508336398697826;
0,532102880586977;
0,601092391882024;
0,752490583133695;
0,934566598479342;
1,05966911475561;
1,10991231977625;
1,14138363719989;
1,19495094375025;
1,2635770237807;
1,30152638073871;
1,29470327819533;
1,31797524961647;
1,39153067030492;
1,41020593724005;
1,36513077456468;
1,32228709370389;
1,32185520978168;
1,38387660384088;
1,41143476505051;
1,36743140042382;
1,45024291834525;
1,78208086127919;
2,06184276285431;
2,08307429033525;
2,12819394629625;
2,30678397258906;
2,48141429526412;
2,68889707375178;
2,88725358452686;
2,8910281480907;
2,76410184817939;
2,70895981886375;
2,6823836974878;
2,60071723578258;
2,56024337891615;
2,53722139462642;
2,40948542653167;
2,24430694613217;
2,11648392693418;
1,95350263092812;
1,74424337913966;
1,59206546813763;
1,51468414355991;
1,40401907378133;
1,2503625931292;
1,29012410312225;
1,55775167323228;
1,61860515400783;
1,38407042973189;
1,21997699442253;
1,09852912336027;
0,862936178859414;
0,751646382282216;
0,802524206664447;
0,737310946339376;
0,655871357512025;
0,768686992562205;
0,86899779601892;
0,799457710070913;
0,694889714712931;
0,665244608261179;
0,665691685888362;
0,49564807661715;
0,0954410776725705;
-0,454520283078948;
-0,717271091527513;
-0,226816226634679;
0,208149611610304;
0,0158961360514704;
-0,0842015775326921;
-0,444179682696319;
-1,43981163787978;
-1,41328450734294;
-0,110230309961431;
0,734911408655557;
0,670161211623681;
0,148338227822774;
-0,166604519899649;
-0,00412448703767086;
0,0643014175164765;
0,616937504600463;
2,19461331136584;
2,91893060637485;
2,11789745251389;
1,43325441217991;
0,900440028649415;
0,0658633652973759;
-0,212316344141222;
0,0440849982118939;
0,0603967112276697;
-0,321809440437283;
-0,984974250400885;
-1,33767517551125;
-1,14843784905475;
-1,07157427427947;
-1,16610395904336;
-1,06052301854249;
-0,83894296798954;
-0,631666338094046;
-0,370476595274617;
-0,113462733560199;
0,00641678805585369;
0,0552090384045016;
0,173709767134682;
0,393564937992235;
0,441306437415279;
0,108526900233497;
-0,120006969724296;
-0,00134668764138684;
0,045284983694881;
0,328133892004176;
1,17152290831975;
1,5898865881073;
1,33348693716644;
1,26343086446148;
1,3080964192552;
1,17144353297791;
1,10801865784462;
1,15467001938429;
1,14454440099295;
1,05979655185412;
0,955507502809553;
0,865806778949071;
0,858535145123644;
0,910358756294851;
0,890521221922875;
0,821717986471185;
0,786516708778621;
0,735044569027119;
0,728592480557226;
0,910862357984127;
1,16605876966806;
1,30682489646682;
1,40169469726461;
1,57701821868074;
1,29850353996356;
0,24112445506555;
-0,328741721388599;
0,0149577106362816;
0,116450163237243;
0,380136335691891;
1,48888341526189;
2,09621504286184;
1,77866344380782;
1,72375006658458;
1,45336144069981;
0,254838486190634;
-0,372992434619226;
0,0259985429903168;
0,12796926305735;
0,277233182705636;
1,14880887896467;
1,61589206924888;
1,36032412680106;
1,312735784481;
1,42170545953643;
1,34229923460137;
1,31152992493159;
1,38997193823695;
1,41310490452264;
1,30567257105153;
1,07320926015296;
0,806449089791674;
0,558808089720737;
0,411803433323854;
0,618090275586055;
1,01207729213555;
0,964661337431644;
0,531975224328332;
0,364002134487106;
1,10481364574776;
2,78352985714582;
3,96563176918658;
4,07028176126903;
4,15967572939696;
3,98366363399516;
3,21055601658601;
3,25951152021122;
4,1356975822475;
4,39570704971375;
3,82821513851996;
2,77953322925767;
1,86112593870777;
1,36600623729603;
0,814308039267992;
0,293653926795429;
0,00405569413863899;
-0,252410808811201;
-0,454711376013755;
-0,523164368718389;
-0,495614119987678;
-0,337964110791489;
-0,0525393292691339;
0,234101315323402;
0,47254330549998;
0,731101310375264;
0,998308654834967;
1,12342061626066;
1,04351061210389;
0,882652173312327;
0,727743887680461;
0,546480143340794;
0,33739339648034;
0,137507095437027;
-0,0368294214423018;
-0,185104833214371;
-0,353837787798342;
-0,538873800905964;
-0,623050146526084;
-0,655489801727425;
-0,798620861654125;
-0,930838557475853;
-0,919731124750695;
-0,856436679302589;
-0,735360824666111;
-0,540507434530368;
-0,366546604782686;
-0,181574189980046;
0,117350679574064;
0,503842848020486;
0,920475271495238;
1,34888585868807;
1,74501436511395;
2,09626776802326;
2,39228981020639;
2,58804547782911;
2,72244857466677;
2,884742694672;
3,04677806296588;
3,13204674047522;
3,16607903891929;
3,15231127769687;
3,06073683137124;
2,93519261368513;
2,84712445526279;
2,77769378101295;
2,55423904345144;
2,11177650298664;
1,55190352030286;
0,951112164447081;
0,402469394630073;
-0,103402671500048;
-0,63601419521475;
-1,1271224832923;
-1,61371593338435;
-2,11303518971929;
-2,38382982781812;
-2,47563816188505;
-2,7389945563403;
-3,18770289807882;
-3,64159342563089;
-4,03993891843597;
-4,24602828227501;
-4,10991072484825;
-3,74786293900416;
-3,36756677596728;
-3,00063435672751;
-2,59151925118567;
-2,10021552502734;
-1,5361822490864;
-0,829673036805875;
-0,0701752668130827;
0,180950449062614;
-0,028144614336781;
-0,056125670327282;
-0,0796078425746153;
-0,499199140438357;
-1,0060603846895;
-1,28788477374622;
-1,4542841941819;
-1,48721095345297;
-1,28414472378164;
-1,00763468539658;
-0,755121418605706;
-0,46833402322427;
-0,187503518605724;
0,0640584101157838;
0,417385670620614;
1,01279535484755;
1,82314409591326;
2,64268591226195;
3,34479334990753;
4,00854284101065;
4,61211743829286;
4,95959029047117;
5,03551705661457;
4,95620252202322;
4,6994975988943;
4,31624875319229;
4,04060255486514;
3,99946519021754;
4,05716216550365;
4,0234035649029;
3,89737975117546;
3,67140965595862;
3,56287893526925;
3,90042830408333;
4,1502330231965;
3,91485556059127;
3,61665057092213;
2,5312857681666;
0,342855773357738;
-0,608666469657538;
0,0642304340874685;
0,200349391836647;
0,211032646226488;
1,01320889886594;
1,29853715579985;
0,841929218464114;
0,757697916078483;
0,949524864063598;
1,01371789097231;
1,13963571867387;
1,29565889248836;
1,27432249419282;
1,16473709063716;
1,17724554157603;
1,26449212826488;
1,23854535918559;
1,04940473851887;
0,829427517303574;
0,651491529843495;
0,451879777112804;
0,238982870473264;
0,0718931696755842;
-0,0422882139160772;
-0,0487697667830205;
0,171312359924493;
0,602281653799352;
1,10783938606206;
1,57840680106706;
2,00427736982107;
2,51551236682575;
3,1335457163925;
3,72308721784226;
4,27334291440607;
4,79739624153891;
5,17833356691028;
5,36504154575041;
5,43952130729675;
5,42178274397724;
5,28816756378167;
5,13140394540096;
4,99894569005304;
4,82562089225872;
4,58461027191322;
4,24564602123802;
3,8235394359334;
3,46122917776065;
3,24023668586298;
2,32319761797704;
0,357171894981547;
-0,56481530575658;
0,0445941983378971;
0,192382411777861;
0,699726674441549;
2,760436659164;
3,94778586041164;
3,48391416465943;
3,48376922694891;
2,95012592326074;
0,524422504993941;
-0,757203746177683;
0,049810130398597;
0,26110276975972;
0,582441930550299;
2,45974970435494;
3,68279291095151;
3,52724638653965;
3,65998085233488;
3,41938073163318;
1,95270064172612;
0,995892404642335;
1,13560191054756;
0,97460606288764;
0,360736421507964;
-0,0207015831378529;
-0,112744633158688;
-0,099389316383362;
-0,127169056887645;
-0,146867860643043;
-0,0402443224707291;
0,041372453908492;
0,00136093167844971;
-0,015970306007813;
-0,0387683873213767;
-0,119934807224983;
-0,0585702835778077;
0,190467668723358;
0,440955658448808;
0,440730172851495;
0,097728179341269;
-0,116198416076669;
0,00104206356948835;
0,0429076392333545;
0,44981479497422;
1,62747765419532;
2,33007306319872;
2,18110327037199;
2,21219660082485;
1,75688759863788;
0,258669638264453;
-0,438597519029472;
0,045164842124052;
0,14436139014489;
0,00463779089844395;
0,235756685288191;
0,285065846418679;
0,0434949674422647;
-0,0331656903624108;
0,110201446568184;
0,332120850686383;
0,549700271081192;
0,775230048091231;
1,04062291770691;
1,17404697011215;
1,18605178467532;
1,3313641113046;
1,57597869957229;
1,76092427094971;
1,89564089910341;
1,97307968807712;
1,94151220973639;
1,79207631568821;
1,55602315212631;
1,26508714465058;
0,966674294628329;
0,769208527384008;
0,713772260871677;
0,677285996378163;
0,560351436435701;
0,369977132913423;
0,119608690987377;
-0,0998271596420361;
-0,211631005479324;
-0,305066034513082;
-0,454283323749115;
-0,608629988920157;
-0,647353815229082;
-0,596582824974236;
-0,643991145571989;
-0,749549521003887;
-0,753806152506868;
-0,678674725293416;
-0,579053842009405;
-0,460230827218082;
-0,343768680977942;
-0,219740282390832;
-0,0354790544467005;
0,187401548406418;
0,360197926290119;
0,452057020546524;
0,48217603855115;
0,459440932640931;
0,452729161938386;
0,538983695231821;
0,61091516292529;
0,547111405992069;
0,450737351662755;
0,462584626550266;
0,525469416452127;
0,497439014356513;
0,392340165061629;
0,324078179473219;
0,346663681809228;
0,409498787159547;
0,432230126736137;
0,450139250427535;
0,505082963162752;
0,546860830280282;
0,569128302630715;
0,612006714552919;
0,64999791914909;
0,618529551809864;
0,579052828472233;
0,679620333222089;
0,879131823691043;
1,04327782499274;
1,21742423112754;
1,46179022096152;
1,6731964110304;
1,77347894164538;
1,81456381932943;
1,82289599939568;
1,80491248026934;
1,80946592557318;
1,83355533219007;
1,83834349167348;
1,79772024163236;
1,7178251916838;
1,65731792376484;
1,58905875339094;
1,43306018037876;
1,2789220918269;
1,19447670577487;
1,05631509248172;
0,884377377505048;
0,854558925639297;
0,901106134946278;
0,833768404738641;
0,682189171214022;
0,558287944123062;
0,497596468260056;
0,530698022809323;
0,634332473186617;
0,526722188278786;
0,092424840955744;
-0,132851628673747;
0,00805073936564865;
0,0461846202263891;
0,285170585084391;
1,07976451807971;
1,588397667618;
1,49895834754998;
1,48341471970931;
1,18000890808205;
0,194556484402141;
-0,295615939748976;
0,0221488542816353;
0,100948766089514;
0,150926083064684;
0,625679284083477;
0,735792088161863;
0,367243323255118;
0,273552891804259;
0,306350038556188;
0,0673795306002259;
-0,0855004309359473;
0,00368783970079109;
0,0301409225329625;
0,125031484515426;
0,467674119709174;
0,638049652888613;
0,583894548417615;
0,749422627391979;
1,0473964009619;
1,23986251296348;
1,41911997722463;
1,59600335956812;
1,74264443786455;
1,93396978092793;
2,12415204378426;
2,18807991588602;
2,1660398503473;
2,1508924365283;
1,58120263905617;
0,241734845576701;
-0,386552240225001;
0,0321556520188374;
0,130872179352249;
0,236480656764117;
0,98650583924266;
1,27576625290814;
0,841381814807944;
0,649551291570312;
0,764522676571891;
0,870168597936428;
0,983189970717097;
1,08841604576651;
1,22691873536048;
1,46669577077058;
1,76770793892409;
2,03386703501238;
2,2690133819697;
2,57251815622172;
2,94373458782743;
3,22329612564068;
3,26853415241798;
3,12908924883522;
2,93954270601268;
2,76219612732042;
2,57209336033356;
2,30862196702836;
1,95694373793719;
1,57611643627692;
1,22600772817208;
0,885228356901424;
0,547349724684895;
0,245256049620606;
-0,0478801380922061;
-0,363404055864796;
-0,654156082212487;
-0,838539168101692;
-0,905334463575533;
-0,923571692264591;
-0,929375544548077;
-0,918493049004808;
-0,948742555380576;
-1,0315930141157;
-1,07355103198769;
-1,03424482297566;
-0,956165547185624;
-0,891962069681736;
-0,82891682608035;
-0,72428995168247;
-0,585551043729365;
-0,458494157956813;
-0,355144072550341;
-0,2135406754902;
-0,0304371550230972;
0,0727471119917436;
0,0318714241623462;
-0,0238456959293111;
-0,00377371327025987;
0,0104418728351667;
0,0655126386088627;
0,31082230751594;
0,627393086009163;
0,777164978334551;
0,79231649025784;
0,951518147596455;
1,35444232295503;
1,69679183438969;
1,84950899237692;
2,01178862681481;
1,61096738018658;
0,287324236594853;
-0,40387031434631;
0,021247658853618;
0,141906697696469;
0,533632781589633;
1,95959726115142;
2,4737861505117;
1,67891994019206;
1,33290874651335;
1,05684933816882;
0,136703470916665;
-0,266486273997639;
0,0366692259853762;
0,0835374681422513;
-0,0212429915291357;
0,0612104106723043;
0,0669324756627965;
-0,0240545680706513;
-0,0609157035013668;
-0,0819499245561924;
-0,145186595949791;
-0,303554566283506;
-0,521430870545369;
-0,680097054480259;
-0,754278581945973;
-0,798883298563696;
-0,87012629451373;
-0,921662091233555;
-0,922078495296907;
-0,93921396126692;
-0,934086400332147;
-0,865109656286999;
-0,829677245823073;
-0,854030219907505;
-0,909765256148909;
-1,05357172076827;
-1,27695026124926;
-1,45860621033747;
-1,56506020152312;
-1,66727689168217;
-1,8158084536977;
-2,00243120496382;
-2,1164069885387;
-2,0654674272106;
-1,87359781665304;
-1,58778609334781;
-1,34456132980063;
-1,3203282163274;
-1,45887652773864;
-1,57530990984223;
-1,56667626506653;
-1,40694060839392;
-1,31001700581666;
-1,43970622948305;
-0,975640002442408;
0,609083547620455;
1,82280221242375;
1,98402831851375;
2,28754239051235;
2,89728972045922;
3,30402179121754;
3,56727612630934;
3,76220167178849;
3,8391756869519;
3,7192674772714;
3,37849109631712;
2,90598117831518;
2,39813772234843;
1,88067946871583;
1,34992715236181;
0,866216180571778;
0,506552190784218;
0,242406423874625;
-0,00835531119817933;
-0,241588402234235;
-0,427356399625568;
-0,599665754053476;
-0,739985679204618;
-0,824792881478724;
-0,665789483593868;
-0,131731904935311;
0,168075498840611;
-0,00397506974525116;
-0,0611813550614528;
-0,123402308982726;
-0,467266944981541;
-0,529414998556499;
-0,235230568813637;
-0,149735648194585;
-0,219702514319829;
-0,192733818401787;
-0,150280357235038;
-0,139098574226427;
-0,161057395057126;
-0,21625349698123;
-0,240445247383521;
-0,192162715312155;
-0,11067384961814;
-0,0708663468776728;
-0,060367841038299;
-0,0152795898948296;
0,0167100781556165;
0,000197541466259717;
-0,00630192480247658;
0,0927815086556766;
0,28819916486195;
0,304504783798594;
0,120842266483861;
0,124693418450642;
0,389155406688278;
0,647047468032176;
0,772571818129492;
0,805789991302278;
0,795598601863363;
0,774523304694841;
0,742073237748002;
0,693821124067265;
0,679702759666028;
0,75119499381689;
0,638231200549173;
0,131111632434132;
-0,163711389673985;
0,00326900716512775;
0,0597831178978873;
0,188947168895527;
0,724086848766988;
0,980855383282182;
0,750584727646198;
0,647069239129195;
0,6993245614464;
0,69246287057307;
0,756657376182484;
0,915571078459676;
1,05589201269971;
0,843486088847029;
0,149178385129631;
-0,211221914880666;
0,0115184023828054;
0,0740434486325792;
0,256357393118916;
1,00800430546334;
1,4326271744625;
1,22285044867329;
1,15780907070668;
1,30697368910415;
1,34832095092171;
1,29656230633014;
1,23787674847602;
1,25597275460935;
1,33003862221654;
1,33980091441929;
1,29994677459854;
1,36366914467328;
1,53328289964205;
1,59303721239601;
1,41285019217803;
1,15084028021864;
0,996406699653943;
0,918063405016757;
0,841277306480668;
0,727402354248002;
0,51826640615824;
0,297347744895446;
0,15294078167317;
-0,00569740462473043;
-0,219091786207472;
-0,459948803853318;
-0,700260048563978;
-0,845853346425398;
-0,84094809958105;
-0,733558315004165;
-0,579682297479925;
-0,376928250645452;
-0,135637466126577;
0,0876175697679678;
0,266994510383787;
0,398730586981592;
0,530445388775329;
0,735701414059041;
0,961962766712673;
1,17840435041912;
1,36203214608078;
1,29509702736448;
0,906948509323149;
0,425595350582089;
0,0241426098236731;
-0,271947778577434;
-0,520099463141879;
-0,833100936821428;
-1,01916997001018;
-0,679525668427988;
-0,218870790370384;
-0,3823414128013;
-0,895393072832957;
-1,06782711760502;
-0,79365413717884;
-0,40730556637776;
-0,0697987672369599;
0,376337812912787;
1,54832180185398;
2,34645593727976;
0,566547162167739;
-0,947185263972697;
0,295262867042791;
1,88684454617401;
3,36761612295538;
4,57856369902741;
4,60806910422936;
4,61240551185007;
3,69817215339878;
0,666665654385883;
-0,93610304831604;
0,0509688037491756;
0,32788344898765;
0,725971225780741;
2,87595213439777;
3,69775339563834;
2,4529048549417;
1,87074638893093;
1,50164483656786;
0,211295603295193;
-0,382379026719967;
0,0470644666527817;
0,122219645182226;
-0,155121925441039;
-0,35473149145109;
-0,534476130102337;
-0,650421706185926;
-0,890436024264728;
-1,41812957659972;
-1,85059452764064;
-1,78630839856701;
-1,39176207946447;
-0,996984352198265;
-0,644154487608908;
-0,215234826840664;
0,324654678802636;
0,827600689913786;
1,12436736733063;
0,892827052019245;
0,135970659740316;
-0,220423551803637;
0,0196230477487179;
0,0739898086088052;
0,196643009813353;
0,83230200055112;
1,22601048696618;
1,02363428402595;
0,797474782758513;
0,538418833605975;
0,0655574425342777;
-0,12950046190187;
0,0167901419775476;
0,0412389644166801;
-0,382307313178547;
-1,2364210278507;
-1,60305213586308;
-1,19745573412423;
-0,977956120371914;
-1,0198747473276;
-0,854311358258686;
-0,601527940578628;
-0,360157853402376;
-0,00189467738731203;
0,53577827724541;
1,17408915418875;
1,78574414270916;
2,35827777297576;
2,8256797276167;
2,25251223805914;
0,372259412211794;
-0,559575249277956;
0,0391850975713161;
0,192445190460421;
0,77224305489257;
2,91879267473166;
3,93359571317516;
3,08408101234599;
2,71783299636656;
2,80311275914085;
2,41518282031085;
1,93182043661461;
1,50130415753158;
1,00524667729244;
0,586949953604611;
0,283687661043654;
-0,046479897821687;
-0,343448264648377;
-0,513576116413535;
-0,459702842904667;
-0,102418400374548;
0,119235537514202;
0,000251170238203189;
-0,0446711182001428;
-0,128045364604239;
-0,395341873019072;
-0,25039640546673;
0,259692525433908;
0,495450526056388;
0,635895947266862;
0,936313168888522;
1,15494995235411;
1,26263717527701;
1,35400774377357;
1,39054799893058;
1,33857525950756;
1,17356475705371;
0,93388899426794;
0,740969689418479;
0,63928419813981;
0,573306057902788;
0,504407796358609;
0,424838718590478;
0,348690542238637;
0,330117658278599;
0,377436513317943;
0,444570039123403;
0,529997401386579;
0,663363856476775;
0,852354314201911;
1,04287113101509;
1,16910331340011;
1,27770348790046;
1,42939057922696;
1,53589943106286;
1,44940858221536;
1,21065055052971;
1,06728884974891;
1,10468416113608;
0,859061711980394;
0,136548530655962;
-0,213247910288449;
0,0171381335400296;
0,0723650765979818;
0,0727741074351946;
0,404785908273607;
0,752820767809918;
1,02735311301055;
1,39925443237275;
1,34713621718808;
0,638413173301722;
0,419347939533521;
1,04956312373483;
1,51393586479294;
2,01560616279366;
3,13729866924074;
3,78492453851128;
3,44093677067744;
3,05229025918813;
2,15623603424301;
0,29678405561836;
-0,523440371099347;
0,0555811936487942;
0,171988529733617;
-0,510770204932851;
-1,51166471819691;
-2,06576525207628;
-1,74007370660419;
-1,26950402433063;
-0,761317084766608;
-0,0620538350753871;
0,17554127384864;
-0,0322959851188536;
-0,0519050249922156;
0,611951462834873;
2,05403494666757;
2,92051562118006;
2,6489583946408;
2,40610067649119;
2,19845091296028;
1,56376114828048;
0,908208416937673;
0,395792379362454;
-0,0919205858636417;
-0,447273959997278;
-0,697570919349235;
-1,01280437652697;
-1,29919302329726;
-1,38277987503924;
-1,30379772893893;
-1,20196233868529;
-1,12861982551158;
-1,10662571431139;
-1,16579043134064;
-1,14504397109338;
-0,890241847443513;
-0,603665589363768;
-0,483734992223321;
-0,480404550493032;
-0,564727002837235;
-0,690823640309883;
-0,792395149872522;
-0,928692877839013;
-1,12938447721951;
-1,33452372070254;
-1,50209960175389;
-1,60157009914079;
-1,59521316881307;
-1,4710465782717;
-1,25165688841271;
-0,944905010407885;
-0,584445242750683;
-0,27759517932144;
-0,0398972653271548;
0,182819873353932;
0,373843780652801;
0,558091011934096;
0,780062889043079;
1,0221443630694;
1,29197227240202;
1,62730605824708;
2,01980136241774;
2,42459561530187;
2,81801467227497;
3,20175369929904;
3,58734526416706;
3,96090941005312;
4,23925099630387;
4,37759024876011;
4,41608603048074;
4,31592479751377;
4,10665566287808;
3,9735082472785;
3,88356949236178;
3,62903438804338;
3,25294381097081;
2,99637052630891;
2,90579901771539;
2,82677006126486;
2,68785442711059;
2,50852859058775;
2,29677178932931;
2,05750561933073;
1,78930763601516;
1,47871283574198;
1,08089206254971;
0,609840433071829;
0,175154313861062;
-0,215322489067644;
-0,624892974617906;
-1,06569788089295;
-1,52407198440809;
-1,90905098201665;
-2,14689206979661;
-2,28205622610982;
-2,31530271947417;
-2,19630865510825;
-2,01794495766011;
-1,91047970153181;
-1,82118327086632;
-1,68699667859741;
-1,56314740457748;
-1,41595918020992;
-1,20004320646266;
-1,03110160906977;
-0,928072340688631;
-0,802414528556312;
-0,743660657614478;
-0,808934489483743;
-0,838394663360262;
-0,78932439958609;
-0,766266022806198;
-0,686885220419647;
-0,421767181419429;
-0,12346173954303;
0,0663335494917249;
0,25706755049845;
0,461756952423371;
0,577856123258894;
0,607822701036576;
0,618239867290345;
0,685179084129801;
0,848236246243051;
1,11732655258854;
1,43242000471482;
1,63162058910651;
1,6586877661984;
1,65499425507253;
1,74818514978532;
1,88848251667932;
1,90953067481037;
1,73495030766452;
1,51512257893974;
1,39691924806245;
1,28935569894814;
1,08240928502182;
0,854015832630583;
0,68520240581604;
0,533881273223796;
0,423026676888984;
0,381969968031758;
0,319813297006625;
0,236158209788252;
0,214967059172664;
0,262062990623592;
0,326931825654308;
0,413907886668369;
0,564989670024161;
0,713825842578707;
0,778829794749244;
0,795475121816341;
0,802994472316366;
0,770332139515903;
0,708630869263673;
0,63214967380742;
0,427777302268575;
0,130642536340663;
0,00455434397990331;
0,0730384922246355;
0,101456728965964;
0,0142610035191237;
-0,0786590723393704;
-0,123135260076668;
-0,116085888878746;
0,00968474819117646;
0,228680767748745;
0,389891737238491;
0,50317057578097;
0,67500345888492;
0,818865332530411;
0,800060690997487;
0,662155888471358;
0,563217159830363;
0,610947751885609;
0,538802278979287;
0,115046231425565;
-0,139887491085442;
0,00189063903011125;
0,0514345936494949;
0,289054778426308;
1,0893760222258;
1,60247752980982;
1,54536331227502;
1,64812528945964;
1,39779457338812;
0,251578655654155;
-0,357137069518458;
0,0213493990899212;
0,124148869121202;
0,425559406760049;
1,65899369993665;
2,33125886841262;
1,94307164213196;
1,7122285011589;
1,64205757946734;
1,29605965622849;
0,997369692309705;
0,808069066672575;
0,549238725090529;
0,379749954844857;
0,399436928923366;
0,444729856271571;
0,506070475129669;
0,746435607443897;
1,20847923428785;
1,79153565901952;
2,35601234337454;
2,79712635840782;
3,12621830471558;
3,37115515182473;
3,49540475316519;
3,47826001834684;
3,35531472351806;
3,17365827887415;
2,2297239643834;
0,319722377326446;
-0,537267005481973;
0,0497502329385713;
0,179894927741742;
0,538555009051514;
2,04497758875013;
2,49869321334793;
1,44595731181043;
0,897343867666107;
0,626945847880189;
-0,110248152678786;
-0,33364307000478;
0,0607057929987188;
0,284386134974944;
0,509198158822502;
0,97638331592333;
1,36963665450095;
1,61702538236075;
1,86422276485307;
2,08508855614834;
2,20791593167428;
2,25928005862441;
2,26535815856384;
2,21954887552285;
2,12880682060917;
1,97474680925334;
1,75757910703794;
1,61391668748601;
1,74615170715146;
1,52702245113352;
0,335635160188434;
-0,397077191292817;
0,00167533857833321;
0,147619611309047;
1,48301005944114;
5,31885004141593;
7,31011612988894;
6,05140783550879;
5,44184348141052;
5,67150580424508;
5,15536173298889;
4,41262422171128;
3,78574643822071;
3,16486512193007;
2,6298617529808;
2,11660132035611;
1,51698695751453;
0,957134343222951;
0,578103184513293;
0,302324124861584;
0,0354499174218275;
-0,0668352634422951;
0,00660769374483469;
0,0223802875259744;
0,111547521148833;
0,417801286034237;
0,557312489124377;
0,468038127936319;
0,578737398695235;
1,14445008034152;
1,96605555002198;
2,22703438350076;
1,80580558448578;
1,44178513847378;
1,14059037245581;
0,725278735764318;
0,455889788022005;
0,327200124510563;
0,152337130406294;
-0,0105083279164665;
-0,0805287993139176;
-0,155636597044063;
-0,269596885488685;
-0,350488771565292;
-0,414193496744875;
-0,527022267921536;
-0,638247163270136;
-0,613035365855804;
-0,411629333529576;
-0,12454598973095;
0,119291146357481;
0,265588275413975;
0,358116014693431;
0,395886138438954;
0,318979885029686;
0,15209676669261;
0,0337188857142315;
0,0866023094218615;
0,289856326544757;
0,580285460788918;
0,941384537675827;
1,29094174706165;
1,54384004477964;
1,67308780329344;
1,64070707388309;
1,52204007663495;
1,42246580011904;
1,31228018196532;
1,16974141087432;
1,01595615467394;
0,896627547662882;
0,836500482459199;
0,740060687672744;
0,543583639708073;
0,338428691996616;
0,20016323651652;
0,0698217378133107;
-0,1065395617203;
-0,294807008021854;
-0,467038136323784;
-0,627192239006948;
-0,771008763834872;
-0,863606943762111;
-0,838487855971361;
-0,699985229103499;
-0,55009600605773;
-0,425947387492111;
-0,24912189002754;
0,0172819348708038;
0,252371795001873;
0,368740458687504;
0,508880022436986;
0,761622483610819;
0,96366493939624;
1,03049076527304;
1,01987966691188;
0,896276289181906;
0,658631774504852;
0,409463350460001;
0,176325304597341;
-0,086148013446864;
-0,386804722803717;
-0,714714938823045;
-1,08166287287134;
-1,43987424276427;
-1,70280165783248;
-1,84384258940059;
-1,88618449878198;
-1,91094243672946;
-1,45529556376682;
-0,249080558791178;
0,361421223749039;
-0,0216389045756433;
-0,125929391541612;
0,000706262266229437;
0,022563188883788;
0,628862375577289;
1,67581649726324;
2,42381234007353;
2,98252155591992;
3,65377524355507;
4,34497185208454;
5,00940498522252;
5,68826066457037;
6,34151443749981;
6,95596587725905;
7,55379794166522;
8,07318182484092;
8,34713742239869;
8,26558207202871;
7,94832925109545;
7,51534130531082;
6,91967847423746;
6,11345102567745;
5,14910891006881;
4,16819068110856;
3,25382390802419;
2,38553990695467;
1,59680929018732;
0,803659076654035;
0,0494374147888562;
-0,171221355384321;
0,0327400586642507;
0,0505368716827248;
0,111710628494209;
0,361236124742198;
0,117869385397482;
-0,530519101426765;
-0,843869088061622;
-0,63651068646093;
-0,107295188784941;
0,154455178083761;
-0,00806827439465522;
-0,0544494361554554;
0,241756848367651;
0,901196825660686;
1,67624754120085;
2,26891399856281;
2,80944021201985;
3,17213845714565;
2,9817262450602;
2,49659257225869;
2,30924007278139;
2,37986834024677;
2,35722572136953;
2,27460665624583;
2,26710663648411;
2,25463372216535;
2,09519307307106;
1,39708267819487;
0,182266019920669;
-0,328274227741615;
0,0339638469502283;
0,108595435614089;
0,315862262656984;
1,16167619771844;
1,30903728483047;
0,610531292729848;
0,280631116742434;
0,0811288719235314;
-0,354422121601659;
-0,364876182566223;
0,0301563782193491;
0,272095598455559;
0,378043156377297;
0,486625406699626;
0,594979439697507;
0,743332779773648;
0,845022788416927;
0,621601299528041;
0,0857925205508188;
-0,149540522536767;
0,0151402403029968;
0,0495048135834017;
0,165553265990396;
0,637368669531307;
0,812018590538288;
0,517425766540224;
0,359869949654251;
0,292777009882513;
0,0460335216088361;
-0,0762334742218666;
0,00810617088272948;
0,0248835217163116;
0,0139512631388254;
0,0535211645429825;
0,00102348533549831;
-0,0729550063776987;
-0,0318983312490168;
0,0118836311484714;
-0,00105926705464325;
-0,00456529224408395;
0,0024130412224739;
0,000592309768280708;
0,0459414058674323;
0,169112112906123;
0,28480571187407;
0,383056914208958;
0,488189010138037;
0,532441472964263;
0,507986958333565;
0,440674394251314;
0,338380297242932;
0,21549849211879;
0,0805047173500796;
-0,0231233533074869;
-0,0680231455631765;
-0,0594023719689658;
0,0231189427104418;
0,164512418660919;
0,261261189902785;
0,227377712847091;
0,151125101017149;
0,158902205054891;
0,163000641721757;
0,0695193833191854;
0,0370267339870945;
0,151826200152461;
0,247619443338411;
0,286864281509713;
0,350634909095077;
0,38008572285231;
0,345739540742035;
0,341712785798654;
0,43919312001246;
0,613935304078558;
0,750521969743236;
0,768902074898805;
0,718286728929601;
0,67717724719476;
0,652615493675672;
0,634057886067613;
0,671165461084836;
0,753043756932658;
0,844066817559947;
0,974439433504724;
1,03455670392237;
0,924059389094468;
0,790492307602891;
0,773602618742796;
0,828268057447929;
0,860360518083057;
0,917737633155392;
1,09930363548334;
1,25467360434791;
1,22826783280567;
1,17951663125117;
1,17868578814277;
1,10908657761171;
0,98378241316905;
0,840494586733302;
0,683990328063086;
0,600721208831413;
0,667980928461347;
0,810300407110456;
0,890682557991119;
0,952962660466;
1,11815683544245;
1,30171273745498;
1,37543584012644;
1,35396776658933;
1,3347317202174;
1,40954520323684;
1,50897351806768;
1,53479692104381;
1,53450651792964;
1,56522872136062;
1,62064979408371;
1,66392428998448;
1,70400686533798;
1,77514695122378;
1,81470815046349;
1,69884403857217;
1,37456192038669;
1,02426274585071;
0,94833383697563;
1,19933449862511;
1,67268266833579;
2,25441578964953;
2,68883857830152;
2,91288133494508;
3,19090505979936;
3,50147462452599;
3,55103265698121;
3,34637701026895;
3,13798036418817;
3,03013939634443;
2,90758543296055;
2,66311426839095;
2,36411249780494;
2,1037554833513;
1,89799914173669;
1,81410961960294;
1,88164963916103;
1,96607647201575;
1,94650172363569;
1,86154366176839;
1,85332299657273;
1,97341132419307;
1,55167041342966;
0,26499887891443;
-0,387334028109815;
0,024457046395844;
0,134336173720411;
0,280896030141078;
1,136255155318;
1,5153860098384;
1,1921289914087;
1,20790243897689;
1,40788714475278;
1,39612131338619;
1,40000122043666;
1,35226226381016;
1,10442117104076;
0,834204702157153;
0,724975975327554;
0,708175746358696;
0,639985130620471;
0,51028707373502;
0,381601507147688;
0,306649882897112;
0,297804667772552;
0,31040602571054;
0,32088322925348;
0,364903002854024;
0,4441339722074;
0,51841392937974;
0,600373704416179;
0,660364824434463;
0,665391003004303;
0,724700106982725;
0,837860460999228;
0,921696103918326;
1,03981316661186;
1,16904058468326;
1,20063928459739;
1,19768976079499;
1,26895711049619;
1,34293390747655;
1,32522267578339;
1,25906813039182;
1,16922948351382;
1,0657322065789;
0,955393732141406;
0,750249460512291;
0,444711614111865;
0,188493747839211;
0,0475367491872473;
-0,0516134121411565;
-0,161602673962189;
-0,252214382825518;
-0,269466265010216;
-0,215096842741541;
-0,15177611459355;
-0,108359634061167;
-0,0338188573533819;
0,0267267937644459;
0,00493691551906871;
-0,0122188949576846;
0,164200234512555;
0,58831173217022;
0,903186917260952;
0,971689701633922;
1,05968523203142;
0,84466023770751;
0,130020172518156;
-0,210672658240876;
0,0192159338112856;
0,0704470066401693;
0,11598367298831;
0,474623813165299;
0,54345713253085;
0,196997112775767;
-0,0325086137549083;
-0,0596376107961674;
-0,0217585441235478;
0,0160223867603938;
0,00328613384623386;
-0,00742997894637143;
-0,123450079226636;
-0,427594340361402;
-0,604325796300785;
-0,55959020629657;
-0,4937478811401
