-5,11311884651053;
-4,73835462580425;
-4,48779395434338;
-4,35739468492623;
-4,01844086015882;
-3,53246011425265;
-3,14394416039089;
-2,77684301569393;
-2,49391943766386;
-2,35958406197413;
-2,30074415298279;
-2,47002311984662;
-2,77712141968208;
-2,88263516855353;
-2,91396842893625;
-2,96541989321245;
-2,83227660405485;
-2,58968105320094;
-2,39094451546428;
-2,30185531101316;
-2,30767073485712;
-2,60398062578498;
-3,09999888704429;
-3,04904131463473;
-2,9838919942463;
-3,47374745971183;
-3,45851155046282;
-3,19575340974937;
-3,50073201395197;
-3,55594211315551;
-3,46119356619749;
-3,79885800972486;
-3,84857799520981;
-3,72983328423505;
-3,78779927708748;
-3,52916116827041;
-3,49995929513493;
-4,04603946450405;
-4,45355790111191;
-4,57964744781322;
-4,64334411098669;
-4,54809224885905;
-4,20843922742458;
-3,97261006909689;
-3,7006755123149;
-3,26665672012699;
-3,30213515655373;
-3,35457733539793;
-3,08679383999924;
-3,29957970836817;
-3,83167368668765;
-4,31428773028154;
-4,82838315035826;
-4,82735664839393;
-4,47417102304381;
-4,72010102346662;
-5,24661230298096;
-5,3724065606267;
-5,27165025134096;
-5,06677568963933;
-4,85782192039441;
-4,93331232112063;
-5,19130160907049;
-5,39669491137261;
-5,45713250757802;
-5,23876200635374;
-4,78675243486069;
-4,36210678710325;
-4,11039410445869;
-3,98000806555023;
-3,92072470618547;
-3,9457045225095;
-4,02243559615983;
-4,08659468510071;
-4,0843949518028;
-3,9895978868429;
-3,82797587097678;
-3,65167175355146;
-3,5466441673782;
-3,52607770711425;
-3,4235995655851;
-3,16803292034447;
-2,95614305013572;
-2,89603269150057;
-2,93648241019412;
-3,07978701823029;
-3,20488791490527;
-3,25616955135513;
-3,4185960902742;
-3,65683548056718;
-3,7615448734398;
-3,67771940728207;
-3,46859220738584;
-3,26201955341635;
-3,14879967687543;
-3,15820427739377;
-3,33173009645873;
-3,59856286538502;
-3,78049137498706;
-3,84914495217876;
-3,92749651101771;
-4,05476794674206;
-4,10708317209069;
-4,04035415779186;
-3,99083682532432;
-3,91720939801185;
-3,71580922992843;
-3,55620144505039;
-3,57865273521828;
-3,64631188042567;
-3,547966984646;
-3,42596100411844;
-3,58894414927232;
-3,83020494433254;
-3,88584616580325;
-4,04269767487043;
-4,46983376052922;
-4,87140545101184;
-4,99553856637209;
-4,81670707564478;
-4,66463507454578;
-4,84045935463131;
-5,06015763233241;
-5,22057036694308;
-5,43900526049262;
-5,66412483472163;
-5,86033001682393;
-5,70646842315643;
-5,20589023931909;
-4,96848486119467;
-5,07442244482044;
-5,07494087033639;
-4,92375339162208;
-4,86959052191841;
-4,83326384948487;
-4,71309472450241;
-4,78319102038676;
-5,01695871381974;
-5,07875708157727;
-4,98758223336947;
-4,85005271101021;
-4,63314883631448;
-4,33145303040958;
-4,0305039542213;
-3,81444044744637;
-2,73252478363871;
-0,411180407602336;
0,663754268842505;
-0,0558816979231814;
-0,224557452826333;
-0,74664862591968;
-3,0602145693176;
-4,50976520178545;
-3,95367311115214;
-3,61535010185824;
-3,82637867904541;
-3,63747019668683;
-3,24531589126997;
-3,11216494785167;
-3,34154365729455;
-3,56179936019748;
-3,49045850633262;
-3,35133847641482;
-3,31996381631795;
-3,40469020193769;
-3,55326352440128;
-3,63738850778487;
-3,68016578819041;
-3,64298863731073;
-3,382927408487;
-3,26993387407579;
-3,6527596320132;
-3,88219074844982;
-3,58484323600304;
-3,51075009474601;
-3,72874610006912;
-3,64502083124972;
-3,5565695391768;
-3,73651806715453;
-3,87852330661388;
-4,17843107238789;
-4,66250876293492;
-4,87584228574133;
-5,09812506974153;
-5,42103027346801;
-4,02921467710784;
-0,591080310775673;
0,975696057660749;
-0,0870676330014073;
-0,328000806369983;
-1,16962612125714;
-4,52894083078665;
-6,18472206763792;
-5,00150888224382;
-4,66958919683595;
-6,31180555119928;
-9,1497337509174;
-11,0813558647383;
-11,2525554776945;
-11,1926394642384;
-12,8417866462222;
-18,51712022617;
-23,6264205475704;
-21,7932937352847;
-18,5461074554696;
-14,4198610953076;
-3,09103963535462;
3,71994763080001;
-0,0317457072142255;
-1,37668383442496;
-4,54680218914964;
-16,7357195718279;
-20,8908463874363;
-12,9316414642285;
-9,37333961749754;
-8,27991824172371;
-1,53352194587662;
2,19631105009102;
-0,154843532153003;
-0,750660546406854;
0,56903330157615;
0,749572474029754;
0,712282286562595;
1,31254684521212;
3,08467806441106;
7,88325522539173;
14,5347532201278;
16,4729417285371;
13,6603984984288;
11,8749960497402;
9,52143473853573;
3,62925460501033;
-2,22406436773481;
-3,82320710882856;
-1,76177393751835;
0,645611987106748;
1,3677639728888;
0,250688853282062;
-1,2793643659274;
-1,02413494946894;
1,31857596733719;
3,96506288493032;
6,08247334133355;
8,1616314341842;
10,3238735887788;
12,3586252507756;
14,0342045710157;
14,8253900416091;
13,7238125007505;
10,1994811721437;
5,48169448419938;
1,59921676921952;
-0,238012777377377;
0,240191796222698;
2,86685100644709;
6,48406185415084;
8,90261886540399;
9,01235963542683;
7,3057813725473;
4,53897207168082;
1,43769082527349;
-1,27978536258923;
-3,16929163049294;
-4,05284849488448;
-3,94538550389595;
-3,22062393627243;
-2,5486360242349;
-2,67590986285229;
-3,74407113327176;
-4,92479129669245;
-5,77510287209383;
-6,65492914931382;
-7,36063844833472;
-7,28897048810809;
-6,56955337472138;
-5,60713034957536;
-4,70992251891248;
-4,41583666627762;
-4,72026145177213;
-5,11700162556867;
-5,69350061012185;
-6,50915969849245;
-6,79408176536419;
-6,04338524026242;
-4,95418405655209;
-4,39377943612623;
-4,48191675198247;
-5,0521588490339;
-5,72685376072431;
-5,89557972149897;
-5,3893756253579;
-4,71779300741337;
-4,34310527739189;
-4,15961114147622;
-4,16539235435921;
-4,61533536259622;
-5,27694115754193;
-5,59484719889582;
-5,19123896817772;
-3,9591703663945;
-2,11963493798184;
-0,487640771486249;
0,0302120587086087;
-0,200113581845935;
-0,0226698418555362;
1,15624254690466;
3,08164154869546;
4,28366871486823;
2,65056677117981;
-2,08721480204931;
-7,43242081307257;
-11,2930623525702;
-13,62145588996;
-14,4095967220068;
-14,1214589074693;
-14,1457419432888;
-14,0951975609846;
-12,0584529093594;
-8,74962500313637;
-8,41466265485447;
-13,1310821044967;
-19,5941439120202;
-24,0348566836098;
-25,3601379292353;
-24,5712765063186;
-24,7194565632308;
-27,1776014621812;
-29,3884478333927;
-29,4055850751717;
-26,860552417809;
-17,1425950891162;
-1,7237707474281;
3,95130705828681;
-0,588709654005351;
-1,22973954351876;
-4,00397385312865;
-15,3155324806182;
-19,2977161991843;
-14,9728397731805;
-17,9108503179637;
-22,6996468889177;
-19,0141097088661;
-14,1891627015502;
-15,3091771754328;
-19,6632047653134;
-18,7544240264989;
-7,59431277872847;
3,06512433609882;
6,89811404910277;
12,2376824603058;
17,8274109496545;
16,6824008859748;
11,3802219373989;
6,34308047813894;
2,34661422830278;
0,245442050565501;
-0,312446307926392;
-1,588128680333;
-3,1443827557632;
-3,36428259147103;
-3,57545493393522;
-5,09811254562462;
-6,76787360400119;
-7,27863912370905;
-6,49566578920159;
-4,95244605298871;
-3,24173612966241;
-1,48999818607098;
0,299066915344859;
1,50472445366678;
1,63933385929962;
1,32873439755459;
1,13247150360659;
0,585122971136923;
-0,527591072761015;
-1,62314585926819;
-2,46253598158872;
-3,31739439907807;
-4,12924441409851;
-4,59942513020787;
-4,70977087788304;
-4,52554452077178;
-4,1119563285775;
-3,60479730822645;
-2,91998663548169;
-2,08039618887724;
-1,39858882354755;
-0,657864324016577;
0,451677977993099;
1,2147457472625;
1,08981248986262;
0,756050887874788;
0,68010405042368;
0,728660928832225;
0,976874763944476;
1,26038910256602;
1,16768163548257;
0,699525993355046;
0,0814269462643699;
-0,566564981121285;
-1,20896899048434;
-1,78650465622588;
-2,12185463028093;
-2,17187987170889;
-2,26110871242035;
-2,60478074106483;
-3,06180792415684;
-3,63985973853247;
-4,70336869224306;
-6,51123791523772;
-9,03821752954068;
-12,1083989784101;
-14,741304683689;
-15,5477870527835;
-15,0122299062313;
-15,2171794404899;
-16,4319427414163;
-16,4898683101914;
-14,6172475313345;
-12,7866551655157;
-11,8425712350587;
-10,9814798619445;
-9,97650231467853;
-8,27772842033859;
-5,83583474128865;
-3,42581399655699;
-0,759880759191122;
2,36895293597515;
5,50078820921685;
8,40947724408647;
10,7904346201983;
12,1312063064655;
12,0651333952235;
11,0018769921115;
9,6784144618682;
8,616840278103;
8,26388406425144;
8,19994158732561;
7,44580097446567;
5,88154426954986;
4,80494322347093;
5,34065176597723;
6,83984880886408;
8,38280986722412;
9,49548102132828;
9,72730031748201;
10,0997224035802;
11,9373588671677;
13,793735259145;
13,3687873244721;
10,4067934805674;
6,70478835839128;
4,35796959463641;
3,11476251378788;
2,38835287142498;
2,57227652331684;
2,1368263311943;
0,510904155395616;
-0,145308429625461;
0,208727762158913;
-0,256534047391294;
-1,64888554086684;
-2,98577498567486;
-3,8155918818247;
-4,15464662213236;
-3,91981483473474;
-3,50105228630497;
-3,88938595147143;
-4,87436158032588;
-5,76899410278713;
-7,16354790306574;
-8,99734598279577;
-9,8876581462218;
-9,33326258609012;
-7,85532765238417;
-6,01855667792794;
-4,55008349921334;
-3,93483394995059;
-3,81314479539537;
-3,56106624759723;
-2,91438366389629;
-2,03853092726944;
-1,39033711208701;
-1,36666080920604;
-2,03234418650884;
-2,8059792045539;
-2,911074212468;
-2,48074323849189;
-1,95324671267525;
-1,18274190383796;
-0,308050079543133;
0,0457022242122868;
-0,361070693381873;
-1,33028311895137;
-2,51268267098472;
-3,46839213312921;
-3,99625496532067;
-4,17648238385704;
-4,10374504402672;
-3,98315223580542;
-4,0850576758207;
-4,52223144017257;
-5,05891537154299;
-5,29013195380424;
-5,30556110799712;
-5,45510165709771;
-5,67856473090365;
-5,81101817356422;
-5,98079844266074;
-6,26714623079258;
-6,31485217699909;
-6,02956735347605;
-6,00706986200677;
-6,29059334022241;
-6,05447348142905;
-4,76501785615001;
-2,38025548177125;
1,07058227738461;
4,87056111761357;
7,23241903162252;
7,00245904299518;
4,36477632007327;
-0,127137672865017;
-4,26509893290766;
-5,34929384154317;
-4,39921723026169;
-3,50075906071172;
-2,14016557596708;
-0,590239512960139;
-1,12537557741739;
-2,45828893851577;
-1,02313461181781;
0,76954468918013;
0,125727421823436;
-0,33955929503542;
1,85400636913436;
3,58216837466491;
-2,75812607608543;
-13,4091885159151;
-17,7112921367831;
-11,3115634010131;
1,21981074898659;
0,469404358286979;
-13,5346528318966;
-18,8672053797201;
-21,2658968855566;
-31,6939338353444;
-35,6511241047682;
-29,4567570415289;
-25,7346774499822;
-24,5945241852047;
-22,0082289899103;
-20,3966983551204;
-20,6041492898451;
-21,2077953702351;
-20,8684515046571;
-19,7199518561353;
-19,1434624690638;
-18,8193410851633;
-17,3462392123849;
-14,5786892467868;
-11,103877408513;
-7,90704727739569;
-6,2793406079333;
-6,45776243393186;
-7,22128841961617;
-7,31637478108101;
-6,47855788240812;
-5,17374098648991;
-4,51668863230187;
-5,32491287570815;
-6,86727092413442;
-8,15854701224795;
-8,76942099187785;
-8,07543095404522;
-6,10709900447543;
-3,99488079329371;
-2,48063237059349;
-1,48086602532253;
-1,01613775852333;
-1,95794872059266;
-3,76397993705634;
-3,38535470075674;
-1,28960031811931;
-0,757942994313425;
-2,20141485295621;
-4,66635256999529;
-6,27129708873141;
-6,03903349138272;
-5,56908985145096;
-5,32264655975811;
-5,08422412294744;
-5,54239085177757;
-6,10781818154187;
-5,81330273762127;
-5,09765155568801;
-4,33295486708779;
-3,61287301182856;
-3,16037483296069;
-2,75297841321698;
-2,86082946084125;
-3,90932175713657;
-4,1636112675441;
-3,14707625483782;
-2,55221000132981;
-2,9728871238055;
-4,32798229354614;
-5,45999842876568;
-5,3011629773546;
-4,8351710380963;
-4,69775023258328;
-4,58465188075112;
-4,52831532531618;
-4,64567745430115;
-4,73155116056057;
-4,50627990367894;
-4,06620221011582;
-3,70083328553215;
-3,4102594579898;
-2,95908417182472;
-2,40020675001104;
-2,17872661618636;
-2,37560441530482;
-2,44956472728391;
-2,13440251042252;
-1,71539919985559;
-1,36076945883772;
-1,28362766468353;
-1,85219447893558;
-3,06818635721035;
-3,5146755522801;
-1,92797740790307;
-0,754344302143154;
-1,81718303174348;
-3,27970901071955;
-4,10359857332845;
-3,99019699069686;
-2,88291031703186;
-1,69665094873759;
0,00113682828895522;
0,700853729616222;
-2,32457898572661;
-4,26393518310178;
-1,87248092035009;
0,591361725074878;
3,72478181502825;
8,60443865838975;
10,5116967424787;
9,0736159877848;
7,7935169443741;
6,01493036986342;
2,7757872225385;
0,592859190420727;
0,892601015817883;
2,33818825682233;
3,47017346925958;
3,54853913856797;
2,82685381163055;
2,1900954571405;
1,91676219202681;
2,31514058542184;
3,2007203884005;
3,16413939572527;
2,20713115309737;
1,78424704130586;
1,96950561718844;
1,93603702590376;
1,78733411442281;
1,92194245053405;
1,68342663049465;
0,545636528228168;
-1,23906031108274;
-3,95929676572751;
-7,13129257469123;
-8,25897951309668;
-5,47404850791389;
-0,101935631928762;
4,15187647882752;
5,00527015439709;
4,09000421492711;
3,51906111276807;
2,81059666992248;
1,63209108540082;
0,504790112428499;
-0,906708921197459;
-2,81575064476842;
-5,06350672652576;
-7,02709844738063;
-7,48039512283138;
-6,44822990798391;
-5,05655158347268;
-3,98612087669529;
-3,29286683986143;
-2,66454722556888;
-2,0959950859657;
-1,73050509948739;
-1,39731013142741;
-1,29556890244862;
-1,75651240852459;
-2,41458315902262;
-2,73986346071438;
-2,80135094879616;
-2,94640212059852;
-3,10265039177092;
-2,96545680912325;
-2,66871480085536;
-2,70482043542649;
-3,13245177418731;
-3,35556320411825;
-3,140420582301;
-2,8896473383901;
-2,83228327857981;
-3,06560813278707;
-3,32794799501453;
-3,17737917650161;
-3,24635569593184;
-4,08051031945905;
-4,74076666219462;
-4,69782142736631;
-4,73627244534987;
-3,78158073482238;
-0,712153678315363;
0,9574705172969;
-0,0394210407596808;
-0,341000957394743;
-1,64183259638266;
-6,08828259683493;
-8,25429973980069;
-6,71360269437878;
-6,45079566189535;
-7,26173522190733;
-6,687387236299;
-5,18038437144426;
-3,18314019832836;
-0,938605760068133;
0,64711707923343;
0,815084852305279;
-0,702365722282532;
-3,29139733174805;
-5,35520242591713;
-4,20370797292223;
-0,110190542676729;
0,570022881322052;
-3,36251437383403;
-5,79873737338997;
-8,1429182135573;
-13,2227111630447;
-12,1812531704754;
-1,64985355102273;
7,65009009713853;
3,82239144729642;
-11,3521082925077;
-15,1132820918615;
-1,41997756940375;
8,6487784181074;
5,6975815787337;
-4,33021737102087;
-10,5363329822936;
-11,2123234864626;
-15,3727896611784;
-22,3806014166766;
-24,5988212794451;
-19,7813977518499;
-14,7752720147317;
-16,3495378884423;
-20,5226889679262;
-22,9593773341037;
-24,8612222337658;
-25,0018771243838;
-21,9917601956552;
-13,9718133563978;
-1,70002350692681;
3,25522569600592;
-0,375425810690866;
-1,06059442173658;
-2,92139722756597;
-12,2269402162453;
-17,6381364377829;
-14,8834812812608;
-12,297171989328;
-9,88804350233568;
-5,76989446705886;
-2,96176679721113;
-1,3451771114808;
0,44918953771207;
1,77834041651355;
2,46645062640917;
3,15216058718823;
3,77515774738354;
3,77559603213226;
2,87219504408423;
1,07677859077497;
-1,4183160355642;
-3,72926004226554;
-5,06414601819716;
-4,25649621891639;
-0,859971655882133;
1,07535244195957;
-0,0183831269943096;
-0,394544219233986;
-2,21448629280972;
-8,01796243106399;
-10,7671944374169;
-8,68615617708914;
-8,01299195191416;
-8,41888913512516;
-7,45465922226091;
-6,18435977217488;
-4,79245890529982;
-3,1163731334163;
-1,97079706309257;
-1,61794510050285;
-1,55434029888831;
-1,50251049619548;
-1,59088205245935;
-1,9906692787235;
-2,54685114405544;
-2,93427691981528;
-3,11607940050493;
-3,37702167119462;
-3,85512546796388;
-4,1880308865668;
-4,11274502136866;
-3,96142957294716;
-4,00102265022769;
-4,15403857074243;
-4,35351609057478;
-4,53423197400768;
-4,74683962806671;
-5,01102143530612;
-3,80995360392998;
-0,606533108162232;
0,937658153658237;
-0,0709366160189403;
-0,320398438022113;
-1,7196839450952;
-6,33448397340261;
-8,56466756707183;
-7,00054833780912;
-6,65199387012954;
-5,60165054843451;
-0,987868676342735;
1,43350754835059;
-0,095450990366346;
-0,493922461825703;
-0,943193664365089;
-3,86784858438226;
-4,92950695377308;
-3,43807346391793;
-4,00017282273375;
-5,60536338171414;
-4,70011485224912;
-2,39502366215014;
-0,179056570611055;
2,29747202018244;
4,46672802371794;
5,95184445457798;
7,33327537200956;
9,03729383172846;
11,3626130752977;
11,3310239902232;
7,15978697819099;
5,62375640861647;
9,12816204992611;
11,9632093896651;
10,9873648458386;
6,3254543169805;
3,15472008236936;
4,16402027119066;
4,97346056295321;
4,60988313551343;
4,18238174041962;
3,15697597546062;
2,58342599247062;
4,02772935554666;
6,57701027603371;
7,84909133867817;
8,06933405087564;
8,73030380093385;
8,62725359197016;
6,98226802414474;
5,89949771486722;
6,88700237413082;
8,38737345604437;
8,18110698254079;
6,67478007129479;
5,19266225587833;
3,97248558556881;
3,2658568809874;
3,27019843434117;
2,92877041518878;
0,635186845843251;
-3,00138174033083;
-5,11591349592742;
-4,56102244740659;
-3,21234744877699;
-2,83763069024771;
-3,7422325321204;
-5,63962692883126;
-7,59853683585096;
-8,57248850309774;
-8,12003384325368;
-6,47036685026612;
-4,73990532391457;
-3,89813537705244;
-3,7778329051058;
-3,89398897781808;
-3,78197789970386;
-3,14579758109213;
-2,58344789835184;
-2,79458373756141;
-3,73174287321962;
-5,05434790926482;
-6,17515781787578;
-6,63859329966058;
-6,7118345941188;
-6,6187652183584;
-6,08822045586184;
-5,12805148678423;
-4,28241486299217;
-4,04890515252282;
-4,24551954177901;
-4,31732753121147;
-4,21981479024501;
-4,10929566993136;
-3,9396753030136;
-3,95052019255168;
-4,43562161172883;
-5,03481229294975;
-5,25406204544546;
-5,3061413157559;
-5,47917817578666;
-5,5606035043114;
-5,48080862609916;
-5,54550926712712;
-5,90966621788369;
-6,28431520108969;
-6,30872804406725;
-5,97498058107479;
-5,44626447177824;
-5,30868623807677;
-6,01801035704401;
-6,50198369780674;
-6,00958303236023;
-5,35977002958946;
-4,71372589454419;
-3,70270579504088;
-2,73518167583933;
-1,9296027673429;
-0,856328290200036;
-0,899833197208659;
-2,98794587184168;
-3,7123191980158;
-1,881747488898;
-0,512047353032912;
0,182927612037724;
0,886697138011657;
0,239582315579141;
-2,08680821117934;
-4,78964872196156;
-6,45751635235575;
-6,44855637998813;
-5,25897155988999;
-3,74442757149652;
-2,58251908818084;
-2,988720827896;
-6,06010454541436;
-10,0108054806842;
-10,5577230808862;
-5,97018382928994;
-1,76328488015232;
-4,76685666425383;
-10,6365585859412;
-10,8109768943829;
-5,63286719141147;
-7,57297054345852;
-22,2367670193899;
-26,8686158500036;
-14,4017991142878;
-9,55324086178756;
-18,3571342561578;
-26,3972580314091;
-23,4396501542125;
-14,0191772321094;
-10,9861748923182;
-16,2672724116912;
-21,9654793072229;
-23,1351005683911;
-21,9977211983033;
-21,5069093103094;
-21,1358184500896;
-19,3570798463277;
-16,0203974206006;
-13,750534483812;
-13,7299722588109;
-13,7717494947211;
-13,3215249949875;
-12,9925795924811;
-12,1899846070263;
-11,2982342785999;
-8,30065541575943;
-1,44138914858276;
2,05246313512423;
-0,109501661292508;
-0,721347346101983;
-1,76015377485296;
-6,9729093642395;
-9,11502387193487;
-6,14471931339138;
-4,71979081517087;
-5,19462957709983;
-4,50286669180983;
-3,20418186564643;
-2,51549189882229;
-2,40988974709417;
-2,25619022460572;
-1,84409402923712;
-1,62938075975787;
-1,98283574376928;
-2,70800120248753;
-2,40723348104969;
-0,451728182365242;
0,618998367593813;
-0,0312572531406253;
-0,217611493091506;
-0,92513922943444;
-3,44762079881645;
-4,61699989270014;
-3,49486202946906;
-2,59392841917068;
-2,63741740878652;
-3,54749193681799;
-4,1992764754261;
-3,59746803193046;
-2,70526793472734;
-1,29887752565211;
0,707498827149731;
1,29731919790599;
0,482250693326701;
0,118608184222774;
0,0569268792119164;
-0,358978907392831;
-0,883923294292357;
-1,46246009344333;
-1,95588927341443;
-2,14823493322216;
-2,26695403572614;
-2,43842726517671;
-2,37263143378662;
-2,00229409838754;
-1,76568547444522;
-2,15822152073846;
-3,13037489565511;
-4,09486814171761;
-4,71920331589006;
-5,04397107124677;
-5,12103774676288;
-5,34153853807711;
-6,01026086364532;
-6,70300640031023;
-6,80644291512199;
-6,35417140302541;
-6,20330439553572;
-6,57725887821839;
-6,80136306669237;
-6,75602555136504;
-6,14913439436046;
-4,34193488031735;
-1,94481352164533;
-0,185006448517257;
0,930428362524988;
2,20454189894971;
3,77509353480968;
5,31637181958472;
6,71313855985453;
8,1693799914573;
9,916554148226;
11,5160833278577;
12,4651662911254;
13,355367476226;
13,1273747423278;
10,7699363208068;
10,2773888047337;
12,541124016736;
13,7859438479801;
12,040329579771;
7,19514614335559;
4,83255380693792;
6,89164104492867;
6,16866390949799;
2,03601529170288;
-0,313378780946354;
-0,239120388523164;
0,155587055322288;
0,0286890888318441;
1,13482127341474;
3,02487689691805;
0,364995580738552;
-5,98237649583252;
-8,89857744879673;
-6,17592009381946;
-0,797167005558179;
1,4274997286735;
-0,140088739876788;
-0,476357700401012;
0,549682011029136;
1,47140664903173;
2,78950728648076;
3,40114950872618;
2,36182969157977;
1,07320379675992;
1,32323075736318;
2,79434965653822;
3,43138013874681;
2,35067879108189;
2,24663957043717;
4,74563341289201;
5,17198906348327;
1,24910481102271;
-2,77176339467323;
-3,4402575988541;
-0,831791410223606;
0,91898092837503;
0,014042806296906;
-0,348892772724635;
-0,650133085888134;
-2,58521888452943;
-3,40045810109696;
-2,32801595849317;
-1,86310086023982;
-2,33209730499773;
-2,88041312410882;
-2,92738631454683;
-2,38189312031604;
-2,01491771182476;
-2,5365154455952;
-4,09098842785783;
-5,41907082498138;
-5,80410633638314;
-6,09850890777867;
-4,7211131522856;
-0,754149110980432;
1,17046004277391;
-0,0917610179243552;
-0,398260198056273;
-1,08513002010674;
-4,07737580582178;
-4,84424578893405;
-2,72054492695773;
-2,04907802439741;
-3,24612904303431;
-4,47900937258383;
-4,22348221148215;
-2,78781271035508;
-2,24946751118291;
-2,69991272708463;
-3,52205602203437;
-4,58334429570121;
-5,17849474487939;
-5,02512717867238;
-4,39908772228572;
-3,48225243189348;
-2,84933175924232;
-3,28576227887997;
-4,54811381713527;
-5,51550455159804;
-5,77023309610119;
-5,83015327746823;
-5,85320136848291;
-5,30239974984967;
-3,77449080521997;
-1,37289985864539;
1,56377798173868;
4,64818225338101;
7,01176290258482;
6,88615476450974;
3,35551838318265;
-1,39424116829518;
-3,96391084341874;
-3,64797398756968;
-2,1497852080475;
-0,24131330133555;
1,99824311458873;
3,21706324803032;
1,85152717950016;
-2,25004266429956;
-6,68065583076992;
-7,56755765616741;
-3,43874786779491;
2,20501401749452;
2,45794955517241;
-5,30723629089976;
-16,1328425786228;
-24,9327994735235;
-30,2215042215067;
-32,2033828078957;
-32,8455537881781;
-33,9207806112533;
-34,4975796896755;
-34,0317096821284;
-34,1438228227714;
-34,5822417784448;
-33,4240711070986;
-30,6239783095508;
-27,2411303253031;
-18,4693319171379;
-2,69682046410615;
4,40207656605416;
-0,363800696040232;
-1,49491483875048;
-3,46346058130215;
-13,5328995246879;
-16,8919001100702;
-11,3359106046971;
-10,2777501411374;
-11,3924418131774;
-8,53060315154119;
-5,39296094533631;
-3,59897495763708;
-0,824646836721417;
2,98956951312047;
6,44979950301549;
9,60684163301844;
12,077017343705;
12,4511399553102;
10,797981448871;
8,53669381347665;
6,52535254635395;
4,63647439545;
2,26660795707111;
-0,924346945568074;
-4,09221221689894;
-6,21982387262619;
-7,60203220507193;
-8,56479086864163;
-8,88224824611694;
-8,60713939882103;
-7,88982353542971;
-7,02601314400778;
-6,18045749973922;
-5,08370056266535;
-3,64833274805172;
-2,13111740514843;
-0,884757184004434;
-0,0315565808914971;
0,450605599925487;
0,351859413351358;
-0,336505801760584;
-1,20659941748394;
-2,0549865065512;
-3,02363777842221;
-4,1726942141247;
-5,18379098353853;
-5,52716282770931;
-5,24747405324955;
-5,16208608053683;
-5,70008758579155;
-6,33317004841342;
-6,44931537395348;
-6,05555504928213;
-5,64545205315572;
-5,71437602567022;
-6,22648506122933;
-6,47765942458514;
-6,08338766082528;
-5,01774423478388;
-3,46419346784688;
-2,80778101141785;
-3,52559655706476;
-4,3321656447572;
-4,74354947461613;
-4,96834386038622;
-5,0881401513903;
-5,34205206233866;
-5,42044502539676;
-4,9163625012942;
-4,72090153879875;
-5,02429016760012;
-5,00702739913373;
-4,9705968172464;
-5,23468926529538;
-5,48669591571739;
-5,43966568351104;
-5,49266539580705;
-5,76370699463593;
-4,5662951519946;
-1,55699290553754;
0,859765419584178;
1,77393564805284;
2,8467891249121;
4,50497583566102;
4,80209507091372;
3,58068023799991;
3,54173236125589;
5,51123047359002;
8,14662667889122;
11,136356956747;
14,1137050189554;
15,5254184486048;
14,513466452576;
11,6941978468959;
8,59602587375385;
6,6183619106818;
5,795137509014;
5,63628484746106;
5,41619651879829;
4,57653383841146;
4,43773152511168;
5,4998965289099;
6,20985330929952;
6,04786400556736;
4,50801256993153;
0,38759592812054;
-5,17067044235518;
-8,67608792952591;
-8,64540303704982;
-7,48911451318907;
-7,11557385816173;
-6,77586088907073;
-5,55786523771763;
-3,29094520975605;
-0,52204245664686;
2,0650400324355;
3,91196529159719;
4,72131701719293;
5,060302030813;
4,7877872967888;
3,24525878746352;
1,57549725931956;
1,74498477843135;
4,00052932454538;
6,75312323905799;
8,5196083338106;
9,16982914941705;
9,06271287980895;
7,90600838303273;
5,73807260461949;
3,67675558890705;
2,17083848741532;
0,395484567373388;
-1,85859656535075;
-3,68927385040832;
-4,64950950955367;
-5,04264849120797;
-4,99565547862718;
-3,50330929432212;
-0,49894472796925;
0,83747812560054;
-0,0757512566195648;
-0,28142152246646;
-1,1072578916065;
-4,47349621254649;
-6,81214456215799;
-6,63424315711865;
-6,3215596348697;
-4,69303805402038;
-1,50769717428978;
-1,14200481553794;
-3,17838794818126;
-3,73211652512655;
-3,55815488046519;
-4,05915936214717;
-4,70403814002679;
-5,40437503081356;
-5,85836616112113;
-5,64879953883515;
-5,18406445050886;
-4,98395626581893;
-5,0818644975677;
-5,41817876390711;
-5,84675036482635;
-5,87931363029808;
-5,20213742849908;
-4,23793437071512;
-3,60425431184082;
-3,34851898771653;
-3,31393602202008;
-3,63817295986099;
-4,32482749926802;
-5,05404016159608;
-5,59542378270334;
-5,82660332490516;
-5,75110430774944;
-5,68041965358143;
-5,76945399325691;
-5,90109696500316;
-6,12084173710536;
-6,52542989317154;
-7,01309993610728;
-7,20915334895231;
-6,77342509624875;
-6,16993312031861;
-6,33428941850035;
-7,05361819127337;
-7,26362143756221;
-5,06950975604859;
0,0753787574346728;
3,55627515127149;
3,11688659076908;
2,07919998397742;
1,18370938291535;
-0,00686654473137941;
-0,263452538553614;
0,0883321341855857;
0,0605185487043778;
1,19714953466735;
4,52975422046306;
6,47584707327205;
4,17687028072453;
-1,47323891607097;
-5,29621816861666;
-2,06660012561837;
1,65345957454126;
0,215383742002856;
-0,705392182335719;
-4,67717608106748;
-18,9745325494172;
-32,7144556839188;
-36,7077943849147;
-36,1919830670118;
-25,687427036611;
-3,39388798315894;
6,17118995075885;
-0,684631775108797;
-2,01666427665566;
-8,86789827950493;
-32,6955066217559;
-40,9039796995099;
-26,0375809888615;
-17,5153439968622;
-13,0850676857433;
-1,64634804499454;
3,282313779128;
-0,463623095412672;
-1,02413055762621;
-1,46800515715669;
-6,19415380678915;
-6,33060158780009;
-1,00306053615367;
1,57499093967909;
1,1130726933201;
0,300142799941049;
-0,247239806257232;
-0,0465424269040775;
0,114251512942081;
-0,565567014928646;
-1,39112666622267;
-0,487920840780277;
1,63335044633703;
2,76177638790938;
3,42098647610448;
4,46602212215763;
4,58362396184823;
2,87938455807032;
0,0147001163528216;
-2,96682706936745;
-5,13794945985039;
-6,08040030038508;
-6,13852289649876;
-5,83025171723214;
-5,27788888757105;
-4,98646371275222;
-5,66768325739407;
-6,31054823145179;
-5,91355865504046;
-3,88284477725536;
-0,0957463857248162;
1,99455661832858;
1,25598575890172;
0,855996212176166;
0,90829537099847;
0,568950955627971;
0,828018951994055;
1,37926989375018;
1,23944146952276;
-0,116762591367481;
-2,48339879462343;
-3,59916522148605;
-2,81553381788179;
-2,29159435678132;
-2,49519261023251;
-2,79370772231764;
-3,029574301428;
-2,8795414554555;
-2,47742309252039;
-2,28518416882026;
-2,25077891819931;
-2,14698130884469;
-2,19302829855535;
-2,51403174452296;
-2,06229507251576;
-0,364070160467306;
0,517837303619179;
-0,0292550849925942;
-0,181033703457065;
-1,92540830418078;
-6,86099108172858;
-9,59510309503038;
-9,09665769243063;
-10,4682063689876;
-9,50934834130171;
-1,85597447993846;
2,47259681008276;
-0,109107049496598;
-0,875442066392627;
0,606217070852196;
1,13099554150943;
1,86341055053271;
2,73733198653828;
3,55270645161439;
3,6052386473644;
1,8253633346178;
1,14993673279902;
2,68746601842513;
3,84333413725623;
5,51961157554469;
8,03153964123127;
8,16165303536869;
6,68569634058296;
6,31033402552269;
6,78743193421907;
7,76881515003044;
7,9199771283616;
6,86464047317737;
6,3237666508821;
4,61062437111212;
1,58253164526241;
2,48008109945244;
6,32097402271591;
6,53218255021415;
3,04022833210122;
-0,0224055484859832;
-0,562966044871148;
0,163260731958221;
0,144472446444657;
0,467487910302124;
2,92762319325811;
6,43154695234933;
8,51227032142702;
8,47822582286468;
5,64904016954254;
0,665735417598723;
-1,32723557091161;
0,167310230120878;
0,425753465084625;
-1,43339529109319;
-3,45049780267238;
-2,3162787468214;
1,47159967129298;
3,15224881806886;
2,01030799551076;
0,222346889029012;
-0,438270247962635;
0,0460295251873758;
0,145769091745965;
-1,11777534129279;
-3,80179042251848;
-5,48082283329082;
-4,81577138667611;
-4,30116586971779;
-3,58065766465842;
-0,750194539065244;
0,930952476541684;
-0,019380024209689;
-0,339242882824551;
-1,63608638496222;
-5,8523683826181;
-7,54228772550175;
-5,79350961811282;
-5,79597915491371;
-7,00351702353633;
-6,84884564531114;
-6,10719744130529;
-5,89942917117588;
-6,28404167597405;
-6,7481028276587;
-6,76681810859532;
-6,24656191016626;
-5,88560115076784;
-6,00655946962033;
-5,9418596585522;
-5,45258636575045;
-4,84401547053434;
-4,18609288386219;
-3,6504802938417;
-3,71277313580634;
-4,42981143576197;
-5,18216805543626;
-5,52786729001821;
-5,51554147368288;
-5,32468852442634;
-5,34806723794258;
-5,87640532984089;
-6,6406036424721;
-7,16513845978158;
-7,22574494167815;
-7,11859286827596;
-7,24688305634594;
-7,39886814867791;
-7,31010150729991;
-7,28021263184333;
-7,52040684097843;
-7,68162559041596;
-7,42424982939599;
-6,91892556962526;
-6,38294024988524;
-5,82814661072162;
-5,34442404414666;
-4,7234864164651;
-3,67259515693228;
-3,03549469543037;
-4,29113988879326;
-7,6949838126918;
-11,8362926842975;
-14,5784715562165;
-14,1738681135107;
-10,1793352403543;
-3,82570713171524;
2,08772173114072;
4,04141041854314;
0,306784011256899;
-6,74480800376648;
-12,1625452041654;
-12,4309801152323;
-8,10418264851181;
-4,35597317735771;
-6,00470459053466;
-11,0997297875212;
-15,8932691267589;
-20,6950616653376;
-19,736821918042;
-9,71500045251874;
-6,84640393212308;
-15,9176071553102;
-22,2661311250305;
-26,472486070167;
-33,969537998057;
-36,8936806548971;
-33,1612591266426;
-30,1320287368039;
-21,8056513828203;
-3,2977541383313;
5,33688044629263;
-0,462115771578597;
-1,79862065752591;
-2,87787150954799;
-13,3060537531409;
-19,7362765439626;
-16,9145650697585;
-15,4695283314984;
-12,3215617553726;
-1,98560533699035;
3,11934296715663;
-0,269438680369882;
-1,0483834454717;
0,390311483718122;
1,01416755759042;
5,25417067720895;
11,3813149681634;
13,1305168951881;
11,6970045417493;
12,2336627577698;
14,7685267690219;
15,7215904215097;
13,742749663064;
10,110273483605;
6,51755832370803;
3,88988251122349;
1,67726912903732;
-0,88822892625346;
-3,17559825657264;
-4,27293300180384;
-4,43557924207153;
-4,51062516272247;
-4,88381413925887;
-5,23327703091839;
-5,0561379117439;
-4,35880652258787;
-3,57754801948063;
-2,93893879400185;
-2,48848926337934;
-2,37578717604308;
-2,61582467290833;
-3,02844220068165;
-3,30497571526511;
-2,43051337572;
-0,335407263976448;
0,587439711798116;
-0,0607923812392451;
-0,193800134210443;
-0,591420959631824;
-2,27455770244257;
-2,96446325605673;
-2,33963551741229;
-2,42237160124381;
-2,48562757494297;
-1,66924494931978;
-1,47602071343379;
-2,01066320723203;
-2,05688521458612;
-1,37845873221766;
-0,236630332738391;
0,326121502792249;
-0,01083952050436;
-0,117975181869045;
-0,514137101923194;
-2,02269448673011;
-2,98206067096632;
-2,6596001603524;
-2,38948448656068;
-2,54899938988085;
-3,19469847542033;
-4,44388568068895;
-5,48397389839707;
-5,91592939755605;
-6,63161371899883;
-7,71249511615861;
-7,54449024340435;
-6,24751864164764;
-5,38121367248552;
-4,77163928433238;
-3,88989718895829;
-2,59365220057026;
-1,11757354117873;
-0,401976938179953;
-0,261985685996804;
-0,0220615294638068;
0,0733408676903003;
-0,018280983431142;
-0,01913970052006;
0,747733697898783;
3,06070248254238;
5,54399409322923;
6,38879085949664;
7,05806877125184;
9,81760407097515;
12,8266244697163;
13,0831588024696;
12,3828325295421;
13,0916574227002;
13,7102662325263;
13,5856361785829;
13,8056306288396;
13,6944221227842;
12,6515929691385;
11,1044477277092;
8,45468865517773;
5,44421495635287;
4,23311556301297;
4,52820576054307;
4,96564882741347;
4,84307146613564;
3,55620702505045;
1,76416945226894;
0,259061285393519;
-1,43099841898457;
-3,33229944164878;
-4,76362172014165;
-5,28470965577016;
-4,85729613969033;
-3,97645704295166;
-2,98735151553353;
-1,50955966444571;
0,314731449389626;
1,18382531002604;
0,674324552135061;
-0,406444725665728;
-1,52777370742138;
-1,9229318747421;
-1,61578371165763;
-2,29834562203203;
-3,88165049997421;
-4,15546528564226;
-3,0461431662808;
-2,12542377961029;
-1,73922396693619;
-2,29338304348732;
-4,21700426696553;
-6,23866753977138;
-7,03804947188526;
-5,66069179861602;
-2,97239200503758;
-3,25089903354615;
-6,28917764388722;
-7,37815733991644;
-5,22106828874479;
-1,8508370575625;
-1,45755986697473;
-3,91751338230198;
-4,70550339045811;
-3,27049057592046;
-1,60901014944716;
-1,92544757688894;
-3,85924122774296;
-4,55540564989078;
-3,82581160216732;
-2,94670447897566;
-2,72301506871548;
-2,97782292469839;
-2,91381282259173;
-2,79707538051263;
-2,86927393555732;
-2,94512555676801;
-2,94018595675503;
-2,84621420409531;
-3,3373498784002;
-4,52664510941077;
-5,08487707299686;
-4,8233753158036;
-4,83656998551551;
-5,19792982978434;
-5,54734245389249;
-5,91187010283869;
-6,40796464639812;
-7,0223480913118;
-5,49901134143293;
-0,910545204232756;
1,36839150800741;
-0,0962557158709393;
-0,470345936970151;
-1,59181323274309;
-6,1985722197085;
-8,56904353119746;
-6,92141467738505;
-5,88020722976915;
-3,59675249849167;
2,2821716303896;
6,02901878799378;
5,84085868751905;
5,99242332806648;
5,56558237624707;
3,48483961127919;
3,75777643195583;
6,12882790560722;
6,71646955195987;
3,89364703071448;
-2,27357295245879;
-7,85675121455961;
-10,3828431265727;
-11,8149366561159;
-11,637260139673;
-9,39603293143742;
-7,27142234952121;
-7,19504079447018;
-11,2252169463744;
-18,9632436257509;
-25,6949652619123;
-28,013457833791;
-26,7226361086348;
-24,2702633401088;
-22,3852767214263;
-21,7303285344175;
-22,5691148790599;
-23,1768832591937;
-21,6388216622239;
-19,7415073577341;
-19,808610130287;
-20,6900498041812;
-19,3718004287705;
-15,3879702457933;
-14,0501963469346;
-18,713541056646;
-22,1516679187797;
-19,3103862558391;
-14,8685787669527;
-11,9865083524453;
-10,1480884332171;
-9,13491280623882;
-9,51269369173177;
-11,8660028588228;
-15,5644415803072;
-18,276598729056;
-16,1241294081266;
-7,76410048534266;
2,25007023115212;
7,82921890886002;
8,13124807061106;
7,3372414015994;
7,71868326295649;
7,86540214270956;
6,58642953729039;
3,3288461848955;
-1,25147794816132;
-4,61016730118298;
-6,13668620997305;
-7,23672398806954;
-7,69367400697493;
-7,11912423130656;
-6,67862799858315;
-6,91233229942096;
-7,27783440031665;
-7,59092899140527;
-7,73880023322168;
-7,1185737491959;
-5,44426745382612;
-3,21216375115211;
-1,01365486872456;
0,713615772477957;
1,37451684679076;
0,767962100183632;
-1,87865769179901;
-4,3603788049077;
-1,39121795042201;
2,56764625561616;
1,15544236694388;
-2,35574580422672;
-5,54069469840246;
-6,69521186826359;
-5,12675290480931;
-4,32305616806986;
-3,51942008724037;
-0,619630814484735;
0,903515251103213;
-0,0620597402331785;
-0,31038413168661;
-0,366928418570602;
-1,62179523238068;
-1,96318150981855;
-1,01411058496773;
-0,678896866242961;
-0,826165403543643;
-0,806603671204432;
-1,14120298675664;
-1,83597592309795;
-2,48471981617902;
-2,20411056042688;
-0,467566251187552;
0,56909940658895;
-0,00720851749660097;
-0,209555022874611;
-1,80743963660098;
-6,07934572539344;
-7,40117845934725;
-5,4324314948201;
-5,82964869985149;
-7,38150434208414;
-7,1915105653862;
-6,48705590930084;
-5,88090004959204;
-4,74114758339426;
-3,54603978473765;
-3,31199716411224;
-3,39592813897466;
-1,99826554752222;
0,910132860594598;
3,49595786872318;
4,77113945078937;
5,02700584055187;
4,91918235512917;
5,28783434704504;
5,63143309795432;
4,99160612813273;
4,56212558471921;
4,97431873480456;
5,43967620073404;
4,39019901083078;
0,877733955026577;
-1,11609689107131;
0,0268834687524127;
0,405822990082253;
0,10930197102571;
1,1030184434255;
1,9150918810792;
1,33987247527768;
1,01470439715097;
2,2264990621578;
2,92556380055674;
1,54506000811904;
0,197070792822553;
0,330244798808062;
0,431173604597287;
-0,434561463314407;
-1,12179066562972;
-0,583199197441546;
1,38507544946078;
4,64134375609305;
7,49550580849257;
7,32552491295307;
3,42357026515532;
-2,88490513070326;
-9,8979035944152;
-14,8262843599056;
-14,9388664033349;
-11,4222148934776;
-6,80371939441917;
-1,70835952666496;
2,42503402596162;
3,42220967323237;
0,696762543685607;
-4,72052392153537;
-10,7183943599715;
-15,3537194462929;
-17,170336224787;
-15,1363613757739;
-10,4455723555283;
-5,99767227347675;
-3,56042500462588;
-3,37528374791397;
-4,86640779571994;
-6,55161352799485;
-7,08123488408774;
-6,49237630817202;
-5,36929003037365;
-3,97606128573084;
-2,69579859419615;
-1,9353837741013;
-1,71276796652375;
-1,97141638580832;
-2,61743697569228;
-3,27702390711726;
-2,70332746597237;
-0,489240097055397;
0,678004390251784;
-0,032826607745586;
-0,239481757034974;
-0,00369557855709931;
-0,318405196886555;
-0,393134140212144;
-0,032554034306911;
0,020239891095265;
-0,314929512025878;
-0,477650855799046;
-0,266885414003316;
-0,0207405484337199;
-0,0308643187983101;
-1,14627406194041;
-3,42873496749811;
-4,39813032864134;
-3,59515705725123;
-3,24294693706161;
-2,56210483762414;
-0,412479588962874;
0,644737100618628;
-0,0539504118892363;
-0,217577933810236;
-1,65405997415353;
-6,00897399921204;
-8,13133608553395;
-6,54488159835849;
-5,65187488044868;
-5,20180573861083;
-3,47736267918939;
-1,74323023248301;
-0,4723843764527;
0,972417153706148;
2,28820780276914;
2,62561089956634;
1,93173829210769;
0,675156873860959;
-0,734871093626668;
-1,87853245188455;
-2,87373281151734;
-4,19751433671411;
-5,27202820671161;
-5,66237550488506;
-4,51531571917647;
-0,955522268123672;
1,14006192697095;
-0,000863230729543481;
-0,426571800639281;
-1,82283792608046;
-7,25731060202437;
-11,7107322754974;
-13,0986306038457;
-15,0723689328465;
-12,6225730977596;
-2,21379435044791;
3,19493265734623;
-0,199878835546143;
-1,10757254828417;
-3,99205789691115;
-16,5209671641601;
-25,3646206329358;
-23,1905531206557;
-20,3903045669221;
-15,2555388128679;
-2,47739530424015;
3,79850645049581;
-0,288873926792984;
-1,29594057875146;
-3,38384370922537;
-13,5415496462673;
-18,7252458028897;
-15,2494547633684;
-13,6664433221906;
-10,6442735738396;
-1,58130959647591;
2,64936967507053;
-0,263104447211237;
-0,87657190662891;
-3,06245203081005;
-12,0608847174553;
-17,0536804334361;
-15,0986960266089;
-15,0025093632128;
-12,9121850498298;
-4,08831090908283;
1,66468401741501;
1,21989035020726;
2,01892589501222;
4,20290234972888;
4,94912191309724;
5,03214584306423;
4,3426657683952;
2,828913687487;
1,50727687774699;
0,624674240050947;
-0,0912247004375292;
-0,7661173056668;
-1,22648134896646;
-1,27087165302106;
-1,31102347688977;
-1,71952712183465;
-2,24051513261903;
-2,65121473322122;
-2,84961758322488;
-2,60309959117827;
-2,09170724670112;
-1,76621020593376;
-1,59170580651833;
-1,51156708596045;
-1,86145307527013;
-2,53814284204755;
-2,81009429009071;
-2,35387681051604;
-1,67643420363378;
-1,2272696516848;
-0,978614747955154;
-1,07335435977559;
-1,72120268593955;
-1,8073992559026;
-0,424483867886852;
0,486812197897838;
-0,000214347399603043;
-0,181310081514572;
-1,06739570270893;
-4,16075130279943;
-6,5368413965819;
-6,78226258203916;
-7,05198207357319;
-5,58091260274959;
-0,902223609051797;
1,39392063773177;
-0,10989129050532;
-0,473711269806108;
-2,40294755319302;
-8,62725739776224;
-10,6451645345497;
-6,70915957338204;
-5,04128469071022;
-6,20984649707422;
-6,95434240948524;
-7,09784617967278;
-6,7449739909898;
-6,34246125640157;
-6,00010381137301;
-5,1995035865505;
-3,7999285080262;
-1,78930065436573;
0,781948680871289;
3,7417369972934;
6,8669587976179;
9,33273151964048;
9,99405171846625;
9,0921990073845;
7,91896158753083;
6,05987089039405;
2,81153868228789;
0,307063705826184;
0,602846243999867;
3,48057300129037;
5,86382024614126;
3,74575614578533;
0,100356161429049;
0,339162498130132;
3,6164102208819;
5,97883108158649;
4,94827144959977;
3,50561929739545;
4,63809535232993;
6,01713263399109;
5,87138096796282;
4,46526599829131;
3,69459664645766;
4,73878455644687;
4,98913471703911;
3,35968955882048;
2,40702178093113;
2,80489337361368;
3,0923040001221;
3,22973069209462;
3,04598069129053;
1,81751391065311;
0,27948004945368;
-0,903394303792482;
-2,4919689551554;
-4,66479046903135;
-6,22574565571336;
-6,82585654534594;
-7,02380881722228;
-6,26471988266011;
-4,91947373102339;
-5,36601852241032;
-7,0023083343472;
-7,27023750033953;
-7,74102932676944;
-10,2102775242337;
-11,5095651161239;
-10,0522338119422;
-8,38151141835821;
-8,30952016479782;
-10,1453367620757;
-11,3779994129953;
-10,123565576721;
-8,39948452809849;
-7,15328774494923;
-6,01638865560813;
-5,18620029854594;
-4,56856235367308;
-4,19255535185068;
-4,68156776165985;
-5,83932448720494;
-5,74647551884105;
-4,45898316893427;
-4,02946028969782;
-4,357192338361;
-4,6019972353351;
-4,53873043535022;
-3,83413083683992;
-2,91496123971067;
-1,86061208020642;
-0,301320503297409;
0,444601821029621;
-0,0248017844065488;
-0,156247183253144;
-0,526148859317697;
-2,11056184946382;
-3,07309199978805;
-2,6359614342747;
-2,29706174229592;
-1,74668047661173;
-0,273725458459502;
0,43599976782769;
-0,0378895976539559;
-0,146617657198174;
-0,180712896750215;
-0,65106187065936;
-0,268887528442283;
0,967281691112485;
1,67341293172343;
1,32858246125698;
0,238922617816388;
-0,325982684068115;
0,0126004287749891;
0,116771112999674;
0,633651984327528;
1,81886262878058;
0,94023539002583;
-1,57688762149165;
-2,35649307916587;
-1,37356928329967;
-0,166904925109489;
0,2928372792672;
-0,0213110542135124;
-0,101817081609468;
-1,35612653469714;
-5,24369135538744;
-7,44488021798185;
-4,77167289305819;
-1,37649501653234;
-0,678334528297357;
-2,35221021805753;
-6,55248220323675;
-12,4858244913699;
-17,0605411092595;
-19,1842905692022;
-20,9813686282286;
-22,4013421239052;
-21,7998656009422;
-21,3411160699223;
-16,8008467446084;
-3,23064381322736;
4,25453151134206;
-0,14740304061926;
-1,52754296242644;
-4,99380104215354;
-18,9048090704914;
-24,6381402206382;
-17,3712282724296;
-15,22831572085;
-18,8312576326746;
-19,2542767476952;
-18,5421396846807;
-19,7558972626252;
-20,3393501199007;
-17,74890680314;
-13,6432122999852;
-10,8258914525172;
-9,78997236308259;
-9,66100906022219;
-9,87427685772887;
-9,71491153222546;
-7,99534013194719;
-5,14633971017826;
-3,40684517596635;
-2,96519208726037;
-2,36574735416898;
-1,65522694736895;
-1,37278569319109;
-1,5595507104565;
-1,85197371952192;
-1,94960951582601;
-2,36508820878727;
-3,23195410821797;
-3,89942099261381;
-4,2110432941646;
-4,28692215200142;
-3,99766036655421;
-3,69756952298256;
-4,00813092682159;
-4,65190046455163;
-4,90713848042696;
-4,84517987987637;
-4,88993964325223;
-4,87390646397386;
-4,32872364101612;
-3,33435389335898;
-2,59066354670677;
-2,32727703365033;
-1,98649869473587;
-1,38156755579478;
-0,95040057150605;
-0,862051491811416;
-0,852582749430315;
-0,794135599132729;
-0,705509854492924;
-0,53095174213815;
-0,494009865279588;
-0,925218730379531;
-1,59555390141468;
-1,4835701967404;
-0,27679337933507;
0,381389409372974;
-0,0198846580373278;
-0,133804180604018;
-1,10410838358773;
-4,1173256688735;
-5,95124600756383;
-5,35082637335526;
-5,02475676659835;
-3,92617710404134;
-0,613337902040029;
0,983540303530617;
-0,0880084164921783;
-0,32951330844954;
-1,13351477738522;
-4,12177771856361;
-4,69818837539994;
-2,05617992280152;
-0,5648344408105;
-0,371028480211611;
0,0134415781121339;
0,100167619722467;
-0,0426024148431599;
-0,0184142880967185;
0,0347204817891375;
0,256706398506007;
1,01039252887344;
1,91943739863607;
2,42466580887349;
1,9463144740781;
0,358663768442825;
-0,486248559452325;
0,0198305150465222;
0,173454588915232;
2,05351063755246;
7,30041685191169;
9,77592591631637;
7,85688161044315;
7,59570521587002;
8,79876373883032;
8,53224553984494;
7,997342620068;
7,98424346996681;
8,20302163764942;
6,78533732635539;
2,34513289230057;
-0,723817095057001;
-0,165337400023661;
0,533334613711373;
0,69842155223847;
1,22963777822672;
0,814033408985629;
-0,239869103216645;
-0,00948880000618645;
1,05070917259312;
2,73348296963451;
5,77703899290892;
8,17074416734735;
8,40567273192129;
6,48927269717756;
3,63144356052625;
4,5158896759429;
8,21380641654073;
8,86219920521174;
7,16654038567108;
5,80347558119248;
5,36371049686021;
5,49603590922395;
4,69591065512204;
3,18811136103928;
2,10098838795694;
1,10437460228619;
-0,638768851323746;
-3,34771962120887;
-6,39685104724451;
-8,66301191679966;
-9,20742737818594;
-7,99697382926235;
-6,16466182016138;
-4,79335838053317;
-3,72676645502925;
-2,63847141250557;
-2,04920309895399;
-2,04791281854736;
-1,9566364548518;
-1,67453125517576;
-1,3251377808777;
-0,743389929769642;
-0,434859585388534;
-1,17986562618184;
-2,79838667925206;
-4,45457709976464;
-5,4358551439795;
-5,52634944220081;
-3,87712846364984;
-0,550749485245275;
0,927519548941902;
-0,0848312532230795;
-0,311242022000998;
-1,06384116490028;
-4,10323581840291;
-5,54297738604673;
-4,47544817337804;
-4,31917594096095;
-4,70215248908516;
-3,99356214892937;
-3,22076294665414;
-3,15813937932297;
-3,29551362202825;
-3,60760384082895;
-4,44132839155537;
-5,24574320194941;
-5,31385667940182;
-4,77070046476274;
-3,95172456618746;
-3,02671128916118;
-2,33129858172022;
-2,07912898951784;
-2,08592119717489;
-2,39412661711557;
-3,03317953916155;
-3,25133518890085;
-2,72482167023232;
-1,99711595932986;
-1,14116311919608;
-0,421337176515795;
-0,831132101214267;
-2,37730722426851;
-3,79092216095912;
-3,74826522310588;
-1,69003708140327;
1,23905305289537;
2,16095071352112;
-0,865310101992493;
-5,99372312066675;
-9,93964438707327;
-11,8969610966939;
-12,2404422954699;
-11,1904727572935;
-10,2046541352229;
-10,697391677218;
-12,2109944648268;
-13,8174588645187;
-15,4131817794229;
-17,322260479566;
-19,3261443015133;
-20,1126884899826;
-19,2156194903379;
-17,9481203100147;
-16,9047207778759;
-15,9045804575639;
-15,3820911024052;
-15,4742999295904;
-16,054508632127;
-16,9489385052626;
-17,5156375233834;
-17,6626296083317;
-17,8784108447773;
-18,3518903411655;
-19,1945953968747;
-20,2722107759091;
-21,049864648683;
-21,5024870796964;
-21,322984843013;
-18,9004716810051;
-14,5606918724038;
-11,7330058303307;
-11,7626343976494;
-12,1730428424689;
-11,5379050760847;
-10,9339302175776;
-10,374776866539;
-8,44374706138615;
-4,85922975905438;
-0,731428660725463;
2,58645873242702;
4,05221075366234;
3,80300719591548;
3,02422425983117;
2,20068980537757;
1,1250527813556;
0,00644843661733553;
-1,04906657466393;
-2,30862093941181;
-3,7098072793673;
-4,80167589962732;
-5,36185433946213;
-5,73006463138442;
-6,11165102020359;
-6,23378704418884;
-5,84635601206885;
-5,33054134915242;
-5,53784648870543;
-6,17700193218083;
-6,14757039710027;
-5,54223164454265;
-5,28395810868142;
-5,53517156613314;
-5,63510516521727;
-4,02567406996237;
-0,580154421693739;
0,968186612465583;
-0,0875406018239172;
-0,325175500234024;
-0,57866331786988;
-2,46806476901115;
-3,3917550769888;
-2,73930799026068;
-2,47098525677056;
-1,81801495241447;
-0,182774051381538;
0,439059663541123;
-0,07400208517272;
-0,132183003206582;
-0,442528979621682;
-1,7192919221768;
-2,09282541507957;
-1,34277492468948;
-1,45221647397948;
-1,59812756263037;
-0,347585521436484;
0,442901111817601;
-0,0190832336314359;
-0,15622623271701;
-0,32657967705243;
-0,936299984992185;
-0,153900581876256;
1,51359026956965;
1,85682574599882;
1,13870310540195;
0,214929650039533;
-0,256091144344328;
-0,00693419422529776;
0,0999186805448617;
1,761061373719;
6,09239124365881;
8,2446137287362;
7,422290447716;
8,55654465769102;
8,01575858654598;
1,60757668318829;
-2,10713823909986;
0,0870055014249915;
0,74803839303503;
1,2535494992281;
4,77573498283786;
5,39712681198673;
3,02255957053601;
3,45655029276106;
3,9511130822122;
0,864182200608839;
-1,07997233453649;
0,0364661896439615;
0,385817511483037;
-1,05936764765645;
-3,23055532637566;
-4,69613241329994;
-4,86021754273856;
-4,67588419670295;
-3,18396626829604;
-0,310943247472328;
0,746793876729524;
-0,120679352675871;
-0,227821726834787;
1,47720263618959;
4,67005583015158;
6,13027515284593;
4,09362672776837;
1,30597711426511;
-0,246035082309803;
-0,311934244082255;
0,143666805250448;
0,0624906173507352;
-0,0791078786272499;
0,636512822796551;
2,1185210231324;
2,415783575656;
0,767301745649524;
-1,10284921215921;
-2,58883091727703;
-4,04452922700512;
-4,89495949645341;
-4,83938375911088;
-4,82480629229502;
-3,95023065649367;
-0,818431739397235;
1,01457010227852;
-0,0180600009118643;
-0,371432119539083;
-1,3855890564102;
-5,20135495170395;
-6,85170175308486;
-4,69119968181935;
-3,29658667222856;
-2,55797043105845;
-0,432466275295635;
0,655589985336309;
-0,0520177669821358;
-0,22214594577835;
-1,21965164761622;
-4,57608804407422;
-6,26389656126915;
-4,89782070770374;
-4,01125391392984;
-4,01822468024717;
-3,68294160742541;
-3,49025402892192;
-3,69154230286908;
-3,98520609732064;
-4,08074790805269;
-3,70026522498224;
-2,97510734300497;
-2,33741654028563;
-1,84689680717558;
-1,23629421585071;
-0,400629555547032;
0,284317961422133;
0,344963958219597;
-0,129879997546665;
-0,464848515851075;
-0,178511309933544;
0,141768625320004;
0,0196288497235398;
-0,0610770441544637;
-0,273069606517906;
-0,844845939494799;
-1,00496498319488;
-1,31609238640396;
-2,463775455019;
-2,57448187045292;
-1,10926600477979;
-0,414777911919921;
-1,41568017172178;
-2,64033649357711;
-5,443243607235;
-11,3145802825342;
-14,1895250739431;
-13,0888581642561;
-15,1428705283376;
-13,8930551073157;
-2,66261939708282;
3,63514339961634;
-0,193153097490811;
-1,27186249683862;
-5,56158476110047;
-20,5033266171155;
-27,1636805451044;
-21,8619635755782;
-21,6149294630509;
-23,2208490257016;
-19,6798128818334;
-17,0420445882124;
-16,5747708991985;
-15,7042542127708;
-14,9018773823886;
-13,8532351521015;
-12,4447851614962;
-12,5221286139039;
-14,1616340425209;
-11,4369958922503;
-1,96419187051441;
2,8641106991514;
-0,180938808454948;
-0,993021011915202;
-2,96749214514654;
-11,5439225741912;
-15,6665196638545;
-12,4082926292435;
-11,1363050273015;
-11,2701435605689;
-9,24699199807162;
-7,25451920411441;
-5,9750150564064;
-4,85112903831605;
-4,50322735889209;
-4,8267266357268;
-4,86764337566623;
-4,5233049616313;
-4,52390664705276;
-4,91935528292796;
-5,07480949915374;
-4,85940961589461;
-4,42351487413109;
-3,67717838505309;
-2,806405115181;
-2,13317382481869;
-1,36491170564493;
-0,265483122470309;
0,629502414367299;
0,891776440478257;
0,798876401760734;
0,669931195688277;
0,445354224429622;
0,252373377492533;
0,734295991012364;
1,8850265896253;
2,49262104269414;
1,86461916370245;
0,653520050607961;
-0,131856306218236;
-0,126130898475584;
0,0739902427147222;
0,0179133585354961;
-0,0344476215681317;
-0,789625818911619;
-2,85120338279416;
-4,36032754294507;
-4,82741426648152;
-5,71832895132173;
-6,2295198327179;
-5,94008319575861;
-6,16873646465652;
-6,67693803714595;
-6,84248182334565;
-7,20183711814507;
-7,55654550210746;
-7,22814561724331;
-6,7539063103881;
-6,58167312600149;
-6,38016397309484;
-6,28808057367165;
-6,3339961909362;
-6,40668008721228;
-6,70337207950591;
-6,59099539393914;
-5,58966962385222;
-4,17547577567255;
-2,46846203692979;
-0,170658098476987;
1,56292018396472;
0,81417889209028;
-0,517816680396914;
-0,13249342686886;
0,249052923011334;
2,3601223732872;
8,71725765123829;
12,9212430862131;
11,3284833657564;
9,08576348590067;
6,13067792215255;
0,760906520616752;
-1,47447084366082;
0,185043583108038;
0,472261116161836;
0,871210338380507;
3,83704629511809;
5,67668901971435;
5,58379658052366;
5,69811921220728;
5,13062360501548;
4,19598892099062;
4,62735455288014;
5,79832441205249;
5,99667326410851;
5,40907757161988;
5,54183333473818;
5,49409703699244;
5,0145756499013;
6,12730712377069;
8,40673279580611;
10,369019163938;
10,9839128252967;
9,28290505323283;
6,38234500723245;
4,04882450990388;
3,00440542137989;
3,08476358465791;
3,37897070082372;
3,90638472044571;
5,07870275921566;
5,88400335477156;
5,28310441883198;
3,44838971424532;
0,889324152784803;
-2,0790480610907;
-5,04186228343572;
-7,52592227582033;
-8,93860477159498;
-8,49438237540869;
-6,46461394151331;
-4,50395415988512;
-3,77850705872479;
-4,25251880357245;
-5,42435334337171;
-6,5764442977922;
-7,13501209674319;
-7,01534160421462;
-6,51542073030723;
-6,12128398990241;
-6,01754527199552;
-6,04051330441251;
-6,23237177377122;
-6,64702185651627;
-6,84881804168169;
-6,4447091138445;
-5,90306058932597;
-5,8592846227032;
-6,03383557736704;
-6,02711906050166;
-4,46618746941408;
-0,749906091486894;
1,09763097380485;
-0,0658623900576745;
-0,382730447810397;
-1,0891570299657;
-4,37316472605393;
-6,28590033801729;
-5,57786826249408;
-5,3948001445205;
-5,49541448115346;
-4,70369790764243;
-3,85838684684148;
-3,4220573115443;
-3,39093767854101;
-2,67220388588853;
-0,488347105476024;
0,674694767470782;
-0,0330449831857901;
-0,23801001881432;
-0,837339073644615;
-3,17401070984714;
-4,37370533448123;
-3,82817590719433;
-4,02299874927985;
-5,83136962639672;
-7,84487282009979;
-5,79127155888879;
-0,772361164594141;
-0,0648488010883616;
-4,56989904578522;
-8,28975046199347;
-5,89734095175421;
-0,594507292592508;
-0,097729185512799;
-6,77615153458812;
-16,3917711776257;
-20,2818435498205;
-19,6713426664151;
-21,9364293211965;
-23,7860615051527;
-23,6732471298398;
-26,5550227152758;
-30,3783611422362;
-28,7283442233757;
-22,7232399420344;
-19,6176491182917;
-20,5117023953701;
-19,908836658388;
-17,3397354113429;
-16,7156322076386;
-17,842572692019;
-18,3447936393015;
-17,6578214874839;
-16,6010333748329;
-16,2043064186785;
-16,1924644558343;
-15,6871444547942;
-14,9084696856492;
-14,4270169628691;
-14,003322074089;
-13,1501268669735;
-11,9313926344221;
-10,4096282891011;
-8,15717033536859;
-5,7437478345718;
-4,88539622753732;
-5,53574306869337;
-6,08164391055601;
-5,78164371801101;
-4,63925823971062;
-3,45000397937453;
-3,34543025463672;
-3,79922464978357;
-3,65813655755959;
-3,29531845505974;
-3,22900661875443;
-3,10875158494512;
-2,87765248012031;
-2,87929125883605;
-3,1060806538836;
-3,16390297703799;
-3,06417905509284;
-3,02970265241508;
-2,84534973336187;
-2,43875526809442;
-2,04553519113468;
-1,75657196632415;
-1,66127936073139;
-1,75641523778367;
-1,71875656600945;
-1,51951612824774;
-1,52940378829421;
-1,75294577769885;
-2,00338683904619;
-2,44219727022747;
-3,16053520262351;
-3,69927787923007;
-3,65257575421183;
-3,55299125113896;
-4,01736036405927;
-4,66817630288891;
-5,06076370155896;
-5,22739820086376;
-5,0936369014114;
-4,74523453333038;
-4,69739850531102;
-4,97162140155962;
-5,0765789551248;
-5,03435398220104;
-4,86180829853739;
-4,29117052064705;
-3,32556141333101;
-2,10849566776101;
-1,22166581954681;
-1,17810605619316;
-1,13225667998867;
0,109814334824704;
1,68993111123662;
2,18604110206088;
2,96858520211392;
5,21380028110458;
6,75093181566651;
6,68769719025329;
7,17260346987753;
8,47545391680635;
8,64756634097655;
7,55975598293877;
6,8872022253904;
6,95029510635283;
6,91184037650362;
6,75319247315557;
6,61829744737178;
6,79660757364842;
7,21034732576607;
6,50403054760201;
4,37891275622558;
1,81092618139582;
-0,849418310989117;
-2,88399261003121;
-3,20672460140264;
-2,42021890834555;
-1,58662669255178;
-0,679951073643887;
-0,0193002171824227;
-0,457575278274659;
-1,59865493312527;
-1,30391603631886;
1,05481077540775;
3,8103035697834;
6,6085172413346;
9,59052586872514;
11,5459681923309;
11,8245485603322;
11,6982108297046;
12,5883212688514;
13,4940378289827;
12,8341970321816;
10,7639781953797;
7,37997778362086;
6,37040214560099;
11,4431812277293;
14,6393819192847;
10,9370287402729;
6,63413994949012;
3,33714680117752;
1,0185372880442;
1,93554394031245;
2,71091386749903;
0,535000805006057;
-1,0496138307927;
-0,260476136566161;
0,343412760967497;
-0,0292759434125135;
-0,113283707330429;
-0,180733805920115;
-0,585227571889789;
-0,577300875140856;
-1,06020571065394;
-3,14363188470813;
-3,81357746302826;
-0,905729011448307;
1,04400901532586;
-0,00592567294185259;
-0,385938902465777;
0,380162687274834;
0,855151511348017;
1,04565726778035;
0,754941538007833;
-0,0997385119040518;
-1,20375587335472;
-2,19290689368855;
-2,69000992448151;
-2,66856240910733;
-2,67628734524052;
-3,07040523087708;
-3,64452339772029;
-4,20494237693251;
-4,44429434404049;
-3,99822854939292;
-3,21957169358711;
-2,75973972897225;
-2,73381699260977;
-3,04733332234443;
-3,73429234334644;
-4,63789832957754;
-5,46916406134768;
-6,1494178615744;
-6,68621579695441;
-7,05212177472042;
-7,3465421191162;
-7,75846271062531;
-8,2520993940584;
-8,54718140250991;
-8,49043853159851;
-8,12983971836258;
-7,5475237597581;
-6,72563640244322;
-5,51952802747483;
-4,24298251747667;
-3,52175229542522;
-3,00567285120436;
-1,83708628704223;
-0,353030719301438;
0,361825624777194;
0,239483283094507;
0,0348084027006366;
-0,0571862275756417;
-0,461674304519806;
-1,69503443533521;
-2,38131886364209;
-0,730638969686605;
0,684596912958998;
0,0470586445934136;
-0,274785313294133;
-1,41498406674458;
-5,87371336109311;
-9,86536790202679;
-10,4482186275553;
-10,6724280385966;
-8,70816874271417;
-1,63481531044359;
2,22236242378207;
-0,103047891749805;
-0,785844684579252;
-6,77480812270329;
-24,1784355133442;
-32,1555184094339;
-25,8633166128452;
-26,2859627065007;
-32,4200783314964;
-32,1287321678184;
-29,0115260631998;
-28,0069117426769;
-26,9346357863111;
-25,741810848237;
-25,6180320784021;
-23,7027849198417;
-20,1174463013428;
-18,5777395228537;
-20,5945904423869;
-24,7567241945057;
-24,8283729029977;
-20,1207740980556;
-18,1495494039089;
-13,7164545862141;
-0,510493469818983;
8,22504747535346;
8,34765926089634;
10,5565883956289;
12,7073469681893;
10,2920211195053;
7,7693556775884;
6,48317554622016;
4,23281034462537;
1,30805911103445;
-1,05891375235175;
-3,02101692589094;
-4,69278224290361;
-5,57781203033384;
-5,61758572687923;
-5,22522538309902;
-4,92251072106652;
-5,21149899609983;
-6,07652981577798;
-6,81114577555713;
-6,81159763013681;
-6,29205249430818;
-5,66441058947719;
-4,57183746475211;
-2,27593532319632;
0,801074807921974;
2,75038238365946;
2,55811213239535;
1,37573257071496;
0,334059129735368;
-0,687773366414302;
-2,06377592373773;
-3,7534307859134;
-5,29410114041444;
-6,30985826378594;
-6,79368208802163;
-6,86954630169728;
-6,68210967944684;
-6,27042918544189;
-5,70665911863535;
-5,16171208937751;
-4,81596494296602;
-5,04779457772315;
-5,80202561786906;
-6,27626060047028;
-5,88303509070838;
-4,93449242926057;
-4,49409107710488;
-5,03331718279797;
-5,80212299956191;
-6,02992787284839;
-5,82802508608325;
-5,33280372563537;
-3,67398551777244;
-1,00003249062562;
0,911909256617459;
1,87815930085492;
2,60194667125874;
2,74509197480211;
3,35343264087427;
5,98253740766747;
9,93376082888026;
13,8251398790458;
16,5837244790133;
17,6144112356556;
17,0226883317785;
15,4256265882057;
14,6886708225434;
15,6622300845997;
16,5575325785373;
16,1635843282376;
14,8040112220159;
12,681988522031;
10,1646776646703;
8,23581516310464;
7,28834421588535;
6,94210911367248;
7,18170994636666;
7,67205741017309;
7,67595255110138;
6,91042586969672;
4,90814095283483;
2,00170993564679;
-0,550950076967789;
-2,12569434087064;
-2,32858953155904;
-1,89359834098161;
-1,93321733445041;
-1,00626536157286;
2,35554161472642;
6,74960863298991;
9,96821134025349;
10,7877725117696;
9,51537981857783;
6,85720873631155;
2,45279394339618;
-2,09566472168396;
-3,29032356227952;
-0,885119898179993;
2,5008851363474;
4,57207010774261;
4,41798515046543;
2,9526649338005;
1,29668331539163;
-0,501983111620646;
-2,60309548667027;
-4,92326785137731;
-7,17348605814111;
-8,8704990373686;
-9,48485447901041;
-8,8601341872388;
-7,52140691899401;
-6,1512808980249;
-5,13883221965737;
-4,79074890746166;
-5,32923427415554;
-6,53552789699716;
-7,72709836174474;
-8,02517383184736;
-7,07679472226333;
-5,93386096877757;
-5,89874818235152;
-6,62109695910082;
-7,13987652481645;
-7,03167824652335;
-6,23288165264839;
-5,84597509074816;
-6,527976607351;
-7,19905433393244;
-5,49319198557258;
-0,93062414109644;
1,35023219250358;
-0,0776320011919311;
-0,472306547055603;
-0,723278456466614;
-3,21888473571958;
-4,64538409284435;
-3,85486296302302;
-3,38867343632036;
-2,96805861033323;
-1,77800595422441;
-1,4278198404292;
-2,13598800344403;
-2,36922241063487;
-1,84191853247282;
-1,07893581349328;
-0,452568985439913;
-0,546221466670783;
-1,92444644743881;
-4,50593422637198;
-7,4884045946752;
-10,0692486097058;
-11,7335788076133;
-11,7000182681683;
-9,01778235703073;
-4,46293249163335;
-1,64510644629599;
-4,12462305453894;
-11,4418881260347;
-19,3248429602328;
-23,656536363297;
-23,0762888272436;
-18,9606810938881;
-14,8490914873109;
-14,347400554424;
-18,1945677651477;
-24,1536970009714;
-29,1750782763701;
-30,8951435635108;
-28,8915014209573;
-25,5213880191149;
-23,6262707526633;
-24,1374950121431;
-26,5858120632457;
-28,8859384275557;
-28,6549108450152;
-26,0239284272844;
-22,0358361274212;
-17,6454461458532;
-15,210169102914;
-16,0479681710192;
-18,2127711192989;
-19,6263758754355;
-19,5260799142164;
-17,5545082732859;
-15,7816911542889;
-16,2975859798739;
-17,1996055481151;
-16,3161089599942;
-14,2368859929134;
-12,7814652691321;
-12,4195758779057;
-11,0424839208821;
-7,34012251684129;
-3,41586962245625;
-1,51421754713398;
-0,872766934706247;
0,233162103485529;
1,39491093419545;
1,09792011291393;
-0,786366731030715;
-3,27101194212044;
-5,09460003584976;
-5,24400447887216;
-4,29772193821717;
-3,5100132388663;
-2,71868708181682;
-1,534174934407;
-0,616268289447808;
-0,390689650743934;
-0,747368922648766;
-1,811478531791;
-3,36072803460026;
-4,46146480032816;
-4,71025392300165;
-4,60711921326659;
-4,6114779866859;
-4,90896017257822;
-5,48607383950836;
-6,07983237602147;
-6,33743915442505;
-5,99597635105494;
-5,31789665808947;
-4,80974436528811;
-4,4928995747216;
-4,35201122758546;
-4,49561760448962;
-4,67228038852012;
-4,65683587656226;
-4,50278537588324;
-4,18448315394867;
-3,71076324322172;
-3,19998139212219;
-2,60505761334092;
-1,8929492785099;
-1,28018056757374;
-0,795564296344402;
0,0805942801563098;
1,46468294067005;
2,40548160896209;
2,11529549098103;
0,502592195989078;
-2,13709397881385;
-4,48988342268095;
-4,94428392544008;
-3,4057506372976;
-0,751138972047165;
2,32289404268856;
4,58755735022933;
4,74316002987;
3,41530510407822;
2,2284383655743;
1,59877582569317;
1,76529504296413;
3,3658527551795;
6,20596863995472;
9,34310403429219;
10,7819855308582;
9,09360539229559;
6,7051090780039;
6,37061408561946;
6,53516783300799;
5,76112920154385;
6,07895335950802;
7,85533063822654;
8,02924786715226;
5,94052414447121;
4,27174427859371;
4,069620254692;
4,24720746275834;
3,5731526938726;
1,92678813738632;
1,18931590745696;
2,5335936113381;
4,52532943939172;
4,72210016710765;
2,46372185262355;
0,232094572649364;
-0,37852941795748;
-0,165105469436123;
-0,012924048541817;
-0,815029567707875;
-2,3550724954222;
-3,46698947141817;
-3,60446751492522;
-2,36764499337747;
0,441850882054459;
4,25527679031318;
7,48159471639514;
8,36688495795605;
7,35844876447834;
5,77034193101698;
3,26179726761324;
0,208671773187573;
-1,73092411719741;
-2,32055049857669;
-1,80368597816023;
-0,0858463892323749;
1,44865008890113;
1,81251005154379;
2,0169956223822;
1,7316252344553;
-0,311683653454316;
-2,85548233947957;
-4,12766624033125;
-4,48501421599191;
-4,5162986555519;
-3,86817940032146;
-2,74277963791966;
-1,88417843280563;
-1,4325975051217;
-1,41311077267769;
-1,99247577704099;
-3,103007445537;
-4,27687077422938;
-4,46448346778446;
-3,87695241726166;
-3,93758970287869;
-4,40054096621532;
-4,33486394874178;
-3,95651592250575;
-3,7453151077225;
-3,85997369249159;
-4,12370890141794;
-4,12121494591462;
-3,64624833581317;
-2,97162143135725;
-2,59319445765014;
-2,57407835633905;
-2,44163853877185;
-2,02997052541636;
-1,84037750415499;
-2,23479953741997;
-3,03154685065675;
-3,91547375288039;
-4,5994276354887;
-4,98264203079782;
-4,9877186679039;
-4,38673407347497;
-3,4671835929612;
-2,67128984860778;
-1,83725121146873;
-1,00080977300547;
-0,623761817413881;
-0,598227553985049;
-0,14087132671177;
1,01757370978043;
2,07157440333454;
2,40324384982589;
2,0215174677956;
0,629351413282805;
-1,67270094372861;
-4,08087284253843;
-6,25958869406223;
-7,23790448097354;
-5,89699759386163;
-4,50094474656298;
-5,73301638503722;
-8,24612348372692;
-10,821606400418;
-14,2154571837643;
-17,1933382557572;
-18,6081989841553;
-20,2098437830322;
-22,0590004894516;
-22,5591883288197;
-23,3173876682841;
-25,9243810177079;
-28,6015145235154;
-29,8518661536596;
-29,7320089110853;
-28,3527510976877;
-26,716107850169;
-26,1304012739772;
-25,8760999836845;
-24,9762345299949;
-24,6479821564676;
-25,3097375947529;
-24,956124111546;
-22,8237836217299;
-20,5559178524142;
-19,6382496071687;
-19,8724469811866;
-20,2167108570349;
-20,2648941091154;
-20,3785961306119;
-20,4104704607228;
-19,1456967969544;
-16,26881846703;
-13,0863529679003;
-10,592146387526;
-8,97094989784861;
-7,69589920382273;
-5,60236931160415;
-2,87467172138768;
-0,91522494148929;
0,262646309837078;
1,43514626745276;
2,43872824236612;
2,94118657713003;
2,89494457081056;
2,20040868096763;
1,31842950936353;
0,750973957634229;
0,286095575233591;
0,124058107962118;
0,590671163322649;
0,619697583188435;
-0,707924308042246;
-2,1499876695096;
-2,61943226324307;
-2,72003634966066;
-2,78264850398132;
-2,54043237595602;
-2,17381539970621;
-2,47819979909688;
-3,47437437474103;
-3,90301272671747;
-3,44565551983878;
-2,82396828262437;
-2,15394348649917;
-1,53104378281823;
-1,48295077735757;
-2,09734844532723;
-2,88201992924627;
-3,37814301050269;
-3,43186881151386;
-2,9749279889669;
-2,13352992078699;
-1,64850527081435;
-2,08171671268321;
-2,7108495112071;
-2,47061531931254;
-1,41982138801216;
-0,710371397749751;
-1,52174570615263;
-3,78554742329674;
-6,04391823843277;
-7,16223205618337;
-7,18125022902259;
-5,75013049151162;
-2,59667161959026;
0,792371974220876;
3,21184520836524;
5,18511389256921;
7,07069500258887;
8,07749852493523;
7,67978215444398;
6,93751215076251;
7,03209317662479;
7,46586066598819;
7,5956800594037;
7,67745085837606;
7,05319013280758;
4,15118057707696;
0,228050850271408;
-0,905550127335977;
0,192831340986665;
0,257800618529358;
-0,361462595032201;
-0,889066956693456;
-1,88530811638291;
-3,05613190183468;
-3,94543575070056;
-3,45649949582057;
-1,44536139068933;
-1,12961157456447;
-3,08347075835605;
-4,21707982958331;
-3,14841213832873;
-0,52896186111587;
0,763211405581515;
-0,0402003873013485;
-0,268928302632787;
-0,701886584120934;
-2,30375438038658;
-1,66580032219441;
1,55329904343067;
4,44407254822402;
7,29358509514003;
10,5129180415969;
12,0708139235958;
10,9763556174974;
8,78608910357979;
8,01135315872686;
9,93012540405427;
12,0697748678924;
11,182361430722;
8,70042207502087;
7,2173458143586;
6,14178321555849;
3,8878739680697;
0,774683009273146;
-1,67029248787599;
-2,96472125074753;
-3,63958984169651;
-4,29724006805123;
-5,00865996661162;
-5,65081685765934;
-6,17795357791731;
-6,35271309875768;
-6,31481165103974;
-6,14705476615824;
-5,50909432566568;
-4,70553423099515;
-4,36981571560903;
-4,47585250672161;
-4,77201852459555;
-5,14564413460488;
-5,53806792665342;
-5,99779600220786;
-6,31621589320042;
-6,24179957526744;
-6,11280786161115;
-6,17720674167245;
-6,06337781471318;
-5,61522083139085;
-4,99506107919382;
-4,13127435645124;
-3,16822049877379;
-2,64149279678824;
-2,79468119811229;
-3,24334148887481;
-3,25322341442812;
-2,69878549877089;
-2,30138335318365;
-2,19562899547399;
-1,79100936435484;
-1,17223080154886;
-0,649500068805892;
0,0312568334466035;
0,662970993549247;
0,70702025192414;
0,578717192567069;
0,826015504856894;
1,15829839992161;
1,24379965741528;
0,742424147430806;
-0,877252628300427;
-3,23259316434245;
-5,17799936495045;
-6,20075726793821;
-6,45274965360686;
-5,8996739868738;
-4,2223068736889;
-1,8656569171626;
-0,406930031102875;
-1,08681321418165;
-3,57300719597308;
-6,16523933215345;
-6,93190897454995;
-5,12076864413091;
-1,66485509468481;
1,6450609126191;
3,1399328644627;
1,85073526781075;
-2,02271460503217;
-6,8758085140642;
-10,3753524739549;
-11,2886088445775;
-10,1961050266972;
-8,62738764088116;
-8,79364524164799;
-12,1964453878995;
-12,0988409921229;
-2,78167645546852;
3,22813491822002;
-0,00900387916682332;
-1,19978739873489;
-5,86572578323701;
-22,2091314432261;
-32,0921202894431;
-29,288776169355;
-30,2091562075374;
-26,0405344252194;
-4,87277986133982;
6,71741539089449;
-0,356278824042867;
-2,35333619695281;
-3,26611909699556;
-14,7690143952794;
-20,8392757601138;
-15,8506524982252;
-12,8996413000252;
-13,127280955577;
-11,9359574994175;
-10,99036800016;
-11,4829027261695;
-12,5054104048605;
-12,789756251972;
-11,3178577248348;
-8,43229035124196;
-5,62985588300244;
-3,70391257372211;
-1,97320136586894;
0,0269995910321954;
1,31335059910384;
1,34291239620884;
1,0823119109482;
1,4301188053614;
2,19419865550866;
2,72860766654254;
2,89565659287809;
3,02869005630563;
3,39432009983441;
3,86653249246796;
4,01637568003682;
3,68464087339681;
3,08656468058231;
2,32053621168935;
1,35574965300659;
0,309264173632069;
-0,684980204411251;
-1,51279807206196;
-2,0601250315404;
-2,50339082394822;
-3,04227371977218;
-3,17596947088593;
-2,50547676729723;
-1,76493314249221;
-1,42879310992444;
-1,01244190658863;
-0,389515823867703;
0,0384160187526346;
0,177553255059884;
0,258025175957966;
0,307171355250887;
0,313473774817943;
0,274775342645384;
-0,206194683998543;
-1,13377770336186;
-1,55567464119426;
-1,01338923236974;
-0,194568982196237;
-0,0685327194282322;
-0,958221222659503;
-1,62396858155657;
-1,05576464044303;
-0,151186024564106;
-0,591302092483837;
-2,4286828980137;
-2,50747295328082;
-0,0980154931451492;
1,0745109395559;
-0,18880416677543;
-2,58506654728559;
-5,06698321000267;
-5,40061419640459;
-2,6051621469934;
1,04830917369754;
3,81051852578606;
6,05909768484685;
8,25944523374039;
10,1820824432368;
10,8010332699752;
9,41484463476609;
7,40137191826791;
6,12420144634215;
4,66814018188045;
2,26386610206337;
0,213561168113639;
0,256589842414461;
2,03164748489205;
3,43493233403037;
3,80650865010239;
3,61370351775552;
2,89533971504958;
2,70787483918035;
4,33544284309821;
7,16725406210432;
9,12397526664293;
8,40005458562521;
5,31044895187262;
1,03809380482045;
-4,09999672459988;
-8,65318727023916;
-10,6600912397263;
-10,5124476466399;
-9,69087239484457;
-8,64428220525184;
-7,12952328041316;
-5,51997594158679;
-5,05931635145822;
-6,55395105997612;
-9,45344276976885;
-12,1854502468273;
-13,3431841267581;
-12,6354053402103;
-10,2828982136509;
-6,5797953815817;
-2,65366293527424;
-0,079138364062398;
0,723876319792141;
0,911622307263889;
1,78777545953179;
3,27657211791922;
4,49707245097384;
5,40866930262429;
6,2303013972851;
5,93790669233456;
3,63887476564716;
0,385677205393524;
-2,36617034011842;
-4,51956223694959;
-6,2548729989318;
-7,37134348054523;
-8,1455472370314;
-8,86675035287547;
-9,30378733950186;
-9,36038926571326;
-9,02241107457816;
-8,43788432605598;
-8,32465388372547;
-8,91433061394576;
-9,43279929363194;
-9,28712911531094;
-8,59596983006604;
-7,76287857401647;
-7,03024399767873;
-6,36155907600537;
-5,91168407819732;
-5,94189007425937;
-6,28514209060983;
-6,65823787406283;
-6,77859399367323;
-6,43245976926051;
-5,89207548331898;
-5,32589802101204;
-4,57309679490163;
-3,82438643815868;
-3,32009671267356;
-2,94028072984433;
-2,54602366197276;
-1,94094767135518;
-1,08225591341881;
-0,473416330641121;
-0,427243406742616;
-0,825684703576433;
-1,59620162382168;
-2,45805795916478;
-3,02837731279962;
-3,32527780602139;
-3,54500045766026;
-3,51761376226634;
-3,01631620365768;
-2,41102938673416;
-1,99136275791468;
-1,57037289405242;
-1,29332770493996;
-1,37217903535099;
-1,669115031788;
-2,20139262139531;
-3,10325387346303;
-4,27808680057306;
-5,56333270869051;
-6,99585145726186;
-8,29514122989798;
-8,99926999082671;
-9,56364685706844;
-10,149678221076;
-9,32985210133578;
-5,8272544724747;
-0,58975797938842;
3,12556036103822;
2,41656709050336;
-2,37427302405853;
-8,07114696935168;
-12,0152191945419;
-13,9638014619154;
-14,0517617317048;
-12,1788727587079;
-10,0337523273463;
-9,91846536288782;
-12,1536968089782;
-15,2844309234836;
-17,3355195435843;
-17,4102426342449;
-16,0787536855126;
-13,9012320196523;
-12,1206315240226;
-12,9363711374971;
-15,7854083929503;
-17,588003795741;
-18,1342680357616;
-18,578103809607;
-17,6724679042368;
-15,8622565445455;
-15,8156168142385;
-17,7076989445915;
-20,3790908165222;
-23,2988018728243;
-25,1531635290303;
-24,9942617982664;
-23,9277705300232;
-23,2142675352044;
-23,1146240112957;
-23,5546909982217;
-23,5435970592763;
-22,0017971584443;
-19,5923263502797;
-17,1982409367814;
-14,2614556544525;
-9,75736977622279;
-3,71431881456876;
2,22476777707137;
5,98110579078772;
6,82846759527657;
6,11615444740077;
5,29395504586595;
4,35907777560584;
3,29016777421144;
2,18572477925124;
0,92944915452388;
-0,153924044774563;
-0,837864447800965;
-1,28554774197902;
-1,51661157062069;
-1,63810308938814;
-2,00199856470536;
-2,54704273198494;
-3,04433958568538;
-3,5457910690046;
-4,01558195341194;
-4,43597833079168;
-4,90976837755603;
-5,33615039609237;
-5,5133759560703;
-5,43781896333081;
-5,11413461475896;
-4,48195692980842;
-3,70570364638354;
-2,8391564263018;
-1,69515164640153;
-0,58304732808953;
-0,105846227047988;
-0,246363473691341;
-0,642795431352019;
-1,02449144787088;
-1,05439739659505;
-0,687207535342585;
-0,179002424812062;
0,407458434437398;
1,09821319742121;
1,97400412675658;
3,19247253898741;
4,4369630416238;
5,06651993142099;
5,10733448549801;
5,02651853521311;
4,8107731909501;
4,22615514679003;
3,38505798327762;
2,50236218615075;
1,70009858934242;
1,14017340721793;
0,945863962112416;
1,16686667502639;
1,6624186795498;
2,20752834424984;
1,96739541159106;
0,417267145533666;
-0,508903549608472;
0,00700294946271391;
0,187115552861565;
0,145065185290364;
0,783707589060783;
0,987182818559007;
0,18324845033081;
-0,354581537974468;
-0,157528580000619;
0,0361165392905574;
0,0126329472716185;
-0,0136573139066452;
0,000521880147262045;
1,53760120453148;
5,32868305070197;
7,39750484288908;
6,66020066533722;
6,80148250033264;
5,63445409536239;
0,88975833950862;
-1,43244908918792;
0,134374925223834;
0,476530885709706;
1,71494319717162;
6,75783705511326;
9,55232840412533;
8,0809714145364;
7,16585082193956;
5,36216984312447;
0,723092704362837;
-1,32031670101709;
0,155273823935672;
0,426554020057188;
1,65221759913576;
6,81590802696821;
10,6006893427614;
10,7440184582373;
10,8715920660946;
10,6047912987458;
8,50545118651046;
5,77291459571888;
3,4816457207385;
2,44867949925091;
2,63039791115742;
2,77459914062785;
2,35139908859865;
1,88561933460881;
1,28205785338485;
0,300248151225338;
-0,210612992054626;
-0,0105969513879477;
0,0780476809391531;
-0,0287256980322485;
-2,89915180034529;
-9,57210754305425;
-12,1383507972185;
-9,11177214958652;
-8,31286434251429;
-7,0874006809386;
-1,19260725979926;
1,82494470791805;
-0,15140467233738;
-0,615200636909427;
-0,912786855253169;
-3,88402162380199;
-4,88108487521753;
-3,25705717922184;
-3,26562147346058;
-4,25805177590942;
-4,20619438709049;
-3,89741916144442;
-3,63198283300068;
-2,86378863443929;
-1,79982005141549;
-0,841777485007159;
-0,0207317295541844;
0,487944633607871;
0,50953656834269;
0,226496268069116;
-0,0163776893296135;
-0,0402783556468508;
0,0174070824306084;
0,00786283400614193;
0,42358436868109;
1,18799835649517;
0,615062727285318;
-1,45821832082742;
-3,26181198164295;
-4,15033327150022;
-4,38301134585637;
-4,59174720727307;
-5,65012981262355;
-7,40002116687114;
-7,53320877293589;
-4,98467652504745;
-3,73719900654206;
-5,69918854212873;
-7,69826775677272;
-7,21008962272365;
-4,65256168279884;
-4,45220124869462;
-7,80673794186735;
-10,1387656061494;
-10,6213251698953;
-10,9540569981077;
-10,6486658600571;
-10,5966759757612;
-13,259503967964;
-18,1222857098687;
-21,9259832262408;
-23,294227519691;
-23,8488299202226;
-24,0605605128331;
-22,6394627195384;
-20,6616575176288;
-20,5247254989586;
-21,7355636104338;
-21,7800498014459;
-20,53394129913;
-20,2959994717961;
-20,5232394780818;
-18,2946635434078;
-14,6824980272393;
-13,4078853751306;
-14,2147336564753;
-14,1390876919768;
-13,7593391688842;
-15,6919386020258;
-18,3318275532958;
-18,4271796935993;
-17,0028548244226;
-16,2973997921361;
-15,7847991020822;
-14,6981974115558;
-13,0154885162758;
-9,54808083354857;
-4,22306303423065;
-0,211727751956083;
0,576859739052249;
0,215563227688452;
0,951609481774317;
2,37732004773472;
3,16167220347021;
2,44640177026812;
0,417455270997087;
-0,596191838027904;
0,0303432037398521;
0,210449090847409;
-0,0713116065568997;
-0,01402592480056;
-0,169690088258034;
-0,615420246330009;
-0,907267767920676;
-0,914467238819235;
-0,626868780646043;
-0,150081256757439;
0,4691658850219;
1,17440874668269;
1,42408382872599;
0,851588700481725;
-0,0684929021787885;
-0,883986254757993;
-1,70221055062293;
-1,4868724535166;
0,271541703782626;
0,701480169169387;
-0,919910809471951;
-1,97358306819124;
-1,62304307411832;
-0,599703874012502;
-0,892797574496892;
-3,63891173760889;
-7,61342016801851;
-12,194816515841;
-17,1202308366177;
-20,4771606046046;
-19,4147677360038;
-13,3599150101638;
-5,49424950376675;
0,753385727616474;
4,73006685870702;
6,7856239465386;
7,15322721192465;
7,07917497437438;
7,27454523235558;
7,11742406038691;
7,01423501210111;
7,77004847130042;
8,39953965191813;
8,13482452598633;
7,72278507823038;
6,92934952205279;
4,70439881794694;
2,00873117373843;
1,59196658286171;
4,28069930308942;
7,4097366047919;
8,3779770667386;
7,18098618250061;
5,43306928241791;
4,47747392818363;
3,49719528054595;
2,00845040199884;
2,70586582512097;
5,87766086434006;
6,91389103620638;
4,84848452439998;
3,6001705499179;
3,43214496274695;
2,50187038885551;
1,55110869402362;
0,780734491058777;
-0,0324121171171621;
-0,615496145882744;
-1,37054017672332;
-2,09742933025864;
-2,43796220262719;
-2,84493627267205;
-3,72701322216339;
-4,84409308007628;
-5,49005562834872;
-5,848900380424;
-6,40018853063803;
-5,82367456332736;
-3,21437996319536;
0,00496831979148718;
2,70398160472823;
4,70630633596317;
5,3043811326114;
3,89600070472286;
0,854886270743929;
-3,07635532659521;
-7,46022912413495;
-11,5917841348078;
-13,8677287432204;
-13,3558074198484;
-11,0670291493392;
-8,12833938002883;
-5,10693072995535;
-3,36598175140887;
-3,55656335553525;
-4,37252049257371;
-4,80317953716315;
-4,93868051808331;
-4,85438056564261;
-4,60994604880988;
-4,22816399987498;
-3,50769812597295;
-2,65960693433178;
-2,31215499824499;
-2,624807590396;
-3,03458216225395;
-2,98367732907614;
-2,61876486599072;
-2,41029267656224;
-2,31890040793434;
-1,95088418002817;
-1,34916744043139;
-1,17081273179699;
-1,89719123566754;
-3,14141387277715;
-4,33597390785327;
-5,27612608900427;
-4,2653850991834;
-0,715592509128795;
1,06649916335259;
-0,0736694906118302;
-0,367024638399176;
-0,0601677412558174;
-0,639387492392612;
-0,813905961320536;
-0,6703906431251;
-0,933200263666548;
-0,43624949419977;
1,07716804346897;
2,25118499314912;
2,85362707203099;
3,69748067464427;
4,64257025260305;
4,57553934801742;
3,32914624329146;
2,29285131173864;
2,20522327797833;
2,11621379837735;
1,18088058052399;
-0,749669248287451;
-3,83039441649921;
-7,79483167467919;
-12,0271921092693;
-16,4416736911015;
-20,7392036052644;
-24,2459164974285;
-27,4033634033358;
-31,6220063541463;
-37,7250809016371;
-43,6904488501389;
-45,5562865482224;
-43,2347285732179;
-40,1216766664406;
-36,890745181597;
-32,2608223156736;
-26,5372796008976;
-20,4814357608283;
-14,8947808132073;
-10,84243841695;
-8,16173016153061;
-6,69328452760313;
-7,019951237267;
-8,2485299909869;
-8,71325697003886;
-8,42001313417002;
-8,24177679757745;
-8,37750002149273;
-9,03181736146805;
-9,9555039602216;
-10,1834619724285;
-9,96650970008536;
-9,7828586387121;
-8,67971183735015;
-6,28165686577935;
-4,02322565073514;
-2,66045137820385;
-1,5238592340758;
-2,39184767879589;
-5,51067602827026;
-5,56639013076833;
-2,44885341149892;
-1,03851945428867;
0,485415673930262;
4,61591148429265;
6,55884661059537;
5,028486044068;
4,65205375635242;
5,38976875373763;
5,42839816980262;
5,28862815805098;
5,14290972387915;
5,07602470857706;
3,996101060105;
1,60978688149144;
1,0845221654465;
2,57068942533883;
2,85473449573332;
1,87395794584661;
1,23498124985285;
1,65260207318573;
2,52032963523754;
2,6652959809782;
1,43156230827452;
-0,679147909009916;
-1,37523959031806;
-0,64095573025761;
-0,383841191366453;
-0,510716131845563;
-0,771520517738647;
-0,938685283569126;
-0,744646088699921;
-0,50291954447924;
-1,14808384362433;
-3,36228478326246;
-4,63260873523053;
-3,75627589164683;
-3,07830566681276;
-3,26008356259141;
-3,76487201460007;
-4,08576049208318;
-3,78323303071523;
-3,27073387169663;
-2,98416606889358;
-3,18480438496882;
-3,66170918068684;
-3,92165919156278;
-3,97275379573266;
-3,79108658722159;
-3,40304707191319;
-3,44204511611186;
-3,91097885740435;
-4,05928391476809;
-4,46955102223324;
-5,86676509179395;
-6,92133944722064;
-7,01544696286983;
-7,20212561334056;
-7,1305559288956;
-6,33316665442412;
-6,23879983281631;
-7,06290712694738;
-7,4363589338228;
-7,41558888767957;
-7,40008142858615;
-6,87732406394141;
-5,96168450180354;
-5,28066975524165;
-4,89370988379766;
-4,82469514260211;
-5,28366606202019;
-5,80664777688082;
-5,75609720513324;
-5,38007754074758;
-5,08916705312352;
-4,72855851106574;
-4,02405572589849;
-3,09182978968297;
-3,17509269395812;
-4,7163928363082;
-5,27693895394221;
-3,98887420137771;
-2,90182438104301;
-2,84338136796401;
-3,43753761953654;
-3,89587712040377;
-3,61528785043245;
-3,18197231058125;
-3,09928831730359;
-3,07311648007974;
-2,8534678846338;
-2,92146530594035;
-3,48989739304719;
-3,86288286486822;
-4,01752848083871;
-4,10157067333555;
-3,63948410419573;
-3,12504113486271;
-3,16133008186781;
-3,25401096968522;
-3,19652578228548;
-3,20621552917995;
-3,06283742004966;
-2,98989686853257;
-3,40163754213794;
-3,63599894781413;
-3,33311568524321;
-3,07033429223041;
-3,0033517479024;
-2,71514655556344;
-2,28162064863392;
-2,02602668279533;
-1,80223708834169;
-1,63043240939136;
-1,60120521230577;
-1,66981716395122;
-1,69337492317586;
-1,51723045682096;
-1,31696412550354;
-1,16838589347577;
-1,26817047920851;
-1,6197027093548;
-1,66336511158548;
-1,61168313499617;
-2,06786989918053;
-2,73732048891354;
-2,98661406018827;
-2,83849046257537;
-2,53417492978875;
-2,22903428182347;
-2,49678521227939;
-3,00554998146493;
-2,91994143651347;
-2,85730434817286;
-3,269439555835;
-3,46461236147918;
-3,33649716471766;
-3,29120582108279;
-3,31139520361976;
-3,45542814752716;
-3,756394543064;
-3,96573536492463;
-4,06463379942471;
-4,11400318412617;
-4,00456340178893;
-3,81984615933807;
-3,79735837353931;
-3,91401343568688;
-4,07237741527236;
-4,19176819437408;
-4,16905815366988;
-4,16797828768036;
-4,27338791595511;
-4,22603621464797;
-3,99923169061802;
-3,85604548215797;
-3,87041286928259;
-3,98232607467222;
-4,09810174484327;
-4,04206406051677;
-3,87618576829945;
-3,84792329815461;
-3,98440171060373;
-4,48944895039971;
-5,50622001957124;
-6,3118129710219;
-6,55383960045719;
-6,67767933913452;
-5,00627147436991;
-0,791132079083616;
1,22903984464934;
-0,0939230910379552;
-0,419638324681888;
-1,68870895037515;
-6,47974663802823;
-9,02930099412108;
-7,73522929466457;
-7,56052551792924;
-8,27731999907636;
-7,93953149658546;
-7,55583255594172;
-7,40115884704705;
-7,01856187207641;
-6,56766700069864;
-6,25315922909724;
-5,95644668309229;
-5,57813914953164;
-5,2611500914557;
-5,1362362713538;
-5,12224019113582;
-5,15772818865344;
-5,25210760232781;
-5,30301793141993;
-5,12597533944546;
-4,69958128300381;
-4,30989989412921;
-4,11112097808628;
-4,09080349391686;
-4,34944418858915;
-4,63546275778626;
-4,61135540018957;
-4,72529189575092;
-5,36905140996475;
-4,38229818172749;
-0,734006089003278;
1,10422970643325;
-0,0811005961328949;
-0,377612723898897;
-1,3683199236501;
-5,23457003933367;
-7,04920282646547;
-5,41879082126338;
-4,65554022652443;
-3,74107865726937;
-0,605505609581828;
0,948767149065682;
-0,0816600331122815;
-0,318951922828825;
-0,983517646328228;
-3,73685280974351;
-4,84311179402049;
-3,52720525158139;
-3,00657174009084;
-3,55875456747759;
-4,18838751762711;
-4,42697452032307;
-4,21409428687082;
-4,38907423079883;
-4,95247814345522;
-5,17897217273232;
-5,00264082077202;
-4,61062424482642;
-4,22619697759939;
-4,31759189027302;
-4,8136426116032;
-5,11412748845209;
-5,08697372539706;
-4,91661833883587;
-4,66842137629502;
-4,5028398897062;
-4,54608255999295;
-4,73234513762778;
-5,07262909194784;
-5,40873912261435;
-5,33905354192675;
-4,88316585719357;
-4,34528260774982;
-3,85033421890184;
-3,60058743002716;
-3,69957086428346;
-3,7031115010397;
-3,33818870367242;
-2,97724199499474;
-2,86887457150127;
-2,95132214830353;
-3,13833298979147;
-3,24868967803773;
-3,22299756253911;
-3,13958930100562;
-3,02574527892179;
-3,06928247246201;
-3,24191723113268;
-3,2518416906748
