-0,529746753914779;
-0,539878477314493;
-0,54887512150266;
-0,55089321363854;
-0,550193092672496;
-0,545977816151019;
-0,541191130464834;
-0,54479931887122;
-0,551778508041056;
-0,551327286885099;
-0,542042891515388;
-0,528068368792163;
-0,521650869002423;
-0,525891757538659;
-0,529493352196109;
-0,53029927611591;
-0,532608121623581;
-0,53501368627459;
-0,534330834317389;
-0,531886799361753;
-0,528573283138468;
-0,523416656853847;
-0,52132660757925;
-0,525898215902654;
-0,53195821180222;
-0,534788182501888;
-0,533304989527392;
-0,528157154316388;
-0,526482841323086;
-0,529704112520468;
-0,528370235803596;
-0,523673167093622;
-0,519270077520202;
-0,513424188204623;
-0,51103254526688;
-0,511441580498526;
-0,510347949477135;
-0,510047517088691;
-0,511349170632552;
-0,514471210521756;
-0,521059630702569;
-0,528803536090139;
-0,532057775368295;
-0,530117458364068;
-0,52745307985081;
-0,524435732044741;
-0,522564961322253;
-0,525898633577541;
-0,527865652833197;
-0,522653827896911;
-0,5183410569826;
-0,519091853207408;
-0,518042388395682;
-0,513352409287956;
-0,509340699662647;
-0,50905199217004;
-0,512256779867766;
-0,515505920595999;
-0,518316543556379;
-0,520114263802155;
-0,52001330509272;
-0,522542271412065;
-0,527390459104459;
-0,527482590483273;
-0,522152903527362;
-0,51825303640186;
-0,521069098158407;
-0,52938600811976;
-0,536365871662996;
-0,533453125705574;
-0,52306613356233;
-0,518842177342806;
-0,523488971355642;
-0,52781470579881;
-0,527562940801226;
-0,527190265577137;
-0,52911845390527;
-0,527957249645396;
-0,523005379896638;
-0,518937514143703;
-0,516571221482386;
-0,519931691172768;
-0,527639864704223;
-0,52824147813295;
-0,525002657244905;
-0,52326780088272;
-0,518184169383994;
-0,517046050858292;
-0,522595046788131;
-0,524407828740667;
-0,525977580922195;
-0,532258533259921;
-0,53341995957965;
-0,528224264865878;
-0,526898693112582;
-0,528613856312462;
-0,527456118301064;
-0,525562477785195;
-0,525071472115837;
-0,525419041497645;
-0,525626205099939;
-0,524807453462318;
-0,523259997751671;
-0,52238562543212;
-0,524624108720359;
-0,526861428887311;
-0,526164747935683;
-0,526861485851325;
-0,528979400914536;
-0,530465978192943;
-0,529192816941435;
-0,52226600457402;
-0,516901221237931;
-0,516593310923308;
-0,515581871965581;
-0,515609684746799;
-0,517809570388821;
-0,516992632816585;
-0,514025735246797;
-0,514673203243699;
-0,520661928837257;
-0,529267665491143;
-0,533106655752535;
-0,528601603812459;
-0,524880100303094;
-0,525795617550692;
-0,524706880762386;
-0,522775133714512;
-0,526665776105751;
-0,532901479183481;
-0,531878225069731;
-0,526169817865955;
-0,522990674825318;
-0,519497506504596;
-0,516307756989062;
-0,51882911532739;
-0,522553811956235;
-0,52486720849613;
-0,529000911947847;
-0,531576414041605;
-0,527416199966655;
-0,515059687018705;
-0,503384963929638;
-0,505283139147446;
-0,520894043248878;
-0,534822391182243;
-0,534016094955193;
-0,529154878264904;
-0,529839021567631;
-0,530489245536431;
-0,533627326737607;
-0,539234039346336;
-0,541929243323145;
-0,545625595425478;
-0,543497833346678;
-0,530721069726658;
-0,523715914255084;
-0,519249296414202;
-0,508863664045629;
-0,506505040653053;
-0,508045010196446;
-0,50544251046161;
-0,506490748994192;
-0,508527529578256;
-0,508357750472122;
-0,507192663275204;
-0,505485621329133;
-0,508571470869784;
-0,516529850778574;
-0,522522866298799;
-0,521523268944667;
-0,512538293703682;
-0,503633060903087;
-0,50352435271148;
-0,504869585761657;
-0,503323019990595;
-0,506618256018514;
-0,509573712694749;
-0,508007568174796;
-0,50851449414834;
-0,508857203626584;
-0,508298512189304;
-0,511129435551203;
-0,519355704969824;
-0,526397380228467;
-0,518687851482429;
-0,508069329324253;
-0,506469203511586;
-0,501516863914388;
-0,502198361086741;
-0,509425321426016;
-0,498298139846341;
-0,482801279031647;
-0,486545914018966;
-0,495169558433129;
-0,497403721327545;
-0,495762861658224;
-0,493808155964631;
-0,488853909798325;
-0,471460707595466;
-0,460946793285781;
-0,470208844289005;
-0,47273820911207;
-0,476666604541531;
-0,51132412041225;
-0,553028573009643;
-0,576951042991836;
-0,587712176013585;
-0,561174655200308;
-0,513840980184441;
-0,528276256577905;
-0,582691377488875;
-0,584598339162044;
-0,525500890014724;
-0,448878094999387;
-0,40229269289154;
-0,406964973156264;
-0,441403058957813;
-0,481545560463882;
-0,494220226049849;
-0,447412547551762;
-0,380217750102392;
-0,360051218843168;
-0,376638134558976;
-0,391285874534924;
-0,398484608420492;
-0,388926451467344;
-0,375513057713779;
-0,397890366572273;
-0,469497375949903;
-0,555405635694145;
-0,614136881588306;
-0,670766802274631;
-0,752330059514632;
-0,842788980395129;
-0,93126340122351;
-1,0248698365382;
-1,12939879739089;
-1,19968000913506;
-1,23658295933002;
-0,955618971379013;
-0,172343539827041;
0,238703412375902;
-0,0112983027807454;
-0,0844577045720967;
-0,105725762765796;
-0,387469532607038;
-0,282077257866603;
-0,063401287941966;
-0,646746211379097;
-1,30490689618674;
-1,32344752231254;
-1,30170501437001;
-1,15818630643095;
-0,55064743521739;
-0,0728395599936433;
0,0199968314432328;
0,205080228453984;
0,383291845365282;
0,226688034188798;
-0,0172700688424527;
-0,0855987661950173;
0,0769270447551772;
0,324300752938742;
0,555707711343443;
0,796990445477273;
0,904422083757164;
0,769009480697764;
0,542331809728321;
0,413912362992847;
0,360303545881709;
0,318360686129374;
0,325572739664848;
0,410693231254033;
0,545839220109204;
0,67744954583462;
0,747007148703615;
0,703795423036992;
0,590109376919655;
0,489645421954724;
0,419551704920809;
0,381987747667464;
0,342200370440247;
0,234306481390366;
0,0893898705226321;
-0,00135240462443347;
-0,0123372322340102;
0,00422771072604992;
0,00283941545772099;
-0,00272766721807894;
0,00183247010160792;
0,0324246503984034;
0,136301347800813;
0,302257451400523;
0,437293093563398;
0,494193727972995;
0,517708837785717;
0,472234933432658;
0,20896290254862;
-0,177145004567094;
-0,280321443813764;
-0,0463957869441039;
0,0760189159309462;
-0,00853073426428407;
-0,0245275540815779;
0,0287504435302157;
0,067665560524578;
0,109674420955525;
0,0996954744194825;
0,0208604999577715;
-0,0103994201766439;
0,0559636910927308;
0,157452929206112;
0,229388873182674;
0,218928687770927;
0,1458034522442;
0,0856478722299147;
0,111565891640763;
0,222409481747292;
0,278166396405124;
0,215458318933637;
0,179276287135216;
0,190102577639236;
0,0538284785130014;
-0,14740996823747;
-0,149491595949246;
-0,117617026471522;
-0,138345770613461;
0,305956929879395;
1,02152984044096;
0,904298766485696;
0,0296590991483186;
-0,6046948832206;
-0,947123897792022;
-1,29991565224127;
-1,0651297608872;
-0,168643591962489;
-0,121533214420283;
-1,03150950266649;
-1,44383230222221;
-0,518731144586047;
1,42992484177751;
1,58312054688488;
-0,424738106997731;
-0,954515255165239;
0,341447541264337;
1,57705700137307;
1,30648197426368;
-0,375535234421905;
-0,874517714037608;
-0,210756463035701;
-0,0305240928937618;
-0,0133137477758092;
0,0324249082505378;
-0,0113829825976418;
-0,00488211223166118;
-0,177850520395589;
-0,68350404812148;
-1,00054249792758;
-0,895962134125793;
-0,618556334868677;
-0,135087699828803;
0,153987131955222;
0,00291364162943183;
-0,0590265857624329;
-0,105149644843243;
-0,422348940998252;
-0,581510729678276;
-0,473007504335451;
-0,478907953258619;
-0,554160417664042;
-0,504540492903653;
-0,441301714197291;
-0,468827845555941;
-0,476618986782929;
-0,413624684191832;
-0,435899697059211;
-0,537318156372215;
-0,554986974463848;
-0,509475639839289;
-0,352520193425682;
-0,0462212788821757;
0,0854218111245711;
-0,00996748157964652;
-0,0276740490417325;
-0,193317845789901;
-0,679719781355471;
-0,833417537886735;
-0,569401364060787;
-0,528901362768625;
-0,479385552179051;
-0,0778938606093806;
0,125628329301639;
-0,0126750593573538;
-0,0412866352405599;
-0,252176743024063;
-0,914054302241427;
-1,2254827235484;
-1,03484860802794;
-0,966455459859471;
-0,692973984902484;
-0,0556834899226303;
0,165054976533718;
-0,0327773260902645;
-0,0475628239087248;
0,024210146260273;
-0,124732747624699;
-0,691500193556457;
-0,589954680757817;
1,34481658653115;
2,13737334313988;
0,244079843534333;
-0,617271594326084;
0,133036249637749;
0,169822228777199;
-0,227497867181565;
-0,208594140089485;
-0,0780164629758267;
-0,693066092168125;
-0,984405522299608;
0,40442692152029;
0,847591015986346;
-0,239442899652052;
-0,24205488611687;
0,193000771592597;
0,230292969033947;
0,918199613948701;
1,76727942767536;
1,65431258829636;
1,03883085429185;
0,697737827312321;
0,578923713857595;
0,523391963585382;
0,452958982617716;
0,283316265515957;
0,141611247725646;
0,182179666491747;
0,329681235689869;
0,439512333044269;
0,471251500813531;
0,443024347450846;
0,402457567267908;
0,385922786811271;
0,338755313486531;
0,241525267033134;
0,181279642054177;
0,191711562146094;
0,240519882812235;
0,266065310439706;
0,206607723595759;
0,146192772145511;
0,163512094439666;
0,0924586522404373;
-0,110464907122182;
-0,115283608197419;
0,15781628491124;
0,365220287478997;
0,434029618069267;
0,532101180305233;
0,612884376629624;
0,602745212980723;
0,502483145836716;
0,27567430104044;
-0,000142736083197214;
-0,171720395805989;
-0,219722844481569;
-0,179465860573069;
-0,00558729633790485;
0,229036465999364;
0,289801093781691;
0,244563866780714;
0,355548493134436;
0,531810144446286;
0,56524145940714;
0,48167483843519;
0,394661035379285;
0,227258269570819;
-0,154760908408634;
-0,584078421295328;
-0,749144670419454;
-0,45143136505311;
0,2601122879832;
0,928460508259304;
0,780102977318548;
-0,184162133311947;
-0,952577235713816;
-1,27828514151911;
-1,58862531289398;
-1,68357351395943;
-1,3504740318357;
-0,880779540246565;
0,0589674636695077;
1,67538586459623;
1,68969844575796;
-0,023897833425283;
-0,411486311487634;
-0,116140720273312;
-0,359198919264757;
-0,555849809750756;
-0,755314421283838;
-0,679645605076608;
-0,597982642174992;
-0,616773013701158;
-0,441415999497952;
-0,439248264572619;
-0,783030386008637;
-1,01729458896634;
-0,835383680090193;
-0,662041321281074;
-0,732979623040687;
-0,807250332338982;
-0,773932289746164;
-0,695338849892515;
-0,652647943199226;
-0,652209611183531;
-0,619632578019734;
-0,552912049125412;
-0,54448853585673;
-0,58603840410304;
-0,578536843563269;
-0,532665672362548;
-0,542829560493946;
-0,587405480321699;
-0,560691219433128;
-0,48118522477624;
-0,463483728797702;
-0,524358924501391;
-0,585166582612751;
-0,592486664109142;
-0,580936278162968;
-0,608441106393292;
-0,633200810859861;
-0,604303823100297;
-0,563250032800687;
-0,550039712014684;
-0,551658974505708;
-0,53103959259485;
-0,473847847753463;
-0,424107451325593;
-0,441455831368195;
-0,482017287157128;
-0,450495463979056;
-0,394608029940819;
-0,428205119979057;
-0,547926989864338;
-0,585482790480757;
-0,516261043926127;
-0,603702407813556;
-0,77869517343548;
-0,789703174119808;
-0,810795025694597;
-0,94412225378765;
-1,01403461226654;
-1,02909833875631;
-1,08794082543948;
-1,12427152171725;
-1,16682851602199;
-1,26082264758108;
-1,14924847635658;
-0,963912615706278;
-1,02176005774799;
-0,964808528763025;
-0,745549321694857;
-0,67544161630545;
-0,439792429463875;
0,00519354154360911;
0,115539603204518;
-0,0336818239674015;
-0,0295829765355311;
0,0247784896606157;
-0,138772021290367;
-0,361282716949255;
-0,423448847074019;
-0,780678454487661;
-1,12026190827844;
-0,515918133270867;
0,173138354992338;
0,0753853687269009;
-0,0874982404146367;
0,00896374711006675;
0,136770813294892;
0,36831454020668;
0,545917847326719;
0,575627209735628;
0,976428148198386;
1,79028397181139;
2,01749639877171;
1,43797133664185;
0,974719709760327;
0,802217710099625;
0,622441569713706;
0,536940867273482;
0,502632070631373;
0,403370290036639;
0,34057672249474;
0,368764272769027;
0,411523215926841;
0,427804866639008;
0,428735790640577;
0,404136299080196;
0,342901058699688;
0,246702573653372;
0,149517399921553;
0,12613286007599;
0,145659012358484;
0,118265465703528;
0,0629435586573873;
0,0242128922864834;
0,0553099254110592;
0,149424148103911;
0,200250834478017;
0,202555604355035;
0,201586183355098;
0,207438801304499;
0,20865194476175;
0,139378018406748;
0,00971469511819663;
-0,08983191601789;
-0,13150248014028;
-0,127080971590401;
-0,105402290856362;
-0,103933448293507;
-0,0575015854293338;
0,131717241232838;
0,38772445690678;
0,374317516848779;
-0,0144188584129907;
-0,17983920109689;
0,137572476559773;
0,430905575613959;
0,382929522496196;
0,0758667198407611;
-0,0955852908844348;
0,00161822973082505;
0,0351114432924647;
-0,0309995691927589;
-0,0751309939025396;
-0,073947482954193;
0,0291856363993999;
0,157540859640763;
0,163106326700972;
0,0388387638087418;
-0,0410128673524814;
-0,00188983393488293;
0,0162030699400766;
-0,0711365277293864;
-0,352524176984588;
-0,879711199033716;
-1,38820739871039;
-1,53167320219757;
-1,2773230320921;
-0,881625758760893;
-0,668706577095699;
-0,610827102509871;
0,154390107031936;
1,72953101926404;
1,75353913616666;
-0,248830513066058;
-1,06225690885529;
-0,201507506985752;
0,0378050504342725;
-0,577027559256213;
-0,879923462015008;
-0,518326930876207;
-0,284771837322463;
-0,523816559566456;
-0,669257874952109;
-0,765338011442266;
-1,10402498584072;
-1,20969039602812;
-0,815314730273192;
-0,510926608779425;
-0,583704207524676;
-0,70415404712728;
-0,706638274717202;
-0,649628619246308;
-0,593447274487198;
-0,567817021217791;
-0,591249104497489;
-0,67200077674926;
-0,728865085867259;
-0,692792642783154;
-0,647684344273966;
-0,659234765533668;
-0,665783588051494;
-0,646216387800631;
-0,635375356690582;
-0,609263692874419;
-0,550192454485543;
-0,505354780853969;
-0,506234576269269;
-0,524247737316507;
-0,516269544745871;
-0,498800779297438;
-0,52882995438142;
-0,595524568186295;
-0,611581335270726;
-0,550662778228538;
-0,478452084898724;
-0,413923628507181;
-0,382189412684157;
-0,438690017203551;
-0,461559815625609;
-0,375098436934134;
-0,348278883998805;
-0,423968454530141;
-0,495312352588862;
-0,542014947690011;
-0,617962236611482;
-0,751614930884372;
-0,84333077249034;
-0,855943678772565;
-0,889971850324347;
-0,928263886027697;
-0,941967797121924;
-0,995479393660604;
-1,07500170578806;
-1,12866673257063;
-1,13152870391876;
-1,06113054116745;
-1,00332525299276;
-1,01284536241145;
-0,902936299100653;
-0,643978658963896;
-0,414363889084215;
-0,189338141265137;
0,102162074728148;
0,198881105607444;
-0,344662012545598;
-1,34588310613308;
-0,993566811527167;
0,484583075730627;
-0,221102016188852;
-1,78631294407103;
-1,59646244178736;
-1,01316327736896;
-0,321957858570889;
0,342940207452799;
0,404333016485678;
0,466033237246842;
0,574602222971845;
0,575143738446081;
0,574333646915452;
0,423063134115896;
0,298775872825987;
0,507193312911603;
0,822264761303925;
1,06014086353713;
1,12609378053029;
0,789993057995746;
0,219961761201624;
-0,053793395312897;
0,114750676179377;
0,317613111884377;
0,357301424794833;
0,382571973090438;
0,404258895835886;
0,442309666570335;
0,537547035546909;
0,57576144749452;
0,501464195848974;
0,413008010531797;
0,380725301333544;
0,374457704126446;
0,378199237714283;
0,399176994190305;
0,416201618675337;
0,399761824047485;
0,367880515992896;
0,3737867071985;
0,283072098178854;
-0,015017186192107;
-0,172338459658154;
-0,00504066605762755;
0,146682055368118;
0,106536544810114;
-0,0422132406849009;
-0,124639460367747;
-0,0111650540830233;
0,131629542901295;
0,266871874875101;
0,461422226358495;
0,395547642295813;
0,0237498384339616;
-0,21989924020801;
-0,0437388839781118;
0,411690610223687;
0,468924979922005;
0,0198561444978625;
-0,245801500400287;
-0,239806438860674;
-0,266417805929159;
-0,277331096948187;
-0,152852796838358;
0,00494801780954761;
-0,0332627716119954;
-0,250963158616865;
-0,322486847193527;
-0,144933475628098;
0,0185527213707339;
0,100723591588886;
0,120928486583016;
-0,08664351758844;
-0,169466284420554;
0,209056021429394;
0,464101999495648;
0,193593726728811;
-0,191703750046038;
-0,159927718049828;
0,243772167545361;
0,230429144952364;
-0,472478037447856;
-0,925919962486414;
-0,801947580041451;
-0,758347529180047;
-0,771481972808948;
-0,629821385872441;
-0,663110697366989;
-0,830881524459592;
-0,843637232525721;
-0,563526596776816;
-0,115347602289043;
-0,202178152187728;
-0,683786633852841;
-0,657037077824675;
-0,303970402445446;
-0,054151909024675;
0,057553318737115;
0,00673115960925848;
-0,0251121397289739;
-0,155955504937802;
-0,608811616159294;
-0,96130403740841;
-0,888341378755;
-0,699426476349183;
-0,650172905751722;
-0,708857346570198;
-0,837315909136641;
-0,889891283732335;
-0,745196096938016;
-0,661583142182929;
-0,768561571425982;
-0,802723288745736;
-0,67807569844953;
-0,554387916684658;
-0,517584844361549;
-0,544480117132136;
-0,581675082072788;
-0,574815189500303;
-0,523372714607725;
-0,474660274321085;
-0,462937331367114;
-0,493130953345438;
-0,520632168183646;
-0,506732543816531;
-0,480318020016287;
-0,465192819062894;
-0,468990047871269;
-0,500946775505335;
-0,519369530809026;
-0,49308229224355;
-0,455076927690523;
-0,444663226840788;
-0,469344927239157;
-0,499155110968597;
-0,502529467617028;
-0,468522299038397;
-0,439982888378487;
-0,465843674903871;
-0,502393344600487;
-0,528902003440369;
-0,570367741108824;
-0,584581207218622;
-0,614506065176001;
-0,755125203780133;
-0,798449624536809;
-0,61329174029853;
-0,510745506193331;
-0,623847450878423;
-0,778459417284673;
-0,906884213701904;
-1,00766690080841;
-1,03970036728315;
-1,04984600838241;
-1,0669089032401;
-1,04799735434336;
-1,06216978491596;
-1,04301841352415;
-0,806522560711002;
-0,56987194891404;
-0,588691455801625;
-0,552977991889547;
-0,287979159257479;
-0,011184339597767;
-0,0919585017858746;
-0,879947987353062;
-0,745868087114857;
0,495927224675827;
-0,394628283468474;
-1,63420021881127;
-0,572793960022821;
-0,492656810585897;
-1,46773578437177;
-0,814775620040436;
0,297934295283024;
0,358028054776599;
0,0993764088285127;
0,344618057819459;
0,400722950690147;
0,120606353082985;
0,28823627178622;
0,440743998535695;
0,507969001879411;
0,950740889354012;
1,36938008056179;
1,17395743576931;
0,247122424466009;
-0,297494929391886;
0,0014025316959971;
0,110757600563458;
0,00782890836487627;
0,203743116508025;
0,432756782809494;
0,518076193195367;
0,569638614360653;
0,54733837165661;
0,435305861874264;
0,360579302374539;
0,356175459655243;
0,357700617105352;
0,380102752974149;
0,423307276356823;
0,41075562634991;
0,372328785393023;
0,379636522476025;
0,397978058005645;
0,360283721261402;
0,243927660686225;
0,0892022895869801;
-0,0403644946237236;
-0,11145028696433;
-0,13296214344885;
-0,112701226941835;
-0,00807520270883993;
0,158381148466257;
0,174325007830859;
-0,0596056760835532;
-0,190832126011883;
-0,0100040487529682;
0,188319391507788;
0,234593681543217;
0,213550151065315;
0,1996403737143;
0,176728561828494;
0,124557950302681;
0,114876843818251;
0,129772155481184;
0,032694907394014;
-0,211407699097127;
-0,390171919395936;
-0,26312705583555;
-0,0199400093683103;
-0,00757144208343763;
-0,0300503812711211;
0,240260593658495;
0,531054331798514;
0,452894624469786;
0,256549701314684;
0,317862174273288;
0,335202735428878;
0,117442447116741;
0,0956823270848917;
0,328047555686123;
0,550684622480618;
0,589507063118149;
0,159937586060249;
-0,47037147207311;
-0,837645207027487;
-1,09672643958209;
-1,20971876230902;
-1,05749266155015;
-0,908413421345431;
-0,985197611289056;
-0,454773425799893;
1,43307204272694;
1,94705869626862;
-0,0119427021817118;
-0,88060147172009;
-0,298547707189941;
-0,242646470572771;
-0,673992332674268;
-0,877914431207077;
-0,420820486459705;
-0,172198452851247;
-0,470308179763771;
-0,687113564712692;
-0,740186694600807;
-0,433845325325025;
-0,222033074471832;
-0,44380159924053;
-0,598898753084236;
-0,730045366845123;
-0,80667306391262;
-0,692731995695185;
-0,651793173954834;
-0,509164854643862;
-0,0766327029226967;
0,12821184677508;
-0,0130218178847438;
-0,0422471660691293;
-0,125574681191017;
-0,478915603881037;
-0,614843137965762;
-0,457893699970293;
-0,422764231029994;
-0,34708081588218;
-0,049563065332186;
0,087247248452238;
-0,00991789766050429;
-0,028284483370163;
-0,0984521370700725;
-0,380783203346891;
-0,507629115996419;
-0,404129941345257;
-0,409170873885804;
-0,484236102661049;
-0,462059284437452;
-0,43653299624574;
-0,472139821881218;
-0,49864911551947;
-0,491782071373718;
-0,490055856168171;
-0,514598411590144;
-0,553467135824284;
-0,538825230324004;
-0,510071920969964;
-0,588286067601778;
-0,666862909014188;
-0,646226423007848;
-0,671666902085649;
-0,79809773859405;
-0,88774508948292;
-0,903380019455578;
-0,953925705199132;
-1,03234825781076;
-1,06763983137502;
-1,10405312013046;
-1,15114130671422;
-1,16687810130761;
-1,15026284030334;
-1,06293787814504;
-0,95206900512552;
-0,867132641913924;
-0,727225736567722;
-0,554678198573637;
-0,367750596665244;
-0,0928761689667978;
0,0642885552031625;
-0,357897724637284;
-1,13630798974919;
-1,56269654085843;
-1,56130915441277;
-1,24705151454458;
-0,796174185264511;
-0,71547393339151;
-0,739877857106211;
-0,238183745329826;
0,129434660570472;
0,0330587825840553;
0,329382847624336;
0,643333269613417;
0,383319948305767;
0,201165094728636;
0,255372349783633;
0,285018702326301;
0,254700631196684;
0,0663676326516756;
-0,0689359330198667;
-0,00253933541936461;
0,026805776736449;
-0,0499757271699396;
-0,130692408153078;
-0,116483557404466;
0,0381610101775541;
0,292309438078543;
0,3995401902591;
0,12133191387718;
-0,113129821690306;
-0,00836612080136872;
0,045715306121954;
0,0602377967633749;
0,246558444781279;
0,33236137847473;
0,239180741995334;
0,223174149531528;
0,280795089440248;
0,330222715371207;
0,395945709629195;
0,400373515732207;
0,314796977335343;
0,226026008407234;
0,142077391477189;
0,0561298737329369;
-0,0264878553196444;
-0,160432550000332;
-0,327480747229515;
-0,434011976824275;
-0,400555724393971;
-0,22025804283418;
-0,0589485292954204;
-0,104574102437779;
-0,320170483926645;
-0,484490331380722;
-0,320345924842917;
0,348989804732188;
1,07060242002824;
0,952433211167421;
0,0975237755785196;
-0,456913773715804;
-0,39793277233856;
-0,199109407360341;
-0,140332064060457;
-0,167118921290223;
-0,176036981730931;
-0,189950118562139;
-0,165735115480296;
-0,00370157480148541;
0,11165172325705;
0,0939093381946573;
0,155516676615826;
0,19621440021277;
0,0413219692839005;
-0,0560146103644401;
0,00385850312140947;
0,0190726401452594;
-0,173149879287417;
-0,40199334025436;
-0,177584835026461;
0,241041065351427;
0,3927378029164;
0,381594334872138;
0,125863625091468;
-0,106789287348115;
-0,0129272492064271;
0,0454186961909477;
-0,192454222941574;
0,0604065647330274;
1,51403317522388;
1,69115124308441;
-0,305592896768605;
-0,707886661048586;
0,350964916169332;
0,165283774719246;
-0,203588886279073;
0,028046845139437;
-0,126937514007789;
-0,50601936506757;
-0,422824824526826;
-0,644539538799854;
-1,20955983457001;
-0,634859773980006;
0,256099710364119;
0,105414276639274;
-0,133128082539155;
0,0179668416380726;
-0,160467744110534;
-0,695960899826367;
-0,883058289929361;
-0,744825391994422;
-0,846574764767423;
-0,762741392286175;
-0,126884658596054;
0,197439125948498;
-0,0175113264629439;
-0,0660257633199705;
-0,118980204680977;
-0,525944760265399;
-0,760144055742189;
-0,650399667130331;
-0,624719644059318;
-0,693001591137384;
-0,693585168423316;
-0,657958807973863;
-0,609779299444926;
-0,583178637792295;
-0,588212179470582;
-0,59122562679006;
-0,584171876564528;
-0,562226254130002;
-0,535767725357056;
-0,510670600226805;
-0,45539836283679;
-0,413068703772609;
-0,438785474236029;
-0,491715355176956;
-0,535825027237532;
-0,566047679004735;
-0,562551212464992;
-0,565223959047286;
-0,642864873243505;
-0,685105027249725;
-0,700240429947412;
-0,829470097769261;
-0,854563878234879;
-0,772628919263029;
-0,873729419476404;
-0,961359591703007;
-0,869546737320023;
-0,777084875036765;
-0,78574884501116;
-0,909579352140111;
-0,958969848892506;
-0,877569295933804;
-0,840739580066914;
-0,720430093956396;
-0,634112367267688;
-0,836709855502359;
-0,970046919364239;
-0,854433459962984;
-0,680402467443383;
-0,634960899998119;
-0,987364466701552;
-1,60941041700169;
-1,95788990534765;
-1,64356823706311;
-0,977784763607131;
-0,898111655621818;
-1,55919183450215;
-2,00522374991263;
-1,64245145810009;
-0,530995193622451;
0,195134859928683;
-0,391409167310949;
-0,235052459439144;
0,979955692134131;
0,630605725918622;
-0,309853288855901;
-0,0909181070054204;
0,147672360350339;
-0,0294505068812609;
0,292778862128022;
1,23254908483695;
1,65522849766496;
1,08169458287218;
0,45085430612493;
0,193204920213398;
0,0202111056423491;
-0,0453078912993835;
0,00675186526724241;
0,014075002109121;
0,112622634682101;
0,441186854348859;
0,664621021790845;
0,601330303034659;
0,496491207322324;
0,417839743580703;
0,321859146214843;
0,294009048483482;
0,346214923506358;
0,418520759942331;
0,499972302349404;
0,573431031594775;
0,57074208066805;
0,41273228208333;
0,142903715535917;
-0,0244124665345409;
-0,0145339898420864;
0,0145146823840726;
-0,000873859793756897;
-0,00479945429617901;
0,0257812039373157;
0,0403984505628866;
-0,07251543763281;
-0,252420225417833;
-0,301847689381891;
-0,179458015236453;
-0,0109445209168283;
0,0387717652970121;
-0,00766138664676055;
-0,0113148193260464;
0,0266015952867808;
0,0195330593875978;
-0,0608109930163584;
-0,0815179845206627;
-0,0599458331877051;
-0,252272723786689;
-0,482776578982936;
-0,38759658673056;
-0,183444439317611;
-0,0858989760580594;
0,0958078331218776;
0,324796905434375;
0,37794333185074;
0,274934160540149;
0,109530993379994;
-0,0852712730376799;
-0,281829197187339;
-0,311013924615299;
-0,0256829306790069;
0,361512503713328;
0,686480955258223;
0,727657449529966;
0,272528156518794;
-0,274964843424826;
-0,619382516658443;
-0,899164970506257;
-1,05954728829818;
-0,944341627890746;
-0,92964023105015;
-0,483052432407713;
1,37938856449174;
2,52473337963434;
1,08694302492121;
-0,697848418469428;
-0,552182087524947;
0,0295158693061196;
-0,834670891038465;
-1,1500990244292;
-0,220051606035186;
-0,228424508074095;
-0,74330928790069;
-0,87834943779251;
-1,03781314399212;
-0,935874061793441;
-0,74613718491862;
-0,868071300529711;
-1,03604877131849;
-1,04075493251604;
-0,959915354740243;
-0,921717430938211;
-0,901324816754793;
-0,817936151590344;
-0,709079712700924;
-0,636760669321583;
-0,605561484842284;
-0,592741249878039;
-0,575675640586639;
-0,545693395606077;
-0,521790450740715;
-0,545698124624597;
-0,435795424406804;
-0,0746904332954793;
0,110118249511044;
-0,00752718064356889;
-0,0378965927762048;
-0,131392170093322;
-0,514960779011328;
-0,727863404950366;
-0,632995715803496;
-0,6195659210075;
-0,654421075559689;
-0,586156471039084;
-0,535687017892156;
-0,52781208228344;
-0,49325742404115;
-0,486153484077097;
-0,555703472091603;
-0,582988311401829;
-0,522825539735312;
-0,477899205173589;
-0,506800429580235;
-0,600865336821802;
-0,656602166106042;
-0,646620027291528;
-0,668316382275126;
-0,687553300609438;
-0,64079366552699;
-0,609633812762964;
-0,646714925173995;
-0,685824391946193;
-0,77544085733247;
-0,974846604767564;
-1,10691349716214;
-1,07038096886436;
-1,01461262496415;
-0,789700568893336;
-0,169131429630832;
0,197619900045977;
0,00172119141465699;
-0,0748254237460772;
-0,024139823874044;
-0,165422255477156;
-0,266673796640434;
-0,299443317683024;
-0,55433009285535;
-0,762399011910369;
-0,401389476391312;
-0,0508705264152288;
-0,282923840844721;
-0,641604526340735;
-0,799037800533472;
-0,66963735871588;
-0,524037194183179;
-0,546068921912035;
-0,557779980678937;
-0,53087121710666;
-0,33050160657436;
-0,375561350641264;
-0,641130534662151;
-0,584624158936514;
-0,49663854160115;
-0,279032401464878;
-0,0744636434280014;
-0,15924028083849;
0,101761898293636;
0,440325653927916;
0,103871823276835;
-0,351019611575062;
-0,213853506431627;
0,228378141204606;
0,510938606360701;
0,539062852079997;
0,512466610771879;
0,572105083464982;
0,570898742087529;
0,485133794216512;
0,466259722140172;
0,538487239216042;
0,589245079170674;
0,554128292918255;
0,404624018910225;
0,186146065803576;
0,141480010525237;
0,258218241065123;
0,277812803816474;
0,214493310742666;
0,170533569764176;
0,18715527102428;
0,249141611793197;
0,264665909118612;
0,282755927086868;
0,333014654271461;
0,27718333857842;
0,156945142038915;
0,125587485444835;
0,108946760748342;
0,014821843506625;
-0,0409573381876538;
0,035751460310334;
0,136120485211306;
0,162658730222222;
0,165294144762364;
0,197156293757427;
0,263958504777027;
0,31022638364809;
0,222436807551704;
-0,00633419995339213;
-0,219625786179331;
-0,313888059812319;
-0,30544938072363;
-0,16691231320266;
0,0414113927454397;
0,0623131140240685;
-0,177786081901229;
-0,364188871743168;
-0,250097657712986;
-0,0492359183168086;
-0,0485521265343007;
-0,174072251543641;
-0,249405956711421;
-0,265906149792954;
-0,291791603417835;
-0,342597268831293;
-0,368162993974407;
-0,391644920922642;
-0,415614976355455;
-0,318708284917917;
-0,177876505336824;
-0,219456930871187;
-0,33675826562029;
-0,268564089550362;
-0,0455107873590792;
0,226908188101952;
0,458627399905465;
0,479909344346527;
0,322734461255617;
0,0327137266782859;
-0,400875568500816;
-0,567807680217179;
-0,148120001830169;
0,360013981699957;
0,50834541790831;
0,481540695936379;
0,243352372546613;
-0,245681690391666;
-0,641424277782035;
-0,942673306544101;
-1,21994716710947;
-1,17043852495481;
-0,814503055519407;
-0,812878774726234;
-1,47204876903811;
-1,86963518040341;
-1,21210794794005;
-0,392262652929815;
-0,299591757139859;
-0,224360523546884;
0,0526630788291069;
-0,223119143185065;
-0,561500577231007;
-0,418246589854498;
-0,339520278128415;
-0,370464338245615;
-0,375274619193775;
-0,550502094282622;
-0,751087018041398;
-0,75357914730239;
-0,654394238944814;
-0,649876608406902;
-0,766078024316804;
-0,854868223548989;
-0,839787259071209;
-0,799952633139565;
-0,748662213845979;
-0,657625933123912;
-0,554861049119349;
-0,47773397603175;
-0,470865920429707;
-0,509477581152516;
-0,529507471568452;
-0,517115950530125;
-0,477940298242316;
-0,437003630447923;
-0,437867851021444;
-0,486321986492022;
-0,539749863521469;
-0,556652755618904;
-0,552838612040949;
-0,573709690251164;
-0,607324738513521;
-0,620887956094469;
-0,603178136721444;
-0,557175514804997;
-0,527569711249277;
-0,535813963932786;
-0,408355761934465;
-0,0683579927740239;
0,100762121631109;
-0,00634216304200899;
-0,034990838294401;
0,0172005431013831;
0,0051868781412191;
-0,00827915507242591;
0,00162296275309599;
0,00226319360693295;
-0,00152485818410069;
-0,000165744131564363;
0,000611428116913401;
-0,000197187057191436;
-0,000134737163968711;
0,000126524984837131;
-5,10387151749413E-6;
-4,28351084824562E-5;
1,97559004112997E-5;
6,95072152751708E-6;
-0,165432625717427;
-0,572629755609269;
-0,764803179689682;
-0,588929113646203;
-0,482032543595574;
-0,527046791179516;
-0,596823098264334;
-0,643984704581589;
-0,602719991073689;
-0,578648396634991;
-0,606791546465531;
-0,615159730513309;
-0,622802901010228;
-0,602723423137044;
-0,586548324201041;
-0,625047016317059;
-0,65873048372049;
-0,673700666567354;
-0,691980891732405;
-0,691157768204256;
-0,670487632290582;
-0,660347950733369;
-0,668755901520494;
-0,691594802761586;
-0,69337521333703;
-0,734491290650078;
-0,910241891948566;
-1,04253312480427;
-1,00349349954315;
-0,974809648994459;
-0,758971332943755;
-0,136277208048575;
0,190989593060678;
-0,0100389829231625;
-0,0670899988064372;
-0,159197516917344;
-0,646201636918221;
-0,873343283200687;
-0,562820720748919;
-0,209905967673559;
-0,00800506414319259;
0,0425929713471615;
-0,00870285090421152;
-0,0124908624669786;
0,00848311522297328;
-0,396833399808407;
-1,27233322158245;
-1,33342273105049;
-0,548123926234722;
-0,479174142473071;
-0,922160437025133;
-0,634913166413805;
0,166825873939098;
0,282470590701578;
0,00558721136862602;
0,334714050686728;
0,559269521745434;
0,244801261711975;
0,0640301662611669;
0,102943244469672;
0,226086047445225;
0,381901727062784;
0,314807672318228;
0,104546524102902;
0,0600130801701936;
0,149485334511202;
0,153298353007465;
0,111726316256835;
0,19558271612148;
0,312121633985366;
0,30159729511763;
0,156556751829355;
0,0809996277682654;
0,203381572468146;
0,320396498459464;
0,322138934244845;
0,229855820476256;
0,0960473622410186;
0,0643629580326341;
0,135771459319433;
0,20169618964299;
0,223639441626773;
0,219447710038134;
0,20178124921383;
0,165906710861294;
0,127703669275314;
0,112361511679544;
0,158576162642913;
0,282468734954959;
0,400148997517292;
0,432512541239612;
0,392158247675788;
0,324108849608477;
0,241549233961267;
0,140158139199502;
0,102071325375186;
0,162249265500659;
0,195685834405861;
0,18496428278183;
0,19879945738757;
0,172236175769511;
0,0759553119795689;
0,00325604375627743;
-0,0147748825036558;
-0,0345051383324858;
-0,0540713618241286;
-0,00345712205982664;
0,0771603151956727;
-0,0330596170051498;
-0,367023099422607;
-0,567719432971204;
-0,442971311163082;
-0,205146236262561;
-0,061071605917346;
-0,0523871666209451;
-0,11705262428698;
-0,15306411799497;
-0,151515480569599;
-0,156552944585593;
-0,177862947318206;
-0,257110768021673;
-0,343288823197744;
-0,261081986742348;
-0,0703278931284035;
-0,00343958982314264;
-0,0198596526784417;
0,0509808000750658;
0,229636083239036;
0,436224216731076;
0,562767936262393;
0,602250316380556;
0,475800085190244;
0,108079000625614;
-0,103267051224153;
0,107936820791557;
0,308975810512068;
0,318785380038644;
0,353209905549136;
0,159015302747348;
-0,340776745926541;
-0,426045980416623;
0,178502932711413;
0,556596129881406;
0,142161546907088;
-0,408936236252737;
0,0526298401333981;
1,63386613151051;
1,90936108973094;
0,0152366870519513;
-0,972735587722768;
0,330005155630857;
1,95199427094505;
1,75253068115967;
-0,044032238369543;
-0,890283862032164;
-0,329613930776653;
-0,285296623632989;
-0,69777566446664;
-0,605588991141014;
-0,474053066863661;
-0,428760034999485;
-0,0930877463439729;
0,117045836726589;
-0,00416238933024517;
-0,0417251353624499;
-0,186064354402587;
-0,69220072205799;
-0,916297054086729;
-0,611466474129008;
-0,350925912597728;
-0,441301820433983;
-0,743598055577357;
-0,847938367743444;
-0,61487798450648;
-0,374895931281894;
-0,376072074035291;
-0,556663189074186;
-0,633960525631405;
-0,56101072569307;
-0,532312234312918;
-0,408461806107868;
-0,0663543537653179;
0,101397619296978;
-0,00754813703838067;
-0,0346755452558858;
-0,126087123707391;
-0,479455734383836;
-0,63848305516942;
-0,500679237766273;
-0,486152187927795;
-0,56842268373195;
-0,557791311082158;
-0,520103389574917;
-0,511069576726005;
-0,525675396502617;
-0,560968479957616;
-0,600695867660527;
-0,612941197794856;
-0,614650087375968;
-0,641027763749635;
-0,650171494079615;
-0,613536525004981;
-0,591299031228175;
-0,616704916816502;
-0,648247124965171;
-0,48969906934648;
-0,0798610174514531;
0,120426484226934;
-0,0082619997827052;
-0,0415292156896766;
-0,130161552639976;
-0,54696571532889;
-0,804544290517562;
-0,654963735011121;
-0,563723512795153;
-0,65677989308937;
-0,678383523959449;
-0,625589809580616;
-0,624636528542895;
-0,656274353200807;
-0,642828625853551;
-0,635935008431734;
-0,668643673405733;
-0,690686419425623;
-0,699476847604082;
-0,661921569735984;
-0,619187637292101;
-0,665614525114508;
-0,735008529375798;
-0,741849087102359;
-0,71967570890284;
-0,728380326384232;
-0,736368799180216;
-0,723124514430638;
-0,732367286160111;
-0,803753942049204;
-0,919610286431174;
-0,940607055815386;
-0,887503446697675;
-0,944804495776765;
-0,985414201272904;
-0,878114974020674;
-0,814240735439376;
-0,804165812504439;
-0,719049316994972;
-0,596883538343934;
-0,494697108927404;
-0,33446580465188;
-0,0893871241251197;
-0,0699916250328727;
-0,533347165701631;
-1,19732956940652;
-1,60965529360423;
-1,67133311711342;
-1,30246651626419;
-0,360266838448016;
0,170389673913618;
-0,546651914267514;
-0,83450024873606;
0,0512033895013759;
0,472095807600822;
0,00499524460495422;
-0,702459593996739;
-0,721660230444103;
0,0610964688207546;
0,343055342711408;
0,254906871960466;
0,746450147646163;
1,31770177897244;
1,25300248498522;
0,631719306918402;
-0,00368608948963957;
-0,126662390172851;
0,0391053581655895;
0,0310588749124575;
0,0977356702655279;
0,448682948973881;
0,624218159081647;
0,426594046279199;
0,214900458394062;
0,101382297332011;
0,001698287199879;
-0,0226272364932005;
0,00663749915340061;
0,00561683292963476;
0,0311422960648165;
0,126528617578897;
0,185347342660811;
0,171854620772435;
0,149652380225068;
0,129031905105596;
0,131159450541045;
0,162726464276832;
0,177448168644041;
0,155704048150052;
0,122288816013892;
0,140323045483331;
0,226256803074539;
0,30782523049483;
0,338831707344183;
0,28754032121725;
0,176849326310226;
0,18330831961422;
0,307907320368451;
0,354843107156995;
0,392928341091237;
0,540949294032458;
0,600936208441744;
0,465994091218881;
0,319583589906156;
0,225647328703549;
0,11310779295528;
0,0429479605191896;
0,0679578403085894;
0,100426251387815;
0,0722311220703582;
0,0092983413296271;
-0,0166479735777176;
0,00162155249656548;
0,005562402907073;
0,00593377318406818;
-0,00169141037265691;
-0,0851860272550526;
-0,181183379648313;
-0,199846085644525;
-0,147692830369236;
-0,0662623125425548;
-0,0837202292368093;
-0,131405093499364;
-0,0828000974411164;
-0,0623031146429938;
-0,0768030394087317;
-0,102129362793711;
-0,121139858528033;
-0,0803674591581491;
-0,136939568263514;
-0,260492496458051;
-0,233280275642937;
-0,1728028191754;
-0,23793668478416;
-0,325136972065537;
-0,354826408956617;
-0,352722314621991;
-0,325543855647869;
-0,254389093084627;
-0,170381408752297;
-0,117438324635652;
-0,0660019174337573;
0,0308300597744252;
0,180273182729462;
0,339779667583812;
0,425277771828366;
0,380114657115693;
0,286875937363836;
0,17981924058402;
-0,0191798287213596;
-0,148542409641982;
0,02314975385998;
0,382250414163315;
0,697518604942933;
0,654215195173408;
0,134345874396644;
-0,170003996071148;
0,00463733848666455;
0,0614653226039233;
-0,357268188266277;
-1,08641486183107;
-1,31468628727845;
-0,930364232598251;
-0,861986339958921;
-0,384641976464105;
1,46837341164404;
1,86719112848343;
-0,35160597176067;
-1,21529343891218;
-0,108270260541408;
0,091782308850589;
-0,41907481107513;
-0,360226029290263;
-0,126867937115891;
-0,0822531372715839;
-0,124848156364066;
-0,302484178828749;
-0,337619634598084;
-0,176897986400506;
-0,0707427706177005;
0,00390858388684148;
0,0201974723569459;
-0,00932476711771782;
-0,00335644126312295;
0,00473347804068985;
-0,000791693274236906;
-0,00135056392415228;
0,000847044465284221;
0,000125272123448562;
-0,147491775124762;
-0,493071401810795;
-0,649930576849433;
-0,549017666922617;
-0,539529094700382;
-0,438469516620295;
-0,0662969507760435;
0,110115262250074;
-0,0109151744938353;
-0,0364121753104352;
-0,11145337331693;
-0,444327579380724;
-0,614591923512887;
-0,519306148963995;
-0,534498655160894;
-0,597889428911546;
-0,529722416200401;
-0,484915800645721;
-0,530757020327217;
-0,577776963991725;
-0,60515692056875;
-0,618765865618017;
-0,605982312261209;
-0,583765425923952;
-0,579246115543249;
-0,597386751045561;
-0,617687056205678;
-0,608482458027731;
-0,58321470737895;
-0,578570217489647;
-0,594794894410208;
-0,622917806875602;
-0,659926633118119;
-0,681472872074664;
-0,66401116118142;
-0,649762686085902;
-0,680275735053131;
-0,69534130662842;
-0,652858302132371;
-0,621198530725537;
-0,47170824595406;
-0,0844085392908281;
0,11776669314228;
-0,00582140840484912;
-0,0415601455932978;
-0,116235844828404;
-0,465117530626604;
-0,635786724624746;
-0,522888438178532;
-0,554655672559334;
-0,482718649307543;
-0,0642443142865726;
0,125027155891823;
-0,0178975954049276;
-0,0387868403707031;
0,0228996266725027;
0,00414877957079464;
-0,00987001772191804;
0,00265828702046167;
0,00239500982601486;
-0,267621715205356;
-0,928440844355808;
-1,29624979729887;
-1,11265345048797;
-1,00264586400497;
-1,03197377665996;
-0,933831313928666;
-0,797635171733587;
-0,633497499562159;
-0,480583225653902;
-0,393452712110426;
-0,219853474338236;
-0,0197098466896548;
-0,153057456754659;
-0,86621382401167;
-1,57948235007426;
-1,57498819776022;
-1,1581951146564;
-0,74158212621514;
-0,467041317138278;
-0,664424454138572;
-1,02011376960634;
-0,587612352854611;
0,156986996905667;
0,0792176824957616;
-0,369751060067822;
-0,751397226034533;
-0,651226344784764;
0,0637771153913865;
0,144725762527047;
-0,0986816963737804;
0,108731899871953;
0,178880628206686;
0,208922316481242;
0,484141242451913;
0,618877743407971;
0,450832442016449;
0,276357521166197;
0,164922424154399;
-0,00374315221748485;
-0,0787256402676885;
0,0281721352373092;
0,177417610418616;
0,2873299884618;
0,337729574943495;
0,298347509661988;
0,229341191783566;
0,209418014178852;
0,213790851616884;
0,212217250887262;
0,203966237658873;
0,176215741522008;
0,132481870904492;
0,0947353723489361;
0,0953849424475125;
0,140098424749341;
0,174755966795818;
0,145905845611035;
0,091197805585441;
0,0918470919524389;
0,144601932458277;
0,14748736416199;
0,0455191364900804;
-0,0435743903987326;
-0,0433563720117026;
-0,0283112414164987;
-0,0127683813338721;
0,0217055419451977;
0,0558739607179053;
0,0986712615469391;
0,131536284491424;
0,126807059444241;
0,122188244211933;
0,104519068123099;
-0,00958440067675719;
-0,167557595825903;
-0,21474902510288;
-0,15067740917499;
-0,0989141058324458;
-0,13398350670953;
-0,225270852903516;
-0,292217995750161;
-0,337636641549634;
-0,379234327207644;
-0,31181666228342;
-0,171558820842284;
-0,210260335215365;
-0,369065050548964;
-0,398685094628925;
-0,291946785009884;
-0,219001496765954;
-0,355143946553295;
-0,500349385343537;
-0,454793574244792;
-0,40981213165235;
-0,354203302900398;
-0,18975952137168;
-0,065994252916461;
0,0276765413232207;
0,239070688910511;
0,327899807130439;
0,0795371214168488;
-0,092484381605633;
0,00137815228309405;
0,0337354688858782;
0,0670712858496118;
0,233914535340474;
0,27861563812293;
0,259832600971145;
0,453890943371609;
0,625371778412215;
0,347034865943846;
-0,17406169192212;
-0,514585953853845;
-0,830937512226624;
-0,76863439307254;
0,00724976302991448;
0,205402078743001;
-0,511832169123646;
-0,973451049987791;
-0,301068883593519;
0,577627612481611;
-0,638201819578189;
-1,7886192166228;
-0,474151460216987;
0,400550731651475;
-0,0443128162186185;
-0,113710763277406;
0,0617791333755851;
0,0147949969694921;
-0,121547458921305;
-0,376454652064744;
-0,644775053271217;
-0,673427342041649;
-0,632327264836866;
-0,740010530421581;
-0,866131533367591;
-0,885538269763393;
-0,863736706779212;
-0,848098554440743;
-0,823030054704255;
-0,772170390816463;
-0,664919179177027;
-0,539765760907077;
-0,517158516458894;
-0,434572951998497;
-0,0906714199380182;
0,112971149311524;
-0,00250223864878931;
-0,0411008237330561;
-0,13056811496896;
-0,504896301349842;
-0,695358152363762;
-0,559704232497579;
-0,522284104040096;
-0,440669142216258;
-0,0755098984171335;
0,113430106949463;
-0,00881890235012574;
-0,038501723613289;
-0,125729170460949;
-0,487338759817471;
-0,673902748471141;
-0,569370380642914;
-0,551095620008091;
-0,457486826837411;
-0,0793404669366609;
0,116076997263207;
-0,00778432134491894;
-0,0399996993274861;
-0,131283330473473;
-0,512616655441832;
-0,712349296970523;
-0,598065876714546;
-0,569267835395325;
-0,459967791186313;
-0,0696159973815629;
0,116030067311832;
-0,0117192153521965;
-0,0382559853622835;
-0,124119778075728;
-0,495578376265757;
-0,697720625584251;
-0,595517537884038;
-0,569290526756598;
-0,460426098919554;
-0,0713827819497226;
0,116319312307378;
-0,0111151709777044;
-0,0386271989583774;
-0,150427161027824;
-0,578764759041587;
-0,791556753051424;
-0,656124379316597;
-0,64627718888737;
-0,713445385907106;
-0,653567249371059;
-0,624977876726089;
-0,682964678264839;
-0,698621195083719;
-0,656730330661988;
-0,641640667981829;
-0,647583979287165;
-0,630075522376704;
-0,597078966923236;
-0,417656228366434;
-0,0566404828223543;
0,100382240854373;
-0,0105415838453819;
-0,0330661970631505;
-0,185160070914304;
-0,643702783099795;
-0,810552104149442;
-0,640480891613262;
-0,649174940498001;
-0,769630227386984;
-0,754383059493147;
-0,658462010034561;
-0,648685895608513;
-0,702357317922279;
-0,784176979310468;
-0,938444677859909;
-1,02674479360706;
-1,02833627042968;
-1,06492944463509;
-1,05731100825971;
-0,941260559805186;
-0,819799491737222;
-0,709243628741797;
-0,621917867898302;
-0,575112578040982;
-0,429004090271184;
-0,21876071831554;
-0,126619416408216;
-0,215223923272203;
-0,413256944036711;
-0,445793441192305;
-0,247795103998805;
-0,111890086509622;
-0,210534767485703;
-0,279080229280644;
-0,400178428018453;
-1,20672529101942;
-1,37729482657756;
0,0777394493103964;
0,63754417423275;
-0,147181915400004;
-0,152900828021584;
0,275918993640891;
0,31951205387877;
0,495201781726083;
1,03280156549202;
1,60549329291532;
1,71767965561242;
1,19102801112689;
0,454330900741166;
-0,00822153658163237;
-0,0756709432532227;
0,0215704984819609;
0,019928507751534;
0,104859615984552;
0,457403228931081;
0,718186289036381;
0,647808640568138;
0,483242376442847;
0,305345575431216;
0,0456864679167357;
-0,0722222105024367;
0,00522951415365855;
0,0248716836343337;
0,048974166505833;
0,210325871797578;
0,294169969661351;
0,233595768696264;
0,227077420049748;
0,266111832280335;
0,252248120821419;
0,234289995419214;
0,238254404241594;
0,247284757666313;
0,25477144903591;
0,25836695416592;
0,290981921983492;
0,340673584676163;
0,368439872480327;
0,286822175577402;
0,0523726518442754;
-0,0717320553636713;
0,0031692471805317;
0,025477798455966;
-0,0310737853873387;
-0,0943675851524065;
-0,131032466136831;
0,00836098778562015;
0,305903223818757;
0,379176022373582;
0,0807636794384894;
-0,102430727825066;
0,00371553089076039;
0,0365124274218417;
-0,124623689872026;
-0,351826300110906;
-0,352753733086328;
-0,0739269203537795;
0,103097380726264;
-0,0468281207522639;
-0,351950479697757;
-0,371288603985847;
-0,0675551399598312;
0,107244090329829;
0,0293913708612475;
-0,089273493609615;
-0,127510681116542;
-0,178964348372477;
-0,304955700530252;
-0,375301350832792;
-0,353268693279489;
-0,312036213695803;
-0,279887331395701;
-0,281558386806241;
-0,301414671905453;
-0,25798588982509;
-0,123338802528604;
0,0182909504358456;
0,193968632284966;
0,439152061732627;
0,469854970004888;
0,301081604674141;
0,288671333958926;
0,322812165109376;
0,174073928649561;
-0,00787062683661693;
-0,0339552234923107;
0,0131201783651217;
0,00719146939974111;
0,0496672869192307;
0,138124309864101;
0,0693559008357145;
-0,0192021380341686;
0,159016484348833;
0,0657205891045799;
-0,796227441892739;
-1,31320389475955;
-1,00150116743993;
-0,192267849835249;
1,48290363729956;
2,00260985889889;
0,151823660193439;
-1,07835000281654;
-0,622368927424992;
-0,0477109132018528;
0,0875442825387594;
-0,00559685993379963;
-0,0310083176324481;
0,0153314393993278;
0,0036345473809166;
-0,195042321179884;
-0,758792489486353;
-1,16047276319402;
-0,808759491038192;
-0,366243082799499;
-0,497627678183675;
-0,794693002594701;
-0,909302014932852;
-0,931808264369707;
-0,811287061804091;
-0,599441984374696;
-0,657118790937277;
-0,920716723211819;
-0,977514388809135;
-0,788806350828226;
-0,552714277444818;
-0,478941797207736;
-0,554170563768047;
-0,562084241271795;
-0,51766030648206;
-0,521617317393206;
-0,541027948156058;
-0,546712989397204;
-0,541952593956618;
-0,393993215059628;
-0,0600759672980488;
0,0958045734822132;
-0,00778228812750884;
-0,0325347652786535;
-0,0874392445278231;
-0,360001273696183;
-0,52674397999074;
-0,4814059084832;
-0,482824570691917;
-0,394046631286961;
-0,064903911823388;
0,099534893894095;
-0,00789620858119661;
-0,033770606678662;
-0,120853654355037;
-0,469431236013909;
-0,650150351722615;
-0,540007163881794;
-0,51542120601491;
-0,569408825756479;
-0,542160920030602;
-0,509436326578344;
-0,513571331634416;
-0,516249938243408;
-0,380412674595919;
-0,0608007945420391;
0,093187768251507;
-0,00673058625694009;
-0,0319973098923347;
0,0160628042405043;
0,00460286276207925;
-0,00763068158856297;
0,00155901925582154;
0,00205946511985992;
-0,13806418672075;
-0,461686973756312;
-0,610065432511958;
-0,509445182584315;
-0,500351191620271;
-0,589695497574707;
-0,65179400370513;
-0,679481634348009;
-0,659217609396568;
-0,612365919034205;
-0,576663960862973;
-0,595530935405334;
-0,660780835129378;
-0,68034823404169;
-0,631719217033126;
-0,601791349061171;
-0,617306587085928;
-0,601036179259496;
-0,533591394297657;
-0,504214144480615;
-0,395571975919346;
-0,0742057609904003;
0,100306802738067;
-0,00433251345238315;
-0,0356296286758576;
-0,105316457273963;
-0,416439598075283;
-0,603700429780162;
-0,551516721558923;
-0,504631639594284;
-0,458813705394862;
-0,444183210355273;
-0,517513325730719;
-0,569664596211717;
-0,528946666456037;
-0,50906051226124;
-0,686432385345465;
-0,877194562764844;
-0,883286578951029;
-0,903844448000514;
-0,748921103254393;
-0,149406936215036;
0,191714362708852;
-0,00548520019942936;
-0,0692851577749609;
-0,135476030014243;
-0,518814197096789;
-0,615437775897356;
-0,341387420503853;
-0,25563907967527;
-0,394854931827286;
-0,558186407221278;
-0,540152438603912;
-0,353636164428184;
-0,278106441906186;
-0,514312160790724;
-0,914175603978013;
-0,567596050631601;
-0,114820912273042;
-0,881239046351738;
-0,971898907213867;
0,139586081940437;
0,259729871641276;
-0,154086986328297;
-0,028463753828095;
0,085006315167266;
0,0564473949579537;
0,11155532291482;
0,263793703937847;
0,686912675014567;
0,907190063170913;
0,262750833216857;
-0,258838000110036;
-0,0124854089893128;
0,101589454396495;
-0,0266974902659205;
0,0758991682218361;
0,311408075049268;
0,486690500957077;
0,556062536364247;
0,403816055440698;
0,052821460855256;
-0,0970562795921723;
0,0110116817135751;
0,0316069905210143;
0,000843367020415448;
0,0546852734373394;
0,0934271417141217;
0,119005441368936;
0,191000102307876;
0,182622460411131;
0,0328512225423528;
-0,047138764903915;
0,00307304534738618;
0,0162592011741016;
0,0362563091305387;
0,14922417866344;
0,21368046397626;
0,206451319898039;
0,255202217189714;
0,236094347424924;
0,0428694731003186;
-0,061542411619086;
0,00415152613161853;
0,0211479301776806;
0,183735520396911;
0,637445121467633;
0,761884249809197;
0,392071208988302;
0,119844494460347;
0,0264788503261245;
-0,0641801453075086;
-0,0853842497649096;
-0,0532184511473299;
-0,029825560953675;
-0,00868954540766072;
0,0379199502884026;
0,139484858468887;
0,20203439613291;
0,0701440274978063;
-0,146307026637258;
-0,212111683167327;
-0,162985663243261;
-0,12427328772361;
-0,0692025738236837;
0,00917581105188425;
0,025776217906571;
-0,122082558395241;
-0,359955014257342;
-0,481255958830005;
-0,450988990272123;
-0,289102327474777;
-0,131312833316141;
-0,161880670063724;
-0,290531869083908;
-0,387263182901242;
-0,377574367726119;
-0,270862198928219;
-0,229000347623537;
-0,291302684469957;
-0,259872375614519;
-0,0505495271074258;
0,0661507981861486;
-0,00223368902236662;
-0,0237663754297519;
0,0033158068593199;
-0,0543795983748303;
-0,11685935011875;
-0,0167409995856208;
0,204997427463033;
0,320178006138827;
0,211467352229436;
0,133853960360815;
0,313366636540221;
0,510432786388315;
0,590707212492713;
0,467483522958697;
0,0294762281921228;
-0,360040734723121;
-0,543168100308863;
-0,744932643438575;
-0,894499742488347;
-0,842609678174149;
-0,0304844213370743;
1,6553471136287;
1,44744687020102;
-0,829989542992044;
-1,00278982228345;
-0,0032400443878603;
-0,158877651363088;
-0,44251831487068;
-0,777507216581824;
-0,556508556564435;
-0,176588225002326;
-0,250004324505602;
-0,146832860805131;
-0,638679545815083;
-1,04186764576279;
-0,57775297881339;
-0,52212943685554;
-0,653594375833962;
-0,149344902954749;
0,18662255639226;
-0,00793879939238681;
-0,0657246752315047;
-0,114224463723255;
-0,491061981512561;
-0,706122610978052;
-0,595403404643092;
-0,559119977456474;
-0,454126743044839;
-0,0740463190257442;
0,114956561915612;
-0,00955972711143578;
-0,0388003239495317;
-0,0954415943754836;
-0,387687041681637;
-0,527890823607955;
-0,416726267064636;
-0,394548788947275;
-0,448195613575605;
-0,445480100857192;
-0,433148609618219;
-0,427179872082626;
-0,425221993805625;
-0,436918484534002;
-0,46102912764446;
-0,482244393646439;
-0,497903010444814;
-0,517024917277388;
-0,511564217275121;
-0,474673303425229;
-0,464122982574152;
-0,498406138178806;
-0,523609738663778;
-0,526510642736254;
-0,530701125009773;
-0,523365954447549;
-0,507086893648467;
-0,502970452249937;
-0,373422421660665;
-0,0590096384173321;
0,0915470722286779;
-0,00693252840189081;
-0,0312895535092835;
-0,129879417821699;
-0,494740164103092;
-0,671955301444204;
-0,531416918461441;
-0,486408427042634;
-0,555840551355462;
-0,570350722861253;
-0,558776553092155;
-0,540876289457841;
-0,524428759498435;
-0,531288812031816;
-0,555314783378058;
-0,586146222810351;
-0,622702817327811;
-0,660522978487779;
-0,648963528739668;
-0,574179229813932;
-0,55672582786066;
-0,625103921005616;
-0,670484089495511;
-0,669527494577793;
-0,649410256551618;
-0,622067285251594;
-0,6087388492834;
-0,625428579923433;
-0,650931237003923;
-0,632163346554923;
-0,567524556338495;
-0,527782391907179;
-0,559865258441086;
-0,609795137691578;
-0,616142701288123;
-0,609449600675744;
-0,613689724795887;
-0,610806814140312;
-0,604567236586531;
-0,606025649592879;
-0,614328819189249;
-0,61543479990135;
-0,608311056945772;
-0,595164937943385;
-0,58819544897117;
-0,635815381397079;
-0,730213066907744;
-0,82882272212839;
-0,886767113135121;
-0,890323628510139;
-0,942111582467903;
-1,01978087457127;
-1,01503285930933;
-1,0318394675535;
-1,09056944836662;
-1,04602036143739;
-0,967627058130448;
-0,952637442813259;
-0,921592787118974;
-0,870556088574681;
-0,764244679800801;
-0,484357329098985;
-0,16870004364919;
0,00976279357766227;
-0,0830000802167485;
-0,718797024005815;
-1,48331904390095;
-1,56872289686186;
-0,874133576842381;
-0,148061876442395;
-0,525342073444775;
-1,5177859350769;
-1,62676120383384;
-0,875545275059492;
-0,0664124624844064;
0,182197359735037;
-0,0278690035949319;
-0,0570225302742143;
-0,0355569469007379;
-0,0518946545364145;
0,297230447541146;
0,585373440664209;
0,364539007802315;
0,0647330545805037;
-0,0774585430065888;
-0,0319832809808237;
0,0182430231484846;
-0,22617526312053;
-0,262603499363122;
0,0384760405063759;
0,0711619702204983;
-0,0425224172995442;
-0,00763562967187418;
0,100961876112182;
0,257794831174651;
0,277594938637545;
0,130627368121184;
0,105903408773434;
0,221601409755883;
0,296193247099881;
0,24134016203933;
0,12856746750821;
0,120222537404322;
0,157126975229775;
0,0985859999485228;
0,00530159677334051;
-0,0475765353146402;
-0,0603921965258765;
-0,0301439208691425;
0,0043407460525844;
0,0052033644015202;
-0,00313744382256089;
-0,000628024002561573;
0,0592101022905415;
0,195148217205684;
0,268184776446954;
0,254812992563855;
0,296411037992516;
0,276138321331538;
0,0588476363023428;
-0,0722870504208799;
0,00136001970286444;
0,0263917238705691;
-0,0188891513260234;
-0,0201102297870374;
0,0107509802524161;
0,033087284522005;
0,0085002581583565;
-0,0314169302117151;
-0,0173113425142838;
0,0112867643739047;
0,00255520862737275;
-0,00526100026006005;
-0,0112057135733378;
-0,0150568878734434;
0,0458294807316084;
0,1276181970193;
0,103773926840711;
-0,0115744721659952;
-0,0472218918992967;
0,0538189578677193;
0,136593889253175;
0,097033736401721;
0,000610031254802148;
-0,0283172122381125;
0,00603116877513093;
0,00842805527425844;
-0,00581470313326186;
-0,100616355387116;
-0,347829989930351;
-0,501756199978119;
-0,448363457132365;
-0,383469239767017;
-0,345352749137563;
-0,200429634483307;
0,0277198279019011;
0,125019399426177;
0,0624106741284028;
-0,0335201888130394;
-0,0694937096115463;
-0,00568212355917833;
0,0241132121004671;
-0,0247812651292271;
0,0276624141613136;
0,299054742509446;
0,624675435597403;
0,778457745497261;
0,672365929984868;
0,339810747948386;
0,237020326051399;
0,570131788499527;
0,818534773840162;
0,675730015259685;
-0,00558669142657029;
-0,899220989758537;
-1,07324466456836;
-0,0861768157970031;
1,62628155087931;
1,91848199162163;
0,214869606864763;
-0,523930424502747;
0,103799421481715;
0,148973269866412;
-0,0365968123111202;
-0,103865225723825;
-0,603185571753863;
-0,774397214410905;
-0,401677946038784;
-0,243614334180337;
-0,0981213254145141;
0,0756082906946356;
0,0114569486439703;
-0,0329800533747231;
-0,229505911250391;
-0,831391377781081;
-1,17910476778964;
-1,00491295276816;
-0,8993103696404;
-0,71468234921682;
-0,123856611126162;
0,180929781830284;
-0,0119642465188037;
-0,062434805831168;
-0,0681901115505529;
-0,339777444461065;
-0,536871925653192;
-0,552493558931206;
-0,575727396361799;
-0,409285167566845;
-0,0339333898668701;
0,0964826783470664;
-0,0183394236486847;
-0,0281985295437565;
-0,0910944915749445;
-0,381409163492662;
-0,546615613533271;
-0,482089223689217;
-0,466570785795593;
-0,372791983498035;
-0,057002498342282;
0,0937029674654599;
-0,00905907611469524;
-0,0310843491202021;
-0,129237972133683;
-0,489933779468258;
-0,668990204186674;
-0,568107054892823;
-0,568005176389417;
-0,616984557886761;
-0,567540550999132;
-0,542042881595839;
-0,581193877999349;
-0,609626621515747;
-0,60501401001686;
-0,594107194918755;
-0,577602214559404;
-0,56181864741436;
-0,560346154814666;
-0,413113741434357;
-0,0623214340097241;
0,100916425763466;
-0,00870951484865641;
-0,0340292319560685;
-0,129691103569572;
-0,494988907663754;
-0,676221778420732;
-0,571121091540636;
-0,575130678156645;
-0,486557561706196;
-0,0799696662083067;
0,124158771126358;
-0,0105474585913256;
-0,0417780698989772;
-0,137826068300708;
-0,540096745687399;
-0,746002666319349;
-0,618272386278876;
-0,598769874965562;
-0,668289866677267;
-0,635171668390116;
-0,605192246528316;
-0,629588849938513;
-0,64627710952428;
-0,639630083885096;
-0,607251607768201;
-0,57378360919933;
-0,574155820139784;
-0,578542526938844;
-0,577172975033051;
-0,590127144700426;
-0,590522908114691;
-0,575232257814383;
-0,571824803951118;
-0,573554263254038;
-0,555267968857332;
-0,513270846577099;
-0,491545630450606;
-0,515192792209498;
-0,412568577097158;
-0,0800862028669295;
0,103271211959692;
-0,00260653468705811;
-0,0375452303538562;
-0,245438090211214;
-0,880964032723155;
-1,19817765824845;
-1,04826164328554;
-1,04612443798038;
-1,04772699234775;
-0,84811428199366;
-0,704479807929128;
-0,684306860480409;
-0,639216498980563;
-0,531784437818425;
-0,432378293389576;
-0,343648691322254;
-0,268152988433487;
-0,388656561356018;
-0,547592968310163;
-0,212345237107908;
0,160665930068089;
0,0276495559102606;
-0,0717728026013026;
-0,232860413939485;
-0,929685753312749;
-1,32091490349381;
-0,548930005740834;
0,165645290914018;
-0,30312955460426;
-0,458010822774639;
0,137656647508804;
0,130787393978157;
-0,107772831417671;
0,323869567436265;
0,953355178518192;
1,16396628082229;
1,25230184161597;
0,949644252246865;
0,173336981089493;
-0,0967290146872709;
0,0281803006286326;
0,0147738410863448;
-0,0149685693999499;
0,10075989969588;
0,370590459412087;
0,546493962277495;
0,527028448332484;
0,517000036020091;
0,409774270746722;
0,0680878303119527;
-0,103297263253057;
0,00783964242379449;
0,0352109318129222;
0,0557291038203567;
0,248304214299348;
0,3583566945628;
0,311759207438881;
0,296372709086035;
0,295990691382453;
0,278195585973743;
0,295642083484749;
0,321826765595883;
0,315330715628075;
0,300107105982647;
0,332663369982846;
0,378568677535851;
0,396385439110757;
0,444284847005751;
0,467756185314411;
0,382287667267053;
0,330678252782869;
0,393660667266787;
0,463263545852042;
0,334881756646499;
-0,0180184010001251;
-0,103501892171962;
0,158920651464007;
0,283435097977546;
0,283732556599604;
0,29301319421002;
0,166862235810888;
-0,0550760650910715;
-0,218044744646913;
-0,215215524679227;
-0,0428608149781146;
0,0559394342536733;
-0,00209633244232724;
-0,0199714954029871;
-0,0833351183025493;
-0,380409108825563;
-0,678763314520975;
-0,566804929856055;
0,0395964516450239;
0,557124139699064;
0,319864539624349;
-0,265512508807582;
-0,390182818654966;
-0,161814209450809;
-0,0834629245611357;
-0,178415030388368;
-0,182414667077212;
-0,061340404825566;
0,00840476124809848;
0,044901883757801;
0,192054114736855;
0,402767255620089;
0,484129826747403;
0,326831371294434;
0,0999901031021998;
0,00519594052832559;
-0,106226846714897;
-0,338787268515968;
-0,348792189937819;
0,0183329924912259;
0,332100003233854;
0,454999069675856;
0,586401107265563;
0,437458044003528;
0,018140016224911;
-0,0954278136867034;
0,0290784433574054;
0,0224437272102533;
-0,0198480174826429;
0,501200604975058;
1,72118295429329;
2,30211015361422;
1,57968270433406;
0,548958814245071;
0,524015827424932;
1,70189740717495;
2,32648190336634;
1,57246430274423;
0,543931602774694;
-0,193113039013411;
-0,902258078847647;
-1,31847099721015;
-0,967706894659936;
-0,545108838347279;
-0,442811180737789;
-0,121197016139526;
0,127062359305568;
0,00270283454202609;
-0,0483303860808196;
-0,121386152410618;
-0,475340448827384;
-0,687470187982852;
-0,627938524832858;
-0,618732747411313;
-0,474410156942768;
-0,0627263563105678;
0,116413195584936;
-0,0140332686110039;
-0,0374696863410397;
-0,122521497734288;
-0,477947434931561;
-0,627684808360633;
-0,459215522786799;
-0,394936270721217;
-0,326298434021121;
-0,0510961542442782;
0,0835235300121243;
-0,00829177009278791;
-0,0275662252207001;
-0,095516736840061;
-0,381100139835746;
-0,547363594168859;
-0,480284331949499;
-0,453906986212571;
-0,362474018498462;
-0,0595415131733071;
0,0912327268877667;
-0,0071431024907682;
-0,0310054717391759;
-0,126565394213459;
-0,482271541223695;
-0,659600519555485;
-0,5403718785395;
-0,51138000213128;
-0,5662729066158;
-0,555722529348232;
-0,544070889348854;
-0,551325269593318;
-0,54965107504301;
-0,531654120764913;
-0,501192549118849;
-0,488418352242238;
-0,500385926353761;
-0,510726492183139;
-0,510119964732161;
-0,500463826975408;
-0,493197693932132;
-0,499146775685483;
-0,509466940781997;
-0,513060793120649;
-0,509528807729211;
-0,51128981372476;
-0,518476192267253;
-0,51169837363902;
-0,368415867478633;
-0,0564166933198626;
0,0893081336774589;
-0,0070156481624468;
-0,030443193774725;
-0,129109170697877;
-0,483823108389248;
-0,660047181918434;
-0,559686498187555;
-0,554541898198324;
-0,462337913379132;
-0,0771372143019208;
0,117249189681203;
-0,00911715897149989;
-0,039848784051549;
-0,115381076358032;
-0,466398127910655;
-0,659418464866564;
-0,550843998534878;
-0,526361950240804;
-0,453531542696328;
-0,0862618689031036;
0,117591796495547;
-0,00596203870723393;
-0,0413008616078146;
-0,111580580362592;
-0,433924671090097;
-0,564520786529235;
-0,402723108263142;
-0,390851429939976;
-0,383121811231131;
-0,081470640682107;
0,103279484583087;
-0,00368514358224966;
-0,0368481628514524;
-0,180433785131518;
-0,690791840436013;
-1,00166353485623;
-0,91776608938878;
-0,934301609562017;
-0,780449944300625;
-0,132963511378951;
0,199274239482568;
-0,015009704447028;
-0,0679016054341328;
-0,194530253521517;
-0,757989444804488;
-0,994289741526345;
-0,724734621023998;
-0,594701279355689;
-0,659317729188836;
-0,798657666666398;
-0,87334219286816;
-0,751230867774808;
-0,628131173066765;
-0,683889749641884;
-1,01228784653016;
-1,1582287143809;
-0,915130158800935;
-0,818222646422828;
-0,509911263153033;
0,0746518720334209;
0,120272260113114;
-0,0722066203598811;
-0,0132513882957308;
0,0883514935287697;
0,154389000408219;
0,153708703411755;
0,160170156015185;
0,379244570712526;
0,538447774642341;
0,287889636011969;
0,0269605635757006;
0,151686302900935;
0,430086801510521;
0,486741534675031;
0,257597552783197;
0,139306602346948;
0,230796887939745;
0,341547186206679;
0,365195325001832;
0,107631323672868;
-0,104029209792279;
-0,00590711028019348;
0,0412286507312787;
0,0324244511277101;
0,151100931874034;
0,221040358311058;
0,195589698915425;
0,218415678941006;
0,238428693292289;
0,189874806657562;
0,163562331713795;
0,200816557402595;
0,23745914960935;
0,214056091064524;
0,130696272951036;
0,0817305351775455;
0,125240597810342;
0,185420716379557;
0,160631907353201;
0,0341241053441233;
-0,0403540297977498;
-0,00014225682016614;
0,0151818307040228;
0,116290596838361;
0,403425502029767;
0,512549228086372;
0,358180860546084;
0,286366804208643;
0,242535148796241;
0,0475259802854285;
-0,0627739080018698;
0,00253574200910647;
0,0223379069910733;
0,015350269073971;
0,105990536952429;
0,198751034892232;
0,230749369543577;
0,301734275450584;
0,297019124939471;
0,0654114479819803;
-0,0798982654693283;
0,00180945917648053;
0,0289730766667605;
-0,140102712676237;
-0,487620253695476;
-0,734672220198212;
-0,673649325945007;
-0,545119142255674;
-0,36890287263664;
-0,0477772057592152;
0,0897951550099888;
-0,0109133835278709;
-0,0288850615316983;
-0,0374871334673055;
-0,260655047281738;
-0,515071984770179;
-0,491208875983218;
-0,309039834290245;
-0,271831608396398;
-0,325841227763772;
-0,300338246531734;
-0,271165346755768;
-0,365707282096319;
-0,44124573492514;
-0,279275906545527;
-0,0303031008680958;
0,00830110275608422;
-0,103087312220886;
-0,168963236405834;
-0,186112469332519;
-0,105948499702344;
-0,00265719096123288;
-0,0701003355404509;
-0,20030948349598;
-0,205103329892657;
0,121114027821939;
0,566216045537656;
0,607165598312329;
0,367827461022461;
0,0883824443014809;
-0,080818033098048;
-0,0113347960599363;
0,0356552159189635;
-0,316912049788097;
-0,24760262726632;
1,36099316718656;
1,85205674603234;
-0,235119036304643;
-1,25070787582675;
-0,0550513068382828;
1,60169891538292;
1,68446610490855;
-0,250745601027032;
-0,981759717081714;
-0,1435439031287;
-0,192051752333249;
-0,875238283528665;
-1,15428828801593;
-0,72587263478129;
0,00596326154796537;
0,160663652789797;
-0,0543921743593209;
-0,0367041958149911;
-0,167377925943538;
-0,682534419725218;
-0,87636389047754;
-0,610683153468486;
-0,510133036597413;
-0,443982091221261;
-0,0820939027440493;
0,116187635936973;
-0,00744710220281547;
-0,0400860110149139;
-0,154370848499351;
-0,601546029493304;
-0,856259552809643;
-0,73505395429373;
-0,677364455937399;
-0,535640294227047;
-0,0851584140047402;
0,134715824965155;
-0,0116896490697963;
-0,0452794676874863;
-0,116237381569184;
-0,463186153210965;
-0,625871418133363;
-0,507206007814388;
-0,505728395786336;
-0,433972434481966;
-0,0717351905222771;
0,111211050263335;
-0,00950710194572083;
-0,0373810031700835;
-0,142426325825951;
-0,555129936218869;
-0,780418084266735;
-0,669068698164508;
-0,650933974907599;
-0,704764209708235;
-0,652984422616617;
-0,632681136144781;
-0,681416627775723;
-0,70061084370679;
-0,688967181799916;
-0,668399080941172;
-0,651359702015127;
-0,658796727503127;
-0,655854803953969;
-0,465019371914578;
-0,0657593276230274;
0,111572817142228;
-0,0104886132454074;
-0,037303448223393;
-0,14591940519877;
-0,556572307004618;
-0,755472632549039;
-0,621458842238304;
-0,608709336756173;
-0,683272111004426;
-0,649813508206217;
-0,613728535987207;
-0,633699875496487;
-0,656179918497201;
-0,656711007456728;
-0,641940704015987;
-0,627321189478255;
-0,611506983753768;
-0,587065748734651;
-0,594319038874672;
-0,644956988591616;
-0,668975154634364;
-0,649260707168609;
-0,647580950357112;
-0,645509007074312;
-0,589059658975578;
-0,55452451916749;
-0,579834798264797;
-0,556342143077787;
-0,510003455113618;
-0,547948898301172;
-0,594913531138185;
-0,581489198317355;
-0,540666016380649;
-0,368142783347559;
-0,0479437138060727;
0,08699913406532;
-0,00927196691919608;
-0,0286438543510977;
-0,138725865256778;
-0,53609380488433;
-0,72435143018835;
-0,537018362075356;
-0,469676852199111;
-0,63407690051215;
-0,815324929091263;
-0,910588973404064;
-0,958526475595275;
-1,04561053111797;
-0,823060419740998;
-0,133108327465025;
0,204512546487695;
-0,0155735339693195;
-0,0697774374911608;
-0,175878682095732;
-0,697021823097253;
-0,890544965118828;
-0,567995269197317;
-0,382281680655862;
-0,261663769407334;
-0,00819334438367858;
0,0637773931892889;
-0,0186281022612024;
-0,0156863202745949;
-0,247349906512828;
-0,870960154129222;
-1,08383388631131;
-0,808043216319402;
-0,887194547101052;
-1,1073796356038;
-1,00897909095479;
-0,854088477009486;
-0,834029679881051;
-0,961327660649437;
-0,722809130439573;
0,170996423357645;
0,660975728011578;
0,451257349515615;
0,57476204882863;
0,777812533169725;
0,236657234526801;
-0,223585316123357;
-0,0145451474102384;
0,0893782908428038;
-0,159842572830274;
-0,323709079844107;
-0,053341793897903;
0,382927987565268;
0,474346770350437;
0,286228140115135;
0,039820596541628;
-0,0646940513741524;
0,00443436298002858;
0,022485629442351;
0,0344719316324008;
0,139318613171275;
0,164994092746914;
0,101370738138593;
0,0868028307836471;
0,0594290708827698;
-0,0046152540536344;
-0,0134737799405682;
0,00637857373227543;
0,0022609206760179;
0,00483894339636773;
0,0297501041113303;
0,0387111507377839;
0,0247208503715803;
0,0409593752028856;
0,0664005218523256;
0,0244991188854625;
-0,0199917386395843;
-0,00253153522799197;
0,00851432847279843;
0,0955064871888566;
0,362669508926691;
0,566700535671598;
0,559098345950528;
0,518496368253891;
0,478000442132038;
0,420827099080396;
0,471863390125858;
0,567778718668517;
0,550212673469846;
0,29074140136617;
-0,173247642530584;
-0,298920084254486;
0,00408577769074001;
0,145863783490237;
0,0635238416363111;
0,00393024410562681;
-0,00942385810779773;
0,000205890002433641;
0,00363475136361489;
-0,0181512236210281;
-0,0222416087355204;
0,0759589190828919;
0,166101856746218;
0,0389124356646455;
-0,135954085923566;
-0,0722504061438366;
0,117777809897407;
0,169687336931459;
0,0220194417590772;
-0,162137748501387;
-0,223382026830315;
-0,236038177174614;
-0,3066619057213;
-0,37481325001191;
-0,35233056646302;
-0,248017619848988;
-0,143483768207996;
-0,106874230625094;
-0,141150455740913;
-0,221756654678968;
-0,313231185058532;
-0,341373265762899;
-0,311222216077638;
-0,30790609385568;
-0,324716821857649;
-0,324224837927879;
-0,317887236679992;
-0,314345950552093;
-0,315390138345111;
-0,223741457905483;
-9,812415154972E-5;
0,113218453561682;
0,10770347129514;
0,255330931983786;
0,342147135661727;
0,0899007333060724;
-0,0964373658308632;
-0,00151334752440565;
0,0364884345926756;
0,215975651563649;
0,711460203781532;
0,646755012920593;
-0,158369330381745;
-0,726996060589286;
-0,645162832850755;
-0,138032673570208;
0,15927880689279;
0,00259909650333785;
-0,0609111836401303;
-0,485268439693744;
-1,45795827097501;
-1,51267999212383;
-0,792425770945412;
-0,382140187581873;
-0,078977671430169;
0,0637234113296642;
-0,0115806335561818;
-0,0157466739595309;
0,0103867276322775;
-0,134094822462938;
-0,494899586423477;
-0,771349566954098;
-0,834785650988611;
-0,813769370947404;
-0,544393109840563;
-0,0537302835637581;
0,12579693182816;
-0,0193045215686751;
-0,0388912979680024;
-0,147636378671603;
-0,563055585297553;
-0,714818136561874;
-0,491695094165144;
-0,414243278536694;
-0,356875019798059;
-0,0606076200834547;
0,0926166106799315;
-0,00780747436396373;
-0,0311456547580063;
-0,0992004473719993;
-0,385473073798735;
-0,519467974280226;
-0,413121208594514;
-0,388467635194553;
-0,320064081508008;
-0,0483042666260458;
0,0812704082505251;
-0,00851973576124127;
-0,0266414721779433;
-0,0920483359328068;
-0,3685351180266;
-0,522024658306398;
-0,436676960551603;
-0,404618479879394;
-0,339284909749697;
-0,0632248921485969;
0,0873580595548629;
-0,00465836867814453;
-0,0305981122329184;
-0,116245764988363;
-0,444193259093631;
-0,613743792329396;
-0,514313643029693;
-0,498401286198297;
-0,415501011254019;
-0,0684030146507437;
0,105992346643044;
-0,00894001343750923;
-0,0356947603332596;
-0,105694134346023;
-0,42332064805913;
-0,592007026158737;
-0,490171285834343;
-0,459704238417969;
-0,382034849536016;
-0,0658380235809764;
0,0976891423225484;
-0,00711299985191701;
-0,0333916044780808;
-0,1066367925049;
-0,422204261641158;
-0,592493279484592;
-0,502383058057769;
-0,492908052326136;
-0,54114637946665;
-0,499146555594471;
-0,477217300736172;
-0,512010072466937;
-0,531641225818453;
-0,537133773973428;
-0,546462324973659;
-0,558151182625856;
-0,572595192872194;
-0,582731903460514;
-0,437999076712398;
-0,0739279909160073;
0,107815604566023;
-0,00639552945310181;
-0,0376215252866958;
-0,120764866144119;
-0,457404829112826;
-0,608583175809546;
-0,487269335766623;
-0,475551876642629;
-0,401592392777272;
-0,0652614775725317;
0,102216621341045;
-0,00886858821888654;
-0,0343202976879888;
-0,112232648212307;
-0,477759111371171;
-0,754091982276426;
-0,749177680293667;
-0,741838968906009;
-0,576577307723568;
-0,0892071061662668;
0,143977239243989;
-0,0130233860606132;
-0,0481879950622145;
-0,244311937512549;
-0,945709163081926;
-1,32677697438169;
-1,06774967811172;
-0,932484950044078;
-1,04100410305182;
-1,09102032571466;
-1,11541433513051;
-1,08361482523444;
-1,00429635111818;
-0,858216739276336;
-0,47911821567802;
-0,128902604806492;
-0,0480625395374464;
-0,164522285255756;
-0,376686862579748;
-0,219761209217235;
0,117078127744195;
0,0463166213358106;
-0,0637459200074257;
-0,173805745282678;
-0,783280733508651;
-1,08113886173786;
-0,313383706042073;
0,186226338197684;
-0,00469731127661502;
0,20845214409317;
0,48746343636959;
0,413489728765753;
0,540526510089277;
0,667447130935538;
0,789049715208349;
1,256524227793;
0,957724280828375;
0,128534953599704;
0,177454902495607;
0,237591886561582;
-0,092746138268307;
-0,0566665717100716;
0,0584535949041385;
0,0912723247348391;
0,297528769615879;
0,397427637890575;
0,271978131519289;
0,224861638379053;
0,187837966259582;
0,0242742296083421;
-0,0483795419270321;
0,00711331809747066;
0,0149331966897395;
0,053593512025815;
0,209330340672974;
0,271825249200274;
0,186562911806728;
0,131074487022818;
0,0861243664904932;
0,00340879933153017;
-0,0204887028208662;
0,00554055833127066;
0,00525172871330764;
0,0161237380248061;
0,0760754134638865;
0,120716346606979;
0,125250889526938;
0,151205538024558;
0,216680905251696;
0,283615565476171;
0,32173384518055;
0,31415060033337;
0,267695551328108;
0,238028930124185;
0,272179619639672;
0,340121046387441;
0,384702798876548;
0,374147216905993;
0,245866017582822;
0,0274399232245824;
-0,0570713743405646;
0,00752852850543203;
0,0181814029551768;
-0,0324271064985514;
-0,0674360978090651;
-0,0624228855154852;
-0,031282870006799;
-0,0240449844189972;
-0,0530243396485292;
-0,0770595886802831;
-0,0582225805354074;
-0,0284888251394618;
-0,0268876786442403;
-0,0429348018796569;
-0,0888828958818001;
-0,19522990955715;
-0,234524413644634;
-0,0654344114855292;
0,0908680826351461;
0,0335277291119514;
-0,0337834916422404;
0,000244016596292005;
0,0122210644712541;
-0,100535457569457;
-0,296312180947209;
-0,30072627190701;
-0,115338633233747;
-0,0729778176547859;
-0,21748025903199;
-0,335885924260387;
-0,266476470502798;
-0,111833645028735;
-0,0872192691520041;
-0,23443177493825;
-0,460592433270006;
-0,532015231096819;
-0,331862364121545;
-0,115863078088894;
-0,0632714528983056;
-0,0312861939995513;
0,0181347907369435;
0,00628998325655251;
-0,009518526837051;
0,0713516683310784;
0,195263433355812;
0,136996073787856;
-0,0776091822573143;
-0,184616672890615;
-0,116410473992886;
0,000414960084811425;
0,0257589168445558;
-0,00849052748278491;
-0,00598706207928925;
-0,0135442486033013;
-0,139954752041746;
-0,41808679042838;
-0,710631259595521;
-0,848257522429414;
-0,633920093884527;
-0,0950748323929904;
0,153862986365895;
-0,0130266685960714;
-0,0520254435813084;
-0,190950510521278;
-0,712261312468287;
-0,696368359835987;
-0,099541987123238;
-0,295754682717749;
-0,73955909704836;
-0,206696018280199;
0,237440373187602;
-0,00824336871650156;
-0,0837544531394189;
-0,169259152842776;
-0,701366189312;
-0,936098546671776;
-0,659183293648961;
-0,617618881325125;
-0,59046802576078;
-0,109058949301913;
0,159508417235757;
-0,0128333520298264;
-0,0537309362258904;
-0,116396405086015;
-0,478580831897715;
-0,64473129515628;
-0,486351512735189;
-0,441326890969864;
-0,37958760303589;
-0,066247303941776;
0,0982578332293641;
-0,00740641534892295;
-0,0334390582685417;
-0,149186644275469;
-0,55622320990207;
-0,738706807569538;
-0,573737640212517;
-0,531742953136329;
-0,448678048575093;
-0,0736499063154266;
0,115200671528646;
-0,0101745852608572;
-0,038570682122018;
-0,124386121005751;
-0,497041080137857;
-0,697404854298927;
-0,563422880577722;
-0,485013649507315;
-0,382296503287984;
-0,0629312286122077;
0,0966839596014238;
-0,00774408573831787;
-0,0327669876002701;
-0,136531887868761;
-0,524996818292307;
-0,728533597381687;
-0,608233825449916;
-0,5833175703091;
-0,489954116003702;
-0,0836003353063585;
0,12570176994051;
-0,00971555421240224;
-0,0427046990983714;
-0,128884645031004;
-0,504957979817994;
-0,689654094786972;
-0,566201877697399;
-0,562491435618042;
-0,652377761385258;
-0,651989381001377;
-0,645762524778295;
-0,665708626691628;
-0,658583831635498;
-0,644911654709413;
-0,657790934915856;
-0,664459115263175;
-0,644641101223632;
-0,6249126814676;
-0,6296849579525;
-0,656580374099782;
-0,666983832171399;
-0,644551552132727;
-0,623967631166885;
-0,616561736850529;
-0,592770003309336;
-0,544642097539892;
-0,522392436717935;
-0,550508345647865;
-0,586815024174681;
-0,590487027539545;
-0,550614651610484;
-0,521582423802329;
-0,548585297200612;
-0,586331001370611;
-0,575706560675908;
-0,5285509875883;
-0,539764492598612;
-0,591853687695558;
-0,585694728181341;
-0,588068833060652;
-0,664801869972803;
-0,752863133252995;
-0,801976733722164;
-0,814082852238567;
-0,857633045048909;
-0,946702351373847;
-0,971768349811915;
-0,999104553491624;
-1,03022834888087;
-0,923329347482738;
-0,882992665208494;
-0,968665918834748;
-1,02406880260292;
-1,05042939888754;
-0,928316850201753;
-0,71387589639556;
-0,579119199518794;
-0,405334609463741;
-0,161137741081256;
0,00269852025814443;
0,0269409638184301;
-0,00761800747143715;
-0,00711784622018798;
-0,230575672791745;
-0,851052132153703;
-1,08130558461646;
-0,583106022056748;
-0,423175997019079;
-0,617354257884496;
-0,214538412062285;
0,190727933367886;
0,0151489699571661;
-0,0771132517657945;
0,0387077426884956;
0,0704861614769041;
0,140066995113312;
0,371964959106582;
0,577297780015811;
0,417917637161852;
0,0624280755225558;
0,0635027350892279;
0,398211279927849;
0,594894801252011;
0,407288147775087;
0,151933193065122;
0,3213826217568;
0,615084433675755;
0,561919280589085;
0,312019620118867;
0,0466054997321484;
-0,0692552975412839;
0,00275352576969553;
0,0249977800554476;
0,0222108542352753;
0,132572520633234;
0,241395249759753;
0,261353517425282;
0,271343718515825;
0,258277201301656;
0,180240860291468;
0,178141979781743;
0,264470096914164;
0,293540516809138;
0,178430502057564;
-0,0745031543475654;
-0,164523090878703;
0,0284860430871327;
0,205333607073733;
0,201160446336125;
0,0481725944843997;
-0,05171882085274;
-0,00178915438408463;
0,020135117280696;
0,137691957349653;
0,469285421902716;
0,537423532934423;
0,226913305974546;
0,0301261929689642;
0,164439168823046;
0,47552075259818;
0,525994578812716;
0,229374785628289;
0,0331748801036732;
0,0936628993952094;
0,256224413647165;
0,3154437639492;
0,228309798066798;
0,111138710581463;
0,0757178059922143;
0,220429712616562;
0,329767188749643;
0,236149737291567;
0,102586887624277;
-0,0445033258358245;
-0,223787395533155;
-0,330289046596253;
-0,325259700157429;
-0,328974278205745;
-0,346132691438703;
-0,269568937433748;
-0,255589114583454;
-0,332088566944553;
-0,353962469127363;
-0,398126902583216;
-0,46985802822118;
-0,501128208979368;
-0,469608592508124;
-0,36896014256625;
-0,229701219047922;
-0,0440109934866312;
0,0539912260825994;
0,000328887224971705;
-0,0204849496302974;
0,114527024956481;
0,304390931638086;
0,299329817745323;
0,192661496566255;
0,189494351740364;
0,140299552549961;
0,0118382306992244;
-0,0308727894018864;
0,00492933567864249;
0,00950987073923081;
0,10208857619328;
0,306799116132991;
0,178492860320068;
-0,36098525994703;
-0,806497610503554;
-0,606579986684834;
0,18063658215525;
0,355973747205439;
-0,370324615695478;
-0,868863093356399;
-0,700687824921152;
-0,00355416059151707;
0,426764459175192;
-0,0884168896183673;
-0,464817417250139;
-0,0705461040819397;
-0,0605045974035644;
-0,943227007564488;
-1,43149761835019;
-0,943205386272681;
-0,586299351703635;
-0,616419603800523;
-0,644176954751614;
-0,818481552137623;
-0,964537892550369;
-0,848191509953548;
-0,670842938578132;
-0,626172465450414;
-0,664062486670166;
-0,656166242210598;
-0,609026416885277;
-0,612564223754356;
-0,65659835989972;
-0,674210950486142;
-0,666504617096537;
-0,649425372692124;
-0,629772655866649;
-0,642795732084824;
-0,672645743247419;
-0,672261100622374;
-0,638695442658473;
-0,574350962998373;
-0,51295478523982;
-0,491114250296715;
-0,477053699595598;
-0,338186558352677;
-0,0503925492782693;
0,081338590058439;
-0,0066580371223705;
-0,0276273137384766;
-0,115633577064306;
-0,440716115406185;
-0,600667533823689;
-0,478874842821631;
-0,44260266651019;
-0,379859402308157;
-0,0711167075161304;
0,0984011063934189;
-0,00541996551491819;
-0,0343720144136475;
-0,134596734575359;
-0,515374843643539;
-0,717281891911596;
-0,598729901817423;
-0,561348449661605;
-0,46382459928685;
-0,0802425527226198;
0,118295659168319;
-0,00832773573165172;
-0,0405710364418703;
-0,114948329424916;
-0,45851568868406;
-0,640870615350507;
-0,538351095576616;
-0,518302637356852;
-0,430296190590592;
-0,0716144111262995;
0,109608654545022;
-0,00884003975706077;
-0,0370969882833028;
-0,122850406830436;
-0,478944162952915;
-0,676576176808079;
-0,604837181925335;
-0,598824582576489;
-0,615656999913785;
-0,554290491516535;
-0,549943256226467;
-0,618411080589624;
-0,640159513948967;
-0,62699392727673;
-0,662933314686746;
-0,690596650857113;
-0,677491531556853;
-0,681557897961387;
-0,629785787649329;
-0,514471898892618;
-0,566513769956452;
-0,747928477163072;
-0,776393456831925;
-0,800743135257998;
-1,01972942517712;
-1,16004387036432;
-1,12583297452095;
-1,10518157436177;
-0,812577291702488;
-0,117724044726968;
0,197841557265669;
-0,0188018310004695;
-0,0659662893664328;
-0,031806301656571;
-0,187021769337643;
-0,216344553843271;
-0,22949122687107;
-0,588831574949733;
-0,710653506464328;
-0,150188452502623;
0,195549271773983;
-0,00952359161879078;
-0,0685275523619856;
-0,164534119995898;
-0,440066055392219;
-0,226632531381371;
0,182433533257846;
0,329687996505162;
0,394662771718912;
0,274197093310846;
0,182306062814348;
0,46161477375045;
0,890368020152952;
1,07740846441057;
0,799924615416071;
0,316455708642058;
0,216673258018166;
0,401278509718681;
0,497187915777426;
0,610601032256665;
0,482150900029576;
0,23354632761572;
0,332308998946311;
0,40694341801755;
0,398831703044491;
0,482986739636355;
0,424439468546822;
0,322333965554971;
0,252602231332161;
0,0570466070891208;
-0,0664019893372529;
4,75915756712867E-5;
0,0247684609932054;
0,0423924578277294;
0,166663573999389;
0,205219588400412;
0,115301006325978;
0,0715619389507015;
0,110627571422524;
0,178155428536672;
0,184828207669015;
0,118383173904551;
0,0777366475648913;
0,119315197074611;
0,241650122878493;
0,330396410098892;
0,325573450089322;
0,337025628863836;
0,348199501011746;
0,288892031561656;
0,270960118948383;
0,327070906959629;
0,358571104998109;
0,365668552526583;
0,36515146013775;
0,331923342592076;
0,233751354772391;
0,0440284379359989;
-0,165887394615107;
-0,281653206709801;
-0,288479172524888;
-0,234352215680179;
-0,15754863837889;
-0,105604947117101;
-0,111128098556396;
-0,142907435980408;
-0,140447135455857;
-0,08745913403139;
-0,0543339196785135;
-0,101478817588275;
-0,15585831232884;
-0,139927723694196;
-0,0828396754889715;
-0,0703057212514934;
-0,207127043777449;
-0,363087664055179;
-0,350509040327024;
-0,401236700545845;
-0,43321265207456;
-0,105921674184283;
0,123314809995575;
-0,00211724016668946;
-0,0448273354016225;
-0,0820078714985828;
-0,36239476030292;
-0,575102990235749;
-0,566492916595523;
-0,543222489154137;
-0,502114561231707;
-0,42507252134521;
-0,467415356024752;
-0,57856706957042;
-0,578145463432356;
-0,378534570446914;
-0,0463107340329009;
0,129055834189057;
0,125199661946142;
0,139710328392964;
0,103517673720297;
0,00591403916996733;
0,0184001894920892;
0,139908642214774;
0,174952716293173;
0,107113966549536;
0,211118547772958;
0,496525608289143;
0,627780032379999;
0,622767762250001;
0,498547484781086;
0,27863563437633;
0,387484358880391;
0,640208602372973;
0,657784649366455;
0,077693863443812;
-1,35316069961122;
-1,27880855461117;
1,41739491327006;
2,01407233972697;
-0,534771770630109;
-0,96947637693789;
0,388557384571645;
0,214727684055706;
-0,233259152654039;
0,0703443552311777;
0,249392399704166;
0,200894786396126;
-0,104259028779352;
-0,874644223021915;
-1,3971113490825;
-1,0319680591809;
-0,511337867339511;
-0,520784412654673;
-0,685058115460509;
-0,726158936772736;
-0,819221755256417;
-0,90084392383307;
-0,813039902495325;
-0,654934095033777;
-0,430794689548461;
-0,0699752903925561;
0,103439421174129;
-0,00594220403140325;
-0,0362599117297839;
-0,133617377581229;
-0,517372593155168;
-0,722143522551338;
-0,616682273785769;
-0,616879685342517;
-0,52301447444745;
-0,0865165295252075;
0,13421789873515;
-0,0115401890963519;
-0,0450792650553373;
0,0233329841321641;
0,0061947869137556;
-0,0108795945176866;
0,00235367943370663;
0,00288148352711528;
-0,00204356945981962;
-0,000168246972990501;
0,00079685054266219;
-0,000273962718082921;
-0,000168487015845131;
0,000167950976311751;
-1,04591246222342E-5;
-5,53167626602726E-5;
2,68874245824314E-5;
8,40020280124032E-6;
-0,137005457646724;
-0,471226006002707;
-0,644093611512868;
-0,566205884357262;
-0,578461474621302;
-0,495824303637818;
-0,0883896473043906;
0,127469941327617;
-0,00838566927745053;
-0,0439485293369137;
-0,135758289406615;
-0,528610109828801;
-0,721314803365492;
-0,583415208089629;
-0,553707753407949;
-0,464117917302528;
-0,0772426785063637;
0,118625463583373;
-0,00976690730369951;
-0,0400482801474039;
0,0205587594790216;
0,00557434666769958;
-0,00963454978274026;
0,00205286399915055;
0,00256491171345005;
-0,00180404390350514;
-0,000156049862178234;
0,00070660321679275;
-0,000240497514597402;
-0,000150425997869181;
0,000148490910452053;
-8,72788793589401E-6;
-4,91248842876686E-5;
2,36785561784284E-5;
7,54337373702175E-6;
-0,146538226529632;
-0,499171109487174;
-0,665199383155165;
-0,550778735232367;
-0,528655406235943;
-0,584213399204136;
-0,559353950223575;
-0,529655852781922;
-0,524016851707328;
-0,515182322538065;
-0,521196076743495;
-0,54469459613348;
-0,56440556258411;
-0,569404618474272;
-0,562135485170889;
-0,56132563820776;
-0,576715082459638;
-0,591900672582552;
-0,591696522282841;
-0,580544150268178;
-0,424396973699322;
-0,0673570500964179;
0,103744800916538;
-0,00758299516361178;
-0,035588985508955;
0,0179012682308026;
0,00510453736747317;
-0,00849350739006164;
0,00174197698103989;
0,00228954036098303;
-0,13817854587717;
-0,471983914812391;
-0,645391046862805;
-0,551553899941249;
-0,51871124943077;
-0,565400687980359;
-0,560595850236116;
-0,544004255114237;
-0,540387594132403;
-0,538547403672265;
-0,539230831296744;
-0,5367896027504;
-0,528417121711918;
-0,520300529364069;
-0,517097429773458;
-0,520677181724711;
-0,522520074036201;
-0,518464490138973;
-0,51767835261303;
-0,518735378874473;
-0,383794041715242;
-0,0614113256052422;
0,0939615923627897;
-0,00672939317338065;
-0,0322900163649667;
-0,110047268608656;
-0,433941216742328;
-0,614497015016857;
-0,524949985141632;
-0,497915409247336;
-0,548041327827335;
-0,549679608119516;
-0,545218194203617;
-0,547667721295027;
-0,538461978506649;
-0,529711778804956;
-0,531247239347066;
-0,540622893979452;
-0,543178806605409;
-0,526465965608013;
-0,509354515101404;
-0,510550032586059;
-0,516308937911814;
-0,512894890278858;
-0,510785463309954;
-0,515690644097941;
-0,516042407952851;
-0,513042375210899;
-0,512107163297832;
-0,512308759531938;
-0,384058802440258;
-0,0648159686757074;
0,0947358803060589;
-0,0057254039024217;
-0,033004472288954;
-0,120953418435457;
-0,461680376914024;
-0,630491896980835;
-0,517579038114478;
-0,496982737581685;
-0,415301234719031;
-0,0682271651687291;
0,105977617472484;
-0,00901692906423339;
-0,0356540487830193;
-0,109871287242655;
-0,437230884515642;
-0,614913537572818;
-0,523551458520054;
-0,500086762330597;
-0,407664789722083;
-0,0663480792074677;
0,103195324492005;
-0,00863336167580114;
-0,03480771162554;
-0,10578601787107;
-0,42173021089017;
-0,588435723039597;
-0,489605353623443;
-0,468746122584218;
-0,394065685464812;
-0,067876077329907;
0,101046217763404;
-0,00751391234990067;
-0,0344614156858833;
-0,0947799302732417;
-0,374254480809191;
-0,511579615710577;
-0,423564927979656;
-0,431356346463688;
-0,51330005024545;
-0,520341184329413;
-0,498195518143591;
-0,492779548519349;
-0,497966106355206;
-0,507316266319657;
-0,512675434387587;
-0,504342532955247;
-0,492801427006219;
-0,495792306507667;
-0,375880766192312;
-0,0628181047869797;
0,0929983015776634;
-0,00602547699934985;
-0,0322108439491095;
-0,110461093151344;
-0,426734431153384;
-0,585916785316608;
-0,479558924512257;
-0,454015088601055;
-0,501553957664302;
-0,484491994235257;
-0,470286186289645;
-0,484449247911712;
-0,489969107827597;
-0,489088782635902;
-0,489043138796154;
-0,481477538313407;
-0,475422689901878;
-0,478677217327274;
-0,356585568058694;
-0,0564045758123312;
0,0874859893750971;
-0,00663495680103145;
-0,0298950695705851;
-0,111230453338464;
-0,427013237813308;
-0,583303596160224;
-0,473097134815272;
-0,446694234259411;
-0,376725163939779;
-0,0652842333811766;
0,0966712858302607;
-0,00705795399580675;
-0,0330252373489237;
-0,112945602287521;
-0,43520130071707;
-0,592543398600045;
-0,483830753763642;
-0,466812905007656;
-0,392054354419403;
-0,064297088359739;
0,100155757388765;
-0,0086227061104713;
-0,0336472775286909;
-0,106775364844644;
-0,422668464233179;
-0,586648323022067;
-0,484383568642274;
-0,461343343637527;
-0,388081205126221;
-0,0669532931253033;
0,0995484686930726;
-0,00737547902165403;
-0,033961544053476;
-0,106678117605481;
-0,425265367331066;
-0,595788892964113;
-0,496568447655106;
-0,473469537492395;
-0,392159475341145;
-0,0623738543851685;
0,100248745577652;
-0,00948165982610701;
-0,033298948606742;
-0,0970223800371875;
-0,402177608238998;
-0,58318056008199;
-0,498462516394557;
-0,45943935386732;
-0,374404708074306;
-0,0645243759994017;
0,0956578148895487;
-0,00692407075322545;
-0,0327178291358404;
-0,113263597632103;
-0,438620520072351;
-0,601806172933823;
-0,490478429304721;
-0,463235605193444;
-0,387657672312699;
-0,0654763077901049;
0,0992039917535618;
-0,00782344998476314;
-0,0336408113406857;
-0,107721248719504;
-0,42242108679309;
-0,581123583991996;
-0,474404373329443;
-0,448638761678959;
-0,374201811827191;
-0,0622089679997357;
0,0956348594488152;
-0,00789885154726779;
-0,0322758149228503;
-0,107068979373618;
-0,421942092023134;
-0,589341822885355;
-0,49415829521719;
-0,467809491889408;
-0,509445432628595;
-0,495469956674103;
-0,485122508995971;
-0,492670309813394;
-0,490422429090978;
-0,489542361802439;
-0,498900382400371;
-0,502856273904882;
-0,493507591274097;
-0,484806501162167;
-0,359254382695179;
-0,0583329397947048;
0,088329221174007;
-0,00615809852549995;
-0,0304174341804766;
-0,110440503547735;
-0,423386770140272;
-0,575774420756446;
-0,464543451547935;
-0,441604070787312;
-0,494185996791506;
-0,476274164297847;
-0,460849744533278;
-0,476872805883695;
-0,481833794455314;
-0,476357548004241;
-0,475457791932526;
-0,476141605352932;
-0,477250114380808;
-0,481610043232815;
-0,483228947334056;
-0,479703102816576;
-0,478254016352726;
-0,481552836154457;
-0,484692292740447;
-0,483499058846129;
-0,481407754882866;
-0,481734023246423;
-0,481757924588476;
-0,478415479157756;
-0,474765222531021;
-0,474611314389182;
-0,475565482882938;
-0,475191025807801;
-0,475264288095255;
-0,477035490733282;
-0,476442338755308;
-0,474496761799314;
-0,474907822737634;
-0,475775455484077;
-0,355091536972095;
-0,0589903431358605;
0,0873382813557481;
-0,0055431603998435;
-0,0303174258141139;
-0,107110786198724;
-0,411789878260775;
-0,562536344302376;
-0,459308718458859;
-0,441657333283484;
-0,372049595942252;
-0,0616005434853803;
0,0953000746946488;
-0,00808338960699184;
-0,0320623368217744;
-0,106264412156266;
-0,41489639472887;
-0,569485510118367;
-0,465435088924248;
-0,439515538563481;
-0,364257678206243;
-0,0597256755247543;
0,0928179322098179;
-0,00788005483570824;
-0,0312383242237281;
-0,102310991715542;
-0,400852504628869;
-0,551456004119741;
-0,449779029616052;
-0,424785620453182;
-0,357045050994706;
-0,0617313739729054;
0,0915155788244404;
-0,00668835703489818;
-0,0312639894170421;
-0,105846091649756;
-0,411209397960858;
-0,564653117002698;
-0,461570504564405;
-0,440526560731509;
-0,493865383227174;
-0,483181133908101;
-0,470889614914752;
-0,479849098808376;
-0,478173739940717;
-0,472447095897895;
-0,471501490471254;
-0,472565541580434;
-0,47329982101276;
-0,469783202826561;
-0,34602398800742;
-0,0558968895048554;
0,0846994600478257;
-0,00583518242893363;
-0,0292099911039404;
-0,102852311020352;
-0,400836379910941;
-0,557984396342438;
-0,46146440819052;
-0,429745879034569;
-0,472188069673239;
-0,46418014903716;
-0,453988297636464;
-0,463008053107242;
-0,462504055363238;
-0,454875612949844;
-0,460912659044122;
-0,475727891205777;
-0,481022678135429;
-0,477571708645496;
-0,471776328814609;
-0,469583207519574;
-0,475338262973141;
-0,48233133325037;
-0,482608243449212;
-0,476038546984811;
-0,470585835483704;
-0,474324757121475;
-0,482253523305848;
-0,483024196960817;
-0,355173190638814;
-0,0562249468104345;
0,0867960802363223;
-0,00639199141988828;
-0,0297544369115988;
-0,112378879076483;
-0,431300218964684;
-0,592176250304491;
-0,485500478274207;
-0,45899444279614;
-0,383997416194315;
-0,0657849716914389;
0,0982424865771752;
-0,0073443021004785;
-0,0334944675615723;
-0,110102039218935;
-0,429964105692035;
-0,593226856332387;
-0,487138215845024;
-0,458449548529016;
-0,37956328111677;
-0,063150500172467;
0,096749633643672;
-0,00784338240762563;
-0,0327250256163389;
-0,108495330595438;
-0,42284552201746;
-0,582093370706073;
-0,483266011076394;
-0,463648793384927;
-0,381393840019396;
-0,0601502104000861;
0,0967411711768589;
-0,00900092548969394;
-0,032222183504118;
-0,0983392132081131;
-0,397445201429745;
-0,562883374993925;
-0,473007171480505;
-0,441844189473245;
-0,363603987324247;
-0,0620346604714609;
0,0928300479736412;
-0,00694994958961234;
-0,0316503394647744;
-0,112314043853624;
-0,433987828295001;
-0,596253481788862;
-0,489340182520113;
-0,463139696761243;
-0,384804931933248;
-0,0639187907557164;
0,098162614122949;
-0,0080398665277569;
-0,0331643312492688;
-0,110308357860156;
-0,430133275426143;
-0,590410617688171;
-0,483286505472448;
-0,459812663928584;
-0,38407220885421;
-0,0639375062062983;
0,0981161397280835;
-0,00804639597347249;
-0,0331399062625998;
-0,107823749911471;
-0,424740352359477;
-0,589633352779414;
-0,48629084820347;
-0,454914992784775
