0,214476227494922;
0,827057894924461;
1,13948258112023;
0,939898553210866;
0,89165016476772;
0,98557691652657;
0,961361346027941;
0,937748738221637;
0,955944218464348;
0,957187208542981;
0,951175062234765;
0,953128247078653;
0,953745315504108;
0,952354910069259;
0,953163630751224;
0,95552231770937;
0,956312885898781;
0,955082728713064;
0,95380549415667;
0,95216311530588;
0,949061773740201;
0,947241532561491;
0,949896674342794;
0,95531233182956;
0,959746470237139;
0,960273014095554;
0,958389814711738;
0,957562469250884;
0,956436826999184;
0,956036165051995;
0,958529433179849;
0,958498684527205;
0,953425888983331;
0,94979735883012;
0,950489276097783;
0,707198264203313;
0,114883514965389;
-0,173671331284955;
0,0119804437679278;
0,0598690962056367;
0,215609836113346;
0,832553949141146;
1,14707462796881;
0,941994102352353;
0,888779289949594;
0,740117459096427;
0,124685519337488;
-0,189144342035916;
0,0149244744187773;
0,0641441721884539;
0,212943917742099;
0,832625716386868;
1,1496889698382;
0,946218739369138;
0,894736828049966;
0,743389879970008;
0,124217139997373;
-0,189727157240267;
0,0152742270609157;
0,0642144731572068;
0,212976803273763;
0,832902381353268;
1,14813147927301;
0,941259862329537;
0,889741348277587;
0,742368377241588;
0,125217140846599;
-0,189780486277167;
0,0149407311159596;
0,0643731767442762;
0,212338879733061;
0,830023454520982;
1,14359272450465;
0,938873159291846;
0,892928930433631;
0,747420184535574;
0,126061908756215;
-0,191198399611031;
0,0151184931995638;
0,0648210646474456;
0,211661790757044;
0,827800447072897;
1,14085529505899;
0,939296403201178;
0,895171843266728;
0,74704195701354;
0,124918343902171;
-0,19078729048208;
0,0153848183592437;
0,0645583100073454;
0,21326180417711;
0,833919531173433;
1,14726364016085;
0,937928574566859;
0,888774085213697;
0,743580922174158;
0,124971599839591;
-0,190252545192699;
0,0152485257399533;
0,0644084368309196;
0,213344336102909;
0,833080302930618;
1,14616924838059;
0,938972356586498;
0,890421049671753;
0,743851084008474;
0,125097191079186;
-0,190139677795545;
0,0151151919814194;
0,0644307260336146;
0,211828899321976;
0,828354933093648;
1,14174122300801;
0,938933760974873;
0,89284362080069;
0,990907165559698;
0,966146563201404;
0,94062154941231;
0,957706873152285;
0,954437721970669;
0,945129676577795;
0,951296039400922;
0,958025078855733;
0,958759871600232;
0,957361420674033;
0,956319490012675;
0,955336751012983;
0,952298031252912;
0,950542201785811;
0,953661142596842;
0,956912300899669;
0,955496825860947;
0,951850277790756;
0,950699772116897;
0,953750031456003;
0,711280963994632;
0,115836438893544;
-0,174856808648334;
0,0120329736563512;
0,060285145839921;
0,215727885325431;
0,832354408804372;
1,14488984320012;
0,939663327537296;
0,888485711678896;
0,739307391144499;
0,123495040864977;
-0,188788925748245;
0,0152670467228706;
0,0638635362329275;
0,212800278410638;
0,83031437694219;
1,1416123286051;
0,935570947976561;
0,889287394696125;
0,743405405179602;
0,124644145958403;
-0,190034074015092;
0,0152704122506155;
0,0643220894853815;
0,212369041324634;
0,830401065895945;
1,14479191019964;
0,941407145393531;
0,892319111387621;
0,741476715204821;
0,123036786617674;
-0,189169083193965;
0,0155576477632149;
0,0638819334706914;
0,21123012213264;
0,827119460794175;
1,14185968335909;
0,942336929986189;
0,895493401558727;
0,742177211235553;
0,121617565833354;
-0,189153323972358;
0,0161077238572174;
0,0636376584300636;
0,211467534023291;
0,830112346986703;
1,14685139420303;
0,942100126537004;
0,890690332287641;
0,742353668751287;
0,124417386129885;
-0,18980513491913;
0,0152931135399774;
0,0642251877872738;
0,210865739646034;
0,828768045694805;
1,15328956494199;
0,964027777504366;
0,922060681517529;
0,767637186479519;
0,129887001971505;
-0,195952562952218;
0,0151112528238121;
0,0666151464330675;
0,206741313158272;
0,807209183233106;
1,09975262359151;
0,893766032781552;
0,867203783646139;
0,739008851708766;
0,125740478132503;
-0,189748975164609;
0,0148909367389408;
0,0643591666544829;
0,252714341072418;
0,975316141992326;
1,35776477318188;
1,1585260394628;
1,17500797603935;
1,03017906380463;
0,191025482868865;
-0,267229437257823;
0,015687351578687;
0,0929043338208103;
0,374401306391583;
1,42827198279225;
1,97907420168035;
1,65418324893201;
1,5734844980804;
1,74988186749676;
1,73723750984877;
1,6878026366595;
1,68528653226866;
1,68303908648275;
1,70009854570084;
1,72659243048364;
1,71186697605827;
1,67868824041398;
1,67729714979259;
1,25903589018263;
0,208823420406785;
-0,310197142965632;
0,0200991061469304;
0,10747893737934;
0,459662326800076;
1,73907083237841;
2,3761213654593;
1,88649782925311;
1,58995075183176;
1,18807812997163;
0,157503547172051;
-0,293429511812032;
0,0360609336183989;
0,0940819210952772;
-0,284267394658071;
-0,769374043542453;
-0,832532844184355;
-0,27334647438514;
0,34260773186773;
0,509198127452149;
0,142374237575931;
-0,141601890199414;
-0,00697970746668134;
0,0557395372339777;
0,491474132715289;
1,24869668253582;
1,17162128528448;
0,403087053115969;
-0,136181612521679;
0,486322171123051;
0,823146015230076;
-0,15987747552059;
-0,282283164809195;
0,184038684863486;
0,0427013493777625;
-0,0990371804460355;
-0,0339289211683717;
0,380358984558623;
1,01150906865644;
0,963586684624255;
0,151377817060326;
-0,240514885513897;
0,0207384685781438;
0,0809528264744235;
0,181930983838135;
0,726864714503764;
0,927969377429463;
0,667163604855272;
0,730483156975412;
0,752235897568162;
0,161933780663511;
-0,203818810568263;
0,00700210352556721;
0,0728098123171264;
-0,0335077350736066;
-0,0117624123520417;
0,0168238785411049;
-0,00286379840116277;
-0,0047808022754402;
0,255364932123515;
0,88890952465621;
1,24951011870796;
1,0824167490885;
0,949284149803843;
0,963875315019624;
0,998777032320205;
1,07898310195782;
1,09765048829124;
1,00623146824684;
0,678806833876828;
0,0952345366684612;
-0,161568040157004;
0,0148799772784041;
0,0541965396940722;
0,29054116920994;
1,11795316243186;
1,63770041747875;
1,56638321401388;
1,66969105688135;
1,41321434874963;
0,247405276497626;
-0,360971932526071;
0,0244552239623127;
0,124208506405361;
0,379488092483038;
1,49062540468998;
1,99434043380286;
1,36187696272503;
0,843179902537957;
0,542250970636829;
0,05869330720836;
-0,13090372471121;
0,0202796267942816;
0,0402030022984075;
0,363989334985325;
1,30861237410455;
1,6062654803332;
0,68213044289231;
-0,506193317312424;
-0,469638373557871;
1,43023488247007;
2,40225108831203;
0,899799441080988;
-0,505723874120793;
-0,912521534495448;
-1,05448130305842;
-0,66979654818005;
0,194392260710235;
1,17521959333299;
1,9844831837254;
2,16129617399446;
1,80072081439808;
1,37755742025049;
1,08619224873201;
0,934581613361978;
0,789247024114138;
0,644363797659143;
0,563630626819594;
0,436024693260652;
0,345416241423212;
0,474010493485213;
0,573800547433106;
0,494454639859401;
0,505353513254067;
0,622677494084399;
0,660390221325731;
0,659730661553553;
0,77434111069036;
1,0947657335323;
1,56292692554111;
1,84349266358051;
1,73715047637566;
1,56649513167983;
1,5062473162656;
1,41991688634503;
1,3833643736969;
1,44572717474698;
1,43514986667673;
1,31948710827892;
1,2536446940799;
1,25290287371418;
1,2252649567261;
1,20661512297239;
1,23724963049293;
1,27204936919303;
1,30135732833345;
1,34410715853344;
1,38663678063941;
1,41065096669886;
1,42486791140497;
1,44141274040157;
1,45711549164432;
1,48328643510901;
1,53261799559659;
1,59745685644272;
1,68226790936675;
1,78082458390523;
1,84673491923988;
1,8286450462175;
1,71506902225464;
1,5456436538438;
1,36641334891625;
1,21349522791738;
1,13264335540157;
1,13320393996873;
1,127700607312;
1,00304580248655;
0,749911479227094;
0,4470835132405;
0,179158716398486;
-0,00178044894510591;
-0,104914857554027;
-0,174303417246196;
-0,247145508840301;
-0,339038447852582;
-0,407910925585941;
-0,385934708883667;
-0,29456832724031;
-0,22533663315199;
-0,151663560733461;
-0,0219961259742034;
0,0371179924741718;
-0,0036100890524777;
-0,0123336776938385;
0,519270372756245;
1,75653282412466;
2,35675568509046;
1,26216295153125;
-0,831638251679341;
-1,67728869117183;
-0,364440722354618;
0,492638527096755;
-0,0362278271048948;
-0,166359374950636;
0,596293439277935;
1,75964897123481;
2,18086631179782;
1,55805866709292;
0,938296243500773;
0,371846317226767;
-0,103138110862273;
-0,0648527001338949;
0,0600040059888742;
-0,00147632429993826;
0,24515021609967;
0,868608875585483;
1,06941225450958;
0,861767709439248;
0,942796165636755;
0,830462438475913;
0,132470596066892;
-0,212000527254515;
0,0197481735619369;
0,0705619021654614;
0,173914106019763;
0,716407593217138;
1,00751888951046;
0,857673088037842;
0,851529171047071;
0,719013897213183;
0,121541139225514;
-0,183920769985587;
0,0144235479686307;
0,0624071121074845;
0,222065183379776;
0,869081141090535;
1,21774532822218;
1,0417731789007;
1,06778332205849;
0,958202037323991;
0,189656944128364;
-0,250555254009987;
0,0106916768881231;
0,0888321301086615;
0,346745799349975;
1,20273451195959;
1,38143633002526;
0,816924885332938;
1,03571664976922;
1,93065904859096;
2,21350916421431;
1,71460755598644;
0,995398278524251;
0,648529831316453;
0,694121105167762;
-0,0622754917441657;
-0,55765883712359;
0,794964508958618;
1,55507347857877;
1,45039109257679;
2,08058570554188;
2,20144170377863;
1,87176412706914;
1,97561367449111;
1,79935210486308;
0,68259737603047;
0,00349346654798195;
0,386993118817441;
-0,3601223688134;
-0,766149119135356;
0,925254007542859;
1,91309609959683;
1,84418181391232;
2,01769898223841;
1,94739807486302;
1,5201291710774;
1,16811391312171;
1,05637921891431;
1,0594876644506;
0,767056969530261;
0,103799306384562;
-0,185813975787257;
0,0202949661874525;
0,0608152374203886;
0,083872691728287;
0,426218898212653;
0,696038254125494;
0,695062905871149;
0,66243673988213;
0,486814139595182;
0,069906835507469;
-0,118668999959515;
0,0116084672385849;
0,0394166078919079;
0,491749397957922;
1,69753142766741;
2,14426273866639;
1,54704278836583;
1,34094731957572;
1,10853908970347;
0,165220044241699;
-0,283153817379517;
0,0313524960065067;
0,0920312498050383;
0,376000140716588;
1,39233642468772;
1,76605763157105;
1,26017492442675;
1,13166648523812;
0,975192996997368;
0,159865281127732;
-0,25133473781939;
0,0227508200689767;
0,0838770684431328;
0,311177933521186;
1,18848422542623;
1,60663687781469;
1,3199079797792;
1,32459474820597;
1,15551085514656;
0,205947866556708;
-0,298300836756932;
0,0202731208597876;
0,102522666884234;
0,428316133256036;
1,6257503814452;
2,23013286495905;
1,8472078693799;
1,77490959085389;
1,47847277010661;
0,241140842067511;
-0,377334226423797;
0,0328685916086402;
0,12660604364932;
0,0775934786689627;
0,409916605258105;
0,401727272317243;
-0,0576456549989348;
-0,321500181477809;
-0,266678771849471;
-0,0566557822342465;
0,0655746680911974;
0,00105759724298326;
-0,0250794697394854;
-0,112790924884139;
-0,343818933680583;
-0,227019104935554;
0,279386315019582;
0,5991560973904;
0,516073052665166;
0,0858446239196147;
-0,0553238970798284;
0,955744130194979;
2,14832081912426;
2,1934561954271;
1,05496704709171;
-0,331704134673483;
-0,0114199698541531;
1,44365646713294;
2,00005009316244;
1,78661532424698;
1,46391360001256;
1,70884366629972;
2,17004886619384;
1,91055852248774;
1,18089664974479;
0,407760641766583;
0,0763376571902917;
0,426890271067736;
0,888000075488198;
1,03568971776735;
0,984792941335979;
0,920995889426411;
0,896002621809991;
0,916132975506494;
0,936742646113587;
0,893064092643861;
0,872854255649963;
0,946976659722954;
1,00035459432925;
0,992356854799263;
0,9826120170127;
0,928389013333064;
0,836414758969405;
0,805586268175737;
0,815376825804364;
0,799475963605225;
0,781734963246887;
0,79424240612394;
0,812603156592643;
0,790106737093943;
0,726618370681502;
0,698269965916821;
0,779326214885872;
0,879776235737588;
0,827258540400364;
0,703005250097435;
0,692448607842463;
0,790554703260464;
0,978145804903627;
1,28930735401985;
1,69209949365776;
2,00690424716019;
2,04404888054717;
1,76390475045214;
1,30912975186501;
1,04553118242372;
0,95753056255317;
0,591435580427585;
0,497559122245437;
1,46215990385411;
2,28398547950624;
1,96341013416295;
1,38324142326065;
1,18646505383162;
1,26581818001499;
0,910346366063502;
-0,503058933571476;
-0,98227074863573;
0,765716642768353;
1,70103576538928;
1,45619502973078;
2,01603113796054;
2,21842724218054;
1,37614309512;
0,207304879663556;
-0,312277609525133;
0,0153477245627223;
0,111184630875936;
-0,508068110377924;
-1,15315052767118;
-0,436730673708844;
0,952517542261507;
1,35668936107584;
0,565283890589495;
-0,87508898029804;
-0,719706968913437;
0,938153416555122;
1,46868255624867;
0,977620996122449;
0,239132472370597;
-0,232691052371056;
-0,0215816349967295;
0,0971413691978197;
0,194465100633403;
0,801713659415473;
1,17237144118558;
0,857193089015464;
0,461789571985053;
0,211982613158543;
0,00104265948405672;
-0,0452251928539142;
0,0137319984857459;
0,011090035760163;
0,1070217926244;
0,375817509762299;
0,457386321450623;
0,398818134443085;
0,702471249503785;
0,881800711903721;
0,245146395919343;
-0,248251828147343;
-0,00974150248452523;
0,0965315313064313;
0,311524035368429;
1,15769446793379;
1,56269221346151;
1,25540348249139;
1,20844261914862;
1,35167521490171;
1,27147809824299;
1,14808335333252;
1,07154434990842;
0,985333742934553;
0,925072734910956;
0,945628832824661;
1,02901731760993;
1,12860739039402;
1,22368822185778;
0,958829023134875;
0,166758248719363;
-0,238961384137869;
0,0136223009455376;
0,0835394442542935;
0,424546968162732;
1,60114978195985;
2,24423189612467;
1,89612162191991;
1,71902978220391;
1,74774847044643;
1,53604834575751;
1,29005680423211;
1,13050158208815;
1,00217885974097;
0,884213890810815;
0,746605517152088;
0,593509644678098;
0,471686716101364;
0,361262847925171;
0,194195321463409;
-0,0301685944127166;
-0,247024967758828;
-0,425005385067939;
-0,581130412070077;
-0,698006917291576;
-0,727744939126765;
-0,67571664177763;
-0,561065877809017;
-0,356142243339051;
-0,112092429752794;
0,0209775827595931;
0,014636482393211;
-0,0109863494720468;
-0,00101269251452345;
0,51711229933247;
1,7534187697106;
2,35882615073502;
1,55755735976231;
-0,149360345279791;
-1,40629632845816;
-0,626042659833447;
0,458960039261826;
0,0782969488971142;
-0,203535100624168;
-0,0160487604223222;
0,379414125997034;
1,62612449872051;
2,14647660488028;
1,34501125025691;
0,965201697592868;
0,526754117976578;
0,215427507956716;
1,05133418906849;
1,51298853495013;
0,824219734682596;
0,0725141321305225;
0,322434636246869;
1,1890947761101;
1,41390577646558;
1,12499985596383;
1,01022185806108;
1,02255937539259;
0,97155206628289;
0,870984746392449;
0,811530635215844;
0,828931556418369;
0,862390304820062;
0,865460229886723;
0,881464189850304;
0,926064999664975;
0,948986943250534;
0,938074760049419;
0,898024944415615;
0,824063414250113;
0,807864228311131;
0,911117416509851;
0,973567337225401;
0,900164443237472;
0,809990049152672;
0,961511493389677;
1,51980526803244;
2,02001051247794;
2,04912366817217;
1,95881183909615;
1,48030437242262;
0,254818165950774;
-0,369022451833679;
0,0221986662587326;
0,128489362546974;
0,449960393011854;
1,73569105707465;
2,39009250144149;
1,7620733000582;
1,14349436665668;
1,12017570541354;
1,08008067694961;
0,12544443472279;
-0,338270568122973;
0,528042517327933;
0,067894948221794;
-0,760307428191846;
0,0371252402292821;
0,295435335123635;
-0,143392986309872;
0,139653106041443;
1,02669863475107;
1,95813313138152;
2,20138242285215;
1,94729997077981;
1,018779085654;
-1,01697096394959;
-1,65775651081725;
-0,0585328963174347;
1,04950472436323;
1,40434342266576;
1,96979090784133;
2,14523990573973;
1,8735866641296;
1,58872862042669;
1,24222814504423;
0,882483181360102;
0,683785210538686;
0,698217408231422;
0,926533356133749;
0,870703047914942;
0,182012764484499;
-0,228946723811585;
0,00636852484730217;
0,0826437766718162;
0,130397916993928;
0,495926399195542;
0,558516675337178;
0,342942263750086;
0,480305343425793;
0,55487425642946;
0,117384602869695;
-0,151654074273579;
0,00679168497924512;
0,0534368598596057;
0,487544965256878;
1,7465192629413;
2,37221458489392;
1,92878054127256;
1,7525333795996;
1,45657390072701;
0,26759717633149;
-0,37317113977595;
0,0205393959672416;
0,130477600474399;
0,188996425531874;
0,81544161814652;
1,10277879052558;
0,877957333471742;
0,931497008408178;
0,849133964437219;
0,152268083277184;
-0,220960972325218;
0,0155190265624419;
0,0756679930608276;
0,235039479102736;
0,944803192408732;
1,37572005372397;
1,26139933040675;
1,2911561526775;
1,34794674578085;
1,13758979583912;
1,08422646913863;
1,28569274407701;
1,38922787556956;
1,02467506557661;
0,16819531310401;
-0,249864361426711;
0,0156028559087288;
0,0869140195270069;
0,360545849587735;
1,37941598831468;
1,92761737404594;
1,64427256494705;
1,58593968790568;
1,68627546607986;
1,45153812470496;
1,10867262922404;
0,796122489737251;
0,453077913533682;
0,154400681122116;
-0,00734381957923907;
-0,0253445478749311;
0,00903509644310615;
0,00588801498365017;
-0,0870593609527377;
-0,281779975928712;
-0,385996416127293;
-0,319688925565449;
-0,233890110685453;
-0,123770216308059;
0,00355633417955285;
0,02601321971537;
-0,00954797916000794;
-0,00566077045584674;
-0,171980600830976;
0,08148425702477;
1,54326025803572;
2,49569447885679;
2,00561208730311;
1,12236555188898;
0,1360619878049;
0,13925873738061;
1,17484328230551;
1,26693080342472;
0,529330456977563;
1,01783288616812;
2,17041018549107;
2,141282770258;
1,72412978293094;
1,2183316666035;
0,149734879784083;
-0,301356174085445;
0,0422100570924095;
0,0943131158254692;
0,290980675569989;
1,13242196421924;
1,38903402169111;
0,848926566161854;
0,752355497480178;
0,777822683846009;
0,16327115833096;
-0,213932813576254;
0,0108357619923058;
0,0747875341042126;
0,211629494820071;
0,816031467941276;
1,07239535348868;
0,796764148697126;
0,745733816410038;
0,661255820732921;
0,117281955413228;
-0,172455573302332;
0,012853460479115;
0,0587173390405914;
0,124305893607082;
0,563991782560667;
0,941772757835107;
1,06044617178589;
1,19853230834507;
1,1312546171722;
0,733564852352699;
0,6825072010504;
1,08189260277798;
1,28596091807433;
1,38665115989306;
1,76221683621683;
2,06656507146267;
2,02900115110703;
1,87542231749278;
1,28158587090401;
0,153111163566389;
-0,306041837440134;
0,039929702195649;
0,0974157057537909;
0,456873011105846;
1,61837385342839;
1,77886660723983;
0,990649109894659;
1,14843600003828;
1,25658325579244;
0,172542324630597;
-0,0808235213999503;
1,54909917325583;
2,09070529457872;
0,869239336452385;
1,25190532418326;
2,43471316566147;
2,11935427620194;
1,78095614082325;
1,53000091480484;
0,29719474866293;
-0,404432506312323;
0,0219671129343765;
0,141172842383268;
-0,317478173047108;
-0,624831304676621;
0,00268028388382674;
1,26199545576072;
1,93765616739738;
1,48335873854461;
0,238610633284599;
-0,359764093391085;
0,0235185415703878;
0,124734860645641;
0,052131538687556;
0,384374281170919;
0,672102263243535;
0,820208970330093;
1,04730970006091;
1,05167917840073;
0,727859605378712;
0,487952960153175;
0,590153272858612;
0,763955023965384;
0,697428671089334;
0,559701821711572;
0,554656042877119;
0,607424761153972;
0,676904468088325;
0,858246655937287;
1,31592948576986;
1,93040923293207;
2,14576357363253;
1,97378113825721;
1,94866415599864;
1,94009123207736;
1,50956858875229;
0,950928866349061;
0,928544719814595;
1,08969437208154;
0,819796397943915;
0,616534135901346;
0,783967311185949;
0,94195471137528;
1,04328148860026;
1,17788340683561;
1,25092113062528;
1,2314798752747;
1,17748726262792;
1,14015320774235;
1,14103674158733;
1,16281032957597;
1,17616721542055;
1,18425097612117;
0,889064982699617;
0,147769231652987;
-0,219280529152896;
0,0141985580343275;
0,0759747047546713;
0,325696476540963;
1,24937212416157;
1,75897408534011;
1,51619988560246;
1,47738322303314;
1,64158808042437;
1,57817518025586;
1,4089567699676;
1,22114366952366;
0,998965393478886;
1,03598436382515;
1,44924437261416;
1,57785617848056;
1,21212324680825;
0,940191212147903;
0,656601677185245;
0,0927055642088251;
-0,160400685491331;
0,0165229096461272;
0,0528981716333395;
0,00781267031981721;
0,0742084707091392;
-0,00796154561567558;
-0,226281898230229;
-0,353123810470631;
-0,310119823889248;
-0,074766190747223;
0,0799173971128218;
0,00286273975277469;
-0,0311514825423537;
0,103242886387403;
0,350685147961771;
0,513328488447881;
0,861187732840507;
1,77624350764524;
1,77029785527452;
0,231304643714312;
-0,467486896657559;
0,0726282015268369;
0,142234165048299;
0,426299087291398;
1,73429922122052;
2,19503698701281;
1,06452701898702;
0,0637318449669027;
0,0246149717872554;
0,485823670567359;
0,949940157333969;
1,20808252284892;
1,28682408103068;
1,16983983564036;
0,942814048441695;
0,846810171979663;
0,926931501145928;
1,00743920350884;
1,0239371265904;
1,0156356695113;
0,968102367758776;
0,889331564287405;
0,827279220196279;
0,802809369014594;
0,808056141803019;
0,850110570397453;
0,952097056588576;
1,05555996223;
1,0664792537145;
0,997764113042988;
0,917872384412355;
0,862312019654376;
0,835995226061412;
0,873692920223905;
0,968465469600627;
0,96512339241283;
0,858247949155632;
0,820060741695594;
0,6220734834061;
0,0993016631318157;
-0,154313375845673;
0,0121707606248371;
0,0524715179075314;
0,342890654535189;
1,31740610905207;
1,99338736842966;
1,9587034995318;
1,94871525785137;
1,51777189895312;
0,24253940409578;
-0,377169560711434;
0,0299712121855095;
0,128130339425999;
0,280921636824953;
1,33370203768613;
2,19417652588658;
2,04462144236731;
1,54467098018718;
0,372817671258251;
-1,07033982853338;
-0,063359375016167;
2,2633562185064;
2,44614000536734;
1,7386440838538;
1,93895590886042;
2,111450200488;
1,76595035009376;
0,863806078458562;
-0,530953198721986;
-1,46425147035017;
-1,25502497041875;
-0,251405542753617;
0,676525393275213;
1,11993876588648;
1,54794172374052;
2,01744119032984;
2,03268986412044;
1,67071438778286;
1,30903712453943;
1,03593047059817;
0,876590578481837;
0,924507976208631;
1,05051438097719;
0,953663437031776;
0,622267282563948;
0,401623551357224;
0,572697960666981;
0,805520935897154;
0,653746101498519;
0,441568397077705;
0,505091710767059;
0,557507733383385;
0,464355093917705;
0,431880564237504;
0,602866828114062;
1,1829328862746;
1,95936298091804;
2,17534305784362;
1,95301665629047;
1,9465439971216;
2,0318955935858;
1,86577384201753;
1,61395545035544;
1,54493243914054;
1,2848635527341;
0,724927212811872;
0,543439894772825;
0,796664532823965;
1,00526407229092;
1,09949032637818;
1,18063518098646;
1,21592898050288;
1,18276216562625;
1,13506361940605;
1,11397539571662;
1,12901862129115;
1,16586524747931;
1,19449531610477;
1,21229408459858;
1,23834806439247;
1,28218395510927;
1,33852226484805;
1,39515625106912;
1,07026262219417;
0,184845388490365;
-0,265175127419536;
0,0148516108919601;
0,0928681981644021;
0,393523696982009;
1,4914688997135;
2,05468143671809;
1,67274012357266;
1,47720711941825;
1,58115766664046;
1,67022832571086;
1,74758822610447;
1,70774784845924;
1,57646351922925;
1,14016926936198;
0,297131192813557;
-0,163552351538038;
-0,0486415457955547;
-0,092129153869321;
-0,211591385706275;
-0,0521959695119781;
0,0642992759126922;
-0,00318855355781724;
-0,022341550651466;
-0,138429882350066;
-0,466833154621462;
-0,487705772965633;
-0,106738422600519;
0,113988813007993;
-0,0766523506662282;
-0,466288104684884;
-0,495784047193673;
-0,10578311466082;
0,116813997191501;
0,583537862121662;
1,23787730160125;
0,465955838853183;
-0,143244195629786;
0,754349750500351;
0,215414851859055;
-0,736307429994027;
0,0201766960525313;
0,286790870348192;
-0,132605508072675;
0,467162531812441;
1,69365924759431;
1,71242045362164;
0,429099615166586;
-0,284386942861285;
-0,00942291214391694;
0,152997070909434;
-0,0288614590075451;
-0,0473416953394387;
0,0308876223950773;
0,221452020127742;
0,750766881576584;
1,09353121574786;
1,02021033846667;
1,01268729830474;
0,812961873488891;
0,131647321614221;
-0,20450311521329;
0,01675284344804;
0,0691749648712571;
0,171008415198658;
0,699440651390881;
0,996019716156523;
0,882153089766494;
0,877451811860492;
0,931490203616503;
0,883662914100769;
0,877812829371826;
0,925166946989519;
0,963632093972852;
0,735521219577614;
0,125928412292354;
-0,18211677133797;
0,0106023952528752;
0,0636049416916756;
0,355846172170128;
1,36588144160542;
2,02436048281556;
1,92297338427026;
1,92152570050332;
2,020057130336;
1,76895027977608;
1,29810733221847;
0,937959588797485;
0,830639111537785;
1,18972524561303;
1,91717444353189;
2,15388421478647;
1,62067037394672;
1,08239924097217;
1,22270543128562;
1,48870188411895;
0,812334560488197;
0,39105767148242;
1,58909807122431;
2,00099791301774;
0,89517993686494;
1,29227545933556;
2,41246559959836;
2,11370848863461;
1,79132612638597;
2,04036656122488;
1,59204361835882;
0,849231443789939;
1,453136300033;
1,60610928520746;
-0,224418765630108;
-0,670565677642636;
0,708251114164588;
1,31132196841811;
1,62467918019474;
2,0895385950841;
1,98790290248252;
1,59977054625183;
1,34658303608238;
1,19335412600284;
1,06427997872501;
0,94393667168519;
0,859049783240869;
0,840185723848241;
0,823762176841091;
0,733668109236309;
0,714754674226564;
0,920423084958874;
1,0260587912182;
0,787473936330453;
0,621373327776593;
0,788933775022979;
0,965022936510582;
0,920588733792232;
0,870953530054202;
1,05339193339961;
1,42717145053179;
1,83419740649309;
2,04983937076339;
1,97819551373436;
1,83348483458765;
1,75697151155951;
1,64038124348653;
1,47588824075699;
1,40028439676751;
1,42656662098143;
1,52678024949289;
1,60535291340799;
1,44400512377349;
1,14806865038097;
1,03541920253042;
1,08815329344448;
1,14867128992217;
1,21176224390872;
1,26234233204615;
1,25123793209636;
1,21254869313346;
1,20640578907278;
1,24151051896262;
1,27439274394085;
1,25481322362645;
1,21048610383389;
1,20540998265158;
1,24275403320432;
1,34110776555065;
1,48937985858501;
1,55134462701567;
1,53809099042809;
1,59129595448597;
1,62661857474547;
1,53777208249329;
1,47933390376684;
1,54317381525992;
1,61601078397194;
1,22588200551715;
0,207480501100104;
-0,302353203885543;
0,0180041646924203;
0,105455353215086;
-0,0514453771000363;
-0,0157969304425506;
0,024880777235452;
-0,0048030196782505;
-0,00683256847054594;
-0,0378489174482941;
-0,162501835889354;
-0,262688590016137;
-0,255426247415916;
-0,230086110989877;
-0,219759085123743;
-0,196970912214293;
-0,216064368143075;
-0,257559988014561;
-0,246579408646681;
-0,152860261053535;
0,000876128027236786;
0,22128790313034;
0,92677590766493;
1,95572636303368;
1,74116855848385;
0,21060819645758;
-0,247352039069821;
1,00220301531109;
2,0980457020937;
2,14963356255491;
1,49013448824692;
0,893142381560839;
1,44232275091443;
2,27312900165885;
2,09565149583245;
1,42266973173351;
0,944998003700203;
1,44388438609349;
2,25415361208072;
1,8499767085433;
1,11343671732217;
1,26723712912111;
1,50671520232386;
1,03801614036597;
0,656623751057845;
1,03501979819267;
1,53735840991054;
1,45104796699238;
0,960630522532005;
0,73627186318733;
0,995948454796965;
1,16437308213026;
0,996018589633523;
0,93735144605409;
1,01725121617717;
0,9867233064055;
0,912586191729434;
0,88983733696416;
0,863729254263328;
0,814381511575083;
0,804634427543234;
0,835100953174096;
0,852332281751905;
0,863610761424953;
0,89839168140153;
0,924900557107336;
0,903216166176224;
0,846799817752916;
0,776277657705712;
0,732405320794962;
0,793348824177183;
0,943464336560547;
1,06831060441082;
1,12319273812586;
1,14269715540676;
1,1467372932929;
1,15284725556927;
1,18614501795229;
1,24867355474718;
1,36524456432412;
1,56837398327989;
1,75739319217527;
1,76857316592808;
1,63054728184597;
1,52084850956997;
1,45613892811788;
1,21740787639887;
0,728920553888621;
0,61948127701725;
1,40791825076754;
2,01835425149236;
1,48953966617258;
0,887129659893395;
1,16215378119657;
1,6312602989624;
1,50893280293793;
1,0395405786715;
0,751909466597146;
0,61349709148662;
0,442487290961287;
0,168824270137283;
-0,410142240775275;
-1,0278490195495;
-0,471187357056409;
1,36453800676604;
2,39301143709266;
2,02955927392941;
1,84403779531025;
2,046527514299;
1,98193731918993;
1,33295165159095;
0,0464983217486257;
-0,954819256295401;
-1,35966186734474;
-1,49827332511403;
-0,821193370985875;
0,378979208808357;
1,31325730161147;
1,97197532311592;
2,14064214493741;
1,83690007336721;
1,50218759022688;
1,30285082474295;
1,08467668975335;
0,629750887331215;
0,197337875679321;
0,229640624080006;
0,656940435523818;
1,12445468169237;
1,4690732352882;
1,60734286649187;
1,39188840013321;
1,01073278923861;
0,881005993884273;
0,995682144330679;
0,98775339689296;
0,736461233787556;
0,630200942095351;
0,879425831464746;
1,02560995134845;
0,888207770376895;
0,862053729162674;
0,992909817227036;
0,998208011678485;
0,830279179338095;
0,64936757511246;
0,629723309693143;
0,888638855418736;
1,42967761664044;
1,93702325713717;
2,04748691585758;
1,91581278621552;
1,76737956154636;
1,54412447196119;
1,53569316582859;
1,880498370175;
1,81794214996121;
1,09833472143834;
0,509701997763066;
0,400403562624261;
0,523587627980987;
0,721025260645869;
0,89223853107966;
0,97079818389864;
0,997255353990981;
1,03179168889948;
1,09171070547174;
1,14045505159807;
1,12176349962819;
1,04525162640829;
0,974030111239881;
0,931922170426211;
0,903434969005544;
0,889618334151068;
0,664214422745388;
0,111056833952142;
-0,163752165503506;
0,0102886152853416;
0,0568773440723686;
0,228202336940147;
0,86391677340435;
1,17240866923452;
0,948935515519514;
0,916809239331177;
0,791639262050395;
0,141160351144244;
-0,20458857093036;
0,0139901034002208;
0,0702702172278547;
0,356084563032893;
1,34008221853439;
1,84915801869664;
1,50337751789488;
1,32624052450623;
1,43858932776305;
1,51502443460986;
1,56817526832529;
1,53084176042751;
1,41905317243429;
1,3115944899938;
1,25481958708921;
1,33667005022323;
1,50317339638878;
1,60414844736825;
1,53023747059962;
1,3072639902503;
1,27828940104045;
1,50244370734553;
1,62624138020647;
1,62542276261426;
1,60874680192615;
1,54027300773584;
1,46790415008137;
1,41966158588768;
1,01406619608357;
0,147147484796836;
-0,244895335778193;
0,0222094843533698;
0,0821894697611193;
-0,0215090056391083;
0,0199207757740815;
-0,0597275954469553;
-0,267523852645319;
-0,388980692660952;
-0,319088672651657;
-0,0598427801547757;
0,0804447175726905;
-0,00323123089655508;
-0,0286963594424499;
0,0133987776383733;
0,00455134469157133;
-0,00666312574048767;
0,00117221380085359;
0,00187754270308054;
0,511514722995751;
1,75474636031842;
2,00756856233948;
1,11591363639438;
1,02475510563117;
1,28608662671803;
1,57655651910721;
2,16234584096988;
1,65263364059734;
0,756127491702574;
1,45559181218429;
2,38593305447289;
2,06803042027624;
1,3561491098926;
0,921485738521382;
0,834881282220375;
0,337608977480555;
0,149257005256346;
1,1639599124019;
1,62951727562458;
0,823745054689441;
-0,102759204645664;
0,216277136147328;
1,31164171158454;
1,5407926448414;
1,21128094850554;
1,05090037397537;
0,993538401249972;
0,991269500722196;
0,966229226526517;
0,947281575219416;
0,975322000815524;
0,983732743178639;
0,971222243653011;
0,952288963286505;
0,905107659063299;
0,852480085272711;
0,845223956638109;
0,876665542660517;
0,911693369897935;
0,944278599198693;
0,961488652899834;
0,952366470891302;
0,951941583548482;
0,969523801658485;
0,962795955527126;
0,934495275066077;
0,925989783937545;
0,944187362202818;
0,97071258575635;
1,00203860180376;
1,06398126050375;
1,1506527574331;
1,20992851755918;
1,24237970255949;
1,29172792087032;
1,38703621295425;
1,55231471966635;
1,77251701067676;
1,95569887916545;
1,94377703256308;
1,64301166638146;
1,20273211474341;
0,754865345211392;
0,444427227934201;
0,867596325477075;
1,80935188935331;
1,88918213196118;
1,23598228368308;
1,31758013085345;
1,89721158608336;
1,727941970164;
1,12002929239496;
0,903620550536726;
0,714378911980846;
0,142171834164153;
-0,587273191446925;
-1,10904605595413;
-0,445125727050841;
1,46785550068517;
2,45345265409996;
1,99638679826204;
1,83187648064398;
2,06413656508105;
2,02175227960408;
1,5772109860399;
0,366673012268792;
-1,05566127700109;
-1,60933585146238;
-1,30685745586521;
-0,397554104215981;
0,227314539545058;
-0,609843833265563;
-1,69672633043008;
-1,43660665687429;
-0,0110053502198891;
1,54758414000142;
1,76209933562143;
0,910438729296456;
0,49461301689453;
0,429865990288275;
0,379897484160537;
0,637099100117345;
1,08009317104777;
1,42618816640378;
1,57083766407638;
1,42230294257028;
1,09590259277174;
0,908790755108223;
0,935358981754944;
0,731558044704233;
0,115110629533821;
-0,182096219088609;
0,0153764481178601;
0,0614495075121114;
0,274112711236883;
1,01462668343752;
1,31924886106248;
0,971206257359426;
0,864081116035721;
0,743054692975779;
0,13019469895353;
-0,192376769751761;
0,0143013039285814;
0,0655571360079067;
0,377901723774931;
1,45171076755166;
2,10804134109361;
1,84856366206651;
1,57729063835926;
1,08921940018535;
0,116022581576145;
-0,26116623809249;
0,0404988719101128;
0,0802471959935438;
0,160755062158679;
0,695463364932382;
0,962531292003285;
0,834144882226793;
0,87176324002452;
0,728932776816035;
0,112886676629201;
-0,183918531964113;
0,0175141908176977;
0,061109346166322;
0,232440496960901;
0,890484463302672;
1,20372181990431;
0,969658876985435;
0,933063595305697;
1,06292443721741;
1,03672656010052;
0,9834229032659;
0,988387366050218;
1,00693895641905;
1,02771578585093;
1,04857797048775;
1,06676218950645;
1,0917096695851;
1,11437965085003;
1,13550558924293;
1,19729040304304;
1,30110172315794;
1,37464653950543;
1,37987955598231;
1,35390367380094;
1,32276680070363;
1,28194919781827;
1,23443898960661;
1,19085340571223;
1,18581731566504;
1,24818653572316;
1,32944867025497;
1,36782417224061;
1,38221540459139;
1,39614537450894;
1,39917771837423;
1,40397672898368;
1,42471962551165;
1,45361213314463;
1,09412147020799;
0,179042943553864;
-0,26961309510568;
0,018517594604077;
0,0929505827098278;
0,324718501008217;
1,1949717237592;
1,45690199782443;
0,87003673015318;
0,580141132824734;
0,533332327808997;
0,291657009628993;
0,0806798821351906;
-0,033093595449311;
-0,177151556419207;
-0,342974287766473;
-0,459263067934113;
-0,504032868906524;
-0,504767084197656;
-0,49777788519089;
-0,483536093533617;
-0,413716459329163;
-0,273780081927487;
-0,151218246177956;
0,425586941345106;
1,73476867323424;
2,38099269226676;
1,97167480734809;
0,866255918846891;
-1,24108839252115;
-1,82978324417072;
-0,086192582388857;
0,513262199078646;
-0,156909086188777;
-0,121060660700222;
0,619885922053212;
1,75294339481574;
2,32251034223361;
1,89891911418913;
1,32548388001194;
0,614164648175267;
-0,0718525363693316;
-0,117579607445816;
0,0636024111213694;
0,0169247656685256;
0,293623668023847;
1,0743923148047;
1,28972155685985;
0,787316179781041;
0,642907247486809;
0,644414306223819;
0,142256520514589;
-0,176535582074541;
0,00562278950279014;
0,0632060712105319;
0,208732787419444;
0,800661461287291;
1,1193182453254;
0,98157765310202;
1,00256285973084;
1,07774522503311;
0,948852950796956;
0,891303271283041;
1,00176888666605;
1,07873865309921;
1,0490549545279;
0,955528375254674;
0,872728525832968;
0,87908099125686;
0,936820166210493;
0,721953805189598;
0,12117768839181;
-0,178415008838287;
0,0112331896743844;
0,0619469187360042;
0,209896227993959;
0,797492244721198;
1,05704579539999;
0,803850636066105;
0,714144678271681;
0,763079827520108;
0,697210400819136;
0,645062328917452;
0,658683700394425;
0,73214633332179;
0,90451010241092;
1,07367017710871;
1,07834714380621;
0,991865719499813;
1,00280094521546;
1,08498379652541;
1,10471322637681;
1,06905363106071;
1,03720383859047;
1,00859677958733;
0,979989878302016;
0,979030721180482;
1,02993961107816;
1,10360300438274;
1,15738278375134;
1,23071223717828;
1,4064643634197;
1,67928895507576;
1,88742197312878;
1,83564643952542;
1,6141503747585;
1,44747030605723;
1,30427013647584;
1,09797749188589;
0,951103600993414;
1,26581821922629;
1,9304772574181;
1,92961156256549;
1,18337399769109;
0,886989516961349;
1,37675002301808;
1,64760824325948;
1,10008292279425;
0,479792483902511;
0,342703623491496;
0,183226485423033;
-0,0324131751509049;
0,402329052868831;
1,40988077767864;
2,08355454379795;
2,08274589532061;
1,94130855908787;
1,98536702740718;
2,01963665533107;
1,89809399876848;
1,76903833359814;
1,892870326544;
2,06494616255608;
2,01179184153408;
1,87178383328271;
1,27587207796874;
0,292659238587744;
0,35542779990796;
1,47988552698097;
2,11661976296627;
1,52648541059283;
0,193645795027114;
-0,362073994143696;
0,0413895838610991;
0,117924653169324;
0,025101526910819;
0,312522426014284;
0,575918986690568;
0,748831001819681;
1,1258183624073;
1,11498846390572;
0,242931097122707;
-0,294675442641404;
0,00486264742937318;
0,107807018692989;
0,186179670495175;
0,739649605050597;
0,899753799496296;
0,600823599805742;
0,734717777053906;
0,75533747002403;
0,113432810802365;
-0,20344679148103;
0,0270698300106843;
0,0637994650866844;
0,304795269364346;
1,2575210858792;
1,95108533937396;
1,8699576043223;
1,74790905406591;
1,67081722099392;
1,47493872239854;
1,60398278847604;
1,90171205885973;
1,86374244449901;
1,59520349634162;
1,20929292477601;
0,805951076886812;
0,656826098704722;
0,745451738554586;
0,93318476120695;
1,13984955860473;
1,23517420592153;
1,18123551712776;
1,07680696154813;
1,00893275727579;
0,97783639357696;
0,950319025915616;
0,931125260109542;
0,936744153284264;
0,956788319334248;
0,97530700021529;
0,988071769123417;
0,997058093896459;
1,00975037006117;
1,04016052765442;
1,09215888125988;
1,14248649046459;
1,17095784687595;
1,18562924997171;
1,20249381736502;
1,2441963450049;
1,33544024914689;
1,44571196275479;
1,47481495329765;
1,38734607485827;
1,26470380271402;
1,16162606513192;
1,09016807059476;
1,05655075491392;
1,0154900640776;
0,962945348917936;
0,963828449851699;
1,00916666894102;
1,06414487901586;
1,16340116497224;
1,31179044759531;
1,45749529025269;
1,57822453800691;
1,67715951720646;
1,74681229496167;
1,77343177505465;
1,73559989140028;
1,62784639396852;
1,48389906820336;
1,02134421779937;
0,147446518623493;
-0,244838637426291;
0,0216408946620314;
0,0824769333643745;
0,0283029721310457;
0,183331548487322;
0,143234829667159;
-0,0926032054724023;
-0,147295508535495;
-0,0703372667241825;
-0,0116909507748839;
0,013643389824567;
0,00101536786020435;
-0,00568254838413298;
-0,114585493368243;
-0,380380264746152;
-0,444449385525074;
-0,239783029879703;
-0,177628091388451;
0,30220700839429;
1,69514176900104;
2,42038579103413;
1,97259557859078;
1,84677700391846;
1,95683113138048;
1,75028603935139;
1,25554822449668;
0,69415566467044;
1,34921085856196;
2,04035332465177;
1,28207817824697;
1,39134553945622;
2,29837341286624;
1,98150029838178;
1,02276330565192;
-0,104860824007492;
-1,0856734024161;
-0,60348180552933;
1,02389458305423;
1,80439982951656;
1,48291488006886;
1,16061798039688;
0,942458350328642;
0,763560274816661;
0,608868842235767;
0,153111663701416;
-0,159657087899166;
-0,00669760874846973;
0,0625876595552151;
0,226759377760397;
0,840998550910735;
1,15050094481464;
0,951351330175721;
0,929003225901837;
0,787402208651215;
0,13330884480041;
-0,201731317934068;
0,0158909792669123;
0,0684098204457649;
0,191933567803023;
0,776912961997125;
1,10582238434807;
0,946621903744372;
0,882929811363099;
0,908879432581018;
0,834541436482818;
0,828678336845191;
0,917249151475797;
0,978425829835052;
0,987313683065221;
0,973723691380513;
0,966393712527157;
0,980858948889259;
0,991655125745366;
0,979859994049644;
0,993908397041849;
1,09929292948904;
1,27822059340542;
1,45359411843597;
1,61295401664379;
1,7679394901937;
1,84035489010275;
1,83500022481482;
1,86512282327342;
1,40740296152301;
0,217500447292787;
-0,347869972246822;
0,0298328762276449;
0,117261629673256;
0,408232613144764;
1,43378741330797;
1,64565012328177;
1,18566705307799;
1,5752845553712;
1,58098729575008;
0,252678270393276;
-0,416340048965478;
0,0447467107461108;
0,135552137365296;
-0,238131423502288;
-0,751527314594309;
-1,08590861819681;
-0,0363970774176928;
1,90221038244306;
2,45612397649126;
1,88368966461799;
1,8713501245256;
2,08873458149789;
1,9188729237418;
1,39934853953246;
0,364902560103458;
-0,76778997958307;
-1,26277081974738;
-1,05407214629188;
-0,400585947115313;
0,108656116188321;
0,0649709784450392;
-0,0607817424638759;
0,00156472860034396;
0,41218490064969;
1,28523420853584;
1,56633988343748;
0,950979100406036;
0,53546217481308;
0,751360262351769;
1,32782522141169;
1,48039896920555;
0,963528705668063;
0,562069042336789;
0,657923931194879;
1,02330477121001;
1,0591231277295;
0,77512743007313;
0,82930484910211;
0,956932893610584;
0,741224309412633;
0,738166568764967;
1,13599257140087;
1,24485943645679;
0,970405135347488;
0,855686185927907;
0,961568739383923;
1,02111628187836;
0,94219054551249;
0,830970600456847;
0,863433952827231;
0,981763550495092;
1,01404088976565;
0,937320660926001;
1,1167175133145;
1,81494562064968;
2,13346433902011;
1,64496794441267;
1,39588286421128;
1,73323170971295;
2,03120031239049;
1,94890512522108;
1,62558152813402;
1,47274363389144;
1,44349866076608;
1,15225208081975;
0,991585166710827;
1,18300754454742;
1,18297203660057;
1,00388082409173;
0,996058829189846;
1,12591836165541;
1,19609454054619;
1,12755093875082;
1,00301541662209;
0,905444914027694;
0,902628250880564;
0,980049683651565;
1,03366607749721;
0,777715329794855;
0,128767485984631;
-0,191225208875168;
0,0122872582018727;
0,0663143595026859;
0,212701149301431;
0,832657580473379;
1,15656627846013;
0,963324856560062;
0,924456422583575;
0,774332412794581;
0,131982488163396;
-0,198051056010692;
0,0150618163825147;
0,0674108302625053;
0,229943046851347;
0,896149256080499;
1,25321263116145;
1,09123351845604;
1,11838993000838;
1,29120294624887;
1,33010415333429;
1,40774755952167;
1,57083605257043;
1,65147829269006;
1,58191759735047;
1,43346229196863;
1,27072451663732;
1,13348528992025;
1,05481251485116;
1,14012860589213;
1,37412982241306;
1,37577537511632;
1,12274284379741;
1,02004465259886;
1,12972604927377;
1,34412594857183;
1,52382439195207;
1,58950794003146;
1,66402617856705;
1,2933986582239;
0,217090685497403;
-0,321878920900431;
0,0214207475504444;
0,111177830862588;
0,292267409427731;
1,13067590074828;
1,4318146346819;
0,909575247146781;
0,613090392320019;
0,529030959741214;
0,281419309074752;
0,0586987072022323;
-0,0868500949065837;
-0,236775249075387;
-0,362346952272513;
-0,414479785789235;
-0,401639425570735;
-0,422332786522206;
-0,540060233778381;
-0,475607985510882;
-0,0827848374624648;
0,122405722826274;
-0,00896455617627983;
-0,041793885889192;
0,533732980155803;
1,76091179700973;
2,34978635230063;
1,17034607845557;
-0,0707382319417084;
0,628945075156809;
1,45724063707528;
0,828573142609673;
0,309877061717044;
0,431836751737622;
0,316407812981497;
1,08825661516562;
2,43869889008575;
2,21720134755892;
1,43959632404202;
1,32103935236013;
1,72992866836259;
2,17250472428252;
2,04365246662347;
1,61592865939623;
1,13637186609138;
1,05765147514547;
1,24711543506585;
0,995738954544552;
0,743643110603283;
0,981623042284001;
1,30000147339485;
1,23254510137116;
0,91064138223227;
0,78526682078683;
0,903828012193658;
1,00178307151696;
0,996535096147915;
1,00385525971304;
1,05204457424427;
1,04470678719354;
0,983340343617062;
0,971176312369818;
1,01834119542739;
1,05541698629246;
1,00064633156559;
0,860166029422163;
0,807229610731056;
0,856058236972616;
0,880611678811736;
0,67497974527136;
0,129420696787098;
-0,168224632284851;
0,00451860694153248;
0,0610606205520282;
0,185176840891532;
0,713061917769151;
0,982167285034671;
0,833378953580905;
0,865551195162826;
0,76134263974535;
0,13623325248287;
-0,196837455393146;
0,0132996479134789;
0,0676768380074414;
0,227077259594681;
0,894952184615428;
1,27659655365162;
1,13471338836811;
1,15821763518633;
0,987948522489009;
0,175965679352448;
-0,253515636678745;
0,0165006829859897;
0,0874983678199355;
0,348964363075403;
1,25580578145968;
1,47343149732872;
0,695945692051478;
0,411149346933309;
1,03237499862978;
1,5357749818784;
1,25731564982809;
0,664135004342265;
0,504905138206953;
1,1243977318373;
1,89508215880179;
1,71020791610313;
0,985508547418913;
0,690925365132087;
0,558950851497507;
0,19020819629457;
-0,328484515260463;
-0,798558557924894;
-0,448143092060374;
1,09708083222818;
2,27565624157752;
2,12231569731791;
1,85505103016543;
2,00765354395881;
2,04092661287117;
1,59112390142754;
0,451162570978199;
-0,618232338243997;
-1,00568995421267;
-1,27136387951994;
-1,17559141333092;
-0,43452971117051;
0,139170264501289;
0,553539754162771;
1,3561171057723;
2,06078379082837;
2,10889375178499;
1,66473589639857;
1,04833112467161;
0,732385947106839;
0,657152213961474;
0,292128122841812;
0,00192277302081108;
0,314717504177972;
1,0121469158343;
1,64410123445741;
1,79082262829848;
1,38480673099848;
0,925727234991998;
0,792435757043011;
0,846774625595372;
0,834058125013182;
0,770925851878279;
0,866580549702642;
0,767249092174402;
0,145565296658017;
-0,200790438369254;
0,0113128175610559;
0,0699656657279073;
0,153490566120729;
0,637657730847101;
0,939450957841472;
0,995310076210051;
1,38177974758319;
1,35416320012774;
0,269797533512049;
-0,358436738872641;
0,0168714599267905;
0,12625622829957;
0,316990080731788;
1,17323051995877;
1,2611768179009;
0,334271844037632;
0,0357841696548711;
0,723522696706451;
1,36597412869245;
1,10867780276711;
0,318117034861178;
0,0985805571802088;
0,604837219266062;
1,09248843316653;
1,09669812464687;
0,938802742156285;
0,956762487679596;
0,975058632870313;
0,926466703730075;
0,928397142358375;
0,957442928093093;
0,969303241012327;
0,977429787858913;
0,983460360042659;
0,979600377232815;
0,97496978120681;
0,977661144739754;
0,72872481084702;
0,11796290577068;
-0,179079993863678;
0,0125918107465907;
0,0616241330440448;
0,212134365822797;
0,821538317303871;
1,12913001141877;
0,927195926127932;
0,886724081262599;
0,999473200356725;
0,997609932488565;
0,99072946361269;
1,01791488755588;
1,0255367130015;
1,03411318808846;
1,0596846316952;
1,07040522978439;
1,06093014401433;
1,0664911423555;
1,09944808463462;
1,14204297704257;
1,20270848058415;
1,33159137689224;
1,50402492421521;
1,58111786169517;
1,52794954238912;
1,44647723975697;
1,36552005267099;
1,26141698292234;
1,27423057915079;
1,4690568031474;
1,52982856873316;
1,35952338838522;
1,23303748797726;
1,21593861971694;
1,26815697619217;
1,39765081673005;
1,54947939219944;
1,66946673155356;
1,28849610012173;
0,21760558499424;
-0,319144403985172;
0,0199010961049392;
0,110872664022493;
0,403186246839783;
1,52540203902261;
2,00789399249965;
1,45170933966918;
1,15724324854957;
1,35396887132695;
1,66663187153713;
1,75621073668241;
1,48389576583577;
1,23686982741248;
0,84679799524951;
0,0506357072315604;
-0,444221696748161;
-0,40504897947038;
-0,405869734030295;
-0,349555695190596;
-0,104620826502944;
-0,151413286560912;
-0,441233258042324;
-0,499744983445496;
-0,295162337218689;
0,00185008346593225;
0,663417320299313;
1,79253803470616;
2,31155470660415;
1,46128383929969;
0,1314602775279;
-0,309651113683949;
0,0410286870086127;
0,0995225582099524;
0,455412186568233;
1,7437645311307;
1,76365601733131;
0,459011390772725;
1,1311374477206;
2,53472440280115;
2,13571948850177;
1,11501752741062;
0,551050756837686;
1,32952992915126;
2,02782587433264;
0,983179883996681;
0,732622309407251;
1,58462914424115;
1,38244616617544;
0,590651449754432;
0,0655902890183828;
-0,113508889223289;
0,00460475200659772;
0,0415259779081939;
0,226188802538511;
0,867138288830412;
1,24251510585608;
1,03526012636975;
0,893131883283829;
0,718673689490618;
0,133725090870186;
-0,184182723839774;
0,00945487809792816;
0,0646997956471434;
0,227932982833763;
0,864991026250824;
1,15941850828453;
0,915726282096882;
0,87580241982985;
0,74950911737584;
0,125307036001057;
-0,192953363616804;
0,0163323239486828;
0,0649031106873681;
0,191787725313276;
0,781117218077945;
1,11568205488149;
0,923327236069425;
0,781427463144396;
0,578199192293962;
0,0794103685176207;
-0,142850158320565;
0,0164136187172631;
0,0463071565042035;
0,260934185571738;
0,980859615722831;
1,36699572276788;
1,17164488740778;
1,0743947500094;
1,06794969964979;
0,956711457442425;
0,907993188155427;
0,944130904386811;
1,01356004583856;
1,12076041676451;
1,23392798164849;
1,33357632139071;
1,45692778955536;
1,63340272694478;
1,82548809048787;
1,90928414872969;
1,7610368030047;
1,39736379034702;
1,00809987353887;
0,713480012373756;
0,589784113735204;
1,05745409160364;
1,905464237126;
1,88643058161192;
0,936037271994215;
0,440978141474354;
1,06035776907484;
1,95402319000811;
1,86555301762705;
0,928149302853637;
0,21103576724048;
-0,288655949442633;
-1,06244091237407;
-1,41673983719205;
-0,133116006492189;
1,92424218695643;
2,46382645276826;
1,87539576178989;
1,87164856690128;
2,09162694113177;
1,77464012547299;
0,744093858730063;
-0,709797334720308;
-1,57398798174094;
-1,57944607062639;
-1,0952694693546;
-0,303557007771794;
0,365082325385424;
0,944740494527468;
1,69768893736819;
2,11617396056739;
2,0151699913344;
1,6723713461466;
1,10809279996711;
0,702312826914107;
0,579359602657482;
0,366738977209907;
0,316897183280737;
0,737221185211323;
1,34855208144821;
1,73486043061139;
1,62246552954074;
1,1340527584373;
0,795633617513995;
1,04496616587507;
1,63881828355225;
1,7164646485143;
1,13739303951217;
0,759464768408232;
0,778055091964582;
0,723763958931304;
0,721572480148753;
0,912355330462703;
1,00395049609447;
0,90295689321842;
0,710876588184741;
0,706269716915986;
0,919592805371289;
1,00695276297939;
1,22082993147661;
1,75301545162777;
1,9036595419089;
1,52027352892484;
1,31605768536461;
1,08729096508289;
0,247621294035239;
-0,280775997903453;
-0,00357964701772676;
0,10655360227098;
0,146040311758188;
0,655528133324218;
0,989807235625699;
0,878569157642441;
0,859099523301988;
0,716173500748052;
0,124974039096312;
-0,183295806974271;
0,0127747477585718;
0,0629020023260774;
0,210474892045965;
0,813635823172499;
1,11341639920683;
0,916939396477384;
0,890606380953438;
0,993426100566751;
0,948919232594243;
0,906160622396229;
0,935437050508344;
0,959730505764087;
0,967097474403789;
0,977812288597803;
0,96973974207289;
0,925777157524578;
0,88906634634243;
0,662859640272637;
0,114138335969191;
-0,163940502423402;
0,00917386385578432;
0,0574267817983931;
0,233431049844899;
0,88312254567039;
1,20580076261875;
0,984884425269122;
0,937580612536944;
0,78857485272665;
0,13382223769422;
-0,202064276619795;
0,0158006174190659;
0,0685735160264702;
0,265519930764573;
1,02820934274122;
1,43329253065189;
1,21698799879644;
1,22463310294415;
1,44911680676363;
1,46185844463222;
1,34758067184882;
1,24300175110613;
1,15806583809027;
1,09633935235231;
1,06013400838489;
1,07959372706152;
1,17241337616246;
1,27622112677207;
0,987516411686827;
0,165201673474429;
-0,244495542817729;
0,0158583641872425;
0,084670565276391;
0,375794970542096;
1,44686303698451;
2,07522801789867;
1,86672006018652;
1,84644000669934;
1,95801220866151;
1,77292504978248;
1,5579646505961;
1,45916618280861;
1,38132660974645;
1,27766437426215;
1,10611406285881;
0,833423961088305;
0,513732610736792;
0,231194482899539;
0,0293161920919733;
-0,0866552524845847;
-0,150316837746717;
-0,209945158240059;
-0,274918866851939;
-0,339634042144065;
-0,428580367960675;
-0,485815843970432;
-0,36466751488216;
-0,0659334472896046;
0,14340219471771;
0,0676948027887159;
-0,0491974478923861;
-0,00822717770881494;
0,0216888764060341;
0,506437924729492;
1,7498498898075;
2,36412621157182;
1,37835414832009;
0,4339053361153;
1,3602519312821;
2,46376159768961;
1,27375804073514;
-0,527315071370674;
0,242057407418853;
2,23996048259269;
2,38131029814768;
1,3890474873108;
0,455555534634099;
-0,265266675166647;
0,318466688973551;
1,86736077003639;
2,00407384626984;
0,425489441573312;
-0,47838752251203;
0,0834942863076302;
0,743929187424345;
0,844663787139876;
0,89455803023832;
1,05389414928765;
0,778311028144061;
0,089123618549446;
-0,182731053869736;
0,0240718213820348;
0,0581609476775531;
0,213809256211188;
0,838478621598695;
1,1514100917205;
0,975356438854115;
1,01299182498898;
1,14285777808758;
1,00684247666291;
0,904484624010549;
0,994575267541049;
1,09656948273802;
0,992034439785176;
0,632463825164968;
0,479265735237065;
0,695701456633397;
0,845715264655234;
0,778165376996643;
0,598873446314534;
0,535398391152267;
0,689507636839918;
0,827505606671791;
0,917468966353877;
1,03558649316809;
1,06313587473815;
0,998542261850331;
0,964351787466855;
0,718469040415901;
0,117098559212975;
-0,176861838385375;
0,0122533432311795;
0,0609325812801129;
0,22486131221844;
0,880176096275839;
1,26443930008044;
1,13648395401254;
1,122132773891;
1,1609504512797;
1,03244913970135;
1,02192131551296;
1,15954913347863;
1,20253701101904;
1,33668420507051;
1,76057661720517;
1,89863107042687;
1,46532290665248;
1,03416752859418;
0,864186377728564;
1,12979186516077;
1,86395908671766;
2,10357058819102;
1,59921187924616;
1,41058272019613;
1,69760250710142;
1,64143084736494;
1,04853162347324;
0,315466021030223;
0,276445600692093;
1,37240719180362;
1,943181961886;
1,07536060968424;
0,191012128488499;
0,388979552826772;
1,64587004967021;
2,40331389172545;
1,99834728933265;
1,44850398282564;
0,338707562698368;
-0,303185960151569;
1,35317440602206;
1,90405826512755;
-0,389476261486399;
-0,993010547490251;
0,622918513653766;
1,46533843255508;
1,8313184695588;
2,14091383647575;
1,54502777843952;
0,555278838232637;
0,8593333510684;
2,06677415604143;
2,26441229405645;
1,38922427775743;
0,398718279622771;
0,343344739790858;
1,24331861515477;
1,79526811084856;
1,36060093251744;
0,410160065066981;
0,323601509804789;
1,25150062591521;
1,79822842046961;
1,54381937500392;
0,940011641892702;
0,755123156989495;
1,12984548377379;
1,19159815575109;
0,879516667861794;
0,782161227015575;
0,936562755504651;
1,12908886193785;
1,12439257790029;
0,872771299408596;
0,762319116404833;
1,1560250794382;
1,79801460940703;
2,08816464551872;
1,67199934567537;
0,910155529168768;
0,954973156731227;
1,80672011222357;
2,15961779212466;
1,75188651298031;
1,03230003081516;
0,384650025415165;
0,21725374897481;
0,399712582163666;
0,691937993971282;
0,911231034550041;
0,618421741988663;
0,193048747681356;
0,321898657327175;
0,724009059538611;
1,05149032066319;
1,16326599274671;
1,03115814160693;
0,929932123835598;
0,968873014806885;
1,07430744230604;
1,11678662989027;
1,03457878301945;
0,946277443382459;
0,934549287064097;
0,983505317458362;
1,01217654316388;
0,983446911491488;
0,962553372286482;
0,975473607711405;
0,996228212327721;
1,00028183835347;
0,982642738703181;
0,967318342024535;
0,962362914999567;
0,959084311688371;
0,963490632360299;
0,974009325245899;
0,977742314051764;
0,970730274542508;
0,959658402875654;
0,961677627843696;
0,974342661477974;
0,978282280947204;
0,994686165761711;
1,05218547645209;
1,11321813502009;
1,13379020876702;
1,13717246029164;
1,17145272371073;
1,26063723794826;
1,39629471124768;
1,52001235113874;
1,55733200326729;
1,51315045893397;
1,44326481478298;
1,34037813023827;
1,19091396974076;
1,08338906987554;
0,797762733990739;
0,139738293152824;
-0,197569469016251;
0,0101934644229413;
0,0695812827578445;
0,312620225434501;
1,20909751571095;
1,76259965151185;
1,62340968346645;
1,63985174349527;
1,70639537793674;
1,45528882048724;
1,39992593130426;
1,65045365882104;
1,76335205294514;
1,74143525933624;
1,71390961356641;
1,62467365950976;
1,49189767725367;
1,33209823512122;
1,13928020759945;
0,941688860386025;
0,735203630265212;
0,498819029146773;
0,2621360512715;
0,0861732983600213;
-0,0102501671218698;
-0,0890482753094434;
-0,224396293609388;
-0,415303229813698;
-0,420904699126739;
-0,101742040901142;
0,0364023286073039;
-0,229674288686799;
-0,460019257492423;
-0,405009889617144;
-0,110467256573353;
0,573695767783771;
1,73806261796416;
2,33325414543861;
1,4759393509822;
0,0976424010108845;
0,162448215583344;
1,78178116831822;
2,46976091920263;
1,9154345923293;
0,891578630518659;
-0,763498642466487;
-0,377337469626651;
2,08051344146412;
2,58681985656391;
0,789759805664169;
-0,965992742399397;
-0,255300942472536;
2,10121051973404;
2,32032510200082;
1,09114019349981;
1,13590103814068;
1,57045514125921;
1,13245451912068;
0,745140910136694;
1,11004972986913;
1,51821436702665;
1,43047111408291;
1,050939607126;
0,790401710919016;
0,89344322843561;
1,03585043045447;
1,01627555133991;
1,09478054021828;
0,900605183885401;
0,151167983088261;
-0,227941432066501;
0,0171147514050404;
0,0777530761285123;
0,196955509285443;
0,79992437413328;
1,11219397274347;
0,904227071718832;
0,842089085640534;
0,700204502126569;
0,118329068826969;
-0,179027374219335;
0,0140126082854798;
0,0607611828743883;
0,165080260197474;
0,642711206854384;
0,852878722379091;
0,698167764290471;
0,764395273310338;
0,699724120517215;
0,124761697701545;
-0,182303862298351;
0,0132177745924776;
0,0622398341003687;
0,232881950295214;
0,88113471997062;
1,1839356617548;
0,962856913602306;
0,977177554938641;
1,24439115056443;
1,57433024620117;
1,96456081616107;
2,09141632267582;
1,92235083114459;
1,72274858852522;
1,49641122210854;
1,15420225874409;
0,694399343486321;
0,404869754379421;
0,839334362970378;
1,78889411810199;
2,0722189001601;
1,52853420595155;
1,38979635706798;
1,89435272702765;
2,01316288020494;
1,46025963286977;
0,824233514154606;
0,207463626297894;
-0,611134000563205;
-0,876228491915863;
0,301342148382143;
1,80984326095131;
2,17848598746597;
1,94813921620901;
1,95645135321945;
2,02805696895733;
1,99618524066836;
1,76730596301614;
1,47562292301067;
1,74232679935254;
2,15750123150689;
2,03838109175302;
1,70040551496857;
1,12387389872531;
0,641935093634081;
1,09740010339556;
1,91483378655942;
2,11014769724228;
1,81550156989119;
1,32067666718325;
0,843803530820701;
0,719470235829569;
0,68495342968191;
0,502388340890508;
0,586410782312615;
1,19769407905244;
1,92469348624862;
2,01182167981293;
1,28900262206795;
0,634837536411525;
1,0267043510131;
1,95868569869423;
2,0615949575794;
1,27434651546206;
0,660126815903196;
0,807049342689133;
1,11527988123822;
0,947647890030963;
0,68565293154284;
0,701373185175514;
0,917119067764793;
1,06748781292086;
0,926487367532966;
0,849887811525318;
1,27202035877328;
1,88631530662279;
2,1001962354182;
1,98598136611829;
1,74362788182596;
1,44405754078553;
1,65321669238432;
2,11187205046707;
2,06787437114407;
1,70206068424293;
1,09755419539674;
0,476299788178021;
0,397119457766355;
0,66668198696166;
0,913825406238472;
0,972242340330977;
0,65733526501243;
0,389848829480932;
0,601575179906585;
0,911963265552572;
1,01302719630412;
1,00294479934378;
0,960142076207194;
0,928621866716905;
0,932397223714688;
0,959345672055488;
0,98905595655922;
1,01115022329318;
1,02430409223501;
1,02403529486161;
1,00951075258074;
0,991126924611492;
0,982178458477503;
0,983401900686258;
0,982424224670491;
0,974649517276305;
0,969444816168267;
0,972129734466987;
0,97805840186821;
0,979834005842734;
0,975294791733148;
0,973413778709052;
0,982492652574483;
0,996428545762316;
0,99653151924067;
0,978180829929701;
0,969175015484382;
0,982782121088902;
0,997886832260889;
0,998174159488014;
0,991968983949482;
1,00931979901085;
1,06127493049861;
1,13468073701922;
0,893001798973358;
0,159998546201211;
-0,223265126804003;
0,0111188309060148;
0,0787446231287;
0,396798582293149;
1,44978371616646;
1,91917997574018;
1,48044514749264;
1,29114427552162;
1,44467919018767;
1,60111751862354;
1,64807271888841;
1,51411582241336;
1,3775380523395;
1,27498231295397;
1,18893293979318;
1,16812896954159;
1,21312647126593;
1,3450868552538;
1,41340791760203;
1,25915241610699;
1,12074614653101;
1,20306711221104;
1,3669258235657;
1,5254790412253;
1,68776007179672;
1,77689937313964;
1,75075197225975;
1,64986263881647;
1,49695488249394;
1,30973751725105;
1,10675166748953;
0,89658430166647;
0,68736817347916;
0,466152009772535;
0,243225401965095;
0,0636784073389404;
-0,079107437907764;
-0,221718533938999;
-0,348506288511942;
-0,445313510555133;
-0,537303966551711;
-0,600025345276832;
-0,547451124076224;
-0,34158616727142;
-0,0437335460727615;
0,228446241025667;
0,35340130013273;
0,263172326156991;
0,0317354685957826;
-0,0620288187949163;
0,158537176908959;
0,380455377656687;
0,278072327374469;
-0,0936869284968077;
0,142957611954183;
1,59285434879273;
2,05263108636912;
0,0709520786415878;
-1,37037205210125;
-0,421535193137573;
0,431576458029978;
0,0058228234039674;
-0,161663263696219;
0,0563261040954097;
0,114944547777833;
0,450277481567996;
0,974754942810559;
1,15651218290156;
0,818272768851808;
0,221190771386928;
0,2880745112197;
0,980676297869098;
1,21552788017501;
1,17788793220416;
1,34792367236262;
1,27276542703755;
0,969036893261417;
0,87625888798659;
0,892701273480372;
0,879240950032518;
0,91360361342953;
0,951507144438852;
0,945247253394936;
0,9264227423416;
0,909396542553589;
0,907789950653939;
0,935995713095713;
0,947208938267732;
0,911147166685354;
0,891821284263538;
0,914310039370504;
0,940505042682565;
0,942845319985899;
0,895213818177998;
0,83564589605645;
0,833693423014266;
0,884800416033131;
0,940533388164487;
0,935120217252801;
0,856944159364902;
0,820347355105166;
0,881274355667743;
0,94699893832895;
0,86004968053283;
0,602673140807348;
0,476703751024935;
0,613569278257914;
0,832922361240142;
0,903667240941266;
0,658292566174744;
0,454184712030159;
0,600653078756357;
0,846745134072406;
0,990548759805876;
0,954504288384375;
0,843643242428332;
0,853602443187529;
0,945192044494869;
0,761448095702994;
0,142119827782444;
-0,191622483184756;
0,00780053651757472;
0,0683201422970396;
-0,031939503817321;
-0,0108189238890491;
0,0158705551472182;
-0,00279973980515275;
-0,00446879582539359;
0,265843443465383;
1,12039242554326;
1,81120097741946;
1,35658846646423;
0,775888067505942;
1,35447943269834;
2,12363600408038;
1,8367150732803;
0,989565191666378;
0,562203969082518;
0,453933242099679;
0,068449673533725;
-0,518764991573378;
-0,88523975620264;
-0,188664374540002;
1,63620677916389;
2,4951380382239;
1,95851031449343;
1,82668025513104;
2,08076507539837;
1,50719406417498;
0,200380999983737;
-0,35580646749135;
0,0360169407576196;
0,118003225498433;
-0,27312479405228;
-0,568408408435197;
-0,308152057675825;
0,245217016650671;
0,602799607810985;
0,488963377745351;
-0,309708441040928;
-0,534442087887303;
0,223821038669736;
0,696032344115387;
0,77048991822688;
0,580756720722619;
0,248393545784912;
0,198801283173891;
0,3736698822955;
0,570989853145311;
0,519117001326528;
0,29269845959647;
0,210456829143974;
0,351724735843935;
0,679320673656642;
0,879375890833398;
0,812137682981602;
0,706665333511267;
0,675048855277623;
0,747122566353459;
0,835267120659183;
0,812925240372194;
0,720998172275168;
0,668926380265996;
0,751874478864915;
0,868908372505957;
0,917579693674156;
1,11755921536129;
1,56460885933515;
1,63666750235396;
1,00966526845955;
0,686977451528408;
1,14149133682235;
1,64013508385973;
1,78898060501256;
1,75703725390931;
1,86395493329768;
1,79809509375164;
1,15616625905462;
0,861833437558539;
1,54673568372268;
2,12946567492905;
1,78572983588334;
1,06315439211922;
0,704599761171123;
0,784637657493832;
0,928922236458034;
0,996857454853425;
1,08420340931228;
1,061645342293;
0,865614345643086;
0,821223458236718;
1,00476995628898;
1,12050317888146;
1,08884630415357;
0,995188534220494;
0,93752181237255;
0,949479529933079;
0,954280366287988;
0,955451374316258;
0,978563125108225;
0,973976483102447;
0,945734165972673;
0,942002198756537;
0,707918438196688;
0,116143621895018;
-0,174522623019357;
0,0118998032669554;
0,0602037684611435;
0,225017175206381;
0,869797150613808;
1,21172607909441;
1,02202588402552;
0,988063059221098;
1,10341632926349;
1,08556032485505;
1,05707548281099;
1,07342639096425;
1,08103787546451;
1,09899747670346;
1,13533850750594;
1,17210931170573;
1,24207156347597;
1,3581002026755;
1,45921529146278;
1,4994201040967;
1,48530307309563;
1,42516886149969;
1,31903660890952;
1,21177491308579;
1,18483324671186;
1,23116879975464;
1,25037998477329;
1,23056256336352;
1,26270015841213;
1,34482442583124;
1,36693021531894;
1,30371819098131;
1,25850026104498;
1,29574936117607;
1,37395256687321;
1,45751424969577;
1,54965570346629;
1,63925703281153;
1,71279269860985;
1,76788563148335;
1,78438878915257;
1,72226952665491;
1,56818397595317;
1,50320948992929;
1,69520042035326;
1,84788226151826;
1,72807515749451;
1,54214398276076;
1,12465271006732;
0,318697801647996;
-0,151059262784765;
-0,0698938252450496;
-0,101383467001848;
-0,295448478737685;
-0,400415605634541;
-0,496451591528794;
-0,594786465748948;
-0,615192314373684;
-0,566378190215538;
-0,469294642400154;
-0,307751779952785;
-0,141310231264413;
0,345463932911018;
1,47017451127152;
2,23997644934634;
2,05761529841084;
1,57018213622977;
0,37513841008016;
-0,474107129942803;
1,18013035225493;
2,25330406457375;
0,924168629757819;
1,14566673817775;
2,45524812117623;
2,14928108538608;
1,29241026239528;
0,905145639606866;
1,5073796319015;
1,60430642931639;
-0,297844762237454;
-1,1041614599388;
0,308476143119376;
1,21916482392711;
0,710171721609391;
-0,470152430196715;
-0,794088952229633;
0,252504181871794;
1,13038998583814;
1,19118450326581;
0,965356758956272;
0,873839884797163;
0,969679706503771;
0,983140225447811;
0,909613851442081;
0,904100700075425;
0,944923718439058;
0,97033589893167;
0,956227751018376;
0,947026737965417;
0,997676520490392;
1,04697374833426;
1,02966193932383;
0,981543007411867;
0,961140744955609;
0,998516362954898;
1,0433132780289;
1,03062609686009;
0,982483114766713;
0,953011560392503;
0,970689667052925;
1,01172468057132;
1,03364388448504;
1,01573485945379;
0,723910271859584;
0,105660875093738;
-0,174584834575776;
0,0154569050922451;
0,058766854841256;
0,189960555043886;
0,754042578636007;
1,05759530348381;
0,884327757247415;
0,81304381953253;
0,8681899360042;
0,863162957714981;
0,880281931696709;
0,902472218533732;
0,871215409169478;
0,889064939814273;
1,03057368573303;
1,0982871552821;
0,984003500789547;
0,891005363878716;
0,674573536623149;
0,123243139955262;
-0,168851706680392;
0,0075090615832526;
0,05994668018174;
0,286099278894072;
1,09029605792911;
1,60500331130784;
1,57557954731698;
1,66470804988384;
1,69741482373395;
1,48972077472345;
1,43806074457704;
1,42580790000253;
1,14687079308554;
1,01163280262293;
1,4683030837222;
1,92947056166552;
1,5011723902158;
0,638748511950035;
0,60896661217097;
1,39986907981418;
1,87466335123663;
1,6151567805766;
1,1924419986071;
0,973496956788605;
0,634545161690242;
-0,0849213875111909;
-0,888529494136955;
-1,48442270468351;
-1,36359692020456;
-0,282048846374788;
0,352998694278655;
-0,00803386274632868;
-0,128374235696537;
0,570336365234243;
1,77624891454899;
1,94724150048195;
1,04704329306289;
1,42670922068471;
1,49947596751637;
-0,521613563521042;
-1,00437561628817;
0,551677739240024;
1,18711168991071;
1,46512236296911;
2,05998582389248;
2,113313573276;
1,75026879052043;
1,30905675179664;
1,24518304303976;
1,84904127449823;
2,20116041205909;
1,80091569003278;
1,25464424525921;
1,01142589392184;
1,23363356681893;
1,77141777926629;
1,92641565124063;
1,40114839613826;
0,95320545155269;
1,20081252228616;
1,79729481123966;
1,928599521245;
1,39082091503191;
0,888480943981611;
0,80676325347595;
0,839966266785603;
0,738808982451866;
0,612322499997749;
0,652556265544301;
0,752999835840711;
0,750906766072561;
0,729767339877211;
0,833387484736869;
1,14219722987679;
1,59365283104385;
1,94881180543492;
2,04055990908924;
1,98991073120208;
1,94585551017464;
1,88139955486347;
1,87521272248187;
1,9365362073094;
1,71802357342377;
1,06808372114321;
0,395367969043613;
0,16592159373473;
0,356789833907295;
0,630941150533514;
0,721880548086086;
0,490679106923596;
0,21033420805128;
0,310442351465372;
0,63359637643504;
0,88737285468364;
1,06283085608865;
1,07567739293835;
0,960273233069053;
0,907547047740576;
0,912295816169364;
0,915129419670027;
0,933668787369993;
0,956395624622291;
0,964166972146206;
0,968010201813301;
0,976853059008134;
0,986139822773233;
0,993172940180271;
0,997760849592003;
0,99695488860892;
0,987985398928023;
0,974395611510123;
0,965588916164323;
0,967139962627437;
0,975601156981209;
0,982680287165052;
0,984158425622558;
0,984374870656634;
0,987524627991665;
0,990393173943107;
0,990862201960329;
0,998424862921457;
1,02515688040584;
1,06471905648797;
1,09721901388699;
1,11640624669458;
1,14043813074738;
1,19332523154441;
1,27596469482777;
1,38396524824174;
1,52089149899285;
1,63491148531989;
1,6370938905705;
1,52712447795992;
1,38351456446578;
1,24568196030025;
1,13409693290575;
1,11906500572392;
1,2127376986557;
1,30001652923208;
1,3203024373401;
1,33569216599688;
1,37189290795934;
1,42341649904075;
1,5177309710354;
1,62582911751413;
1,69271104845156;
1,74187033313248;
1,80725204820862;
1,79296466148896;
1,65829072675057;
1,6268495547702;
1,7507014737921;
1,82810638208968;
1,79287453371341;
1,63557920507984;
1,41475255116602;
1,22384883556155;
1,0016695723837;
0,703412280402738;
0,388835118784126;
0,112948943589697;
-0,091260106806791;
-0,222214834545403;
-0,318786047468609;
-0,400089121190815;
-0,440602512862359;
-0,442172885457943;
-0,46368155025188;
-0,481410397195293;
-0,428473670177731;
-0,400506848066822;
-0,444190191425506;
-0,477830939948794;
-0,389985521934996;
0,402864629677504;
1,83194899213576;
2,3689352141968;
1,93894035713287;
1,43149697562185;
0,693268642371845;
0,72784964369589;
1,62339962469312;
0,880391816195858;
-0,401692790320533;
0,560737753745779;
1,5178570967013;
1,49978905557396;
2,06025550796532;
1,87773608064111;
0,333207446004054;
-0,952927485466634;
-0,613325738279761;
0,668243652429423;
1,15432794719609;
1,04847762924367;
1,154893065374;
1,07366043176006;
0,753728339207096;
0,743892970093873;
0,936726708646313;
0,996736103553256;
0,987085969112537;
0,969049996927605;
0,881689754954766;
0,823865488995329;
0,894181592267353;
0,952964281899853;
0,927050046505403;
0,885531765112314;
0,855883065279193;
0,887687257603315;
0,942992181488183;
0,933743072167655;
0,879230426359964;
0,80839569821349;
0,793183524130657;
0,851627022066485;
0,882254732195043;
0,854110027638363;
0,804312343000636;
0,799484762612113;
0,851126207230099;
0,880115923645944;
0,875759395642354;
0,872203230083839;
0,873175607406766;
0,869890328583046;
0,850265819255457;
0,840422072145614;
0,863473611739466;
0,882364680252672;
0,870257456966537;
0,846669519347248;
0,861019820392577;
0,920760721357979;
0,904398761958633;
0,772642439037809;
0,697178231329779;
0,769649957378876;
0,912241735829497;
1,06646377063328;
1,20432605103666;
1,26659872933192;
1,21426856000219;
1,07530659845715;
0,928407576976797;
0,853701878718759;
0,86717279520445;
0,958452291200798;
1,05294524904726;
0,986081780517938;
0,844243467754371;
0,849565223392234;
1,07807751783893;
1,4222111589129;
1,49175408978214;
1,40916700941904;
1,6217607387664;
1,6252734297319;
0,983858380519536;
0,732034054791765;
1,56208870582101;
2,01848401271044;
1,05128282137233;
0,179892822470923;
0,861719269498897;
1,95877098849159;
1,80902789525737;
1,07256128716213;
1,07006766265653;
1,33305004582894;
0,987926760805267;
0,311975716605;
-0,321348322684774;
-1,08458607091048;
-1,77638979673894;
-1,30239760131643;
0,70570783713083;
1,55107293109285;
-0,567569784679509;
-2,34986312735408;
-1,2948484706198;
0,91412720845193;
1,7954311364487;
1,16859218002385;
1,39196068924619;
1,43792320689561;
-0,640759479011432;
-0,845442034514139;
1,86430571627631;
2,73481846609853;
0,92796003911701;
-0,951954840400384;
-0,527424159881339;
1,70657790873083;
1,95975824960427;
0,487551985766739;
0,320415340850145;
0,648326882905224;
0,185401088540427;
-0,0353350486905878;
0,381548974949693;
0,801894143566575;
1,21718714997877;
1,72698819324004;
1,80993573718853;
1,33664748044898;
0,937489970071633;
0,924876547874286;
1,07005029356328;
1,1204398113318;
0,882422220755196;
0,501993060327145;
0,467007460452351;
0,759384534271904;
0,863904103259909;
0,706918047739249;
0,595890839934554;
0,614618383058229;
0,667159673221947;
0,756367769946124;
0,902419916922917;
1,0205733858643;
1,18420871308529;
1,57180700162466;
1,99146746050311;
2,07329616224582;
1,81672674776881;
1,42061380951569;
1,07003224953166;
1,01683497457979;
1,42117910019572;
1,83592486760655;
1,46898338423745;
0,698262520732068;
0,528299923536052;
0,812369690465723;
0,996150641727058;
1,07503363385081;
1,10091129478917;
1,04204184884437;
0,975173134092367;
0,952121648099674;
0,952975904704478;
0,969310265462653;
0,987336014928873;
0,990222065269419;
0,985176999892473;
0,978424151753944;
0,973153868614654;
0,980865150262499;
0,990903462573124;
0,987296612429751;
0,979864937540961;
0,976658740543156;
0,975119822815239;
0,974987581108903;
0,978371167240878;
0,988039196153873;
1,00275739705943;
1,02086972172382;
1,0425521029047;
1,04766180288157;
1,01775251643896;
0,985695113329871;
0,984772874288034;
0,999271608023362;
1,01813921882942;
1,05595960960504;
1,11018996557124;
1,16406709998697;
1,22671914699103;
1,32872479393317;
1,46686996244884;
1,56495978989818;
1,55771981915166;
1,48488303259178;
1,39969799773809;
1,31048392776026;
1,27715735096842;
1,35669657613761;
1,46657265372121;
1,50795020533186;
1,5054716159875;
1,49722053585704;
1,49571271550741;
1,54268363778702;
1,6262990147598;
1,68648544655166;
1,72192281405773;
1,75037646123672;
1,75309496675826;
1,72504696498882;
1,69989708320322;
1,69822607267896;
1,69953813844395;
1,67057368542812;
1,57994963614414;
1,41210077246429;
1,19877387285294;
0,994786469091923;
0,821561016789743;
0,661565860876429;
0,48694062661323;
0,291917775325254;
0,106066346077789;
-0,0388165956452504;
-0,154744419546191;
-0,272267434287617;
-0,386358986961835;
-0,485104112294961;
-0,577317663755189;
-0,667720466421312;
-0,748768263382427;
-0,766518501827798;
-0,648831123377458;
-0,46767598541915;
-0,0626763368260926;
0,279218398220659;
-0,343051467966572;
-0,954921074303251;
-0,527474180137188;
0,0771063577581556;
0,957089381046449;
2,04440540547032;
2,00132142911039;
0,457457232211049;
-0,535378679709838;
0,729329816277349;
1,76953018436301;
1,61200524361537;
1,98686135912745;
1,88300252345944;
0,318770911093936;
-1,27225875613089;
-0,952808783832164;
0,670714571411328;
1,28886870314083;
0,384854609198849;
-1,04531642570902;
-1,00816992224195;
0,603229598649033;
1,33839814937087;
0,991797164596311;
0,858622695053152;
0,960058712906895;
1,01877664994868;
0,962391224897065;
0,864493458946171;
0,859326343443407;
0,888098862645354;
0,904976835826088;
0,931734844443922;
0,927638138956029;
0,908875226156914;
0,925023917953151;
0,925509049854585;
0,888205366477;
0,89426068719409;
0,945471757961855;
0,945643313690218;
0,900457529614173;
0,884115204364302;
0,88695874960211;
0,876689226454114;
0,859207859008185;
0,835270481987193;
0,814637262226327;
0,83946294051732;
0,92207341517788;
0,994464666452475;
0,995344472905449;
0,962004383675451;
0,863646404678989;
0,813845826232452;
1,2896097649513;
1,84359238587601;
1,36096021668631;
0,582212698055439;
1,02384468961546;
2,02855246289147;
1,9850856855461;
0,999474010447382;
0,409637349029707;
0,684870912656714;
0,915150838927577;
0,25099432193076;
-0,972512945015025;
-1,19262633113418;
0,348474900811303;
1,32158293369571;
0,248475744600371;
-1,12354874802626;
-0,797591763189895;
1,42917231130652;
2,70641527980609;
1,31544159481549;
-0,519232373354878;
-0,973261517563858;
-0,676559951776135;
-0,394138186868981;
0,131428871747798;
0,612736601649553;
0,77656754494498;
1,16686972027467;
1,77636022826144;
2,02905008077938;
1,70848290682193;
1,12318344452003;
0,748076820142864;
0,68164690334827;
0,65332584071915;
0,713055590656913;
1,12799323985727;
1,659167945509;
1,74572873092454;
1,34102095754006;
1,03538067768187;
1,1509462223601;
1,20946600776174;
0,782944167182455;
0,255072086504349;
0,265837487316021;
0,878529050809092;
1,39861693001032;
1,25500421204409;
0,854437610668011;
0,725830818458411;
0,727177120142487;
0,672601066013453;
0,672530087573869;
0,792221701000838;
0,995043184709891;
1,35082013664637;
1,81973320076471;
2,06353798654425;
1,91386901490985;
1,51881271855719;
1,05652121098007;
0,768760707344053;
0,938736262719925;
1,452751728571;
1,66175240295461;
1,22967881384815;
0,738553845485072;
0,732907230939183;
0,962874251478024;
1,12418571433648;
1,21381717577016;
1,17300113551163;
1,02674882882004;
0,939226384465058;
0,933754941357158;
0,94372178312116;
0,955929625636363;
0,961609150738151;
0,95945755719072;
0,971369281095936;
0,990328117562245;
0,988029923883714;
0,960648564415475;
0,931193889176961;
0,924278113422884;
0,943803411099271;
0,973065183518671;
0,990103073525426;
0,982680513436382;
0,962261858882141;
0,957527703335937;
0,980032376690684;
1,00689815598394;
1,00907369748068;
0,984258025755188;
0,952966080656341;
0,934376468251483;
0,935631845464356;
0,958920870715461;
1,00018933204556;
1,03859240605499;
1,05058453927756;
1,04021076371641;
1,03832019672484;
1,05520223925259;
1,05986988390494;
1,04025071600861;
1,03347697155351;
1,0665065006082;
1,12719012512746;
1,20746474840215;
1,33328000691183;
1,50478127293577;
1,63610712018993;
1,64940805694918;
1,56158247635903;
1,41945733255105;
1,28474246619388;
1,26111106165314;
1,34967310214001;
1,40711762597935;
1,40705782553649;
1,44491501482049;
1,48265742262103;
1,48020541660766;
1,55660782316347;
1,73078126795663;
1,8418578462729;
1,82042314108906;
1,75564443511361;
1,72822255258475;
1,74458987640097;
1,77917739497541;
1,78813178685565;
1,71822914986263;
1,5511307102864;
1,32152489407024;
1,07798377920454;
0,843133110584668;
0,62135016005028;
0,418357372393093;
0,230099362822417;
0,0467227140223271;
-0,116604848260189;
-0,243633407644081;
-0,350699281234468;
-0,462472123044434;
-0,593282028868621;
-0,714750493667579;
-0,759175158903681;
-0,717241696164197;
-0,616686685552743;
-0,442245680154935;
-0,267923613002685;
-0,273128285919563;
-0,258238360562312;
0,540649521456263;
1,89764617600218;
2,3279224385114;
1,92714746336557;
0,95798852730661;
-0,223062808977249;
0,748959558757151;
2,21049017241843;
1,14030623691813;
-0,587055478242663;
-0,742734610603334;
0,879802317935223;
2,34093106682959;
2,07262168755248;
1,17373649377146;
0,361704808415545;
-0,0741702725244475;
0,327576658915652;
0,843267460814349;
0,979397421870024;
1,13763738640931;
1,21498081130378;
0,979477946539208;
0,723614223730776;
0,791831813618294;
1,13309584385497;
1,25076188689706;
0,971298648921585;
0,713499327801909;
0,786184644944405;
1,06026068049252;
1,1385196171073;
1,01818675210577;
0,98857430969023;
0,971885131639328;
0,901128295790923;
0,875752837024063;
0,845020074444628;
0,783546726442594;
0,776766121102265;
0,819300265250551;
0,849351499584221;
0,880307809694291;
0,926104917512315;
0,948445398008436;
0,949098952532548;
0,951194415947757;
0,914642444015699;
0,841313126708162;
0,824768115621751;
0,872747130602461;
0,872702245485929;
0,802991404717649;
0,7823085929982;
0,851958065959496;
0,907199431027978;
0,893531530097309;
0,872130091375111;
0,866251301749934;
0,852108477383427;
0,874698461185262;
0,968190095444023;
1,05112378756724;
1,05785710625405;
1,02947077183229;
0,99876779136153;
0,965735619914248;
0,962782382427591;
0,993524347989753;
1,01716230261969;
1,03490729277409;
1,06489996686199;
1,089924225605;
1,09839863113137;
1,13018929868899;
1,25363279822951;
1,44056186834355;
1,5396303389014;
1,55594149376754;
1,71960486838831;
1,98948207879248;
1,90853467076932;
1,25981519612246;
0,700494737971645;
1,12493225717934;
1,91581208937832;
1,61043305756927;
0,74819111046174;
0,958277803554965;
1,82435842396809;
1,91670252436293;
1,31786672727726;
0,880206288921391;
0,643513689281331;
0,139068849987564;
-0,687126334314896;
-1,30227919715553;
-0,661137208080948;
1,26220154328314;
2,39555870451671;
2,05266963089249;
1,83538441640584;
2,04163154190493;
2,03352913955254;
1,48398870921291;
0,12453078041206;
-0,968354420697962;
-0,896181363905552;
-0,61575890463158;
-0,399485443050404;
0,197458784556101;
0,744882586602868;
1,11655192021729;
1,64034554710465;
1,57218848554831;
0,524719327742163;
0,230392166709181;
1,16450258809842;
1,81124801000395;
1,59907086364942;
0,767395843847951;
0,222289799608513;
0,466154892186273;
0,906642129943322;
0,954517992883116;
0,273135017917141;
-0,258823710095431;
-0,0195380040343005;
0,105069869816577;
0,299718357387592;
1,071009240598;
1,22027122843045;
0,438086347658585;
0,13080943792115;
0,654282913799387;
1,20467766404366;
1,33467195527777;
1,15962661612141;
0,93947701773522;
0,800546534908608;
0,796422048343074;
0,897975169734274;
0,929690347748271;
0,825422500487809;
0,78981837232795;
0,947514518112416;
1,2145225560363;
1,53833460711849;
1,75654597354148;
1,28496416996573;
0,163235517995123;
-0,307606464078639;
0,0363723576219846;
0,099559115278964;
-0,0554935514734839;
-0,0120072818465494;
0,024732647914124;
-0,00608803709788362;
-0,00624167205481442;
0,00477842152372789;
0,000217097551056535;
-0,00178940492841949;
0,000672336178054962;
0,000354426143228273;
0,288870977972042;
0,996653076520144;
1,35083107833281;
1,12141643460918;
1,01665638738057;
1,05770081224656;
0,968638707970622;
0,891338067187516;
0,896931070265077;
0,918791513142394;
0,939355765675419;
0,961669561883613;
0,975830006410411;
0,982521812993666;
0,98802101532536;
0,984676841374832;
0,966536061997579;
0,94335869524423;
0,927240100210894;
0,928915994486719;
0,949553689766669;
0,973547799804424;
0,985930529985492;
0,9802337325337;
0,95965193482751;
0,941514908250996;
0,940365193069516;
0,953993077550809;
0,973240174644381;
0,990663363635132;
0,743117702969144;
0,12137631610692;
-0,182897766594419;
0,0125455715579849;
0,0630689457012661;
0,210013702396507;
0,819285960721627;
1,13917806170811;
0,957026909410597;
0,919823101759952;
1,01155031610084;
0,986790776309235;
0,972140611451015;
0,994250392372997;
0,983948750145957;
0,965932596716321;
0,971544904984786;
0,984011241349841;
0,983867437771916;
0,97205676129921;
0,96623695433164;
0,975479906534437;
0,985323095308317;
0,981825349382153;
0,970359382186113;
0,964068201056178;
0,967855931933469;
0,973908170325523;
0,973169880761492;
0,966329505851328;
0,955257341658695;
0,938042523516654;
0,92137413310588;
0,919388189627035;
0,934696990000901;
0,955862611955073;
0,972049605759596;
0,981456668196941;
0,986464463741347;
0,98454384927616;
0,974636843322554;
0,96543759190922;
0,96157993575368;
0,959839383119864;
0,960103731786996;
0,96110631467454;
0,959259563667693;
0,956030209455512;
0,954445574182281;
0,955148450860326;
0,960563896198683;
0,970669555592668;
0,976390430483279;
0,97126503722523;
0,961189956973702;
0,952474114265535;
0,944950650685004;
0,942340434729265;
0,948530423072597;
0,955686776187578;
0,957042380938175;
0,959871140921113;
0,968789407973846;
0,972031690946314;
0,96070373197725;
0,951024615585642;
0,956173531283547;
0,958674332601974;
0,954631685814656;
0,958725499795243;
0,96184707292432;
0,95667996441028;
0,956343525355716;
0,965143268701717;
0,97675807263249;
0,985852793420977;
0,987267544619654;
0,979106968130642;
0,964157800460328;
0,949585216798198;
0,943937036558614;
0,947097543151681;
0,951235815916044;
0,952348185741864;
0,947665699229739;
0,934173277621634;
0,918877947269522;
0,911049046916167;
0,913683973557832;
0,932619136281893;
0,970791004865631;
1,00897676872092;
1,02135968359609;
1,00699621110886;
0,98111523502768;
0,954873702355537;
0,933996514196461;
0,92180024441516;
0,919067016395369;
0,923420315099604;
0,934319716602772;
0,951028312983662;
0,964673493146708;
0,969192328987364;
0,969861212244168;
0,968682696845316;
0,963040036693958;
0,957238048063618;
0,954440152550123;
0,949426944967535;
0,940843355474894;
0,935509399694084;
0,936234188133852;
0,940367874749757;
0,947557636351429;
0,955406993096464;
0,958321133364363;
0,956263582977938;
0,953600531350042;
0,953097304306571;
0,955771601893417;
0,960846929654234;
0,964313282237357;
0,964160979651579;
0,963645844779985;
0,962918457032556;
0,959675208268705;
0,957727585246207;
0,959680532016516;
0,95883593743575;
0,953105231583913;
0,949806765408097;
0,950035579923957;
0,951962362102139;
0,957760721531209;
0,964862999679795;
0,966849562185981;
0,961581007767496;
0,951341199575456;
0,940199776989709;
0,935925990053981;
0,943715817809002;
0,954758691813238;
0,957084591817336;
0,954424909411485;
0,956725353817407;
0,961296588369305;
0,96329443577332;
0,966497278326862;
0,970495297330636;
0,968166773289725;
0,956620270125242;
0,944221201431254;
0,942250793769679;
0,951008626961464;
0,96187786717233;
0,964675548614924;
0,959174850498475;
0,957170968097279;
0,963187506053326;
0,969603921142027;
0,970782736471351;
0,969252591987544;
0,970375113285595;
0,972564295771755;
0,968090643648979;
0,957439309229322;
0,949074120506675;
0,945616083422982;
0,944573788892739;
0,946712901737426;
0,951412723880407;
0,952764490726417;
0,950665513991179;
0,951246241387728;
0,954574250426076;
0,957089688502128;
0,959611341284863;
0,963869929110614;
0,968094212240347;
0,968625871994172;
0,964227541959024;
0,958510736507983;
0,956077519268922;
0,956487201745816;
0,958037934432218;
0,962658175623552;
0,966119753510492;
0,96222666287507;
0,956794839304304;
0,956077185434615;
0,95699447301801;
0,956414853994051;
0,95659111183972;
0,959018726710799;
0,960241528313143;
0,959066347380232;
0,958982510014237;
0,962876277093859;
0,969104005429015;
0,971257409244681;
0,966635227492991;
0,958949266173119;
0,953578689317252;
0,953923995314116;
0,956924412440675;
0,958610876505815;
0,960476602562879;
0,962925848821963;
0,962998047998199;
0,961332153900525;
0,961733402949839;
0,964521215317348;
0,967556610714115;
0,970172888778853;
0,971036001526227;
0,968291136824798;
0,962276269147279;
0,955504145647235;
0,95175511215482;
0,952205954189819;
0,954112113218862;
0,956012160734612;
0,95767703395235;
0,957422455072234;
0,956932713919952;
0,958640385290971;
0,96130976510575;
0,964313763355419;
0,965717105569777;
0,96220384159212;
0,955034238580301;
0,949614396608075;
0,947904561494982;
0,946986556409352;
0,946833506074063;
0,950024102101953;
0,957440830867295;
0,964994803126071;
0,964649638590337;
0,957607096467867;
0,95378719457185;
0,955579225967946;
0,955737022784803;
0,950730030238257;
0,950191102790672;
0,960414513124039;
0,967394933790302;
0,960024671900803;
0,94879440543279;
0,945337813484951;
0,948689915054866;
0,954270876267037;
0,959129090750783;
0,961277732497144;
0,960967210874358;
0,960311673201545;
0,959884656672159;
0,958762902310456;
0,957369323199141;
0,955409211464961;
0,952361753056022;
0,950055082055663;
0,950304658133877;
0,953720009960856;
0,958625877103833;
0,96111375873526;
0,959313591396792;
0,955718410451293;
0,953504654557086;
0,952526972859788;
0,951937983759206;
0,951184112261568;
0,9494294095675;
0,948331452863942;
0,949293030210113;
0,951479567005013;
0,954828950940786;
0,958724875042438;
0,958938914442885;
0,953941366528795;
0,950541945818987;
0,952922174592973;
0,95853232762551;
0,965818973298057;
0,970795150938211;
0,96904968303825;
0,964302090528151;
0,960661590008726;
0,957869884851065;
0,958085164575344;
0,961977820479247;
0,964987715790154;
0,965547994072914;
0,965351078442395;
0,964541494252893;
0,964621255251139;
0,966417501332562;
0,96586301137104;
0,961124268486488;
0,956606494209063;
0,954595395565065;
0,953773038967777;
0,955585550526499;
0,960142860935803;
0,962721554181892;
0,962125507450415;
0,961046939570767;
0,959266746160296;
0,956031374871376;
0,952218461164927;
0,948576772261809;
0,947372839969867;
0,950053692633582;
0,953813655094482;
0,9560530770037;
0,956065748169543;
0,954400395607882;
0,953771920090801;
0,955338216016018;
0,957803745699787;
0,960851722937647;
0,964158338493249;
0,967630937454636;
0,972967146151953;
0,977425298037475;
0,975447814970765;
0,969343413742125;
0,965437040428619;
0,964262310275545;
0,961662792942256;
0,95583420475577;
0,950654515525178;
0,951027317019579;
0,955849679480568;
0,960241307517966;
0,963146975358816;
0,965226399529123;
0,965626809079294;
0,964057075321018;
0,960223728934755;
0,955596033357002;
0,953402063457421;
0,954374246761374;
0,957947073857427;
0,962686129200146;
0,965555233604397;
0,966230971553903;
0,966386857179368;
0,96559943171578;
0,963096164925691;
0,960395313603357;
0,960451423664973;
0,963408414278288;
0,964919131830368;
0,963016244326485;
0,960833341347567;
0,959251296219768;
0,956456592840898;
0,952022912420391;
0,945923744478564;
0,939193327661839;
0,93497064138964;
0,934160957381887;
0,932475943384784;
0,928163011998474;
0,925591125369533;
0,927452949271683;
0,932692496904666;
0,940224007349808;
0,951485522683639;
0,967011149346118;
0,980207778624779;
0,984303690692333;
0,979623345386008;
0,969191167497568;
0,958405512094273;
0,95171627023361;
0,9479651766128;
0,947412003968806;
0,952622480947795;
0,961130321613813;
0,967005486947676;
0,967651358990416;
0,963490386700373;
0,711752824847392;
0,114170817307277;
-0,174376141087751;
0,0124314860125092;
0,0599461388988796;
0,214834588606008;
0,828317563462392;
1,13848938713483;
0,938963815305296;
0,899798204670782;
1,00476734893754;
0,985146579157778;
0,962212091169433;
0,978867772173584;
0,972896483345773;
0,958879691909948;
0,959205603429806;
0,961800161148792;
0,961377515439076;
0,960163794936211;
0,958168046591789;
0,956892021289968;
0,957064656651451;
0,956094478432442;
0,952466602188507;
0,949189507717947;
0,949592441981745;
0,954568722127319;
0,962405439645098;
0,968022979525151;
0,71978015658937;
0,116247461377599;
-0,176659799140356;
0,0124218878181968;
0,0607979874334898;
0,216529737619683;
0,834993472626465;
1,14571226183639;
0,936587643820152;
0,884637857920282;
0,983331611489414;
0,967134438150506;
0,949432237609415;
0,966430395705048;
0,960903949432418
