-0,0166805152918478;
-0,0633557856725997;
-0,0830429600469852;
-0,0648134405213203;
-0,0666472088543397;
-0,0790848060158697;
-0,0724874413525949;
-0,0649091295714463;
-0,0679789445795483;
-0,0703706618841582;
-0,0682787091545435;
-0,0679596615880535;
-0,0703028628838973;
-0,0708021123942594;
-0,0690731140094581;
-0,0678155429939138;
-0,0680822058858064;
-0,0686971745180733;
-0,068567095681927;
-0,0709552090689481;
-0,0767946831299081;
-0,0807507532862494;
-0,0803702415740899;
-0,0779809498121857;
-0,0739192176267307;
-0,0660965153540043;
-0,0574997729227227;
-0,0565031155715901;
-0,0641556393074109;
-0,071008023055705;
-0,0723959029131037;
-0,0713472467944578;
-0,06997780639029;
-0,0709599836700553;
-0,075075471314567;
-0,0580926313165444;
-0,00968311953958081;
0,0144034198052074;
-0,000959568590994476;
-0,00497614118292336;
-0,0181233376398105;
-0,0703870334083586;
-0,0983641043393876;
-0,0806471877702499;
-0,0705175144217289;
-0,0550396613891681;
-0,00880811308823728;
0,0138123937747925;
-0,00115934457372408;
-0,00466079570986458;
-0,0168705973283255;
-0,0648966572651841;
-0,0875899357847286;
-0,0671106861077752;
-0,0557110825421726;
-0,0428052166327327;
-0,00619258962211811;
0,0106994975715609;
-0,00115441408905525;
-0,00349790922610645;
-0,0129779132150591;
-0,0523607933167566;
-0,075410700325163;
-0,0629626771743849;
-0,0538337809104134;
-0,0417608284918413;
-0,00700536488935269;
0,010544061295694;
-0,000780668056542207;
-0,00360233257256713;
-0,0133801536794266;
-0,0530778447438619;
-0,0781613808148927;
-0,0716033418034916;
-0,0669962709351354;
-0,0504983990499877;
-0,00729245947011883;
0,0124233141352586;
-0,00125245509990399;
-0,00410647984949269;
-0,0150188382701199;
-0,056848037017444;
-0,0746853046029209;
-0,0589275527261289;
-0,0600582951590899;
-0,0538670001829155;
-0,00963086246547249;
0,0140036290909907;
-0,000988725901625826;
-0,00479362578504906;
-0,0138971943317248;
-0,0575341405704062;
-0,0859672051540631;
-0,0787845290610366;
-0,0754124850910975;
-0,0595624719819491;
-0,00956925405750034;
0,0149609433727348;
-0,00124667280579458;
-0,00505197952739324;
-0,0161394501049014;
-0,0608991432496322;
-0,0774191997227379;
-0,0560794497788384;
-0,0560871801053991;
-0,0529727030629059;
-0,0101633541870332;
0,0140081850316119;
-0,000817104119951436;
-0,00486463665674096;
-0,0148226859686128;
-0,057842094591495;
-0,0794048030659848;
-0,0657213315920279;
-0,065851086475606;
-0,0779549189862665;
-0,0803084583882025;
-0,0801255817662143;
-0,0879344955324725;
-0,106219256327762;
-0,123775235737603;
-0,123130850137968;
-0,104185683853667;
-0,0867744813693816;
-0,0808438700626076;
-0,0764003852679005;
-0,066028615930319;
-0,049948953840673;
-0,0334024144925032;
-0,0248062660561714;
-0,0358336297869264;
-0,0608876309073021;
-0,0596801800020556;
-0,0322373535233326;
-0,0216637045483484;
-0,0193694669932003;
-0,00341175417351832;
0,00516466162875754;
-0,000451770801291249;
-0,00172553463988575;
-0,019395839557725;
-0,0718518945694862;
-0,10335894060773;
-0,092395159140838;
-0,0904162725985927;
-0,0766892479728079;
-0,0145892922626589;
0,0197958242259785;
-0,000955984709734099;
-0,00697645232433959;
-0,0105150988843164;
-0,046351797069127;
-0,0649504438953274;
-0,0496259319532529;
-0,0407376419057791;
-0,0310246311134408;
-0,0042664152684316;
0,00774315464303348;
-0,0009235429503796;
-0,00249266853773439;
-0,0147906764778475;
-0,0541035921732291;
-0,0716424199274581;
-0,0576832028382529;
-0,0562399392656505;
-0,0476250323153806;
-0,00773250180671975;
0,0121770582254879;
-0,00108646465744387;
-0,00407365553871659;
-0,0140432836018395;
-0,0542353584443185;
-0,0720591776934628;
-0,0568959658912167;
-0,0571540990883589;
-0,0492249642985668;
-0,0070792678544988;
0,0126830940013337;
-0,00156402288584667;
-0,00404820417904581;
-0,0152022701415507;
-0,0607793023680064;
-0,0813273511683966;
-0,0553067742543063;
-0,0453259076993391;
-0,0458358230385931;
-0,0116207259436007;
0,0127701391267089;
0,000110460057432526;
-0,00479582655847835;
-0,00196455341746033;
-0,0199950721557028;
-0,0509787064333646;
-0,0758754545303253;
-0,0902933234187569;
-0,072406839301161;
-0,0128839759436594;
0,0181116370570834;
-0,000944171735504375;
-0,00636890751247846;
-0,0217686009046996;
-0,0793631893713488;
-0,0978706773247722;
-0,0543596073704645;
-0,00981039260050742;
0,013119320279695;
0,00812448732281586;
-0,00495095462611936;
-0,00130749335973115;
0,00238560050891124;
-0,0525148915289635;
-0,179243729257278;
-0,22496454467832;
-0,129735120617834;
-0,0616108728569622;
-0,0589916613442584;
-0,0204571736535831;
0,0171859543223221;
0,00202920911730473;
-0,00726847234521011;
-0,0903516550725329;
-0,334183676713119;
-0,505334736923302;
-0,496335450098017;
-0,497000104567796;
-0,522860957507076;
-0,499660019082946;
-0,470415316451362;
-0,470348148512146;
-0,471686873872224;
-0,466974906102591;
-0,483278558106594;
-0,487869840336145;
-0,470328408315602;
-0,465258407580661;
-0,339524691227371;
-0,0480344999502498;
0,0823868111863247;
-0,00818237432016988;
-0,027322282291021;
-0,0831730150504626;
-0,31616885705949;
-0,398218929334811;
-0,283826659878348;
-0,271523814235557;
-0,237983859056569;
-0,0353526926167624;
0,0613655461891995;
-0,00711353861067641;
-0,0197867109606394;
0,133893579238889;
0,406226379739335;
0,509537843099819;
0,412114064308781;
0,391300659883063;
0,315633375865551;
0,0483279745385644;
-0,0789004720385556;
0,00739114933141388;
0,0262919949105993;
-0,353526408902672;
-1,22995506520303;
-1,36158244598695;
-0,624049303005516;
-0,953831099578565;
-1,27750482905463;
-0,144446651089776;
0,379300536980504;
-0,0861019228889318;
-0,102150587627278;
0,198956065315504;
0,39836929607335;
0,424966814536861;
0,265334423663134;
0,0520813025694344;
-0,107144454162584;
-0,0677492260293589;
0,0397964167035875;
0,0116355783093165;
-0,0196880462796067;
0,0819334058150172;
0,261592801994674;
0,31242761657895;
0,233951020164679;
0,253575608843399;
0,249528538803004;
0,0507964759789887;
-0,066816089585663;
0,0030958917704685;
0,0235353858198441;
-0,0111298243182296;
-0,00367662544542061;
0,00549173577182365;
-0,000992721091508091;
-0,0015363203273392;
-0,0668255187732773;
-0,228010537493015;
-0,291467103352664;
-0,196991327483583;
-0,108112998957897;
-0,0631231634217632;
-0,0956129000301676;
-0,218965944779771;
-0,24184392636579;
-0,120255932048447;
-0,0265052965114518;
-0,000964732200197807;
0,00384447609281989;
-0,000320100903935799;
-0,00138246325434337;
-0,0390356588907182;
-0,140108892701366;
-0,216521780726853;
-0,257958453659404;
-0,323938201666158;
-0,268322380104709;
-0,0388383661390589;
0,0669874241067817;
-0,00718052752829384;
-0,0219230437510096;
-0,0160318718993748;
-0,180655672261046;
-0,344974829099392;
0,0067186483551243;
0,702684315941603;
0,714780528286708;
0,0520468800364603;
-0,178724650110882;
0,0409742424610292;
0,0488016539625233;
0,0949054471178094;
0,181068567655495;
-0,46042284656988;
-1,14857410696177;
-0,281875345519912;
0,715925571172292;
-0,502658128537952;
-1,90218678628012;
-1,1950828707886;
0,15556049244786;
0,550733707885791;
0,222399765282611;
0,00984130322608614;
-0,237923939419994;
-0,722377811964222;
-0,57835436216562;
0,130951737410736;
0,338531976651052;
0,124972795310191;
0,193804965680036;
0,322677428547409;
0,0470683298138206;
-0,299240456974579;
-0,142515747263915;
0,400327735170643;
0,616344695163036;
0,197771200021673;
-0,27497773402318;
-0,332258978020816;
-0,224638427933171;
-0,21425205703595;
-0,237952744304382;
-0,128940533894753;
0,0362530812203972;
-0,173499723222082;
-0,54357208299924;
-0,486518168799018;
-0,456130774501116;
-0,750667386033766;
-0,826409864365902;
-0,646963527477393;
-0,513277553369585;
-0,444213253418211;
-0,329775728594737;
-0,120948656380542;
0,0443162227076109;
0,0350605427657048;
-0,128091237804845;
-0,375333682409318;
-0,628670420687488;
-0,831675494535411;
-0,944527276384361;
-0,914655248089537;
-0,75805161306529;
-0,582749781604433;
-0,458654262242553;
-0,371613363107029;
-0,323741539526795;
-0,353016640839384;
-0,443803479139462;
-0,536755097290359;
-0,602685336482718;
-0,624074468963258;
-0,589349681114633;
-0,522519405011971;
-0,448460711519229;
-0,374230902883971;
-0,315901762916844;
-0,291996973358953;
-0,295969681235442;
-0,28231346473995;
-0,197236715347671;
-0,0606799735756262;
0,0507344957407917;
0,103068212807668;
0,0973062779062986;
0,0566676524635774;
0,0363137381636921;
0,0515402939552601;
0,0669686080697422;
0,0749910742214761;
0,121298811047578;
0,242111353219228;
0,37815438644755;
0,397542632332844;
0,228017449380493;
0,00511360482500289;
-0,0482438133070292;
0,0128546795526638;
0,0126404918409465;
0,495564576372856;
1,73013758181547;
2,33046727547611;
1,37133283230602;
-0,342595529626214;
-1,09692090411789;
-0,260827253654468;
0,333627505357286;
-0,0208161431935647;
-0,114019985842311;
0,352317830183431;
0,600479075231608;
-0,468999383468341;
-1,74880101852837;
-1,1704802770973;
-0,0079199703219601;
0,100747683270837;
-0,0731292158963242;
0,000164951415774249;
0,0250779233529797;
-0,0696257383911917;
-0,186845877335513;
-0,153416619301783;
0,0250741744339875;
0,0823317747030649;
0,00388372778916873;
-0,0194525236166363;
0,0063512687235149;
0,00431996969286067;
-0,00407742114057095;
0,0366331542067407;
0,128864324779693;
0,151132722990227;
0,0158866003758607;
-0,171797120730765;
-0,203135240033742;
-0,0400284818017478;
0,054195355148252;
-0,00296430739715108;
-0,0188942876366427;
-0,0724529597051137;
-0,238405540968845;
-0,191697163070033;
0,129827216735529;
0,399498692259632;
0,382051435874226;
0,0799735243481821;
-0,0986087010803295;
0,0016807015164953;
0,0361194155650431;
-0,198569512486304;
-0,493133141902516;
-0,252284051308609;
0,325711028997019;
0,288796342161986;
-0,349299433077099;
-0,61708131434125;
0,150330448380844;
1,32173664443257;
1,26866838412508;
0,482196179747148;
1,27916196470866;
2,03810443010932;
1,09468374312771;
0,631412187844291;
0,0684381613697104;
-0,957873409542177;
-0,885710256272984;
-1,07494028718548;
-1,2863688179314;
-0,05695740340386;
0,819047902518587;
-0,1011995513852;
-1,12635332984935;
-0,496514094891469;
0,475603447970082;
0,214651967937765;
-0,392589481342522;
-0,459645213006885;
-0,15808663346211;
0,275253813998932;
0,37167980896087;
-0,0787645905053155;
-0,392457605980631;
-0,239441781378547;
-0,0808086125669684;
-0,0350021409031409;
0,0163964476838922;
0,00984805721560328;
-0,0106299831888941;
-0,113775417626257;
-0,273942335339926;
-0,0635031835541517;
0,314511286933038;
0,232980944481322;
-0,042554654432547;
-0,0490705116752554;
0,0293947797020968;
0,00612515767980639;
-0,0131714924104825;
-0,121521608186044;
-0,468816706439575;
-0,707130265440915;
-0,530985139777404;
-0,181560356826517;
0,0354569485069162;
0,0408119289868751;
-0,0197929361942292;
-0,00778478641786045;
0,0105444995217531;
-0,163097166154531;
-0,541288716888717;
-0,647464735316845;
-0,375030234471072;
-0,241203790689364;
-0,231666680589829;
-0,0538980975093767;
0,0643748190110448;
-0,00138404092733827;
-0,0233192264673974;
-0,0928099601749496;
-0,360756243469934;
-0,523511040625726;
-0,485097591715194;
-0,546684629397373;
-0,512073695402407;
-0,106983783595935;
0,135427383532485;
-0,00422146567154298;
-0,0486618239863306;
-0,0898444296713373;
-0,359632325466557;
-0,456538376017887;
-0,290134059781587;
-0,214195032192148;
-0,166967423253096;
-0,0175936513721842;
0,0420039343531213;
-0,00742579430866542;
-0,0124397721482606;
-0,0460427917774537;
-0,148390861976095;
-0,0956336218588305;
0,101441941927418;
0,190573793257627;
0,129146602575696;
0,0165739652779482;
-0,0294962133583649;
0,00276512895179023;
0,00991190784979363;
0,104777462223777;
0,371296189571885;
0,507394635577359;
0,465273117901762;
0,535463051928213;
0,667901870557741;
0,633060118343176;
0,215783867511644;
0,188151413038878;
1,50071086802011;
2,44866768399844;
1,89502097025485;
0,701141858050998;
-0,567875333601588;
-0,986534612100385;
-1,12813084161502;
-0,806099449018486;
1,07775606330692;
1,74491459510606;
-0,185121535678957;
-1,66759308534378;
-1,03274274369755;
0,242689796369843;
0,665662253954845;
0,566277145971726;
0,503546889981714;
0,147044174032566;
-0,323064882577242;
-0,309670099582989;
-0,112673185833922;
-0,122476153485074;
-0,0724201375196966;
0,136657084183709;
0,266852523280454;
0,163984338766798;
-0,199554706374568;
-0,582547452597483;
-0,646468809855178;
-0,479374409792026;
-0,389325127186674;
-0,371584532362895;
-0,276508589462922;
-0,141731387092737;
-0,0648333067333811;
-0,0378479411425327;
-0,0092382699298531;
0,0333829841610996;
0,118025990643646;
0,343463291919218;
0,643445082312343;
0,581455828989708;
0,109726129161472;
-0,0298372407858527;
0,363360946030541;
0,690028237916442;
0,58656624846038;
0,205797760829417;
0,0269583162163239;
0,0541229433000234;
0,0824959661966359;
0,311255084834101;
0,282033730562325;
-0,145882717651494;
0,129506793733554;
0,793745282118186;
0,443987856626507;
-0,437542084911916;
-0,52139758161289;
0,230637335838083;
1,04127568815763;
1,09136525987854;
0,00709769720191626;
-1,33935075639752;
-0,902488613463248;
1,15248068446155;
1,46895788090189;
0,148033481265681;
-0,140877639080219;
0,196886058201645;
0,834535257611518;
1,4076107770232;
0,50314228480687;
-0,425561016136646;
-0,0458124318903334;
0,177615397063818;
-0,239048306943318;
-0,510857998762478;
-0,187970799689563;
0,317567123538244;
0,20055041300726;
-0,337341661740678;
-0,560006710371905;
-0,158071362606277;
0,326571891042113;
0,185508237603475;
-0,154337556970423;
-0,0832968365079592;
0,064097414144568;
0,00682267980066882;
-0,0262844047054824;
-0,0613154035473624;
-0,304664655474277;
-0,481410352574892;
-0,0756656037478202;
0,753908577137908;
0,952182790882208;
0,189745652940884;
-0,257149743688581;
0,0147997342832347;
0,0892372691801234;
-0,0693863528376833;
-0,137293839428495;
-0,228088387162837;
-0,218033429131428;
-0,013300757806963;
0,0712558570703097;
-0,0150299675177436;
-0,0215866585177583;
0,0147886318958981;
0,00141452098633033;
-0,0614293328060233;
-0,163554851954983;
-0,167417960335864;
-0,115846303948456;
-0,219340766809524;
-0,414488697379329;
-0,527549831494921;
-0,532483757538276;
-0,502747805831699;
-0,527477177724135;
-0,598353827563431;
-0,656587930961746;
-0,735358440814664;
-0,872109552565054;
-0,995574025591136;
-0,775661160687476;
-0,127571050048209;
0,191632195342091;
-0,0131424725102299;
-0,0660597128041078;
-0,103164195417765;
-0,416002231394174;
-0,475987394202623;
-0,220791857750381;
-0,148616040582192;
-0,219896735294057;
-0,244651690505681;
-0,311197274549074;
-0,432314957142929;
-0,51084427809712;
-0,493698901953613;
-0,380386632072207;
-0,187699272069503;
0,0483633792716981;
0,276696742237976;
0,451147018005765;
0,531331076590357;
0,500209731373976;
0,400124502471447;
0,280388101377313;
0,154942299622994;
0,120218139558764;
0,299679402650952;
0,566423591297456;
0,69133527038546;
0,513962356779785;
0,0801340362795021;
-0,12414857546421;
0,00892942984546558;
0,0426985076823718;
0,484142719369304;
1,7242736394663;
2,33697758876496;
1,94089686997425;
0,906392712867441;
-0,739184396499616;
-0,847306226514149;
0,320526150588581;
0,213976148018614;
-0,211008484047802;
0,329045918270948;
0,682201948459072;
0,477180774778569;
0,965328406599278;
1,53428990657507;
1,2254979199015;
0,689160527028855;
0,230762608270898;
0,086486955970646;
0,0644084320967497;
0,06652601595686;
0,399392168076729;
0,478697519729596;
0,130836333852231;
-0,0494544028059401;
-0,0262233557362846;
0,0782778796325386;
0,212238256221418;
0,252847176364519;
0,22798931644383;
0,112540511290812;
-0,0543317268225709;
-0,129458357204128;
-0,143895445993839;
-0,184804535277972;
-0,260468394331155;
-0,358642990371148;
-0,414407631928673;
-0,344296174720069;
-0,159404610872719;
-0,0814303599658407;
-0,289303717273082;
-0,470441165617032;
-0,351277102247061;
-0,135644327257117;
0,155676581331592;
0,62352285024765;
0,902406412283935;
0,644658741791065;
-0,07382962596456;
-0,592843335431699;
-0,248998485343989;
0,189771974897753;
0,0288557033353162;
-0,0826821159375245;
-0,296140301852426;
-0,785597982180118;
-0,150406773152181;
1,46867300006305;
2,09703954730042;
1,24687621187205;
-0,325023186735679;
-0,65588686939178;
1,36745370731839;
2,32337681215602;
0,583486022711562;
-0,445984346498949;
0,0279385036748936;
0,139134534137659;
-0,0669905042876272;
-0,242821032277448;
-0,945433195591897;
-1,51016670590286;
-0,472800156296341;
1,42863036933379;
1,62684604919025;
-0,0242775120967208;
-0,72008910739657;
-0,11666268423707;
-0,035956276251708;
-0,103235713993728;
0,215385483440492;
0,218400314521155;
-0,0479869022393974;
-0,0587927446981797;
0,194556219064324;
0,368149967830382;
0,237465991769373;
-0,0678845655460843;
-0,285495169436247;
-0,261241368402135;
-0,0441551491393853;
0,0653132866344796;
-0,0043702387153751;
-0,0225398066467481;
-0,000332877654182116;
-0,124757721851132;
-0,339528452889616;
-0,319537609565254;
-0,0724842987968376;
0,0325362748389869;
-0,0106614672112538;
-0,00949444450795276;
0,00814574456107619;
-9,72089964755101E-5;
0,00397624705594142;
-0,0787988028233613;
-0,441006476632223;
-0,885245504162176;
-0,94914229138937;
-0,532389964404192;
-0,0191766542328577;
0,111200809238542;
-0,0261290653591777;
-0,0307407131015161;
-0,0650279765714855;
-0,316679337040988;
-0,48606576328661;
-0,455674255039118;
-0,417446820931448;
-0,297194551837242;
-0,0351885254235805;
0,0716751280089926;
-0,00980049225245171;
-0,0225933826786237;
-0,0981658853293405;
-0,407677274733684;
-0,63441518446941;
-0,621906052244109;
-0,606846487698679;
-0,583807564572025;
-0,486662274876455;
-0,510556410176401;
-0,632747221551286;
-0,648383915069299;
-0,450924409624389;
-0,0708136014739293;
0,108109004525901;
-0,00715084040748182;
-0,0374846130171085;
-0,144832265075504;
-0,531248918416917;
-0,670805196207265;
-0,473829712170775;
-0,430860115948177;
-0,46233006701267;
-0,344962853649012;
-0,24311498542209;
-0,176311902732401;
-0,0234320516938833;
0,0858189395138468;
0,0302208876709494;
-0,0285812958151922;
-0,00107986595679297;
0,010977210341028;
0,0141379502704575;
0,106573555792875;
0,283335247047835;
0,447592412078949;
0,536620561034671;
0,417036845154486;
0,066662414883684;
-0,10305126487061;
0,00789000108608204;
0,0351583507700246;
0,182759083052891;
0,986538573457841;
1,9754746421039;
2,17281245309889;
1,90146985538778;
1,10289757736509;
-0,778240666049169;
-1,03476481712815;
1,2493882632709;
1,91214808368044;
0,613052091603688;
-0,108796158613667;
-0,0466579052843507;
0,328178490179565;
-0,527958393823731;
-1,30743601743665;
-0,108326640203744;
0,440419521896857;
-0,134932187417105;
-0,101776433166314;
0,11476612514971;
0,0119385556385771;
-0,175333078039588;
-0,245554714446053;
-0,0866998483013386;
0,0992113274216518;
0,0561788845608402;
-0,0380467764505485;
-0,00731870827461205;
0,0171095766066001;
-0,00422407945924363;
0,0107819311733038;
0,0696770357979089;
0,144775123524586;
0,217530353685968;
0,199394207198993;
0,0413428894643597;
-0,0516698080086907;
0,00116266892232126;
0,0187950257820141;
0,0667927137020136;
0,178447773425026;
-0,00104741795369123;
-0,408107556378014;
-0,504858004852461;
-0,158885095922079;
0,198387022557541;
0,0358682510961547;
-0,425121856579244;
-0,51172973699791;
-0,12532600423158;
0,345205084358643;
0,469027578273598;
0,118278824522266;
-0,718862268827052;
-1,21391733021527;
-0,386029722781284;
0,358960713308048;
0,0239558579642605;
-0,143500865288878;
0,179383969989301;
0,752024132862286;
1,62806661779025;
1,70124620275099;
0,174135163922605;
-1,48927325081585;
-1,88167433377266;
-1,5247941685175;
-0,683201649573212;
0,313726608780181;
-0,218551675561308;
-1,34363635471122;
-0,212227898997134;
1,99766614139252;
2,42562151987701;
1,30814528919932;
0,13159519944031;
-0,25870948661938;
0,0201874843231535;
0,0900588307198815;
-0,00155754133484428;
0,00206234804395923;
-0,342862645015574;
-0,704828577092062;
-0,384963932492434;
0,0966862350588232;
0,0804738549619514;
-0,056732759413585;
-0,0066375498040783;
0,0232301502452019;
0,0963163584216732;
0,23245323906992;
0,0235722535527316;
-0,37337115791815;
-0,432359231533955;
-0,0961663499467234;
0,636140938728151;
1,30694879603042;
0,973234864916116;
-0,129725912683704;
-0,718601374846755;
-0,409041219536756;
0,0951584770933314;
0,248331834532909;
0,139042419474963;
0,0145784954387086;
-0,217955961438626;
-0,476591154512108;
-0,498624818098698;
-0,712902969542564;
-1,10434308420557;
-0,803860488561864;
-0,0824233045832898;
0,100571463086546;
-0,210666729255449;
-0,477770795408215;
-0,483215664396767;
-0,346204659319907;
-0,247570192936418;
-0,192175466794977;
-0,187031959341493;
-0,324187612157701;
-0,544423479568388;
-0,680746669276431;
-0,69871281822718;
-0,670364993392377;
-0,630594687049198;
-0,580366510995427;
-0,540432609431627;
-0,535458078100104;
-0,40957679383705;
-0,0707172021738778;
0,101866227560591;
-0,00591567303639579;
-0,0355699062209852;
-0,145809092054228;
-0,541692349462226;
-0,707361130548213;
-0,515462886809059;
-0,424630021788355;
-0,40009502283704;
-0,244508310048721;
-0,090537166303917;
-0,035726477656533;
-0,0445330975319558;
-0,123376678201538;
-0,21819590722864;
-0,1582985398389;
-0,0232885756545924;
-0,0246132044168045;
-0,0668538614946913;
-0,0188243928003403;
0,0204875763386514;
-0,000122686584144179;
-0,00751081339716768;
0,0514540889981429;
0,200821877795878;
0,365667573728673;
0,442359530307623;
0,429638324170341;
0,281271577101504;
0,0291828170442475;
-0,0652208174831168;
0,00950435214419286;
0,0203800869470284;
0,162887050332825;
0,654379124000406;
0,99699764795545;
1,18330100918957;
1,78014993568051;
1,6725057707897;
0,239369624777956;
-0,438265518226822;
0,0578641572526149;
0,13797733460023;
-0,401270650068615;
-1,18108796420121;
-1,59980732036599;
-1,09320096375961;
-0,237632859858053;
0,360766076277581;
0,776781702435308;
0,920741547699819;
0,609148761611496;
0,155726185952631;
-0,159799215918122;
-0,396851424158644;
-0,496919640072556;
-0,3609401658016;
-0,157676514262398;
-0,073161717898148;
-0,0351888361057139;
0,0550768474150215;
0,155256933362395;
0,22894486330671;
0,296607799528378;
0,318759642556536;
0,178506769586877;
-0,100432471116167;
-0,266375357543823;
-0,182139742095989;
-0,0308291589987551;
0,00475495016774032;
-0,0268922044103602;
-0,0308028711906661;
-0,0232063647340424;
-0,034180650750463;
-0,0286030429730986;
-0,0151705130603897;
-0,023310457256313;
-0,0163116632901192;
0,00382460581474075;
0,00324040675163926;
-0,00256536172708342;
-0,000101245588708554;
0,042215717996728;
0,144471556496001;
0,195684373035482;
0,139160795246729;
0,0769539685836368;
0,0425545135671822;
0,00509781252798194;
-0,00995025543379559;
0,00119779785352377;
0,00321847865406912;
-0,067743009032074;
-0,353649334488793;
-0,548383507443592;
0,088282353682082;
1,29123413565875;
1,95700359052495;
1,44105119011457;
0,696835776935096;
0,394022608940962;
-0,586604102858155;
-0,354784537547172;
0,966996854012001;
-0,684711481461279;
-1,81128047081527;
0,527531586269573;
1,07440923718713;
-0,801493737162317;
-1,06562951349464;
-0,00860403994897701;
0,325886121667954;
0,0548384541153965;
-0,194609157362584;
-0,293669296521524;
-0,111514212302058;
0,291979007512403;
0,565780501060148;
0,456204669668765;
0,0318426854807902;
-0,419288854693466;
-0,574690775784847;
-0,215365343889459;
0,551445533061151;
1,160936603242;
0,954053622876232;
0,0863236905039536;
-0,497412603361308;
-0,393350335991624;
-0,0294866516165886;
0,144648803578588;
0,0431183894177066;
-0,0757727209866251;
0,00619680497619065;
0,0596233443543851;
-0,132059334734081;
-0,328599374755444;
-0,464671115864133;
-0,549390548723793;
-0,292229753636828;
-0,0725340290040136;
-0,413869115479561;
-0,760626461081193;
-0,605276939605586;
-0,246365682236365;
-0,0101471008442522;
0,0531299092235371;
-0,0197952660529425;
-0,182028454458986;
-0,344483803511991;
-0,429421437723754;
-0,464772668691466;
-0,49925404021952;
-0,510292669027074;
-0,495243115173062;
-0,502178711932599;
-0,523769753216197;
-0,525599774987902;
-0,535431906897074;
-0,587091600518672;
-0,655640276485059;
-0,710570122641065;
-0,55467792303377;
-0,097486627877918;
0,138088596843408;
-0,00736490284249388;
-0,0485044335938798;
-0,0951572355204849;
-0,380839495600249;
-0,471451599124731;
-0,255596567442263;
-0,120359088463098;
-0,197053461571224;
-0,392510636630332;
-0,440538561644212;
-0,262781613355352;
-0,128593254647707;
-0,134619947161633;
-0,193983705774337;
-0,160228440498826;
0,00500312671132621;
0,158130349172168;
0,175957216189095;
0,0428674968699859;
-0,0468944958677301;
-0,000917456596528645;
0,017895762529999;
0,026004056264873;
0,115551569091367;
0,20012223800325;
0,274455065704412;
0,408241463504024;
0,418877665373415;
0,194291003179361;
0,0958556977999495;
0,279312966088254;
0,444982750264334;
0,873734253680666;
1,62237335824668;
1,80446679455518;
1,22761806669846;
0,356638415924412;
-0,0821533204064011;
0,0714011333197782;
0,0555281607353368;
-0,0575441730329244;
0,00577608311706349;
-0,412736371005067;
-0,54526756264939;
0,516472081518673;
0,502749998941837;
-0,186384171555219;
0,456313555328113;
0,452456701836473;
-0,242413457644739;
-0,0765986975551997;
0,120990667293242;
-0,0719642271431919;
-0,08430748802571;
0,208510239577171;
0,36286069511934;
0,166538797753398;
-0,00470365434339439;
0,00159943833294751;
0,00796225997317922;
-0,00500595875863111;
-0,000558779832079428;
-0,0188547849579909;
-0,0938834135998296;
-0,191907642532775;
-0,256215549013497;
-0,257232277266486;
-0,181678648057834;
-0,0568543421299635;
0,0449270935250661;
0,0669700314902714;
0,0228239699672448;
-0,0132628572832911;
-0,00570986120905438;
0,00544111026236697;
1,41783774513905E-5;
-0,00198172476637746;
0,0879886444610295;
0,299770201077202;
0,40642530632329;
0,300491402639761;
0,175204232740404;
-0,023614452028307;
-0,678988138808795;
-1,34602325997066;
-1,03422199298136;
-0,448621591585503;
-0,773292132411344;
-1,06465444577153;
-0,214087113221802;
1,10873869925432;
1,83718473600302;
1,2409378236082;
-0,392308914724444;
-1,35070524749344;
-0,996953648594797;
-0,0460831637384082;
0,835485556221762;
1,13319668589842;
1,56332888574049;
1,55149001245994;
0,525373419059021;
0,483131067732223;
0,966983949068438;
1,18503518685424;
1,02051723121277;
-0,72604250345354;
-1,89425371593789;
-0,6859730190473;
0,412702582797346;
0,0352913699664467;
-0,363713649659513;
-0,108316739355568;
0,194518503686354;
0,305235314451969;
0,406381487971493;
0,505496455956754;
0,352720348757188;
-0,105979418529244;
-0,575142879551445;
-0,754357679713626;
-0,52260244253802;
0,138942207472985;
0,982410242631787;
1,38588561856296;
1,05608741861225;
0,422270961374284;
-0,0730505668723935;
-0,296963662558527;
-0,241943089930111;
-0,123069457969129;
-0,130939213090386;
-0,0945462635908071;
-0,0195538513726766;
-0,26746266264229;
-0,575618300976955;
-0,512371315748401;
-0,533487528264414;
-0,836256596674045;
-0,941760441421118;
-0,76708332387668;
-0,507936809469801;
-0,285573929468385;
-0,271676647283743;
-0,415629891023168;
-0,430748170432138;
-0,326567765760653;
-0,353955265745842;
-0,535776745621089;
-0,69239285501279;
-0,694196632055645;
-0,580574052793808;
-0,477809951605037;
-0,452742973431271;
-0,504894885531892;
-0,608414178267449;
-0,720655659821443;
-0,700092673760707;
-0,507420417812126;
-0,442805646716586;
-0,608678462193482;
-0,743613352207492;
-0,74710084588973;
-0,68642553247408;
-0,641847572974993;
-0,646527307333006;
-0,656776548266855;
-0,663564772875893;
-0,672042796846931;
-0,662344470145411;
-0,64546496932377;
-0,649554155321025;
-0,493498035949573;
-0,0824602249374737;
0,122222829335702;
-0,00798873960028453;
-0,0422982994441092;
0,020905031940471;
0,00622338724125712;
-0,0100285856751406;
0,0019870663938188;
0,00273255280315368;
0,112921014145505;
0,399806941711227;
0,54097213760545;
0,409963260718602;
0,301834088849583;
0,333107409683095;
0,433288252597111;
0,485700137128485;
0,415350630394339;
0,320152389429983;
0,376234555095137;
0,614335990837089;
0,692533424475764;
0,870797093263149;
1,31167703672134;
0,940081841707409;
0,344819919780174;
0,582017596064802;
1,0165266522003;
1,28934318473026;
0,879538360898841;
0,428341743005412;
1,20213942329393;
1,37435616403554;
0,360796331636318;
0,699883723988326;
1,40533782014092;
1,17047815775153;
0,990662097198003;
0,540632228687483;
0,946052097229049;
1,74947744115147;
0,980202234914488;
0,0632187713511085;
-0,301124704375185;
-0,181085717495495;
0,905212471765491;
1,31159481929277;
0,29148031589141;
-0,525133833617949;
-0,419653195939729;
0,186733063896654;
0,476573358289264;
0,224416060737655;
0,140962329093062;
0,26700594244634;
0,235379845115082;
0,170530231329002;
0,201082327222446;
0,199987474418003;
0,102658694924659;
-0,00214775079177933;
-0,0805419264685107;
-0,181213603477973;
-0,292823441672564;
-0,354895478062244;
-0,352647761871094;
-0,31342050796913;
-0,245012032552212;
-0,146601075266315;
-0,0721209176782305;
-0,100649160641252;
-0,225966441286382;
-0,302053188621372;
-0,17459632153377;
0,121603676121485;
0,417661567303024;
0,611676944582584;
0,656707921425383;
0,511686898810837;
0,256967773313325;
0,0531787903544686;
-0,0465781702188715;
-0,0179446625056036;
0,103441596862346;
-0,0633662761765214;
-0,528325965270939;
-0,501128935400903;
-0,0329478201727268;
-0,202044991182269;
-0,909084679392671;
-0,843050093648076;
0,265697338832977;
1,23903164847822;
1,22627542842995;
0,50303482871438;
-0,187436018957396;
-0,454353150860836;
-0,463374587747567;
-0,361692115525392;
-0,203029488748224;
-0,20696659738528;
-0,403198836803556;
-0,58658114407171;
-0,01256995550544;
0,847384721613091;
0,264375517771282;
0,131392596156832;
1,7498861368157;
1,37617101328771;
-1,29507195976813;
-1,77859861406312;
-0,013913343722661;
0,636336294442463;
0,213526893943572;
-0,0511191028801016;
-0,282579332899096;
-0,593111327264422;
-0,721939413184682;
-0,303628305636975;
0,255940397753071;
0,256049815367136;
-0,0376888994734027;
-0,0443869445581271;
0,114856639955226;
0,0462326381912035;
-0,101048161916353;
0,049173075094173;
0,295669862108729;
0,22980028114695;
0,0076625644356435;
-0,0345861545147484;
0,00914278335686048;
-0,148044367988587;
-0,375288658497829;
-0,129672602146721;
0,624793888441322;
1,13475228247441;
0,801667497337119;
-0,0883919475142991;
-0,703353184799285;
-0,617887639936516;
-0,119907701015332;
0,315516904906488;
0,386484283916937;
0,100865459152576;
-0,197272320460799;
-0,36800716361802;
-0,688230595064099;
-0,958400542199764;
-0,753080825018521;
-0,439162903405548;
-0,237769301871493;
0,153510586727621;
0,342264112341035;
-0,302028831693057;
-1,14700141759434;
-1,0824398559302;
-0,31960384173582;
0,218369118422387;
0,251093629696548;
0,000469521048122424;
-0,250870388425899;
-0,333140840696672;
-0,296437651804494;
-0,229570460185374;
-0,126109278599006;
-0,00938954941431715;
0,0531882773185722;
0,0583252990686762;
0,0369781539423513;
-0,00658513786988213;
-0,0559605629678942;
-0,0870266852556803;
-0,0953687580061734;
-0,0668610690496962;
-0,00834569133738475;
0,0158221212316428;
-0,00184897162844469;
-0,00513642510623901;
-0,0417437114200462;
-0,140357513808774;
-0,165894998916552;
-0,118115096246184;
-0,132163809821019;
-0,130444026455659;
-0,0252529218481229;
0,034509213165849;
-0,0019251227350769;
-0,0120226106025163;
-0,0557401909523907;
-0,210347943213632;
-0,305512746649383;
-0,314787297053373;
-0,411147140556111;
-0,465119660397082;
-0,300921966725079;
-0,195583369240326;
-0,316993105689541;
-0,451141578861352;
-0,596123399234827;
-0,780959975683176;
-0,788735165299409;
-0,667670055041823;
-0,625373842709251;
-0,671592560247162;
-0,764237254137713;
-0,774357658208106;
-0,678774056941979;
-0,625969852118141;
-0,531809031047743;
-0,313313747033172;
-0,187317011531294;
-0,191331510674572;
-0,127580747610481;
-0,0228772726348818;
0,00916738921020751;
-0,000252392273731253;
-0,00243306776280197;
0,00099482242615844;
0,0345104314582647;
0,145799454814103;
0,285372922662594;
0,377305105182722;
0,422220110270708;
0,320351478322245;
0,0474127989894854;
-0,0785746032005556;
0,00732343769643039;
0,0262451554091908;
-0,0138151654356291;
-0,00350748260002223;
0,00637418923220148;
-0,00142227396771375;
-0,00167009471507314;
0,506772218350714;
1,73050784977553;
2,3263319500476;
1,94315415799369;
1,25062787976985;
0,197134023763338;
-0,13103756280029;
-0,112649497835714;
-0,380782148877888;
1,10174477486917;
2,26245289706071;
0,650960821782165;
-0,833269814226592;
-0,410919435012461;
1,37906520621689;
2,21074138126706;
0,999409219447464;
0,606635281551159;
1,12377669260664;
0,551313767014793;
-0,046897829379095;
0,579034614007604;
1,3001190650261;
1,02787716221642;
0,337834312497565;
-0,0599902838422641;
-0,0285827626250061;
0,120070287953192;
0,0712295996623619;
0,0757729224572704;
0,210378086118767;
0,257018222310729;
0,193450925530447;
0,0666077203442059;
-0,0522487587692783;
-0,0821039319558008;
-0,0876349444590312;
-0,165425034528502;
-0,258894539722669;
-0,280411355039945;
-0,228907473527518;
-0,166300915563406;
-0,172113313904009;
-0,229301597491095;
-0,247010377947794;
-0,199135945745789;
-0,110954277864282;
0,00800233518992631;
0,156511247956959;
0,308794531385262;
0,436845410894313;
0,50749300276573;
0,457649509134304;
0,306995910116277;
0,191293779664249;
0,182624965634051;
0,211087299071753;
0,203824183272028;
0,18793771081938;
0,140218814402078;
-0,233892377375494;
-0,132546763306537;
0,620430218306045;
-0,189894526269833;
-1,56583015592566;
-1,37899653647933;
-0,742542039980139;
0,127492910968453;
1,0420268060366;
1,12011840297085;
0,86867365225242;
0,70323738809131;
0,442999723112567;
0,145257835614226;
-0,0232432374481773;
-0,0836107354493646;
-0,190835007935646;
-0,456216229632204;
-0,0358049090259084;
1,59263238824245;
2,47637152501461;
1,48272312720914;
-0,338802652207263;
-1,69551815773756;
-1,19896769714202;
0,341179397238941;
0,818348559053606;
0,0618574993476318;
-0,954779769091585;
-1,0398579182564;
0,018484794717793;
0,77953169010449;
0,176727958648021;
-0,986548386356692;
-1,06778537451275;
-0,165769255097247;
0,21233258060078;
0,0611900680223058;
0,0729104450601059;
-0,0296851008861367;
-0,271899890683993;
-0,256413834959309;
-0,113647424320958;
-0,133739699469936;
-0,157920750205138;
0,025990367052217;
0,209456949709898;
0,0669694050564107;
-0,369207144916523;
-0,560679659522073;
-0,202709392460167;
0,108956184700684;
0,0214596645249294;
-0,046931716987466;
0,0119055482807244;
-0,145945712143859;
-0,429800875113622;
-0,187391601680998;
0,433863442047644;
0,572378749993156;
0,23911510154578;
-0,0184262948555512;
-0,0379357286220486;
0,0162084930036137;
0,00768194948680816;
-0,224518701167838;
-0,721533094437278;
-0,815439432880443;
-0,193944141886801;
0,427986975493629;
0,484438184822692;
0,0942307813831024;
-0,124640159166766;
0,00492949665743267;
0,0444211670612443;
0,0700597265846179;
0,22655726588864;
0,0867397736378848;
-0,297306917372794;
-0,400382469631362;
-0,218399220841871;
-0,0184571441732697;
0,0446006285755914;
-0,00566503329221519;
-0,014502794495468;
-0,00484379137859015;
-0,0438336811532129;
-0,0691564423592006;
-0,0694670215596556;
-0,0924163150217949;
-0,102294917512152;
-0,062887222447867;
-0,0420392192258018;
-0,071597415628374;
-0,101551597025344;
-0,142655224783598;
-0,220201855638064;
-0,26474233388445;
-0,258831622658819;
-0,295606896996122;
-0,393730804703787;
-0,458401709527933;
-0,4342073397159;
-0,390814841970393;
-0,406384794998378;
-0,472824581634007;
-0,56868949679107;
-0,674667322191412;
-0,754608649005674;
-0,824620075962661;
-0,932729879913233;
-1,02133420759732;
-0,976488765568002;
-0,84226327592437;
-0,766162402462761;
-0,760307414802718;
-0,740616588216244;
-0,684830497027558;
-0,608104270758104;
-0,516204094752946;
-0,329076980496897;
-0,0404707103263006;
0,076701616692595;
-0,00867913541116959;
-0,0250634107046466;
-0,0155138735254198;
-0,0692430450430871;
-0,0335715971619335;
0,0517632544582099;
0,026597746734834;
-0,0272047964575494;
0,000896699125339103;
0,0742393482634498;
0,155116158193737;
0,246793576236883;
0,339715389378704;
0,414817485036273;
0,488880044066491;
0,593522853607124;
0,691708974656674;
0,724392148116518;
0,74658583795117;
0,850325118259489;
0,99832593277509;
1,31344308716218;
1,87036799519256;
2,00400621053361;
1,66283620959425;
1,6028983018371;
0,794981148890868;
-0,843048186498251;
-0,731806647881283;
0,356813231906545;
0,150160792106992;
-0,195979402538341;
0,535255220078566;
1,25390002952157;
0,137726415245016;
-0,780633638362442;
0,325992519245315;
0,0474603083449512;
-0,861531622457265;
0,0435567353385298;
0,335568283420446;
-0,163573429384281;
-0,00751185348869638;
0,127230617628312;
-0,243032063490472;
-0,63305721804809;
-0,589315427852526;
-0,237115947527182;
0,0271307341918209;
0,0388862739228929;
-0,0205411528966363;
-0,00607192619328428;
0,0604580699979426;
0,171406143052806;
0,229419464232201;
0,194598024329564;
0,205341048760851;
0,249278266226736;
0,219008483025565;
0,178721281050236;
0,193154964466891;
0,224877998260539;
0,278581363667258;
0,337277689596795;
0,298058387908273;
0,157069014386224;
0,0590616909214472;
0,0402244495125818;
0,0121502554587264;
-0,0119056837651517;
-0,000516902592950387;
0,00463601453696677;
0,00951844675593363;
0,00921718162778936;
-0,0602941278439523;
-0,146332609223457;
-0,166892750631849;
-0,181890579133081;
-0,226300559484957;
-0,255640816685222;
-0,269136405143254;
-0,30072821890214;
-0,326849555830869;
-0,260270748630355;
-0,125188277350524;
-0,0482160593487371;
-0,0124904226052885;
0,0529888796494347;
0,110106770867018;
0,147757383062734;
0,18201587145202;
0,186550374791325;
0,204873282489419;
0,290957156395912;
0,350845584757736;
0,30596963357398;
0,234917755522665;
0,21781728022906;
0,245882119016392;
0,252765531487118;
0,141884807362549;
-0,103486381930135;
-0,45487515617312;
-0,868820168637245;
-0,897048268001896;
-0,314601262747405;
-0,109738000363609;
-0,946402667389018;
-1,5031720804565;
-0,413072638407731;
1,34700475696552;
2,12473033523987;
1,54212847580753;
0,17467241300205;
-0,533556791593791;
0,0078245742257063;
0,563104366678874;
0,337350515822899;
-0,4945930384725;
-0,535912882023852;
1,35210051073151;
2,63908884610978;
1,12756174592598;
-0,911727970953752;
-0,281004967857416;
1,1584449540252;
-0,010390593866646;
-1,18489603265208;
-0,6603841381682;
0,244002096816284;
0,879561009487007;
-0,0849986229063516;
-0,789431020807517;
0,00493942608617839;
0,104813100254567;
-0,256421272085597;
-0,0995594593220455;
0,124488216866942;
0,076744104195494;
-0,0459616715552638;
-0,0128470723888122;
0,0224814076228279;
-0,034138269800086;
-0,130969449047051;
-0,206059619733683;
-0,173334409555352;
-0,0939597056905348;
-0,0610049062391416;
-0,0215277215761431;
0,0163657115270538;
0,00306756987161453;
-0,00746161957456887;
0,106404366458376;
0,520854497066889;
1,03788383911795;
1,00017703112446;
0,326762667053945;
-0,174055609518543;
-0,0870576588497138;
0,0712589002913369;
0,00538511780254942;
-0,0282634838645456;
-0,0287325517561429;
-0,155911278752982;
-0,327231038119432;
-0,553327441586211;
-1,06641574564899;
-1,2733699360991;
-0,491285084964904;
0,0199982462990433;
-0,542236282849193;
-1,20039420855103;
-1,35295398293172;
-0,799402145584095;
-0,0640919726568143;
0,177281962111605;
0,236882015739617;
0,169420008883594;
-0,200915997127331;
-0,573569854595347;
-0,693565746550904;
-0,58777840496815;
-0,387679059749777;
-0,194647508372198;
-0,0445382168847399;
0,0295245037842192;
0,00947065914701141;
-0,0615627726518828;
-0,124126882499537;
-0,152829597881978;
-0,159096054297759;
-0,167088708136929;
-0,187885168430319;
-0,218165744071137;
-0,244969735348527;
-0,245662863332304;
-0,222373214343086;
-0,213770961618264;
-0,247228646987814;
-0,314586237738024;
-0,379671508197759;
-0,432851954424343;
-0,52395997262198;
-0,67658956515219;
-0,854543639173287;
-1,00213640767733;
-1,05696748617252;
-1,02801831856297;
-1,00090457118496;
-1,00066749766198;
-1,00046276685624;
-1,03990536462749;
-1,15910648401285;
-1,2608466580479;
-1,21919831406188;
-1,0533462577852;
-0,851058105776934;
-0,658159334924778;
-0,506632794469051;
-0,401104735328314;
-0,30525609141941;
-0,220540091525276;
-0,134502342172315;
-0,0198063699236778;
0,0317013763336521;
-0,00237313863057611;
-0,0108863142829782;
-0,0145561815098713;
-0,0387462215203441;
0,0467599002188899;
0,258478528921959;
0,460618569635256;
0,428039896470543;
0,0873328899959353;
-0,110703659952868;
0,00296929356471004;
0,0400627730734384;
0,186260603578257;
0,740605518535445;
1,16785557746285;
1,2226681485875;
1,2771810164114;
1,49711489028943;
1,8773576194958;
2,08144569107265;
1,96685090678594;
1,92546429588682;
1,4548206792633;
0,459889551738699;
0,463475376526155;
1,33830183644309;
1,31767347685595;
0,705942872633022;
1,3344728019113;
1,70564151289204;
-0,469764537420603;
-1,42351906842457;
0,454361960121471;
0,581245918799007;
0,0764684219894109;
1,4490987821255;
1,73823631019118;
0,767618685008803;
0,223587556789202;
-0,310595978873154;
-0,742786803858229;
-0,584680414110258;
-0,15018825211224;
0,0525252283680339;
0,011858641767761;
-0,0205445661051513;
0,00390030940454138;
0,0639869865334801;
0,187744303640748;
0,245757292181102;
0,205535340767717;
0,188002029660487;
0,131361024019678;
0,00888941567535775;
-0,030851965627615;
0,0066643017928602;
0,00866560492741545;
-0,0126153022458445;
-0,0317960030267589;
-0,066322153740866;
-0,0803689118686222;
-0,0230599345907962;
0,0402173969654793;
-0,0313101233906238;
-0,197419095872626;
-0,266898461386015;
-0,20520394237107;
-0,105091912877916;
0,00175825894314827;
0,110517039568881;
0,196923341537924;
0,251061813155486;
0,303666159347517;
0,397287275476573;
0,505072667338334;
0,534762830824114;
0,462751493151899;
0,410332418846813;
0,46317707689749;
0,456249299904608;
0,160762610519007;
-0,441767582766855;
-0,76004931729111;
-0,244627592801863;
0,220670943121379;
0,0185892155400444;
-0,0900347369203844;
-0,00785623323303197;
0,205130280299443;
1,06201356246984;
1,81024670011216;
1,45667207694844;
0,597545706299559;
0,0150610912988629;
-0,107595495044882;
0,0221157348352786;
0,0317683901058025;
-0,190324581976005;
-0,628147055861099;
-1,09713629540971;
-0,547075291868019;
1,47772260469837;
1,74233739550171;
-0,192744030500758;
0,554957764464631;
2,63611308491856;
1,52325840052548;
-0,325088119260902;
0,432119443603614;
1,40719557403272;
0,305762969758268;
-0,677567988416622;
-0,305903492204445;
0,0805012825100027;
0,0291549400579278;
-0,0335622900210391;
0,00254433804432921;
0,0141823741563904;
0,0104907260420901;
0,0332637351547379;
0,0186836085138168;
-0,0816391131950232;
-0,13444844397606;
-0,0219393338099696;
0,0749568672430737;
0,0166627266185321;
-0,0962324786544447;
-0,117248095959759;
-0,111532875187303;
-0,407249096959662;
-0,62421300901163;
0,0619255977701648;
1,14330004787697;
1,45414470557441;
0,86449767043797;
-0,0115705351716566;
-0,543096720515697;
-0,473509263959171;
-0,0892964960635822;
0,231126949662174;
0,292894096987485;
0,116532416371652;
-0,0711693337433983;
-0,0788010012823852;
0,148966974010737;
0,313242674480827;
0,138849539118963;
-0,131916883039661;
-0,125267542388239;
0,375206530502268;
0,628060116756123;
-0,296042435586143;
-1,14878002702129;
-0,440438213872618;
0,68440912214545;
0,63975734274002;
-0,415468959200358;
-1,04107291834531;
-0,510573133366958;
-0,203306161055919;
-0,554204210168336;
-0,379724401671987;
0,0293146456990376;
-0,151887753298071;
-0,549508919729655;
-0,565910657760401;
-0,247136121559051;
-0,0289085274816006;
-0,0899622952547409;
-0,164084030107729;
-0,112991051171041;
-0,114620316972132;
-0,130367366737732;
-0,0300528458207578;
0,0365735668053079;
-0,00109652127722156;
-0,0131014081169126;
-0,0150311728530171;
-0,0790397689265677;
-0,135567952441229;
-0,133726546936274;
-0,115293568801431;
-0,0788519297097234;
-0,0110119719244551;
0,0189458687616582;
-0,00185247035391622;
-0,00630185752288428;
-0,0266460108212675;
-0,107229004449701;
-0,163031343188088;
-0,13785297277676;
-0,063830630047353;
-0,0100389235119305;
-0,117667992080862;
-0,390268218973852;
-0,569045142970103;
-0,52525483063464;
-0,431396676936631;
-0,417973383004598;
-0,483252784162863;
-0,658351410325488;
-0,917201473202735;
-0,922039562384008;
-0,526052389173411;
-0,348744905515982;
-0,66278664519388;
-0,965290407689538;
-1,12952616097234;
-1,29007822443708;
-1,29115183087535;
-1,08399220398187;
-0,831701060730602;
-0,486447343983276;
-0,0456549214577178;
0,109825929736056;
-0,0167536815733213;
-0,0340820049188149;
-0,0387341273473456;
-0,206246150241782;
-0,309969588422704;
-0,271386324183321;
-0,24624922241469;
-0,230187191720297;
-0,152578423672127;
-0,00614736962886691;
0,213495980024001;
0,444114973978479;
0,561917326932312;
0,521491537655314;
0,437981824705943;
0,47634582241199;
0,665402195377258;
0,637797284647363;
0,142506300761455;
-0,167675184879224;
0,000775375131187905;
0,0622529325054905;
0,478744815418835;
1,71961645734959;
2,34088885299904;
1,94095440001786;
1,50865737925761;
0,417483571592037;
-1,0579411473445;
-1,22984113169893;
-1,09279938639204;
-1,02903981753704;
0,793135208618127;
2,38911640157562;
1,46102095919602;
-0,0948468396869429;
-0,193340538912104;
1,42656395657961;
2,4086441657347;
1,32332913665337;
-0,0592623858177749;
-0,156904059436559;
0,960152366643762;
0,938549368878967;
-0,391529587440693;
-0,613330421707681;
-0,357367057438852;
-0,383856533488247;
-0,00606680285032968;
0,0753178814833759;
-0,4087228455579;
-0,619205778166709;
-0,393076772269318;
0,00391616324698127;
0,210797655362717;
0,147251906081796;
0,152432414807884;
0,179604996828914;
0,09353866410416;
0,0723011672535627;
0,157155680439537;
0,200086080747741;
0,147405933396072;
0,0712390566102346;
0,0761878150694315;
0,130910213734403;
0,141416276063202;
0,101861790550535;
0,0208515923230493;
-0,0252166742926;
2,66174040071186E-5;
0,00944681495914145;
0,00820246182709104;
0,0309843735964881;
0,00841943438268503;
-0,078324789328349;
-0,157386202490043;
-0,144315815674664;
-0,0281666072176993;
0,0369228743472413;
-0,00130848763105755;
-0,0132325759654966;
0,0606357235848403;
0,138851889839901;
0,0419843854243351;
-0,144972706164041;
-0,140477144515481;
-0,0117970317284077;
0,0244500833744584;
-0,00591799610043839;
-0,00623248104679187;
0,00471730261367856;
-0,331688470019953;
-1,23230187591223;
-1,50018280076292;
-0,443216741910411;
-0,168698996459789;
-1,40752720373829;
-1,86627545340736;
-1,11905137179799;
-0,335252656168248;
-0,35608558213796;
-0,883901775670757;
-0,19091583520477;
0,604041605066278;
0,046389565369649;
-0,226240397016916;
-0,0671673929267234;
-0,464478860877692;
-0,912473472542097;
-0,933933480616189;
-0,130119391443974;
1,61243536488038;
1,61742316612519;
-0,270008439121471;
0,46528205552474;
2,55740325280619;
1,52211021930771;
-0,693830757683307;
-0,444200584490524;
0,981684879250596;
0,733312265720432;
-0,306816497943319;
-0,327369961374918;
0,167439212000722;
0,406121216643529;
0,326204352310826;
-0,0359492679631343;
-0,279390475362489;
0,123716171626513;
0,689632687368401;
0,543556716755856;
0,016605081107357;
-0,257539854231541;
-0,426922609195827;
-0,423791841211598;
-0,0442103251364286;
0,245318742568952;
0,139081946198407;
-0,076688078906034;
-0,386054954445869;
-0,804198127562714;
-0,664337876896525;
0,352853306875127;
1,38244242306676;
1,45936488664616;
0,57596208753163;
-0,242239873952098;
-0,182940045600809;
0,112905790421526;
0,0256253796761428;
-0,0521151887234576;
0,0256358465639189;
-0,030279265425068;
-0,288644339806628;
-0,468989221863017;
-0,424521901620952;
-0,290423057368616;
-0,0715561176759914;
0,0713141131512812;
0,00536606313206274;
-0,0291484667352446;
0,516114677311001;
1,73633854204282;
1,50104898483844;
-0,603031801867543;
-0,866643807907439;
1,05166693125042;
2,11541337182454;
1,22218353200466;
-0,632098327103321;
-0,75358446063413;
0,376932031427767;
-0,0317609719751849;
-0,619318279662796;
-0,0846392699596301;
0,137739852600627;
-0,0783804420751971;
-0,0775559969314251;
-0,0290479452201611;
-0,0434732107999327;
-0,0104121142895903;
0,0264054474242971;
0,0152443167904197;
-0,0198997875870822;
-0,070570926809754;
-0,121980893224581;
-0,108674922025214;
-0,0186497276447008;
0,0274815136344971;
-0,00187913198474011;
-0,0094567072686426;
-0,0279757043600206;
-0,107136490104177;
-0,138839927110569;
-0,100597434823374;
-0,0921890590620455;
-0,107671603470755;
-0,0970637017013495;
-0,0667866078047373;
-0,0313978384079631;
-0,00698413454675766;
-0,0131821042633337;
-0,0574593889646398;
-0,114854181458171;
-0,122727322866199;
-0,076270636134121;
-0,0684029968933885;
-0,145350016569226;
-0,236363620849071;
-0,254888145365365;
-0,226267008997881;
-0,260508133382898;
-0,366230178195498;
-0,465149208819579;
-0,564963580435267;
-0,71932405422642;
-0,733704308434838;
-0,459992806514988;
-0,341559809705054;
-0,570116890790442;
-0,763199185693741;
-0,87802010973222;
-1,02491423029399;
-1,14524014592101;
-1,24044878398779;
-1,28182411142568;
-0,929810617753655;
-0,136367223320362;
0,224542085475115;
-0,0197510943581672;
-0,0756307136453385;
-0,0319877479143288;
-0,198484305091854;
-0,199965067335859;
-0,014985489080405;
0,00506081452754675;
-0,129893940145808;
-0,228098718042258;
-0,161563716223355;
-0,019149481254762;
-0,00706554338643696;
0,07481864593068;
0,450567448853678;
0,732088793041238;
0,694397246450246;
0,6530973343276;
0,639868464927686;
0,554454220206909;
0,5856168773733;
0,703317933943077;
0,703879370887845;
0,812215800218887;
1,18085974975634;
1,53950839357809;
1,86612678012196;
1,3918568637342;
-0,1528604832968;
-0,596235208954494;
0,164316462136091;
0,165239791050385;
-0,131123264757026;
-0,426998679738801;
-1,13227705237214;
-0,385201951132395;
1,86182815703852;
2,19579589452655;
0,06093898807271;
-1,49177404226779;
-0,349961772540509;
1,96564772995667;
2,1412418659048;
0,585608853356779;
0,0332575959451063;
0,309945707913236;
0,180865534792118;
-0,174939479893449;
-0,295623503592112;
-0,0820892806516785;
0,0851543463100186;
0,00211244215586006;
-0,0325149879855705;
-0,0761272572075159;
-0,304512081542366;
-0,349841346450919;
-0,0159206108882326;
0,252706287018001;
0,18226299312619;
0,00371358771858273;
-0,0376717204576206;
0,00991839765570624;
0,00995507799683427;
0,0206368790676996;
0,0893205843638386;
0,124372617518719;
0,143628630382438;
0,190590989329273;
0,14929430757704;
0,0140404037055056;
-0,0356232290478533;
0,00623625404897225;
0,0106351621569824;
0,00253511949174115;
0,0327620425609555;
0,0458937058596412;
0,0110759246021074;
-0,0338207566177291;
-0,0415040508089682;
-0,00823718911876108;
0,0110551066176789;
-0,00057055249411667;
-0,00386982378823887;
-0,0301849246137481;
-0,0528577669857108;
0,0573704842763858;
0,154528179165449;
0,0573369069203071;
-0,0316131382750454;
0,0274536870725232;
0,137241384718672;
0,230078877670353;
0,248497314820283;
0,190190527354691;
0,143375512904276;
0,153779526579733;
0,185197876751873;
0,149910111628285;
-0,00255126432606459;
-0,212782674539033;
-0,511853874384048;
-0,996925330304693;
-1,19277387303604;
-0,720904001402138;
-0,630196256135456;
-1,51943840709165;
-1,72421031891495;
-0,289469366125942;
0,667730013510339;
-0,465948953611013;
-1,89628575486131;
-1,65413240064167;
-0,180218519058449;
0,712945795481362;
0,222281527743422;
-0,366248751803638;
-0,536153162959163;
-0,144547064053187;
1,49819459327102;
2,52360642015752;
1,58872557915991;
0,596896876993993;
0,994236432211653;
1,99275564912857;
1,54083847254064;
0,0222451607577095;
0,182868779241892;
0,972517798143546;
0,236733363287559;
-0,351042363333801;
-0,0494406018800246;
-0,098962616557862;
-0,350447666178752;
-0,147804371394302;
0,327539199701469;
0,545331300616528;
0,274905492509908;
-0,128576100326905;
-0,241085938774883;
-0,237369632848158;
-0,241635824639656;
0,0117593247307596;
0,272881879184618;
0,105257178559688;
-0,250001633250592;
-0,558132493927197;
-0,854482180176603;
-0,685560651578474;
-0,0364443269706725;
0,0272221269036944;
-0,592576647105322;
-0,94355160757356;
-0,635225002436609;
-0,0156272813890771;
0,204681553205676;
0,197951853702212;
0,426266219133223;
0,458392549020455;
0,179178357001715;
0,0146536828472862;
0,211204489170922;
0,487800536392995;
0,427980701387728;
-0,0809787252300938;
-0,692597302927861;
-0,372392205699286;
0,534698925790036;
0,377422847994235;
-0,376811109337616;
-0,26389591773943;
0,155157883606943;
0,0429578862785641;
-0,0753840077372902;
0,0219139204614305;
-0,043911843576505;
-0,298108508969471;
-0,44235561928029;
-0,337598481629874;
-0,139538561849031;
0,00053461202860757;
0,0260238630921098;
-0,00739188540237063;
-0,00673972977995562;
0,00709562998824786;
0,0139348316771855;
0,0459525521246515;
0,0923973263897288;
0,113231498695998;
0,0807537384410897;
0,0227546841111902;
0,0293996613109894;
0,0940854782909408;
0,118742290651865;
0,0268594622528276;
-0,146469249713602;
-0,19344715716081;
-0,116259821016294;
-0,119575945374271;
-0,124741572665597;
-0,0230755888080637;
0,0333845271844927;
-0,00251531167554025;
-0,0113301294810872;
-0,025876266127395;
-0,110752731205963;
-0,16920888565523;
-0,16826831482352;
-0,180697281117213;
-0,148141505020983;
-0,0238583730467796;
0,0373149184311047;
-0,00313657300191571;
-0,0125852318017031;
-0,00922578025539868;
-0,0524952976923421;
-0,112345751560332;
-0,225864603443513;
-0,388027808301161;
-0,485071134891829;
-0,53340854120223;
-0,632770119077237;
-0,797454203837418;
-1,01197180164236;
-1,20858779623728;
-1,28660669863056;
-1,27577862480873;
-1,25549040310982;
-1,19746896587277;
-0,825105252666767;
-0,113130541856724;
0,196401972852805;
-0,0192030349761049;
-0,0653861016295531;
-0,19524369462017;
-0,772703954224789;
-1,04074093363602;
-0,787189734764414;
-0,65660736420578;
-0,64653050605196;
-0,518327872178592;
-0,406097274373149;
-0,345516474144463;
-0,2393689933732;
-0,0920697602987907;
0,0226119659944234;
0,0781782437137638;
0,110311271322587;
0,160567880136725;
0,228111324184168;
0,288900991499548;
0,344775738091216;
0,408734523525651;
0,478634451468111;
0,571358737940329;
0,72211971796388;
0,921467675236404;
1,11089731968482;
1,27590923852642;
1,04655334773407;
0,199168295486119;
-0,264758205163662;
0,00990449643111174;
0,0947416806218303;
0,31169212926916;
1,35207160444981;
2,1718937511439;
1,59393409360795;
0,489369796155044;
0,635614908445651;
0,8120677903723;
-0,487469880594543;
-0,25495244024744;
1,98722408562075;
1,83349100237991;
-0,912791429183022;
-2,18221704273982;
-0,914755921545636;
0,478290354224898;
0,327249117851117;
-0,965108524188392;
-1,81762666227728;
-1,0183483354176;
0,387253900888485;
0,505021862239071;
-0,347268801112731;
-0,649582272155652;
-0,317076142186868;
-0,0722514600658673;
-0,0214023119126297;
-0,00261045630924704;
0,00447147655599156;
-0,000275169796211795;
-0,0015802102660668;
0,0270584561064332;
0,0920723832911047;
0,110124433488434;
0,0194857813672461;
-0,112684470242644;
-0,12023663370473;
0,0567185757028975;
0,150584148965579;
0,0193348786394595;
-0,127672425388106;
-0,0967064149247195;
0,098282281859902;
0,136799008111361;
-0,0885370438837753;
-0,26128706861406;
-0,169947867752592;
0,0966860778270502;
0,151656226421983;
-0,0923166827995805;
-0,26528202824977;
-0,2272415967094;
-0,0727974578056409;
0,0454806058259132;
0,0455810719126136;
0,0345958056213608;
0,0438328368887439;
0,0137731247424661;
-0,0129557162885435;
-0,000798428751151499;
0,00515004990748093;
0,0969956732174714;
0,357313544965107;
0,522481903044934;
0,43726089976774;
0,300846945457062;
0,267331693038923;
0,370935945764734;
0,483645293479164;
0,444343765234875;
0,312372303888133;
0,117961392037896;
-0,429786058168054;
-0,39684197720778;
0,65004908614126;
0,368594438518113;
-0,735425955072971;
-0,719875803173573;
-0,377139995422706;
0,650662627344605;
2,07649752719327;
2,22916400020124;
1,5255599474387;
0,697300495647818;
-0,201402543966908;
-0,697297725332045;
-0,0388303554910151;
1,35532255833792;
1,22687110172431;
-0,307606418010489;
-0,849774673798452;
-0,78080695756671;
-0,992928270047342;
-0,875134735898118;
-0,707315154837624;
-0,330779671788904;
0,609799581027811;
0,757289275636816;
-0,240203164504104;
-0,72611407768568;
-0,0554209675045958;
0,499827259195285;
0,185362062060072;
-0,242125765887923;
-0,0907694780893922;
0,438879893709799;
0,644994359720396;
0,211095099787976;
-0,259178227012018;
-0,0999524751070475;
0,449924500067369;
0,511681752561169;
-0,0281207049390443;
-0,157487973371306;
0,11551873132988;
-0,00778345919661643;
-0,233828561821747;
-0,158052360242676;
0,0482251300590556;
0,0935464514439962;
-0,0745524984703556;
0,372730928607267;
1,51455260016365;
1,41511076220107;
0,068909090144873;
-0,270890291232574;
0,697347274761739;
1,64809649078926;
1,28862044441415;
0,0673223408610383;
-0,224140529408675;
0,0550841702119385;
-0,465275250458318;
-1,32642170115396;
-1,64863955246998;
-1,52712907865764;
-1,09960010792392;
-0,683089419735205;
-1,01730064142242;
-1,6702000257164;
-1,6328044234387;
-1,18242708352372;
-0,785618845833949;
-0,265420415774275;
0,167153129991633;
0,155473264984783;
-0,277923340541742;
-0,731353378426277;
-0,449713176181591;
0,199724847257099;
0,211348853471687;
-0,0329221693935302;
0,0475009619796516;
0,142186390990575;
0,0668900316982059;
0,0176849458627251;
0,0517074486725631;
0,0930500529360678;
0,101136747743595;
0,0666091190417237;
0,0325970199613188;
0,0327173888888842;
0,0307942437125661;
-0,0140440958518728;
-0,0790147712594243;
-0,122271074912473;
-0,094157486470298;
0,00394277923465673;
0,0185261588112292;
-0,0793473373361293;
-0,134305152639375;
-0,131400764557923;
-0,122937844726005;
-0,105129195866064;
-0,0907902254221365;
-0,085681459707523;
-0,0920586213314086;
-0,113120933237011;
-0,114508664053897;
-0,0917315163484961;
-0,0817346352216875;
-0,0830150826223105;
-0,0929339701873367;
-0,117997940047549;
-0,122388585179961;
-0,106026868708058;
-0,147491630470691;
-0,257950846838072;
-0,329118773109066;
-0,317614043914695;
-0,313830304170249;
-0,359607814246658;
-0,402339170642536;
-0,448369034501663;
-0,568894541465206;
-0,781594856964116;
-0,724519473537199;
-0,154630695262635;
0,189065242621801;
-0,00312645113732839;
-0,0692352755798341;
-0,328557034916363;
-1,2526765563358;
-1,79381204230521;
-1,53182547665565;
-1,33038457418657;
-1,34584938152088;
-1,40114982823901;
-1,53449758034142;
-1,56161744178602;
-1,41420429129288;
-1,04983509544517;
-0,505038109769212;
-0,295489606543411;
-0,462077643692041;
-0,462233711664907;
-0,28848065965762;
-0,118160597865102;
0,114150611384806;
0,368306897809635;
0,541199175276268;
0,629071032504974;
0,664410551636622;
0,638189980321051;
0,540529427385991;
0,424382859487035;
0,439646621525143;
0,621139176790752;
0,690287213690173;
0,539372169406281;
0,40551299620595;
0,739877368063637;
1,5325874254783;
1,87856388877134;
1,82060878860691;
1,97876515424212;
1,98571082631046;
1,69628622311772;
1,57916656956145;
1,8542500407145;
2,07641218195136;
1,97489932825915;
1,70986247695846;
1,46429259956242;
1,54059503351959;
0,852056842601335;
-0,206375658317251;
0,842165947549282;
2,12813915775052;
1,64617880995094;
0,559956644241489;
-0,340150138310943;
0,257109796959726;
1,01841796735286;
-0,035361390389854;
-0,98952705938141;
-0,419036929136807;
0,786226001927605;
0,907919474756847;
-0,190310436721445;
-0,883265137604753;
-0,633764181223647;
0,0834713250902429;
0,440598159649686;
0,248916777214599;
0,203350131746505;
0,223735045155524;
0,027755508016572;
-0,0610729194688523;
0,0109511855258304;
0,0178757399786808;
0,0120853359247868;
0,0803043489612771;
0,092170488150579;
-0,0175664681086925;
-0,11963009805099;
-0,0989611649062192;
-0,00764281254617111;
0,0231238968495027;
-0,00455317090120299;
-0,00669481622043577;
-0,0539455801304922;
-0,201220282711242;
-0,276053616842393;
-0,222210197279441;
-0,124710762551783;
0,00706597128666423;
0,0500554858341749;
-0,011242096212325;
-0,0150211567797633;
0,0105946054815083;
0,042753593099735;
0,1235248266936;
0,14160242151574;
0,124283417944658;
0,244783854279291;
0,429482715928131;
0,527838676096347;
0,532510817133087;
0,349547248181946;
-0,161928184033684;
-0,872040110928139;
-1,46006237303256;
-1,39713589387841;
-0,555717416164643;
-0,367535427508533;
-0,526904007252155;
0,694032830695361;
1,42211181550864;
1,258118494042;
1,94018011566526;
2,09550438438484;
1,24465747357361;
0,611157598789351;
0,330859775483361;
0,252860719715966;
0,128033492304357;
0,326719863547134;
1,55546088107593;
2,39956189169486;
1,98494595052938;
1,30241336564059;
-0,10846820188614;
-1,41213467150078;
-0,192562627122463;
1,9936097591638;
1,83586568025553;
-0,330968269937202;
-1,50920532269363;
-0,0727137575611252;
1,9778974172323;
1,78517183395614;
0,0573716623324148;
-0,504188240908231;
0,173160412388398;
0,643425387236602;
0,82691956955822;
0,835510693392664;
0,565931814253101;
0,321389234039743;
0,144250613529262;
-0,0581183830008721;
-0,0903779091525697;
0,0109177737817397;
-0,11515317891661;
-0,467921458493397;
-0,525598591069881;
-0,120842785817678;
0,120062417850752;
-0,13898835629262;
-0,498483537131849;
-0,082250807036525;
1,0206773854219;
0,926269273202967;
-0,0983184575022703;
-0,0811248642874183;
0,688653101327857;
1,1551404807113;
0,705094840395159;
-0,0707621635960066;
-0,0113128632589256;
-0,0418001470969428;
-0,986874926020861;
-1,50407167286229;
-1,23383814148404;
-1,1408532033603;
-1,05596408213389;
-1,00362011236402;
-1,24451607859032;
-1,3195066193183;
-1,19993636661907;
-1,0348519729011;
-0,840038618884632;
-0,324667454657746;
0,463215084962487;
0,696727058909806;
0,0154049708965706;
-0,863763187544553;
-0,548314574753474;
0,543193418192287;
0,746227410248715;
0,284004227603871;
0,0117138090274604;
0,0233940261750457;
0,125312672946336;
0,107431027565817;
0,0371935816120541;
0,0211759591095926;
0,0220230011147267;
0,01355206996335;
-0,00240306710287767;
-0,0175963789579129;
-0,0261609556513883;
-0,0335279470047744;
-0,041257401233455;
-0,0525099406198488;
-0,0707542226469995;
-0,0828916610865166;
-0,0819522417130474;
-0,0757364225127643;
-0,0670254523172109;
-0,0553305707581829;
-0,0446690157488675;
-0,0444070218554634;
-0,0588714663374011;
-0,0785967019556219;
-0,0798008334237944;
-0,0523614327749037;
-0,0372894184880232;
-0,0583578654015809;
-0,0814622243269427;
-0,0822453318670721;
-0,0664085688302467;
-0,0656237333388014;
-0,0862454427120709;
-0,0722242256146496;
-0,0159011296898848;
0,0121467488202531;
1,3473589932113E-5;
-0,0042359291795525;
0,0017556386059737;
-0,0811469615040195;
-0,282890923934041;
-0,394610151702025;
-0,3842219271095;
-0,473012474463227;
-0,54293412077052;
-0,385198523700596;
-0,272227986106519;
-0,385716511126611;
-0,518009317300618;
-0,773415638584193;
-1,16995934147686;
-1,20460403230922;
-1,02824840082607;
-1,16386532882607;
-1,34369887554923;
-1,2458881236889;
-1,05891223751966;
-1,0482164616918;
-1,20951528642642;
-1,08916768049682;
-0,453319122461088;
0,0530488429240514;
0,075764706920803;
0,0338502671848183;
0,0123041011800134;
-0,0999907129838229;
-0,169417572894009;
-0,129344948776225;
-0,0193802231207824;
0,129726505870218;
0,289483007853385;
0,4379997608612;
0,570172907595395;
0,667952186301481;
0,703413894642997;
0,706332484915064;
0,747538468041306;
0,842839911853489;
0,987674325097246;
1,22136219547155;
1,54537060278218;
1,83887086668918;
1,90689901553203;
1,67514808024466;
1,4092773123859;
1,48804675006897;
1,81992192999439;
1,93143646657235;
1,67220365970585;
1,53067335088146;
1,75317850026785;
1,5548077627583;
0,757778272105606;
0,15398276434288;
-0,150106677932676;
-0,158580737387121;
0,0535536688179478;
0,0444245444543339;
-0,0393042339965875;
0,0839681896330331;
0,243339805786716;
0,323006219675476;
0,651878888309422;
1,00455312665881;
0,672657645926342;
0,146525935107792;
0,213739566056835;
0,722645276032752;
1,01524151259404;
0,680880970559121;
0,294428604310159;
0,267872487588314;
0,262971577055909;
0,248608810548931;
0,230181047160058;
0,16236310896665;
0,251129672656749;
0,388384376338928;
0,347055468745861;
0,265761348712514;
0,228100514424374;
0,119401830536375;
-0,00959159398467028;
0,0130873896810755;
0,171594442628396;
0,248752233067803;
0,128710403117151;
-0,0183741701818512;
0,0130681785294975;
0,16623951954549;
0,258979065767287;
0,262874592549064;
0,240266132708128;
0,170758652608359;
0,109550141805428;
0,191106641742634;
0,293266624110506;
0,254541785181644;
0,153520232093205;
0,0722829134174551;
0,101366071239715;
0,249683130601757;
0,282735469055139;
0,145893269672612;
0,0602221543710462;
0,123067376587653;
0,251093598204843;
0,273446947864601;
0,14943834003238;
0,00640805745746812;
-0,0962376805251876;
-0,0819552931251412;
0,0384249406223603;
0,103174500809094;
0,0721151383156224;
0,00819083069933731;
-0,0166946823718942;
0,00212217791044086;
0,00535547258275045;
-0,00304663848024494;
-0,000619698531486367;
0,00134124945202677;
-0,00034132539588371;
-0,000333807482496495;
-0,478036090047462;
-1,43043813214247;
-1,01340174216937;
0,999641571807832;
2,06869755049271;
1,6199860407163;
1,09446598714675;
0,861078297736597;
0,629404134754771;
0,513428423599906;
0,587027894081178;
0,339167098607032;
-0,754284298768138;
-0,977097893439676;
1,2474709157479;
2,76857763780351;
1,38816377632062;
0,244001032685054;
0,512056920574789;
-0,484863299331028;
-1,47390442960589;
-0,23632539757085;
0,492255151998303;
-0,101493884066413;
-0,135735998064395;
-0,0211351953491202;
-0,289159490687655;
-0,185668582014302;
0,211244792922431;
0,174769508607307;
-0,206033235049614;
-0,375694256638814;
-0,106180902554394;
0,212269775322836;
0,145522641685522;
-0,109284573973262;
-0,180937912430443;
-0,161667582406042;
-0,253000406381697;
-0,256733558954272;
-0,102964496259611;
-0,0721824470820913;
-0,193692362783646;
-0,280741855017556;
-0,233335065136918;
-0,212360348988527;
-0,129557971892905;
0,673839559286587;
1,63341319587947;
1,48326383257636;
0,467610978723194;
-0,169562266155237;
0,562775403915765;
1,67611671378085;
1,50771118501572;
0,776693691751226;
0,572802823334853;
0,287423460203469;
-0,55388918820865;
-1,30196602421634;
-0,92785927076445;
0,414191841464283;
0,658969291279407;
-0,605498819551961;
-1,41995871312053;
-1,03485840627196;
-0,175934267402079;
0,0653434388282937;
-0,139234025783153;
0,206701388721381;
0,500355171062907;
0,0730243723905674;
-0,321316942351327;
-0,107473796181841;
0,33744075472019;
0,338778759637611;
-0,112891309184662;
-0,18072909509405;
0,187737028990032;
0,269087578215356;
0,0398451590834012;
-0,171843524541593;
-0,0922394686276812;
0,178351647103541;
0,240500269403797;
0,112451026628102;
-0,0353223569698837;
-0,0785136070118089;
0,0156108607019477;
0,0823580806148016;
0,0553917095180289;
-0,0149797886197665;
-0,0488811024180057;
0,00641994217297109;
0,0740196142107619;
0,0666944044646299;
0,0083732035389152;
-0,0159457675218649;
0,00191812374317668;
0,00514711124615789;
0,000645848240652639;
0,0108185106157343;
0,0172167859233671;
0,0177345501885827;
0,0199193332432571;
0,0119795464643739;
-0,0120969161429739;
-0,0468156884163229;
-0,0668860040028544;
-0,0358983820543881;
0,0196890352012041;
0,02159216152285;
-0,0668578909061468;
-0,209336421282617;
-0,318981117446411;
-0,344903588016804;
-0,336954991528465;
-0,353604121896016;
-0,391535266754766;
-0,443494677110128;
-0,538168136809762;
-0,702873661791069;
-0,884857222524389;
-0,988072698073551;
-1,02698435954146;
-1,09494865812443;
-1,16468400788188;
-1,09681890008828;
-0,910578624485922;
-0,834800865153664;
-0,950316611938124;
-1,07961935142418;
-1,08432795907428;
-0,965025136032303;
-0,76381372377742;
-0,540209101919584;
-0,352493497964655;
-0,213864934899282;
-0,0951854161074808;
0,0126503131396425;
-0,0465366357630655;
-0,298094785155574;
-0,328001607924766;
-0,0800381711755826;
0,0489855827885839;
0,0762455282558018;
0,18458713940364;
0,332187245470988;
0,477189398748424;
0,608197406351328;
0,671415985346815;
0,657421142946225;
0,642028604747665;
0,691096741081545;
0,835648055705049;
1,06217216505142;
1,32079396363353;
1,6032486443635;
1,8288123779329;
1,90262625238988;
1,93691774196068;
1,7643682100257;
1,44133694761461;
1,69860528069996;
2,13644373861657;
2,01357664496553;
1,88534242342907;
1,63350455415152;
1,13382684657909;
1,53573361538409;
2,23474112732708;
2,04286021799197;
1,48311290533213;
1,1417490860182;
1,58572601090352;
1,49098318993914;
-0,245472709071015;
-0,634708857566961;
0,835155595513792;
1,18762268380219;
0,21972827134371;
-0,567155691185672;
-0,216048598814291;
0,800737782469241;
1,04901442824332;
0,483206232175279;
-0,024408491886189;
0,0094321403866472;
0,303380656801153;
0,349699110152842;
0,189797258384626;
0,0165173352799405;
0,0545789616982643;
0,276576212504639;
0,343825366156366;
0,307863869428417;
0,305965710670143;
0,264468307434142;
0,247888474824564;
0,29870076760368;
0,320725252133394;
0,295745974145631;
0,258184131135532;
0,255102448252453;
0,297762496894667;
0,2336005782403;
-0,00186353505002709;
-0,172348006724039;
-0,14152874368021;
-0,0449090093098469;
0,0101398470187727;
0,0108166553732886;
-0,00545203414236758;
-0,00198603546259629;
0,00283706973737617;
0,0612131080001224;
0,235526669580046;
0,415610424314702;
0,513020858917798;
0,504845988212752;
0,356913125268806;
0,243171040737176;
0,352003859759279;
0,529865755070626;
0,521520499687435;
0,390698154018137;
0,375057225225189;
0,443780580573476;
0,484012881579151;
0,542609437452764;
0,444430951574367;
0,0757069414902888;
-0,112228999260223;
0,00783068462987821;
0,038554458280856;
0,0229116076132638;
0,205355036307227;
0,501506921072062;
0,725176200082566;
0,699865101111492;
0,302631098681927;
-0,353520408816012;
-0,928277669389406;
-0,662792209409937;
0,390782008699611;
0,135346034254635;
-1,68597693025905;
-2,08163100220331;
-0,423373063985742;
1,025494503335;
1,45666905426511;
1,41180844767408;
1,21173550120341;
1,05370642223058;
0,817805904464069;
0,25919628258486;
-0,537319777959089;
-1,36179470081681;
-1,85200908766303;
-1,66076185868946;
-0,875651484156558;
-0,0384318536113263;
0,181051652449111;
-0,0390035340783881;
-0,0516872145145931;
0,541661557164687;
1,73359628532313;
1,75618030734058;
0,514618172237953;
0,714760611378546;
1,32367236892526;
0,503624687274748;
-0,149945975113064;
-0,262124097374311;
-0,311117484150164;
0,061928591591274;
0,383137245263016;
0,289143996098505;
0,280598054492165;
0,447237429902404;
0,4423324352201;
0,290240144241443;
0,230545806315101;
0,332190413239964;
0,447402037255741;
0,475743379670186;
0,463338469720523;
0,344265293941299;
0,0658908142156916;
-0,31293292740638;
-0,355527433907246;
0,262344404996489;
0,567040247339657;
0,0688710261471281;
-0,397301406226338;
-0,296726761615223;
0,287890919370161;
0,437416915584547;
0,0133791036653947;
0,0615901656882495;
0,457826899617264;
0,545342402857215;
0,345902173163333;
-0,0673007397916538;
-0,687302958714667;
-1,23214048957203;
-1,35745581257036;
-1,20300268810391;
-0,977659276041051;
-0,164557374599711;
1,25190221628855;
1,81251051907571;
0,573848570104445;
-1,2410992530285;
-1,65015648103562;
-0,53325434643309;
0,472979477280033;
0,591903158513965;
0,391300364434127;
0,217443088653809;
0,0934431975780965;
0,245411122108324;
0,526991881082376;
0,489473829343543;
0,200963591891145;
0,0522960991770142;
0,13806364448355;
0,202739515038882;
0,140328467826511;
0,12037969952169;
0,156428436402417;
0,17246503108898;
0,191136598874857;
0,212650310624758;
0,214081688904926;
0,19911564792247;
0,173338201458598;
0,14299933769047;
0,122423292095546;
0,108294300923815;
0,0858614309264994;
0,061518774188449;
0,0464831210083256;
0,040159770052249;
0,0393220325951768;
0,0402769975550713;
0,0501104876889017;
0,0731831777911708;
0,0941453487625193;
0,107717138041483;
0,124429624034705;
0,140949975956172;
0,140316927311386;
0,116339343567991;
0,0829905358446702;
0,064718550523349;
0,0898350542381083;
0,173332644267862;
0,266173102587945;
0,25956266031977;
0,11244654637704;
-0,0650832034333255;
-0,135966981721981;
-0,10697979418671;
-0,0749130657225189;
-0,0911526275175189;
-0,198017785831508;
-0,472450237980335;
-0,904335084748128;
-1,29131812286157;
-1,44598542182695;
-1,41414107587104;
-1,29016065567946;
-1,13033709569227;
-1,07101874736816;
-1,13815807962951;
-1,1713530877661;
-1,09553619003341;
-0,960597651311093;
-0,803286471706121;
-0,804076772925685;
-1,07328814842751;
-1,19090881859079;
-0,965715080825029;
-0,765626329564357;
-0,503014260719905;
-0,0141984247757151;
0,190231490673719;
0,0357883280777623;
0,0393423544373417;
0,181154672220796;
0,231518039033835;
0,267960888087327;
0,367706254265704;
0,499418534199854;
0,602458764653744;
0,641163850589164;
0,641052146012892;
0,658805421423749;
0,744434152716172;
0,802201769340755;
0,690324931646668;
0,589180860076486;
0,656767143277969;
0,764721733063103;
1,01222614149911;
1,55636753336638;
2,01851369125343;
2,04052403519595;
1,92759898192882;
1,95743562529673;
1,98658822766061;
1,83218573120272;
0,906834913330844;
-0,963119160663536;
-1,20596153023617;
1,38199732611248;
2,79933753650835;
1,44359649805717;
-0,0250100996127052;
-0,739707198475049;
-0,796391130759435;
-0,248555974646015;
0,104154178342418;
0,344623339405147;
0,81165269587592;
0,764234240182253;
0,104493444542263;
-0,233154159774494;
-0,102959218867724;
0,0210456582615352;
0,0737599035685541;
0,108113767876872;
0,155069308118915;
0,344112242062278;
0,535360598820062;
0,527703452056866;
0,511506374550531;
0,586064755713995;
0,547843137825558;
0,444795998981378;
0,464046724658956;
0,555677349001327;
0,59251559911412;
0,5290724024811;
0,455520084895885;
0,469001468078545;
0,490529939841893;
0,44303060003646;
0,359025882915839;
0,341126899394141;
0,449624719390289;
0,516805985052082;
0,442475883769162;
0,349354049468;
0,273941883006521;
0,207100839135972;
0,202524406642777;
0,249788710734278;
0,291928141929769;
0,290218358176072;
0,228932723681759;
0,194334410545386;
0,244391581657925;
0,297268943065611;
0,230503306485752;
0,0481088984039357;
0,0296367934449064;
0,213902033273215;
0,281327875508992;
0,236950931852268;
0,221119662425124;
0,163746529146559;
0,0827534790451479;
0,0989119331077194;
0,257351234204061;
0,526018511355337;
0,769308366424052;
0,792204821167137;
0,570059201943449;
0,375751967530923;
0,486140852771721;
0,759488732163457;
0,808027357838852;
0,567312589101311;
0,506154624641361;
0,757003004770725;
0,627871510516237;
-0,0417098886454408;
-0,553558485089287;
-0,230992637940435;
0,338638650082585;
0,484819256626862;
0,403360807123956;
-0,411464004219651;
-0,245187996194813;
1,62949294787009;
1,94338281161219;
1,00533367439224;
1,14502505900672;
1,50368950313509;
1,01423780256837;
0,228560641803791;
-0,390358007926363;
-0,979435098065079;
-1,53039670095025;
-0,901733905919442;
1,43351536017583;
2,69038721739288;
1,93766338063681;
0,717402324098352;
-0,317809605155618;
0,836823253691754;
2,66198550131094;
2,17286168025019;
1,0535998524607;
0,388496484538352;
0,432232199635411;
0,955437869719175;
0,626174339756869;
0,379593267871784;
0,987367885492595;
1,14869620638933;
0,700085753473689;
0,437663885560057;
0,547498653886464;
0,979659932949549;
1,02141515534649;
0,475384752561522;
0,284669861079613;
0,401546137975946;
0,214180931842074;
0,0552824113578315;
0,295664904007881;
0,644104418312211;
0,784241457546878;
0,690127890923587;
0,426526383189543;
0,0557034901778941;
-0,352525137840099;
-0,674735646144151;
-0,611111436053743;
0,160758662379473;
1,30305852602056;
1,79532112880769;
1,25477840405179;
0,480263520432471;
0,197956223507521;
0,289831561970743;
0,452774953416507;
0,625320986381526;
0,749092271363622;
0,61589312001433;
0,10291764953713;
-0,493204699432953;
-0,901037707460715;
-1,24180451442013;
-0,619402097937904;
0,654424145844096;
0,127563018937239;
-0,417081073754565;
0,811941298756992;
0,884356062543953;
-0,164786060923911;
-0,198320388243193;
0,309341525792051;
0,462299672167661;
0,270832576631321;
-0,0414098668307741;
-0,277780358675743;
-0,293637095670626;
-0,172366713888009;
-0,0513841450790963;
0,0880017314608123;
0,250878414981158;
0,346706644786725;
0,335716333377284;
0,266895470990026;
0,18699764104739;
0,114889131285641;
0,143311128033163;
0,291094414070662;
0,322965301588335;
0,184903415766281;
0,0949605653613107;
0,113918248826787;
0,172551371340729;
0,193041721057698;
0,161939350711353;
0,145728961842004;
0,142462905873653;
0,128473589933983;
0,12530595444164;
0,124515668079792;
0,102099389146096;
0,0809261872097991;
0,0774790177915346;
0,0737605190916661;
0,0864563580655523;
0,148837629394094;
0,225355975961771;
0,237004770133276;
0,147512911500619;
-0,0123864623605234;
-0,1349634832668;
-0,123323423521261;
-0,0489064297307046;
-0,0429531768250708;
-0,0982386237757394;
-0,172540025368359;
-0,337120013661663;
-0,658818784968165;
-1,01968706736059;
-1,24125719912756;
-1,33391126012402;
-1,35933318242182;
-1,27383215519143;
-1,14373844188048;
-1,10345793425654;
-1,10449103462509;
-1,06167237944243;
-0,996626137430216;
-0,917770700485654;
-0,810698518272161;
-0,688210066922953;
-0,557787064004596;
-0,414694031565405;
-0,254557795720782;
-0,0828118087110153;
0,0767142364186417;
0,196321267007911;
0,256612720356002;
0,26813558643708;
0,27754061116618;
0,321768483297546;
0,398569631758415;
0,483523815373546;
0,569932139749687;
0,671335558894025;
0,771196541761204;
0,825177453605652;
0,822400103584786;
0,822114458201145;
0,916381756426122;
1,1121732446702;
1,31868551324415;
1,51469406301886;
1,76073883720999;
1,97479629501591;
2,00789616315838;
1,81922862965611;
1,56520916504143;
1,65218485032062;
1,98797224538238;
2,0432332757626;
1,69892965280629;
1,38630836655659;
1,70886212621833;
1,16563397668493;
-0,359565869592493;
0,731777640050109;
2,64477899372258;
1,4836930626451;
-0,539114598118287;
-1,52137786336592;
-1,6924418684837;
-0,757875419449638;
0,51572725175578;
1,13264274668182;
1,17252466966595;
0,541321687680102;
-0,388606978461927;
-0,0455967981764142;
1,17515437476446;
1,36395565678927;
0,698434085921881;
0,223514864671087;
0,186789440312701;
0,438714032415822;
0,630329510266227;
0,618211910286085;
0,565470478920637;
0,582523364989994;
0,589272317738271;
0,565691235711077;
0,569474897484372;
0,549069687968272;
0,427413922345572;
0,259913220516768;
0,185321317745974;
0,190917229014252;
0,139242045685434;
0,0457100931407465;
0,0197386817295674;
0,0563750893610574;
0,0966407521157597;
0,142110641672413;
0,230407041677353;
0,335882700661499;
0,355518862689152;
0,252934133135291;
0,118488099112605;
0,0487186194113229;
0,0440578905742557;
0,0259749160743569;
-0,138107268946143;
0,192739398304846;
1,59502370044424;
1,93997020599819;
0,516381895460507;
0,352444320625089;
1,26114803636926;
1,12356498911906;
1,10519183533823;
1,87060906583405;
2,10977566551052;
1,54409246148687;
0,597930696182136;
-0,743287698108687;
-0,970398464114678;
1,19719067065953;
2,37787917524812;
0,661508301761697;
-1,08029169247926;
-0,849622199970917;
0,613772123283845;
0,520536282472278;
-0,0367711400622129;
1,39523410900329;
1,42940108762032;
-0,874913575379237;
-1,83246107931189;
-0,941584098582414;
0,007913300810307;
0,470621052264735;
0,605107091297011;
0,656543696958232;
0,882137577611993;
1,11071583697837;
0,969134408043651;
0,527102699746904;
0,204756758909865;
0,188911037959707;
0,345841762000587;
0,47337416725372;
0,43191768552901;
0,241159592477591;
0,0190666612869593;
-0,288725633141634;
-0,775466208964016;
-1,01943145422328;
-0,304901759557773;
1,16914909637098;
2,13239541018067;
1,8190511119275;
0,793390812392538;
0,0904610017752789;
0,0481016514983875;
0,198304265286732;
0,269495668477767;
0,414335354064731;
0,58722652255858;
0,505203351347064;
-0,0184126420707487;
-0,802933355690018;
-1,37268372006519;
-1,60449809548738;
-1,7461244975906;
-1,36353075080186;
0,0217152611954376;
1,25873860855098;
1,04392641448437;
-0,116485195783066;
-0,92679868270802;
-0,759771480540668;
0,0396153291715659;
0,68922485403423;
0,773879942716255;
0,420675516195643;
-0,0464796777129809;
-0,358529192577501;
-0,408615491317219;
-0,274224135538242;
-0,0744366587469023;
0,118330307617434;
0,236613293496694;
0,256869841250041;
0,235508659386675;
0,21777031291694;
0,206821522968789;
0,214596880460907;
0,238729865380491;
0,250503754650511;
0,244647841109787;
0,23188688447272;
0,207109987195353;
0,173211770362258;
0,156104339058014;
0,176105257701616;
0,214063494055205;
0,21224726958057;
0,145916293815921;
0,0708380468080752;
0,0515393668216993;
0,0875427542927892;
0,133886088695674;
0,154443753076969;
0,152961743254509;
0,153090818048477;
0,156718031556484;
0,159828097508001;
0,171047967499303;
0,187863331574019;
0,198198385636174;
0,188758072361899;
0,16414068200667;
0,180606064769812;
0,267275906046754;
0,341889919422335;
0,314167025074857;
0,181540751168644;
0,0205065928520023;
-0,0547704101720357;
-0,044553655859299;
-0,0693805282764727;
-0,176667098956728;
-0,366656491386764;
-0,683694750558291;
-1,07791245417547;
-1,37062141963839;
-1,48433643978761;
-1,47823193121889;
-1,36090761172281;
-1,13810257558222;
-0,996189664067276;
-1,11060038553643;
-1,28253772238093;
-1,20706355215425;
-0,928952224899364;
-0,648839734822421;
-0,440913124943024;
-0,302660405354264;
-0,196834190368242;
-0,0666103655726265;
0,0786398173052754;
0,169021746130935;
0,176542972661715;
0,144500400834739;
0,134303247813183;
0,170514992611777;
0,237981468630287;
0,32089081515006;
0,431246588879547;
0,586860362152429;
0,75728280324069;
0,878748487072307;
0,922236004466048;
0,923682833751279;
0,970459895675798;
1,08438606875934;
1,19589521635902;
1,36075393308793;
1,68790081248297;
1,98750791174655;
2,02031397647502;
1,47986007621532;
0,831113183102864;
0,547872796053474;
0,177731343540383;
1,0123655325807;
2,47036031898198;
2,08337112658629;
1,23740425907795;
0,587446783630451;
-0,559160080974622;
-0,060641518457775;
1,69838873185021;
1,20383930276048;
-0,387619812531173;
-0,0860264060532591;
0,596719091836228;
0,0340422220934732;
-0,418118979125823;
0,0840255118254261;
0,826267402422751;
1,05411069695574;
0,652587468096752;
0,133098938276612;
-0,154299262716207;
-0,222345958714412;
0,0925842756270033;
0,546297555724915;
0,373270060158465;
-0,193972778375118;
-0,294762038060064;
0,0838271841600857;
0,463885490421974;
0,509982686504149;
0,379253611632654;
0,408591679645868;
0,431609109762393;
0,316632185510591;
0,29306211243692;
0,373202793495455;
0,401424864408131;
0,421531113777153;
0,479537523216803;
0,480237297563891;
0,399177817468936;
0,314745906511309;
0,266898352102446;
0,263578632193084;
0,306048308048317;
0,330507049271543;
0,280173878174703;
0,21855318464875;
0,225003171422426;
0,250449396542628;
0,188587114507715;
0,0506004790722118;
-0,0481615292323799;
-0,0671194438315271;
-0,0184653427353901;
0,115320095191591;
0,241691026381926;
0,2114269962187;
0,0441804851903341;
-0,115835470312592;
-0,144886408544574;
-0,0357627137286817;
0,100193950603893;
0,20048424932921;
0,288027293562107;
0,341200437547589;
0,340274279937171;
0,317576919023794;
0,265052500196415;
0,180895014060803;
0,133304292624374;
0,202882860417277;
0,431187284588714;
0,752942967765663;
0,973319447885915;
0,924986405255762;
0,619364487885059;
0,00648968016403103;
-0,978233488018707;
-1,45819024276955;
-0,686569871269778;
-0,190584458031957;
-0,903600123156963;
-0,858615365328046;
0,660590158645458;
1,84459456780666;
2,01302773504945;
1,89662868063476;
1,66254753572061;
1,14880741464468;
0,530916736501541;
-0,115397705430458;
-0,965104656526387;
-0,782218443006993;
1,38253131707467;
2,69345551321409;
1,95385157130836;
1,70279734537671;
1,97417162833576;
1,26436215674304;
0,204718784936785;
0,327642753963976;
1,3903993755549;
1,51048957523091;
0,278934436428326;
-0,815878465358863;
-0,997466057324041;
-0,642764840510258;
-0,100661483372679;
0,219320408400335;
0,063709948387958;
-0,0668019324277702;
0,0810101540269592;
0,0803518995871068;
0,0298112594681559;
0,0560066763668995;
0,00738665975549032;
0,072112892337337;
-0,00728037366641083;
-0,269063468897905;
-0,122811369331315;
0,310631984099944;
0,410517753846855;
0,0879930849203152;
-0,109081269773657;
0,00274077074463756;
0,0394732153907266;
-0,143016266073559;
-0,131630113168157;
0,628421680451125;
1,4039736095859;
1,18628816568496;
0,634762154030132;
0,421572182967838;
0,314166552282617;
0,312393463221553;
0,540785647751272;
0,773670026777825;
0,738129872789726;
0,478530220636888;
0,242398471627163;
0,105865358313167;
-0,141113487388818;
-0,645025430427515;
-1,08053534887799;
-1,15677887709;
-1,24017686356678;
-1,12654670278393;
-0,263333038841346;
0,299951425523336;
0,00134781313558872;
-0,112468716519676;
0,0474665744847114;
0,0199623394895837;
-0,0252121797547964;
0,00346139864569541;
0,0075122867718257;
-0,0043769934316394;
-0,000836874458993987;
0,00190631600858345;
-0,000501007410714372;
-0,0004677439031055;
0,00542339755011086;
0,0382898278888762;
0,105603505254675;
0,158574724506541;
0,173355111830685;
0,185515673240807;
0,20848320124123;
0,228514601199981;
0,235699943541133;
0,22372340554756;
0,196401498697405;
0,161935075764441;
0,129844947877985;
0,116710241585412;
0,132836528844367;
0,165781129597465;
0,191038932902456;
0,205516404633407;
0,223697909393383;
0,239546196276682;
0,235698075524946;
0,211001527175134;
0,174867006948462;
0,148243510035369;
0,154133622997459;
0,174707701454087;
0,180820414078789;
0,193748964295281;
0,22291338128082;
0,223426964982088;
0,143910457855492;
0,0147044170828192;
-0,0328400226564479;
0,00465269814925616;
0,0103379522677334;
0,0403984279288082;
0,153522767789261;
0,192473177905708;
0,125616436914237;
0,110676020580589;
0,152363354453973;
0,168442112967647;
0,161738167098888;
0,155648150328194;
0,154264610023235;
0,152175882559986;
0,141229734933064;
0,127525519700562;
0,131671382546499;
0,151434490095264;
0,155201065008971;
0,135629014858184;
0,120970034030236;
0,125259200000609;
0,140684422541085;
0,161579018876283;
0,181346335399689;
0,193859531383966;
0,203090837610397;
0,211710131324532;
0,220248595533081;
0,233416497762545;
0,241299135236766;
0,229914465403119;
0,210748404422738;
0,201989306249454;
0,200183060173825;
0,18945533168607;
0,170699218923145;
0,161438683720412;
0,163522563656411;
0,165713418594604;
0,17218274032262;
0,184750581572381;
0,186248107289053;
0,174465260742525;
0,167570711994451;
0,174099547441742;
0,189959927229452;
0,204893497490548;
0,204677800729406;
0,189989485425103;
0,181597995053223;
0,187286361704907;
0,193873297682299;
0,198650702461002;
0,205449326685808;
0,204752939263082;
0,194710881082002;
0,190664740029783;
0,19409183481284;
0,19063768122002;
0,183432027545237;
0,189764923158699;
0,206937518508307;
0,206394896512429;
0,182862525615546;
0,17268822497444;
0,181256970202539;
0,186302039015496;
0,197739051021334;
0,213914928609242;
0,206604569471567;
0,180023889894672;
0,165393299956804;
0,175895977701176;
0,198012040691463;
0,213817676907811;
0,218845373811795;
0,21035233917011;
0,194257909166494;
0,190538856043197;
0,196486619635829;
0,199589522698523;
0,204719725171769;
0,209335398529404;
0,207609911736502;
0,206009613837547;
0,205268643674478;
0,201575901670332;
0,200456368525868;
0,204771813589486;
0,211350388463034;
0,220849904161145;
0,227904604945436;
0,226496149214326;
0,223626294048063;
0,222233756956507;
0,219685662427126;
0,221387959915611;
0,228787582158035;
0,233522976418241;
0,232198617393604;
0,22869878407344;
0,22596163886973;
0,2257992860151;
0,225080497989225;
0,216356210242541;
0,204094368176689;
0,201281235103246;
0,209995132962306;
0,22567528517764;
0,242023460548208;
0,244989992576776;
0,233351045541367;
0,228285240387088;
0,235888852527967;
0,23924698154987;
0,231752150210436;
0,220983241659008;
0,213173064624242;
0,208971391730128;
0,207911337208325;
0,210374474894234;
0,212145329832127;
0,20961071284111;
0,204731090837443;
0,197759766162853;
0,191455341996865;
0,194561789185956;
0,205871966069568;
0,214006573068816;
0,217710417157046;
0,221336818909398;
0,220359595982419;
0,21600228660683;
0,220528882413337;
0,234690432425305;
0,246084421574893;
0,24620079871562;
0,233834586173118;
0,216634834185478;
0,211135911681753;
0,223389986909163;
0,236775202745544;
0,234931410906948;
0,223309189239628;
0,215960279975477;
0,214450856555512;
0,212207693892947;
0,213612035072495;
0,22515444942844;
0,232248646762688;
0,219740506061576;
0,202556541329775;
0,202737180417945;
0,217155546595038;
0,228416083842199;
0,226221139099914;
0,213051236081119;
0,202284478665059;
0,203091227982752;
0,208237556173392;
0,208966967633081;
0,205185109986205;
0,200247324349209;
0,198081198192671;
0,19722071331657;
0,196541161976653;
0,201715008145334;
0,21005615840047;
0,213023606419758;
0,213538537310297;
0,214844532315643;
0,214459114166122;
0,213286321330023;
0,210539720173715;
0,205820143818618;
0,200736515586654;
0,194792276268926;
0,194000223442362;
0,202645214484311;
0,211793987509965;
0,215393554583345;
0,215838652259092;
0,211619614854114;
0,200868640369379;
0,193116290942059;
0,198537150707894;
0,209632800709034;
0,213672117425608;
0,211875118805482;
0,209329524329491;
0,205307849826553;
0,201684849624911;
0,203467445664414;
0,208599465554804;
0,211346008283177;
0,211212100657183;
0,208995229305724;
0,207103207990116;
0,20692687351966;
0,204940673154327;
0,201030504613807;
0,197172768172228;
0,194511788353476;
0,194068836260834;
0,193594133044638;
0,191633044807021;
0,191767078788819;
0,194833073955694;
0,192881906910864;
0,185446986002701;
0,185214243984555;
0,193847647180433;
0,200200970129886;
0,198723005193315;
0,19159618210758;
0,1870687712939;
0,191940271097037;
0,201475139634459;
0,208441412113019;
0,212590944420882;
0,215956918422554;
0,21710911599768;
0,213395048167337;
0,209798401519317;
0,212937133739555;
0,218622182406825;
0,218437433089344;
0,212441189488158;
0,210908883817444;
0,216700817240549;
0,218904633647309;
0,214930813604784;
0,215373160735837;
0,221734937162542;
0,221737876877109;
0,214104014329584;
0,212741128751532;
0,220526748737888;
0,224172206124096;
0,218907797492025;
0,216708988508064;
0,221640003417698;
0,221052392513042;
0,212770954954072;
0,211656750927501;
0,220687220972474;
0,226854433954583;
0,223829271936567;
0,217494885089431;
0,215760537932782;
0,217079044640731;
0,21439526119453;
0,211847883576483;
0,215724687153078;
0,219526557764428;
0,218458976283315;
0,217033855391387;
0,218375014679796;
0,221147413296188;
0,222542881671478;
0,218987084589787;
0,211560447025904;
0,207797088431342;
0,212423936314825;
0,222766883720969;
0,229734592734922;
0,227315049598032;
0,218416190604387;
0,209660300233574;
0,209148330509436;
0,219565517504802;
0,234521489896282;
0,243132201884406;
0,239750672752836;
0,231207118521889;
0,224080480704953;
0,217608386786719;
0,213556344119829;
0,214055410874666;
0,214131520934686;
0,208161969676254;
0,197356005268484;
0,18912432495198;
0,191023276455962;
0,199198017735299;
0,203189839609855;
0,201376484041131;
0,194383119980009;
0,184203932434724;
0,180366940278628;
0,18430518668985;
0,189351130502662;
0,193147626431721;
0,193153704093486;
0,190355291294882;
0,192679553242121;
0,200829009259593;
0,205447853798534;
0,20341609015555;
0,200566765478463;
0,197225889535292;
0,192347623707815;
0,191668023681052;
0,195591859504959;
0,199329574589846;
0,202329599010893;
0,206594079535791;
0,216221032578382;
0,231512751737375;
0,24201696233517;
0,239452517812056;
0,229776568051695;
0,221613532748515;
0,215873373735986;
0,211523365657777;
0,207772813369314;
0,20323574653044;
0,19846091208341;
0,193650879809228;
0,188550971530378;
0,185575430653456;
0,184006884295052;
0,181326662653207;
0,181523193091304;
0,186282292803946;
0,191773132488479;
0,19494337273576;
0,194167568446292;
0,191824369286855;
0,190487380637586;
0,19066028967072;
0,192887181395359;
0,196496652298748;
0,200301185047381;
0,202322088183185;
0,201339168147397;
0,19792324056489;
0,193264701883816;
0,191381241634686;
0,196146761936772;
0,202606900949942;
0,2001571623508;
0,186362380826364;
0,170343766065001;
0,163718276864216;
0,17195523892763;
0,186499835513304;
0,190056965686176;
0,183302650181991;
0,182749677487797;
0,18832060810198;
0,188321433370688;
0,183383553919922;
0,18399111438163;
0,198973844248822;
0,222572133008583;
0,239306588464368;
0,251043680811314;
0,268153904309464;
0,282884782691962;
0,283298625342766;
0,27291940907972;
0,262993876444378;
0,260767947407867;
0,263561902778705;
0,260843660449009;
0,250790361268558;
0,242654103380935;
0,237332890009893;
0,227811369729114;
0,213726828808299;
0,200611999398308;
0,193944042875746;
0,194818595603699;
0,196563001602266;
0,191391329875023;
0,182426495572585;
0,180071824982741;
0,187134299790408;
0,197037782569843;
0,205990873840212;
0,214799079894691;
0,163323375736445;
0,0264688715271905;
-0,0403551274882497;
0,00293573305786494;
0,0138365217117082;
0,0491702230292909;
0,187726432690384;
0,250971623438246;
0,192860585207727;
0,172420682507351;
0,188625539164438;
0,178619126362861;
0,169866656305965;
0,176000469926975;
0,182030777896502;
0,184186328165967;
0,183801080258969;
0,179434657906661;
0,175410102673815;
0,177103291213203;
0,184075198765677;
0,193158878752278;
0,197753826952562;
0,195017438620433;
0,192061895934456;
0,193314848050443;
0,194776322162439;
0,194338996748143;
0,193151764709502;
0,192465216328945;
0,144147421179862;
0,0244568526137305;
-0,0355248577544926;
0,00207570238983965;
0,0124088921550899;
0,0442202980775084;
0,169123581958843;
0,229426175350677;
0,186042940782255;
0,183495842979369;
0,211019196844183;
0,202552949939305;
0,19467285803545;
0,205884714232512;
0,207008013195236
