-5,43398138006795;
-6,56254657234687;
-8,92444769708116;
-10,8371880370561;
-10,7158198486925;
-9,25808978549884;
-7,75554144353316;
-6,41603184478746;
-5,23532072090573;
-4,19072574239069;
-2,8443884652453;
-1,22364391934278;
0,00932406299642462;
0,221987141128643;
-0,89625735044284;
-2,69151076791433;
-4,05541751463932;
-5,2549104267914;
-7,09300711647839;
-8,82272155379777;
-9,24544346988311;
-8,25854817149721;
-6,30815236260783;
-4,2099472338217;
-2,48483602426261;
-0,384562345178796;
2,34993824835114;
4,67323085497637;
6,11610802896574;
7,0935170882472;
6,19177002383937;
3,16878150140162;
3,10250715651751;
6,30718658331873;
7,59963110406624;
5,46641512961139;
0,985569632314609;
-1,3206798895985;
0,0389053807666127;
0,479103063816305;
2,41585202532363;
8,73130007211993;
11,1772123466403;
7,4943284520631;
5,10657025932451;
3,59212135284215;
0,378523632000756;
-0,882236291557595;
0,147379669032667;
0,265732489736208;
1,20035176873326;
4,92610737101822;
7,59059018355466;
7,58040463121841;
7,49347786043556;
5,60439280318584;
0,767289026140389;
-1,37039126847334;
0,151900974141747;
0,447133638884922;
4,8788608929234;
17,7251787984429;
24,3502812769236;
19,9251393649241;
17,6152789876791;
18,4290216891663;
17,4675398622783;
17,0194101280591;
17,4672830714994;
16,6443065816417;
11,2711895430314;
1,52625316376194;
-2,66938634079142;
0,262587331524535;
0,888412702131203;
0,481298261573414;
3,03151258754721;
4,04419291388789;
2,29713529775372;
1,40786699282926;
1,85619915276757;
2,49031647588583;
2,94376418706752;
2,98520522847055;
2,78137044251242;
1,89554154537557;
0,234363720996423;
-0,452367062254019;
0,0555592675614889;
0,145537477521399;
0,421786473910987;
1,57965809970501;
1,80507211817214;
0,902483369483329;
0,628137308023843;
1,8974155754672;
4,69491782968422;
6,62163881844359;
5,97711966099479;
4,34795505292198;
2,52326121997258;
0,405135233334183;
-1,04307380440657;
-1,15351430061914;
-0,604704402973031;
-0,24061915327663;
-0,0487928292732135;
0,0519687204169498;
0,00412792538585166;
-0,0215556375762283;
0,499778732742691;
1,69425845491666;
2,21723450244923;
1,54291973806822;
0,730891754407501;
0,137367898494668;
-0,12356662700097;
-0,00227730788347936;
0,0456999242491263;
-0,0184628496632708;
-0,918008945507847;
-3,19507750933539;
-4,61626312851605;
-4,41567889929577;
-4,46245111138211;
-4,39888372592674;
-3,20791589301324;
-1,40663121533062;
0,515222062205059;
2,47978262447475;
2,97215902519827;
0,771033031838605;
-0,815085706208476;
-0,022035585660425;
0,313105398545318;
1,17795752419685;
4,1602038090506;
4,75815430917507;
1,78527662098016;
-0,427462745213193;
0,494101509832897;
3,90505381973877;
4,90822233229546;
1,84476944128953;
-0,510736921316227;
-0,794884228501997;
-0,290108576522485;
0,204138936427873;
0,0492765588895357;
-0,0982152750917848;
-0,845898449833725;
-2,92296107089966;
-3,79957834180972;
-2,47927774495194;
-1,21207602896019;
-0,573247624762924;
-0,0258113193022882;
0,123026752976273;
-0,0278568901622776;
-0,0343578592040498;
-1,12596360979015;
-4,1285647696744;
-5,75884280667374;
-4,3464620106272;
-2,74674174247289;
-1,58864425959544;
-0,112307606860416;
0,372047085112871;
-0,0779544790363136;
-0,105603549710135;
0,361038649877049;
0,667716559359953;
-0,288708178180677;
-2,44438623160756;
-4,15598941847799;
-3,57898092518155;
-0,645992342506987;
0,901125891966722;
-0,0462084436286003;
-0,317042260541702;
0,435993560381727;
1,3665413243787;
2,71456794164162;
3,85374988227142;
4,25506641453204;
3,17496251179002;
0,511094012827597;
-0,776035354392692;
0,0536446045854482;
0,267582641594401;
2,62260194771136;
9,53145464386536;
13,3548701467611;
12,2685161717262;
13,9557732683841;
13,0052433327007;
2,63605122097594;
-3,42549082646198;
0,133320598161123;
1,21946721496466;
12,2855235458931;
46,1754701613904;
69,5358933592644;
69,0468065713231;
72,4497059283109;
59,20721419017;
9,77863616948498;
-14,9749060206233;
1,18641798084642;
5,08086268393766;
-4,26815553431603;
-11,1679941437807;
-23,4175732086968;
-27,3172850331285;
-8,20479537896961;
11,1609246787234;
6,12620377439776;
-4,12424147183185;
-0,831603314151684;
1,87469842929414;
-2,79064808411639;
-8,4026767465856;
-11,2668489718424;
-9,81625165827139;
0,261593162553994;
32,7050578608137;
94,4870574441584;
154,751608094082;
163,601836587438;
107,134571746682;
13,9236547674577;
-71,1132778302368;
-116,462062361492;
-128,200058581167;
-128,635081427348;
-126,572357140271;
-118,807556725731;
-99,8859871812521;
-75,4351739344508;
-57,5837554065105;
-35,723362932405;
-3,70602588701896;
8,35839601698162;
-1,250524570839;
-2,59497071242059;
12,3161576890991;
32,1710523257836;
24,9558390227895;
-13,4122150035643;
-49,0321777671595;
-41,5252024158939;
18,6616742148908;
39,5875878706366;
-13,1290528814314;
-54,6065719284783;
-64,5936391907156;
-52,1697369780675;
-14,6508775646045;
13,1281411271014;
19,0917924167662;
1,51646640885233;
-36,0725688582184;
-31,640701604641;
12,4239627893685;
25,7581343491063;
13,5035840206404;
2,60304990764475;
-2,80310668364958;
-0,240080428076638;
1,17435373130648;
-19,2952546051226;
-61,0507584526057;
-67,3167042473144;
-25,3004073693524;
8,42702125484304;
14,4422513906677;
4,31100573342531;
-3,93449498007853;
-0,360235280052004;
1,62476371854985;
6,57842489182752;
21,7568804904937;
19,8579482106103;
-10,5308595605124;
-43,9777935953681;
-32,5398442294966;
34,4578975540918;
64,2085573599323;
29,6916904397378;
15,1604984641561;
19,994390684254;
4,64751273279993;
-5,88915361404279;
0,313568502658406;
2,04132215169202;
-3,811496017251;
-18,0763516412321;
-44,4454161702141;
-60,6268543721109;
-48,5189862920779;
-21,2674189564448;
0,112569113847634;
3,97844189308689;
-1,14670116601818;
-1,02247021162366;
5,59939230168021;
17,1750345847698;
31,8384728425668;
58,9649222618898;
107,712301000958;
116,565322130871;
42,2972729385381;
2,31721292904489;
59,1624798614717;
118,635635247211;
140,843209022596;
125,350444535967;
73,8757502548466;
38,6875943096895;
41,2624799949209;
51,7922458286872;
53,9458982191971;
42,0850009585306;
9,98527882036293;
-31,1543007958042;
-65,1538169408382;
-85,3168523953018;
-91,6065758361134;
-90,9746722809884;
-88,9039030671666;
-87,7653144954446;
-90,2332303585137;
-90,4816033042684;
-78,2844744353353;
-50,5726559890808;
-17,2814009434211;
0,0973214328963221;
-3,76664901865254;
-9,61147627246483;
-6,25658471519559;
2,01081266928723;
9,02497205637519;
13,2513210803701;
19,3467869565331;
23,539799141536;
15,90929363361;
0,0941612616105446;
-11,7377902772921;
-9,68634601555837;
6,51070855589113;
20,3114944750402;
16,2572665579804;
-0,00806248971532849;
-13,4158023806843;
-17,2973901470284;
-12,1533549100314;
0,792536560874792;
18,8461459023663;
34,0081889373961;
34,8989694412103;
16,1942766420805;
-17,1734877850962;
-52,4985568773676;
-73,2157078798627;
-69,3964440896438;
-46,2728395912886;
-17,1630714225884;
7,90400365753796;
25,9869619246163;
37,543910438641;
39,9032566115397;
34,9166716452235;
34,3244460935346;
39,4358781607257;
36,508192344062;
19,8140032249864;
-6,45941603020281;
-34,4066521746755;
-47,6848699267051;
-32,3985318654527;
16,0573800500909;
83,4804347718736;
119,212796935341;
79,1188206174188;
-22,5262133404083;
-132,025159497474;
-192,127585688952;
-175,39084773559;
-103,844780759046;
-28,3830250682766;
10,1417102717126;
2,27247842050532;
-46,3684445820213;
-118,050195907792;
-160,63941292718;
-114,668973721667;
16,8103077967697;
160,635183612418;
238,291052911565;
210,143590760496;
95,1156473733872;
-31,1283268367914;
-97,3312639129529;
-96,1562241405302;
-68,23509516323;
-48,2213780976104;
-45,7976654906755;
-60,7306055472957;
-91,6244812543156;
-129,243244963145;
-148,994417960942;
-123,648491472875;
-54,9729959915267;
20,049512356225;
69,194012968298;
66,7713119856895;
13,172229003742;
-17,177137170946;
0,600423737346326;
6,15694498766874;
19,1489266984439;
64,6578681430181;
56,0509943302576;
-19,078611866188;
-64,3653935623709;
-47,3849010272939;
-5,35096570241285;
10,9252351636044;
-1,38188146893538;
-3,50920012993929;
-7,09389784047563;
-25,7667531974255;
-16,2984987665393;
28,0497642905451;
60,6102213897253;
52,1260138124784;
9,78916481024347;
-12,9801182745114;
0,429156823400353;
4,67601614230387;
12,0010154022113;
43,3989100724118;
52,4541872051654;
45,2286445279413;
76,1474765715919;
88,1821027032563;
20,9804666310066;
-24,2185849244369;
0,166250881192705;
8,93797642117159;
-26,4491673242481;
-68,514141672993;
-50,7684605183309;
28,6360671531322;
87,1593106676212;
47,9616947816965;
-87,5201781985589;
-148,783268338181;
-67,9778816967343;
16,5008920242057;
73,1031334200717;
125,652708577729;
132,466385236424;
81,9866534763634;
1,7923715719517;
-77,6484734966785;
-130,284842404558;
-139,527387356848;
-104,237252033811;
-42,8503333018824;
17,0588289041353;
55,5486190623558;
65,9847424858755;
54,8507934152523;
31,0086503710666;
-0,976999507200812;
-32,1233468163176;
-50,3715095396512;
-47,8556553241554;
-25,0191271601862;
6,49203571505746;
31,9943332427456;
41,0749141761532;
31,8274853219924;
12,4195232302791;
-2,92390129889429;
-3,54492302961306;
1,61986864474502;
0,724756358784919;
-0,902028985689968;
-2,02454594055741;
-1,690685609384;
13,3927214331698;
38,148818326124;
52,8608489447886;
41,6238560108186;
6,68068063682701;
-10,2734963424303;
0,769145785711893;
3,51314172726189;
10,0615342362127;
36,8394140079496;
41,4819497924206;
18,349467081166;
7,0689123442304;
4,98963397333635;
-0,459579792126587;
-1,26303049674476;
0,642014587141099;
0,188006140656478;
-8,162615478006;
-29,8007182336083;
-48,1968966844432;
-51,1326600068737;
-49,6381005996637;
-35,9503532935363;
-4,89560121157726;
8,7385742053498;
-0,955452432431214;
-2,85868274112726;
-1,18501118549292;
-7,35938709044724;
-5,63486128353717;
6,35683151022321;
16,6572874378797;
17,4644546925548;
4,6732722532626;
-4,69185397524466;
-0,245997996469515;
1,85787094045151;
-2,56474283230961;
-3,95254854530045;
6,06375721011179;
25,9143935293777;
41,4014047289304;
34,2314928087578;
5,46566563273175;
-8,47875429731985;
0,661795157811261;
2,88651189671;
-5,89604254677802;
-29,4237789457781;
-80,9419806245083;
-134,922637600177;
-151,533431439181;
-102,284638089027;
-10,9865285934263;
23,7650628821041;
-3,32583943937528;
-7,48547523310955;
31,1088100264009;
79,0579045106201;
55,6152723235237;
-50,5212401308331;
-147,197173668077;
-146,653790638739;
-32,7347814712458;
38,3924257814969;
-0,0983540064294932;
-14,2937763101269;
35,0161134932852;
90,7241811490818;
76,8384820866759;
-1,42185481088618;
-32,0506414319137;
-5,53054933961258;
6,27865582402461;
-1,063194882401;
-1,72318189376237;
1,08966128054587;
8,73537933470198;
35,209719085639;
65,9407287941006;
78,0112156716835;
68,8913360878151;
39,6607698723995;
2,75800199815863;
-13,2839668968723;
13,3671529640518;
77,9163614864254;
133,99725163584;
125,595903039601;
39,0147138920318;
-95,5039971129347;
-209,118500075907;
-227,575487490924;
-146,823940054107;
-29,2695538237923;
65,016767289375;
112,073915045258;
113,700337635683;
69,1601432672481;
-18,879075907606;
-113,638389191206;
-163,166840725558;
-146,534577558033;
-78,9105360705384;
3,04480760003253;
53,2338768488244;
46,2886506995389;
-5,58365707208512;
-69,9152381115034;
-114,39352340589;
-118,706335923245;
-83,0263717958896;
-26,4827935958996;
29,3586680749915;
71,5293920729546;
91,4202146976856;
84,7289953304666;
59,4843780230768;
32,7117654698701;
17,7309901043395;
21,8621472018861;
47,3931824732429;
86,3610060934216;
122,806802965649;
145,334939974197;
149,912454162334;
132,899488677971;
98,4986096488666;
62,637096189502;
36,6935268333643;
25,5080874224218;
32,9712633167317;
52,9555742519513;
70,6132936721146;
71,3062573480469;
47,7536450801271;
11,9582640351807;
-15,71871607345;
-26,8283666514097;
-22,4117360957827;
-8,89865696501667;
6,85192485382224;
24,0095222724768;
42,0275104992573;
58,0061485819492;
68,1258565237823;
65,5857659651026;
48,4765293876974;
26,29591106795;
7,64950548227792;
-4,92641756422797;
-5,6403697787869;
11,7048940677997;
43,5358981215289;
72,6354552542516;
79,5903308900565;
65,1440366853183;
41,8413701336487;
14,6833495478519;
-10,4268792385802;
-26,0971104871152;
-29,9923044994596;
-21,4025297044044;
-5,41800254886369;
6,9199628230423;
9,37296176540769;
3,28991749398979;
-6,51450603696543;
-16,6843694241723;
-31,7183199492334;
-55,9750379201001;
-80,062966464382;
-89,2309856135652;
-76,0493868623061;
-43,961789178662;
-7,46420597879408;
16,9396402318863;
18,8240622949386;
-1,57220657362666;
-32,5134702633265;
-58,0986775312113;
-66,284049113597;
-58,0816910216926;
-44,9452767500049;
-30,7210268483614;
-8,17138579670386;
21,3162977088458;
30,318556201116;
6,92041180666781;
-8,39361201566176;
0,219342004744816;
3,02410368589934;
-7,25396524452148;
-14,1775970907111;
4,55961758030521;
42,3167791831464;
60,8856419130926;
51,4044294752117;
31,495059741455;
14,4863788816487;
15,5863857010566;
52,4410774756214;
77,0385714629889;
24,8989616765925;
-22,3098191088843;
-1,96098654690403;
9,14021092829882;
35,7516633137032;
128,860060570579;
154,659688310294;
50,5671026670065;
-63,1031082804163;
-38,9269679331841;
139,318195894899;
199,438532443286;
44,1156969087959;
-83,1869724322158;
-145,037797147305;
-93,2012340959849;
178,2806035955;
228,615750197815;
-97,305384614812;
-165,304328757542;
36,7565291139924;
40,4293134121048;
-29,534689137436;
-2,07323233910219;
-2,4254748020278;
-50,3770926442441;
-53,0799466822423;
-11,1161567579981;
-2,17759691946694;
-21,8290102805909;
-11,2530461793324;
7,7241169315448;
1,51662877966707;
-3,49987667498922;
-11,6268024881028;
-44,3675564510759;
-66,6616003000896;
-58,8507442936502;
-49,0315462707734;
-34,4910771975707;
-4,72229173564653;
8,38287609313483;
-0,905381971307863;
-2,74731342796054;
-8,57554873914746;
-32,9415712201713;
-41,3870841372117;
-26,0830209037551;
-17,4243875682846;
-28,6235974893868;
-52,2763800397875;
-59,5887204387763;
-54,8243336492393;
-67,2131150823136;
-74,8732084834288;
-53,9645646796988;
-10,4275689921906;
45,6311823643693;
83,1798109545821;
70,3748709126338;
23,2095534007484;
-13,9642808470519;
-19,6941076197227;
-2,02124539956951;
19,8115245915766;
28,4663004946257;
18,9511940652332;
-2,29179678286791;
-20,7005040070235;
-20,5722966645294;
-10,4862029430397;
-15,5534015837072;
-37,924398123179;
-62,9291235341119;
-79,5556599783388;
-75,7171408219152;
-47,6231131861764;
-6,20610737579208;
38,0346125628237;
75,0501532797181;
92,4531296566235;
91,2094180683913;
83,8830759974256;
77,5875846573235;
55,2105166612193;
8,77169319626892;
-13,393105250114;
0,923057004783789;
4,62239034006249;
7,35222920968169;
31,8855583151149;
44,7122365424078;
41,7450930863269;
59,2242029922459;
94,489123045436;
123,129364804711;
138,390484546726;
136,183782861022;
110,182921051038;
61,9732927546834;
-0,975188600565294;
-64,8065172647841;
-109,202125582977;
-124,185863415543;
-90,0656688658906;
-12,6558608163198;
21,6694293607707;
-2,09994633418397;
-7,2152205434728;
-1,94786318223575;
-14,2533974043238;
-8,86825295254332;
15,5608880750237;
27,6720758260941;
30,2793788872021;
32,3248144125835;
29,7134235564544;
28,0296324671227;
35,4116746217434;
45,8366775833588;
47,1713474863064;
37,5894547086259;
21,7671908767106;
4,78212899556201;
-5,83482585029036;
-6,26649018952264;
1,06941362151728;
12,825529850945;
25,2958751894333;
33,9526020306451;
34,7126161377961;
25,8434097195608;
12,3176114260412;
1,75578276784064;
-3,90422384460054;
-3,84946335552457;
2,0744242707646;
8,91008704277412;
13,6355342600021;
17,4704117400037;
22,5091203894291;
30,4659899398592;
39,1896477087288;
43,4846759167438;
31,581555790779;
4,23236096211269;
-7,59556619680399;
0,821359263311908;
2,49131937106457;
-17,0245610446745;
-48,1382407746022;
-43,9376949472989;
0,843402742498825;
35,1588857465639;
36,07433426061;
8,75605092914813;
-9,42398822918565;
-0,284166295552688;
3,64600701375761;
4,37924597626128;
17,9923960487946;
24,5638253134638;
25,6879699992895;
45,9834687287101;
59,3041099221732;
32,0946445455974;
9,04413633919942;
25,6062995794259;
51,782698395077;
41,5891155021266;
-24,5615836299617;
-68,7927829755104;
-35,8807163487971;
8,19252894023263;
26,7797715120906;
33,6353832747378;
26,190139917928;
7,50872313591726;
-10,2787324203409;
-25,7468029319146;
-45,5795373252819;
-69,1001949082517;
-84,2477761345673;
-84,3487488957444;
-81,454165436853;
-92,130500545731;
-117,050015495259;
-134,996144805947;
-118,231503773618;
-62,0640080519003;
12,9037830491229;
68,9010959378652;
53,2530503024691;
-46,7204163242172;
-169,86512334315;
-236,636670121085;
-205,153130041901;
-98,9860311777497;
13,3915562023607;
91,381571447673;
143,974247010208;
180,837025350221;
188,765370401949;
155,465296119096;
89,6009010468709;
20,8887606121645;
-22,9294659518892;
-39,9440114608466;
-39,4407736129082;
-20,7006473136591;
20,4270533414239;
72,2531389262635;
105,229016252127;
102,396604012036;
68,0111361630351;
8,3599961260375;
-57,8276425292069;
-101,769781449719;
-123,351871116197;
-141,575647824648;
-151,265400132104;
-134,453596127209;
-91,4580359572359;
-33,0504310632545;
27,178283728522;
68,1882205410814;
83,9788659177396;
86,9144594756423;
78,7853802896152;
60,6257685734901;
50,7281326919775;
65,47790281907;
96,5931198921133;
116,409397447419;
108,697008247397;
80,3539109622074;
49,255850527197;
41,60774833809;
71,9921980901581;
82,2205677932414;
20,9602845504325;
-22,5856040230557;
-0,432241390434055;
8,59581641454088;
15,7898439642681;
47,4084958407041;
12,8144142068454;
-87,0343977912022;
-150,35226608417;
-174,644533904034;
-187,320791828335;
-167,819698447697;
-123,013003316838;
-82,1533441541019;
-92,2621083582279;
-166,10393415135;
-189,825954835739;
-123,896999006148;
-73,5555625381148;
-64,3897942239525;
-64,3057168246789;
-59,4285657611873;
-32,8635246612688;
5,7540311674462;
22,5201633104634;
6,67411830588193;
-6,66761199310981;
-0,234063776459485;
2,57168906490176;
-6,72036603885284;
-17,1663957635122;
-11,9953331196008;
6,74553636254367;
15,9140572456052;
4,82509132467805;
-15,5089058226304;
-14,8721647951999;
7,05707505474753;
16,8543227262629;
1,3412684937599;
-24,3695412383634;
-23,3440934535182;
3,59841934152472;
16,6759152832064;
16,993397609755;
20,6014869250695;
19,5440994226889;
11,4287632880573;
7,88623519543981;
11,1574416238662;
12,3708521427872;
11,4819506279695;
14,0629400083042;
19,1110852240728;
22,9697846924819;
22,6920091473763;
15,8794466413431;
3,95797308477629;
-4,55780938887685;
-1,54369845445377;
7,64400637047302;
11,6415097691053;
8,44492197846044;
3,58623342509235;
3,38793780398113;
11,6651285432223;
25,3641821594655;
34,0976330611335;
28,8339080903409;
10,4776763562111;
-13,9451736011157;
-38,5252997236013;
-56,3766563582679;
-59,7059768126505;
-46,2168233329543;
-18,7239672642185;
14,6416790816148;
38,3068660694408;
41,3074365101303;
26,3569245750661;
2,04564326407382;
-21,8406791973933;
-36,4599818964293;
-38,2511315638316;
-26,4464776923843;
-4,57489709739249;
20,2320028869043;
47,3380344583242;
76,1909581328063;
97,2297379103923;
100,594094779377;
78,9077036383413;
28,8628507340018;
-35,9123930527513;
-90,2742542589201;
-118,554961054956;
-117,429544297866;
-89,2338781759882;
-45,4752810678044;
-9,27030241804541;
3,21101069583905;
0,510143866566347;
-1,12694603039244;
0,254575813604523;
1,21505960545405;
5,54683219378959;
14,1853117510585;
19,9196079958412;
20,7352503965279;
13,8076255444487;
9,51853677962732;
42,8597084106344;
91,6158382922715;
86,6388273682946;
33,36883179731;
-4,83909968118431;
-5,06613945258624;
3,08687755404444;
0,627389127805927;
6,68911121464248;
34,3294428051344;
60,7753237983256;
58,5806756595427;
24,0402244465737;
-12,3771105521745;
-11,1681592229733;
5,59961124285615;
2,1750595052569;
-2,98863948927833;
-11,2920346010829;
-33,4915554268609;
-30,8170163855215;
-5,58818820846623;
-3,95816816783048;
-12,0566881857386;
-3,26814834787414;
3,77027900471766;
-0,119136958918971;
-1,33749645301517;
0,329746938686938;
-5,16089897887846;
-17,0764825172614;
-22,2659441882064;
-12,6123146496298;
14,2342494824582;
56,0228865957251;
88,8886882863996;
88,1976132938988;
59,5640218910244;
28,4285581983937;
14,5154902664648;
20,8963398957836;
40,5489326486716;
59,8118722195808;
60,1397555198075;
32,3975310785749;
-14,131287502491;
-59,6088954879502;
-86,6430638635822;
-89,116201176371;
-74,6077569875072;
-57,3972926304621;
-44,9621700778914;
-35,6552291333455;
-28,8726919244857;
-26,6678038509269;
-26,9090323147432;
-24,9649460227257;
-19,2587382693862;
-11,449007791347;
-5,06774722341377;
0,390232011347947;
10,6229007091238;
27,9918108180605;
50,5171255462218;
73,1165684482116;
86,667207614448;
85,2532993450589;
71,6369674030223;
52,3937103562964;
32,2400277861315;
11,3598319211124;
-12,1931345363166;
-35,5901327243237;
-50,1172444535908;
-46,7967017802099;
-24,9857849477459;
6,78804936708055;
40,4490184992853;
70,696163991928;
93,1420419771575;
105,127937937545;
104,20419307115;
89,6700393969485;
63,7715184501367;
30,0226682018013;
-5,10599911711153;
-33,9406560378948;
-51,8671956007083;
-55,8196496846636;
-44,7005894433192;
-21,3844621720209;
8,4585112037693;
36,4364409770894;
54,5282155533514;
56,8057011826205;
41,4669892453607;
15,6267421661294;
-11,3790793528354;
-32,1870402897269;
-40,9630037972011;
-40,070257638267;
-35,6890464109332;
-29,8403876976346;
-22,7891169535536;
-13,5034586180574;
-0,538395787025326;
12,3563723636017;
17,1258387403862;
12,1831117705864;
7,31978255250371;
12,5000520731695;
25,5762152053363;
35,5677152538271;
36,1031575389868;
29,0324440278109;
17,0754849875701;
2,69613230848149;
-9,35017101282111;
-15,0640740800667;
-14,1491639791051;
-10,405120404875;
-9,25514110015823;
-10,4441157064078;
-8,94428593107738;
-6,23898271026046;
-8,8445477049727;
-16,681113186512;
-23,2090399646742;
-22,7847185901636;
-15,0287445505663;
-3,23015842303979;
11,7168986482819;
27,8682240281061;
38,5423844630733;
41,2570447841255;
36,6425006092488;
22,435594154658;
3,37039864772823;
-7,44392156962728;
-1,20840432076474;
24,0587988872248;
57,8561203387915;
70,7817697292342;
40,7351747613804;
1,13241104087908;
13,1787800428927;
60,4368325433713;
73,749347663928;
39,8810485027947;
0,177509998633514;
-8,03660732368385;
2,31899119164444;
2,04112786967476;
39,9007112868486;
139,207440176997;
155,21825032187;
17,5613872988506;
-147,089916039984;
-188,91933160382;
-57,9011913266884;
75,0450508757847;
92,7559408980409;
115,643444542892;
124,857567531857;
29,2522366715915;
-34,2743373650875;
0,417185907595095;
12,5688349049527;
-23,2921596615017;
-64,1923223677467;
-80,8322037972948;
-65,3233573923065;
-53,9502433391554;
-55,834903298748;
-62,3635877099455;
-81,5703257966267;
-98,9392833042408;
-94,0128157304331;
-73,7401669036528;
-49,0326383470981;
-23,6282990341155;
-3,29147730389009;
6,10366616167514;
1,74344837170287;
-13,3845631764996;
-28,6908214273345;
-29,6534282934956;
-15,8841327406492;
-11,7425127403045;
-32,0241165852165;
-63,7671638253046;
-94,9552991237201;
-110,232152932226;
-90,1413752501755;
-45,2523661539662;
-2,68429534036466;
27,2164671300238;
51,9257730391259;
82,4983405677427;
113,304681637457;
123,271686627663;
100,357168153425;
52,5045405471375;
2,171944873371;
-25,8444225828272;
-21,7922437820518;
3,2642286954849;
30,0792627170652;
33,208431073049;
6,77718982288774;
-8,7902338688666;
0,346005420187446;
3,12634139229623;
-22,7078920991364;
-70,2790224404151;
-77,3373904503648;
-20,4162899946179;
39,7720681023406;
51,4820196345095;
12,4639118491501;
-13,9359262339292;
-0,111030655486349;
5,24040079782188;
19,1546284885699;
70,077690325587;
84,8028528403183;
37,9772761415648;
-2,91904671508628;
-13,8267986290377;
-5,8037299897475;
3,97754053554093;
0,930351109936731;
-1,8879774867153;
1,94361025326965;
2,67008247390787;
-4,97745807658375;
-13,6556842826845;
-13,437458215098;
-6,0892743839475;
5,1235996152186;
21,1823679487848;
35,3291499257255;
36,1140807593788;
26,6200846506645;
19,5549135428036;
16,1617585771671;
10,9068964772673;
5,58018902701799;
2,30831788268946;
-0,579730982502061;
2,08710054774132;
13,9913623967078;
24,9849299675214;
23,6606841106087;
10,5951505425807;
-4,52205514650858;
-13,9774320970902;
-13,7566832463812;
-4,73448149093206;
1,81280377702002;
0,558681091411724;
-0,820572297207175;
0,135967291827966;
1,43579296037604;
6,63613836288586;
17,9353628978121;
31,1630105059572;
42,7906377318911;
37,7667411891014;
7,63213598898516;
-9,70504228619741;
0,256844428311458;
3,51553196600072;
3,28366943341591;
16,0521568527863;
25,5005186756224;
29,7104783262747;
39,9767235820505;
32,2957756920567;
-10,136163262842;
-45,8691092723512;
-51,0089374551129;
-50,1695074329579;
-46,921400216499;
-30,1374951872249;
-5,22302299735205;
20,3576637078493;
38,2104346122582;
35,6321241015054;
10,6380784087897;
-23,6444684007203;
-54,6799808370099;
-74,8458024829448;
-77,5070707322542;
-63,2756106743632;
-38,7227668728298;
-6,72948730675209;
30,6969773579222;
63,2887781634778;
76,2630684198536;
66,3961471295461;
42,6639961724714;
12,5484935609439;
-15,9551283150817;
-32,2584448222146;
-31,018853496369;
-10,4787630854204;
23,3121440549183;
52,2044570489204;
64,1137482572289;
60,4548680651557;
49,8661340945059;
48,0167009881205;
66,1270792003748;
103,297476493335;
143,022341984099;
142,995303989996;
69,6191881481245;
-52,7953022965365;
-164,979815176361;
-221,901105389987;
-205,870829613342;
-122,446796023989;
3,09097947423375;
122,930974261369;
181,116436263375;
150,321610310758;
43,4991100582101;
-48,3174541861315;
-29,5724030811816;
18,3691411702671;
4,58998307390408;
-8,73254550970794;
-6,4110050462239;
-7,06606983943126;
38,8293404743539;
105,343359197188;
124,364307809911;
116,549245900404;
97,953485915998;
46,5705870346773;
-22,2601010730874;
-73,100670368533;
-69,8635876160168;
-12,8728177084476;
17,8738237839834;
-0,954780717609646;
-6,26310519728687;
17,3915947288456;
52,904109331268;
73,6869522265087;
65,7714917852208;
54,9749062225876;
38,1170004939955;
4,77632884662761;
-9,26070234301629;
1,18517724159766;
2,95301786248363;
15,274291247869;
64,6022860061984;
105,598466205438;
99,2377779780183;
67,4318385978073;
41,3157433021825;
26,156650859542;
4,40118757503924;
-23,8181305901004;
-40,0956697492143;
-49,4740707942323;
-64,0051001700143;
-80,3770270449623;
-90,4907074678629;
-81,6904114231617;
-45,9547298505435;
0,703626906347612;
32,4241010701807;
42,4220712908915;
38,2177427531059;
19,0232252040253;
-13,8997363853931;
-42,2588567573035;
-53,1908585438045;
-51,3675927729898;
-45,7283767225273;
-43,3409255681333;
-49,0663343728529;
-61,9772784360436;
-68,6624483855517;
-52,9374138777411;
-18,4354143811257;
15,265775919902;
32,8500297923229;
29,1531574820737;
17,178471009225;
13,5714098725511;
17,0842304958047;
26,5177665246198;
30,2395001108261;
13,7215736740513;
-2,61937643773669;
-2,0831137312245;
1,53479004235488;
0,140151038037891;
4,72656185984071;
26,011188202993;
53,7322221166808;
62,7996764391944;
46,4586905990063;
20,156900643012;
0,116688573288851;
-3,8047317079097;
1,01224979643545;
1,01390571019902;
8,67939797639128;
36,3078524714594;
62,3670209048735;
77,5892219222598;
98,6050046290007;
133,44554304508;
165,585763844452;
150,821096208531;
88,4846176381859;
24,4166627600388;
31,7645206765618;
137,571712900116;
179,263255762434;
89,6069749633297;
13,3493717431619;
-9,23289793487851;
-8,55049276591639;
3,24469499758713;
2,25330430387864;
-2,18789977248468;
-20,0461704476675;
-60,6900724238144;
-62,3615300427022;
-26,3888294458478;
-23,9453551466324;
-31,1119783465903;
-6,61470801817722;
8,82918249377378;
-0,555045360679362;
-3,03125036947672;
23,234902433441;
76,8149076685968;
103,901908667528;
77,6446990312701;
37,3827118862995;
-10,314922840094;
-51,0827800087447;
-39,6444331752302;
-7,68412816940373;
-8,64900146877141;
-20,9991617814168;
-20,6470423708823;
-16,1944953886514;
-9,0031648630203;
1,66222990183921;
6,47621410351965;
1,74798656659266;
-1,9092836289896;
0,000244831972265997;
0,706762966922628;
3,5668279065367;
15,5824437493327;
28,9132990592167;
34,3245772596822;
30,5411500681912;
1,20504517923092;
-45,8591581043719;
-44,8146502446996;
5,45818251439924;
36,8412267938999;
31,4498220596549;
6,26723382847794;
-7,77999716344164;
0,0769535155367418;
2,88425340969559;
-13,5594422579968;
-39,8674911478038;
-41,7472361242002;
-12,2686998566528;
12,7647927182019;
27,0717755089212;
41,70933297969;
50,3319751019498;
47,6351053892722;
35,3612610228802;
16,102829770122;
-0,462876432804614;
-3,09760456679062;
1,07675335452078;
0,711042480787503;
-6,48840033319105;
-16,1051324550443;
-9,63333033990154;
12,5503893099748;
27,3885523042558;
31,9793607000673;
30,2545856063344;
18,3620656582585;
0,0882832489602319;
-15,7187120824551;
-22,6976799546957;
-18,2944235991217;
-4,35757456912452;
15,2593420140119;
35,7994498444278;
36,663552019539;
7,84577582703682;
-9,68297038682063;
0,216099618331502;
3,51771454771271;
-8,0451529373361;
-17,1141843649645;
1,277999588056;
46,7996916571549;
75,2641283116566;
59,4065806147231;
10,6423573298027;
-44,8853095309033;
-76,8036985146915;
-70,0030924381504;
-36,8835232971728;
2,31038808083906;
32,4598454770284;
42,7537371143919;
34,931499345608;
16,0719045159972;
-16,1093902395071;
-60,0451400874497;
-100,777862300424;
-128,299677538084;
-140,344068750708;
-128,059937690986;
-82,4827456846788;
-8,98842703916375;
72,1625886368215;
134,168325225722;
152,032281894049;
115,318902960377;
42,6176561842958;
-26,6306621152604;
-63,027539312093;
-65,8225051641037;
-52,6525856810545;
-40,2399744408349;
-32,1149519081955;
-23,5526822417098;
-16,7475371504345;
-15,6945071539726;
-15,0051889677804;
-9,26195120980749;
-2,03258240640512;
0,875211972766799;
0,1031844445701;
-0,314286545484021;
0,0886250526975174;
-5,72846924316084;
-24,7885020903027;
-46,5130010524899;
-56,474740463235;
-54,127146266474;
-39,8156210188581;
-27,3167388185098;
-38,7635309422765;
-57,9626587037965;
-56,394552946123;
-53,9478292701467;
-73,4858974273264;
-72,9250028920565;
-22,7922138914845;
35,3152775723701;
48,7769444197473;
11,7187500121431;
-13,2272946742865;
-0,0534936377478443;
4,95024703751942;
4,68212825835866;
15,3824996985664;
-2,26905837737801;
-50,9845343980439;
-79,8874590156772;
-52,145219624661;
8,85873549812696;
10,5284577075904;
-52,4209174077237;
-84,0888771773737;
-53,9980095623402;
-12,0446609358033;
-33,9496048454131;
-92,933133887215;
-92,3464312355953;
-48,2575920292253;
-15,6044895260692;
4,09193273383206;
11,4017792055518;
1,00952954719529;
-19,7452557031084;
-37,3059920829867;
-40,4955180568417;
-28,3717578520064;
-17,3822418408652;
-23,1028365598128;
-37,1048885840033;
-40,2613156871222;
-28,4027492786011;
-17,4744574310748;
4,41226679438082;
63,2576948504099;
102,338561735525;
78,0155703285935;
44,2345933505049;
23,4221976229024;
1,66128034588256;
-5,38973358449604;
1,09186111000966;
1,54952784915863;
5,18178552514424;
20,5254491458615;
27,3229155160637;
25,6612743779283;
37,5947494538514;
47,0037524866016;
30,2679822360887;
15,8177581319252;
25,838782020857;
41,7965335372447;
55,3420759827807;
60,4884313349747;
46,1957455509885;
28,9375389744101;
27,2419079288084;
23,9771105783831;
4,69484290534563;
-6,21046464421066;
0,254862872785988;
2,20806969349757;
-7,42652869857732;
-21,139356863059;
-23,3714332204177;
-11,9304412765402;
-5,02684552916399;
-10,38155391249;
-21,5235903793077;
-22,7876931963326;
-11,9389752002604;
-5,24650209938558;
8,75903180147743;
45,8845049765283;
72,5000970899723;
69,5583703342168;
61,3019727099998;
50,773831577551;
28,2151490764188;
-1,56032374076494;
-31,3746105921042;
-56,2867968400615;
-71,7489474432326;
-73,2166697608354;
-59,4467845777564;
-35,2604751994396;
-12,1801279731844;
-2,9921687995948;
-10,1816048401893;
-25,523376848185;
-40,4146917410233;
-49,5667745431609;
-49,8861458158507;
-41,4239509311947;
-26,2824456677189;
-7,17011217684272;
13,3264809549515;
33,6860283893533;
48,034615743623;
47,1210612463988;
31,1334779047652;
8,79455260154907;
-12,3264739503557;
-26,541906498249;
-31,8194422419447;
-30,9400664873031;
-25,9241350499671;
-16,6403080087758;
-4,62745313636222;
7,22305592648681;
15,8961349264003;
17,1504774518203;
9,05301198760839;
-5,47071816818824;
-21,3865242891947;
-32,2601245603581;
-32,7933210060233;
-20,1288614897977;
-1,53363374354572;
4,49227732673624;
-0,813058395597121;
-1,3391147990142;
8,04116968028339;
20,0574380646178;
12,0071383961208;
-13,8325353752282;
-28,270105585919;
-22,3464613132024;
-4,03971434654065;
5,44937729491862;
-0,183658200504944;
-1,96503705644849;
16,0570952304887;
50,7086985877634;
58,1648109493489;
22,1690115196511;
-16,0707603233951;
-27,1252917087078;
-8,28687873917826;
7,62057222267611;
0,623473979339724;
-3,1076247420066;
16,1736059889655;
42,9138239217503;
23,0977913679399;
-43,4385695862157;
-86,4330478691706;
-82,2646187406228;
-46,3936530225554;
9,65626394798941;
64,6326829906687;
100,010400973588;
114,298575933674;
114,86478970432;
104,877090553046;
75,6157163129363;
13,2252818902453;
-11,1331288881206;
78,1931743876762;
140,379688372555;
77,6512488606293;
-0,859735340929793;
-32,6221507052541;
-14,1415744897715;
-1,05698944564351;
-42,8548870563368;
-62,7122921740557;
-25,2476959294467;
5,82412965197173;
3,4337947082386;
-3,01729240793708;
-0,034509087118329;
15,3300981489693;
33,5965385379646;
4,29592214263202;
-54,7135193558826;
-70,7033410094627;
-42,437937980698;
-4,64051901685161;
9,34598923548911;
-1,04843427989665;
-3,07557006623232;
14,4148717490605;
30,5609117173923;
1,10324489290031;
-55,8882817719904;
-77,0324738671773;
-40,502635469499;
22,0936901821872;
14,3630840619684;
-56,8793300194298;
-81,5765479127402;
-46,2683130539753;
12,422517022331;
49,4798765427486;
44,3835780027242;
28,4262052669347;
4,80715541580106;
-27,7698757502519;
-47,0146972627416;
-39,7668741118106;
-6,24926707823397;
37,9559372317046;
75,518281094365;
96,7425943777942;
88,0895049863313;
48,1321582073057;
0,469090628732176;
-32,9546597094291;
-47,9333634240939;
-48,4175358650767;
-40,5599378869016;
-24,1661771958522;
-2,27028560915849;
5,47773191574778;
-0,843902786326472;
-1,69549068514846;
-3,60561039611068;
-13,2353271497302;
-13,0113162422362;
-6,84853570777773;
-14,6960324577602;
-20,4972821762298;
-4,95313863740115;
5,92614996695013;
-5,59561456423005;
-18,1454939987766;
-15,7275661655418;
-2,73489815141919;
3,86305229746671;
-0,190947203927627;
-1,36519575526489;
10,6714967910172;
37,0328129821169;
55,8027670870654;
54,6314391214048;
50,2405208327206;
35,9979624857291;
4,85809292720668;
-8,74347605434921;
0,971422220934164;
2,85364348120896;
-7,2472721409509;
-18,6426529161986;
-19,3890630964583;
-8,54156921201137;
-5,18679528343379;
-14,541989033067;
-28,3542494212982;
-44,9231965873331;
-61,3982389837946;
-71,3762253402818;
-72,8751372317774;
-67,8205820259743;
-62,4308634161604;
-64,6767756705329;
-70,7210306364848;
-64,9965130038091;
-40,2624659013822;
-5,94773079060734;
24,3764481988379;
44,6109111274823;
57,1650130078095;
66,0388051759239;
70,8986170879674;
69,616363770283;
62,7381562454208;
41,5190485062493;
5,52753406251477;
-9,78452294388908;
0,979173187678106;
3,2505817182726;
7,38998463634156;
26,0823839847408;
18,9383925843239;
-21,3966123836531;
-54,428563428432;
-50,2831424797076;
-10,07719568886;
12,8580645686209;
-0,340963347179478;
-4,65922897592249;
19,3844170799739;
63,3584710844623;
91,3725322327129;
82,7388674866463;
62,3854231080181;
51,1065697235642;
63,4557308422184;
85,1663642635657;
84,4944267066062;
63,9842489983546;
32,5175997125845;
0,849296021073659;
-6,80349081180817;
1,73837754336412;
1,81834932590616;
6,86228550484793;
30,8275263042575;
47,6515778084235;
42,1491742185753;
31,2621926068154;
12,8774719074146;
-18,8661101387155;
-33,2073290645975;
-22,37378675384;
-15,9987136615391;
-17,2916868037643;
-15,4827731431325;
-12,1065232316952;
-5,66414802902687;
6,05055006195273;
19,3855262987211;
29,8514006283116;
33,1074421746539;
25,5943497850327;
7,98863932594287;
-13,6364333762929;
-30,593057737334;
-37,3039505850517;
-34,5125760988052;
-27,1775633848155;
-15,5340619216297;
-1,26077637571121;
3,48015600867555;
-0,602583176606013;
-1,04907107698826;
-2,07847330078712;
-6,31346677427607;
1,83784354233863;
23,0770886691845;
40,3422801787777;
35,8109875922171;
7,03625765570369;
-9,1196725340287;
0,280382571700265;
3,28858971904773;
-9,01256906139895;
-30,9542686898293;
-52,3004258424129;
-58,3420525940214;
-51,3038921911541;
-19,2973060688189;
34,5654305770669;
47,8533468307437;
16,707306777849;
2,49174238154759;
4,15318062772242;
0,0665230670991621;
-1,32474319636875;
0,502824297771714;
0,264763896696203;
21,9517145797362;
76,5508030893248;
95,787246894523;
44,9281410868011;
-18,9678327111811;
-41,682841424921;
-12,8703227354235;
12,0278903491848;
0,832178486131126;
-4,82901191564868;
33,855190815532;
117,430584783456;
164,564610617757;
125,571056235814;
65,4770100401749;
17,4404039150743;
-31,567900553081;
-71,1680467352531;
-91,540428181879;
-95,431333765716;
-82,5356549312977;
-52,6768422984252;
-20,5223974210785;
-8,49940315349366;
-20,2782757501774;
-27,6404553115307;
5,74968656870577;
79,3003508791741;
143,956641496052;
144,831217249198;
75,5007209714434;
-23,7551944376099;
-112,729873011158;
-161,405455520261;
-151,503902802354;
-85,5941574891123;
-5,13707889378752;
18,38859055238;
-3,6291717889234;
-5,37196096523795;
5,0724326317859;
-2,06913775965125;
-23,1003408255484;
-35,080672969043;
-21,3524137363971;
0,113757866077748;
0,401097360125935;
-22,4838229452986;
-36,1993055685598;
-21,1058003354901;
-5,35438158332992;
-13,6075611342496;
-26,6435339528656;
-27,0641549813716;
-26,92896720298;
-33,7305646496629;
-43,4962142925373;
-53,658691835264;
-59,7011080588959;
-57,6691467213208;
-46,4477791401377;
-26,8347392019291;
-6,17592234203905;
7,80145722299844;
10,9675950191428;
-1,81143821884355;
-25,3403268521559;
-43,9977267285261;
-44,8851722154916;
-24,2724541141789;
5,10006465280273;
29,3048467536484;
50,72109034185;
71,6621555290477;
84,6790119052966;
71,0412695822746;
35,8340982099382;
36,0059674749133;
73,6900594649754;
89,347493004865;
62,6036536352084;
10,0244372673545;
-14,8465946701664;
0,817465595267434;
5,22587896425848;
-0,191000434846451;
7,96078164253542;
14,4281845443377;
8,92977560712751;
-2,57754817410264;
-16,6748455539591;
-28,1330399465632;
-29,2656237527396;
-24,5044255860942;
-23,5798266900713;
-18,6250272383506;
-3,05110566356736;
4,68567240784476;
-0,369305583594202;
-1,59140897003969;
8,56111703085177;
27,2187769299741;
33,5307067725595;
15,4969697470959;
-6,42633797097389;
-4,89882056768876;
23,6795592485635;
37,4283113784353;
15,4976678895753;
-7,87145193596977;
-7,64017261824185;
8,78074492554247;
10,1385477852247;
-7,08924758241191;
-11,0987041567509;
2,72399225233737;
13,6224747634335;
6,67830618567774;
-7,71750868516853;
-9,54913730576788;
7,07604978549785;
31,2659577932231;
34,1232113181059;
12,6807949109512;
-9,33603609920908;
-17,834325275002;
-6,24577647916823;
5,23363800624744;
0,617342906229805;
-2,21221611621925;
0,108420888133882;
11,9028660064237;
52,1993197702088;
95,1990643887888;
102,811464525392;
85,1234621696936;
61,3776544777508;
36,9700677775824;
15,5302522308896;
-3,12529672058553;
-16,630535667843;
-18,6316128256308;
-6,96443211657953;
11,5232264059296;
19,9119838714439;
4,68028006374589;
-17,1355380251682;
-12,1350690021954;
12,6771625475841;
21,3425679624205;
-1,89625643786909;
-31,621750242101;
-19,6405328662042;
20,880971302721;
39,8096682478259;
30,342652539333;
5,65046149913739;
-7,38087877620323;
0,169043373055455;
2,69747502306764;
-0,334712829749442;
-1,1422432432094;
-9,58538291448082;
-18,7526552012131;
-16,1914960300761;
-11,4265735472501;
-13,0594254541953;
-14,4139383694208;
-11,898280701601;
-10,8328580926635;
-12,3385915133555;
-12,2152806497874;
-10,2823780195928;
-6,85305800591875;
1,66124731112857;
8,85357240806076;
3,72454981701616;
-2,84153441564985;
-0,429149717325851;
1,23656316110221;
2,25577433570938;
5,70008083404182;
-1,17511665587373;
-17,7498703341613;
-29,8686457495741;
-23,9944248460085;
0,309473135124717;
5,41163972972429;
-17,8005108636945;
-32,3141462035877;
-25,5608279190437;
-5,25161577054779;
6,28381657027038;
0,026793916187198;
-2,3702475249236;
3,54352080328784;
15,8004312292496;
37,3776961022928;
51,2214925071027;
44,2750725844987;
20,2688920362681;
-6,00997916999042;
-5,40456849910183;
14,7574347276513;
19,9167359066232;
14,3593411225812;
12,0489513619305;
9,25968808148561;
6,19820460767887;
6,07100251611981;
7,17719450757852;
5,32001540264933;
-1,04556816328983;
-6,88800631514842;
-7,45334397271674;
-7,32696126485546;
-12,7659847676452;
-21,8165768678426;
-29,0417739968269;
-28,7626092591891;
-16,0030030252452;
0,0584959909832304;
3,34279481398868;
-1,05334463825169;
-0,805207509818952;
8,58509867644664;
4,71878549873866;
-55,9232980794741;
-128,064562195282;
-122,098893697094;
-46,3105831792804;
66,2673724013138;
194,462746044231;
260,483886617408;
215,932241467961;
109,351101323598;
63,6986124772863;
164,738563483886;
269,96203635995;
223,142958658155;
125,567104123807;
117,426529578689;
174,769744585932;
195,469935673894;
148,980313546468;
99,9864812318814;
117,996528902303;
178,530420441189;
194,498821213673;
147,922586410345;
79,1036874722878;
15,9562541562325;
-36,8153962658299;
-90,7926846192576;
-133,139290591943;
-106,095144556119;
-14,2861424882658;
25,8474224869809;
-2,92160640027883;
-8,41136809302342;
16,8502813143113;
30,2252478191614;
-1,2175051479779;
-58,3978737590334;
-79,9961464469288;
-65,9193385370566;
-43,8942057012096;
-16,1456114862201;
9,43034395963465;
18,8583406310993;
11,3141132919119;
-5,71310257928237;
-24,7819573517205;
-41,8039594401024;
-55,9682152128606;
-47,6794361942667;
-8,56657245819648;
12,1035982674181;
-0,689197606174728;
-4,22503384825122;
-5,04177973915903;
-14,8136740286187;
2,35736455459254;
34,4131083397352;
32,8957001889057;
3,23043530162318;
-30,3985866299636;
-61,6551586439659;
-72,0835713245657;
-33,9217879970608;
53,9969695644801;
155,13422835133;
223,203742469023;
232,239906563988;
180,973907049097;
119,731669173051;
136,345571845012;
215,373515098646;
240,983961167675;
180,286922312549;
74,6353254139735;
-19,6861762159885;
-26,5654089141125;
14,0732162354415;
7,11416610749749;
-21,4311256111859;
-23,9608591406013;
-5,53491088124863;
9,14484212116474;
1,32928450544567;
-6,6631368607825;
5,67570067913957;
12,8394678356547;
-0,429179968262418;
-10,7072409547978;
-6,92976259863422;
-0,793853974650859;
0,657507871886173;
-1,11882359632346;
-3,05042712497675;
-3,24375300924907;
0,0544078109443283;
6,95189016326026;
12,7905591351871;
10,8140867226383;
-1,75142059075956;
-23,0389545639329;
-50,2001466516604;
-76,9445637411427;
-92,3833960855468;
-87,8820237033778;
-61,9830026323875;
-24,8908131753207;
4,86792225066866;
15,8903817996304;
10,1927442393315;
-1,95172511078683;
-6,32329328417864;
6,80834290462036;
33,1479286399774;
59,5441596357586;
74,7194861723224;
73,7525316556091;
59,7338446931957;
38,1729813455842;
14,0053433992177;
-1,69744534311802;
-2,30541705892432;
1,25827848508124;
0,341627206114975;
1,65213748060448;
13,4954217964852;
32,2810364409589;
41,3426261676184;
30,8402045441931;
6,14089985802899;
-26,6738878390268;
-61,8474565657377;
-89,0026588658152;
-96,4711782428243;
-79,698403316719;
-46,5094829456265;
-8,30043273117718;
26,6136053206523;
48,7877606973879;
52,913723478744;
48,448077443406;
55,093821060751;
88,1527619311168;
141,408383086889;
192,350411029775;
227,199085613154;
238,169014573435;
218,278660294816;
172,728298229784;
114,875464267329;
58,5568682962747;
14,1215918696109;
-14,5211006095481;
-27,0684027805895;
-25,730591502546;
-12,5904275702343;
7,41686919295123;
19,6703767420544;
11,5454481186956;
-18,3993823594148;
-65,2696334001133;
-116,807557795462;
-155,899908378296;
-170,606840971999;
-159,494610356885;
-129,882335281991;
-93,146963768496;
-60,424066016666;
-39,8884455727931;
-34,8660271813493;
-41,5789768194021;
-53,9626480443823;
-67,2015569407128;
-71,4410885010208;
-58,3160303101738;
-33,5015382463181;
-8,05649888352781;
13,1315878668444;
27,8456249828316;
25,359963379573;
4,45338874956575;
-6,45116391752228;
0,417795692211122;
2,22913530512614;
-25,2961275625201;
-82,6453564685504;
-103,863590952313;
-64,6713031691591;
-24,8773354728358;
-4,08124273049086;
3,97392486927754;
0,0910060537421488;
-1,49891973737024;
0,603131052854804;
-9,5219016565996;
-42,1881084584805;
-76,2126972172877;
-81,886217333076;
-61,9957266031596;
-30,0555780633054;
-0,462799980730585;
6,12585293133104;
-1,64884153683287;
-1,60597291460497;
11,5841995146048;
27,0435980323115;
10,2213467728325;
-32,85822786666;
-54,5297295076409;
-30,1140741676184;
20,8022831557502;
20,4937322335795;
-33,7059328287714;
-58,021790217295;
-28,3798364297998;
22,1941160658797;
21,9447465654445;
-34,3343693326096;
-65,4413027547142;
-37,0193134822199;
20,6980476375987;
24,1983433475387;
-34,5178357520193;
-66,2017119200308;
-19,7861185959567;
70,4980907861217;
71,1292536161196;
-13,1760963907755;
-26,9780021567134;
10,220242543973;
8,12453691806765;
-5,52750113451372;
-0,811498204389048;
2,34246906327249;
-16,4839570487155;
-54,6132196998559;
-67,7327276166906;
-36,7055626810777;
1,84530914515381;
35,4029611421399;
66,248849787324;
71,7221430906695;
38,1699509119873;
-10,8226143887171;
-38,2275722652169;
-28,2461014403476;
8,99256348062466;
53,8766641887947;
98,8893617820421;
91,3952756085011;
2,35653952081959;
-26,1632734660054;
53,9648322232624;
111,94390021402;
73,2624458974646;
-45,1908167551913;
-92,0449034005848;
-18,3554323217314;
31,5281902300425;
27,6025447354347;
8,66287294191004;
-6,73529218040277;
-1,31995100714885;
3,11509241620968;
-3,70056760317734;
-11,2506538237843;
-15,1796297312092;
-14,4163549518225;
-13,2667106901915;
-13,3156187172966;
-12,5685940303968;
-13,1281872981955;
-14,5033397419161;
-14,0075750021913;
-14,0448569614784;
-14,5705822720054;
-13,9088252678416;
-17,5992021154523;
-28,5027214137189;
-42,57281140376;
-59,9151740168241;
-81,073636751089;
-99,5802768487925;
-107,18013017932;
-77,8638985448055;
-11,0207944038296;
18,7811596710555;
-1,80929580863157;
-6,25681077763722;
-17,7954994429133;
-62,4494527737611;
-56,5855436750585;
8,59629021404144;
43,2062998932253;
25,9895617556251;
9,21573609400164;
44,9149360274121;
94,2327646116367;
94,8535286809176;
76,5783560823585;
56,6468543609771;
16,4832129406147;
-24,7327095732192;
-51,5473026335676;
-68,8265814026753;
-72,2095155810576;
-59,9320127321983;
-33,664422031754;
3,35514533220661;
32,45475925456;
38,0184238693399;
27,6544976073513;
14,5803168590086;
2,53007952960606;
-7,06974282025079;
-11,0911184104039;
-6,72581480123867;
5,73206963167364;
17,8488955024953;
16,1881050039389;
-3,65862675290781;
-32,498755404454;
-55,087216395677;
-57,2536874301798;
-38,3500878197525;
-10,356683942974;
17,1600585048892;
36,936660558776;
41,7568834499526;
28,2762341233202;
2,12490080932185;
-21,8627178023186;
-33,6426059850711;
-33,3805174532198;
-20,4697788248793;
-1,52098498068111;
4,57950084937036;
-0,849549728098873;
-1,35555236567247;
6,35775124490471;
12,0703837842811;
-2,9807652236914;
-27,9404604765517;
-34,1446530105492;
-21,5385715572216;
-2,84919616632254;
4,90305841889958;
-0,415927916097379;
-1,66755422110341;
1,50492010190999;
1,92016665484126;
1,86727040173198;
6,12497510503342;
15,1175040377278;
22,6468860511489;
23,4533504178429;
16,4556885374109;
4,57494614742748;
-3,9375143465727;
-2,63350811155324;
6,76533712811323;
20,1808809111049;
36,3159076877145;
51,9890332272806;
60,6260999796821;
57,98493321515;
44,4012056896506;
22,6167821869073;
-2,17355207487701;
-14,5656371604246;
-5,04646814536796;
4,47653944957886;
0,364500044024421;
-1,81444834885651;
0,682778495612552;
9,63402960584983;
39,0781834801621;
77,9626711446401;
107,383384632633;
131,727278246755;
152,937483203289;
159,460235887893;
142,932062480502;
103,64156567962;
51,3023376248953;
2,45742498281197;
-33,0729638537708;
-54,556892523766;
-59,2300712263578;
-46,0018236806666;
-23,3028929653335;
-6,12731956034402;
-7,76640984933245;
-27,4329124250673;
-53,003544400783;
-75,0769159321814;
-87,3449063451817;
-87,7744535133843;
-81,3132099051474;
-70,2264186323805;
-51,6339643608862;
-28,8164248004378;
-12,1834804443605;
-5,77565844665929;
-3,80646433343066;
-1,41394531033487;
1,74325030455481;
5,99266016752698;
11,0803546997171;
10,7661228244233;
2,1584801243814;
-2,81189404471236;
0,106617270004787;
1,00296021543076;
0,214561894329865;
0,658493539765892;
-3,84368062543813;
-14,1288101876152;
-24,5768363431031;
-23,2944293276739;
-4,89639055193469;
6,08092052791591;
-0,133507639905037;
-2,2121342458023;
3,26666402691409;
10,4729068426152;
17,6366406457594;
16,0065706184199;
2,95297329959443;
-7,64155714814809;
-3,72983591187666;
2,63421426203176;
0,48281980823456;
-1,17980116428384;
2,48134991047777;
10,6481964091773;
22,0366615713586;
29,4221651951562;
28,0989879260585;
17,0992348872307;
1,50189455286344;
-3,84133995725048;
0,621257751711494;
1,17705978011568;
0,286219621495651;
5,33478279186211;
13,8027212361177;
21,0466519792221;
25,2132949810622;
20,0228469711292;
3,51602823916009;
-4,97892951830203;
0,263793762840126;
1,7498328637635;
-3,26380975499606;
-9,32641300879831;
-12,810626318846;
-7,25239396191232;
8,94848191217324;
18,9652303931617;
6,40347634717694;
-5,67204229657974;
-0,494460778394048;
2,31731875724611;
9,50072295616868;
32,2952642735114;
35,9977908638031;
13,9820377351112;
4,05167546088695;
17,2736625680602;
35,3257199570483;
33,2754930778309;
13,8376563592538;
5,11264191056433;
3,58739129177654;
-25,2744165180005;
-86,1609222269237;
-132,459340742599;
-134,961309476364;
-92,0650894383604;
-38,6724029631811;
-63,2839822967858;
-134,628770064043;
-142,603954321086;
-69,4243002502594;
45,4041469929303;
100,412605119249;
80,8548751640606;
91,645344116695;
93,7170546825575;
19,4613776899708;
-25,2119272546646;
1,06877786979238;
8,92150070779125;
-3,9245042732908;
-17,2273611882437;
-61,9170033561803;
-101,067756581682;
-85,0538837893781;
-50,2999067961964;
-33,8951120585714;
-23,8182884288808;
-8,04595536157722;
8,67000934135906;
16,7559420902695;
13,36269826717;
4,14645896020068;
-3,03175425760068;
-3,28173411403565;
0,332643919505062;
2,40958772399909;
2,96003013735017;
2,33117173597579;
-1,14010418632175;
-6,22528336003885;
-10,4739240899135;
-14,1255641925191;
-18,5308128115533;
-24,813044891299;
-22,8708775073952;
-4,9169222668556;
5,97838590994177;
-0,0895052887665871;
-2,19313053335186;
6,39878129530171;
13,9743312981208;
-2,09370353125957;
-45,2469878746057;
-87,6025128065403;
-81,9960020275602;
-16,3923070217884;
21,1503971993728;
-0,678655261763207;
-7,60637470882015;
5,37977132821269;
14,3699309586773;
29,3420234152161;
32,4831646248703;
12,0897531452061;
-3,85302297632146;
-1,95573392991198;
1,72651423425887;
0,0452038053569437;
-0,644212396148677;
0,88285563873456;
4,48356597351666;
10,5656863517057;
11,8422526545295;
4,76978725547971;
-1,48048600866681;
-1,01045339137746;
0,715739214495144;
0,0963897449406092;
-0,300643864330394;
-3,34946531557266;
-11,8290579262325;
-14,0900035081401;
-1,6291879559671;
18,5929570640047;
22,575075552746;
-4,48886260945892;
-21,3399341380275;
-1,99971352203462;
21,4515335681552;
24,3277498939533;
-1,63406937737507;
-34,1455929713003;
-38,8912080601606;
-21,4458091537501;
-3,18192367381508;
3,03961576893048;
-0,195041419363571;
-0,990351243491285;
0,482814848393254;
2,58844918129243;
2,56447669418021;
-15,2933382363499;
-50,4518546903541;
-83,1848112362265;
-73,7610683086695;
-12,7330068205231;
4,34101452584812;
-51,035051516823;
-90,2684760513902;
-107,659050551279;
-121,182472057697;
-90,0386342365627;
-30,8688721488416;
9,04275733379959;
22,5190891767198;
8,58011862752012;
-6,74310068126307;
-0,994354426196702;
2,93509723868621;
13,6198277743961;
51,3116806658689;
77,6609478354036;
75,3620220569781;
74,0578497273817;
56,486829670049;
8,06877378396503;
-13,9385427892292;
1,46253506519829;
4,58061265160443;
-15,6055128481538;
-46,8070396487899;
-61,1996865397626;
-43,1777226780688;
-19,120704863202;
-17,289919567833;
-44,2448086750255;
-61,9374437267152;
-43,7377477293316;
-18,6305058052489;
0,716867587590836;
20,3994069951831;
29,9112330720245;
26,7553164841239;
20,105110589378;
11,1535737827714;
0,832718923498719;
-2,42603619106355;
0,421260966020239;
0,733221969769388;
-3,28111344616427;
-11,3035854086094;
-15,4192828376625;
-4,50981693061491;
11,940614423218;
13,5956182166559;
1,72583921648718;
-3,44335960013898;
0,494314339050325;
1,06986623630932;
-7,70842869731478;
-25,249725530844;
-34,0488920900379;
-22,4077266356823;
-2,56091816364232;
9,43963717427127;
4,61774524674139;
-3,17452460442383;
-0,646666376952308;
1,45228910648399;
22,7098390170175;
75,6652523143425;
91,3367637453464;
52,7362402908138;
25,5784406408079;
36,9601302115915;
75,5376071806328;
87,8796352177242;
53,9834220271897;
26,3238749076592;
13,1017303447336;
-0,425427876657421;
-2,92451392220243;
1,12999670811125;
0,60519261706017;
-18,3106910350069;
-58,5394218038871;
-71,4273013888848;
-43,5577371343204;
-22,2753342635585;
-12,0709567381181;
-0,00412194873581291;
2,75283999890187;
-0,907750714913131;
-0,636889705258855;
3,89058503727458;
8,71373674071791;
4,92601922653508;
-3,83877653453802;
-4,58636088202296;
2,38387884021205;
12,2375845890816;
19,4585697248702;
23,7788464589278;
32,0780837712518;
30,0433824685611;
6,10242725148582;
-7,86042442515463;
0,272071332282115;
2,81482483095088;
7,58642485818368;
29,8463526642526;
42,938352287711;
39,9269364199079;
41,1351419779825;
32,9302309977511;
5,0109994406075;
-8,18758380273695;
0,758749503937174;
2,73333042563729;
-13,421362693054;
-44,1068857348047;
-60,2530855023413;
-34,8421094088625;
9,98204053165489;
16,1522468175228;
-36,4137506197168;
-69,1607115652879;
-34,6100439094062;
13,172101981942;
26,6988878120922;
6,7983508528496;
-7,51207053808887;
-0,0342584036177448;
2,80554103497425;
-21,7403795526655;
-63,9260457886682;
-63,1865881720794;
-17,7975233343662;
4,68776249345984;
5,63339193582672;
5,85600779321896;
-9,6270382014304;
-19,5837981917679;
10,2291073384012;
38,102171437896;
13,7953998011212;
-11,9395958981441;
-1,07174932167955;
4,87798117222807;
1,91320101223317;
12,3446320725923;
21,8067255123197;
17,5356793665315;
1,57032754753188;
-23,6417035376267;
-46,1686983182476;
-60,8533382477539;
-77,6033072215358;
-92,4311644680548;
-92,9671355874548;
-81,5676780048869;
-64,1746431501216;
-40,6536066425868;
-14,2493300999272;
7,26662365647056;
17,4569590457541;
15,3281697835298;
8,19942553850371;
3,58264682759258;
2,09618320777567;
2,61742300051714;
4,40892999133781;
6,24357223006865;
6,71060436211681;
4,00211335945648;
0,00027330131094415;
-0,866361598457045;
0,274675826547541;
0,206850697334725;
-11,4359009153323;
-35,2099486922672;
-33,3981265473728;
2,69351488174405;
31,1071557059309;
29,0909645440618;
5,61038302795015;
-7,29055326327374;
0,204274981730479;
2,64129608643706;
-18,42048178972;
-51,332281881047;
-46,0945449637808;
-7,84889161544951;
13,5648506746838;
18,5611146410493;
8,52593533692268;
-5,3597082999138;
-1,54722773172708;
2,6737914955377;
0,865362942880213;
3,15049899712957;
3,15631536978401;
1,92829515549259;
10,0977976557209;
15,6593532589749;
4,41497713992833;
-4,53332342788798;
-0,126940496981304;
1,73682129634816;
-10,8866937725066;
-30,7043321048132;
-24,9477448511332;
6,86515658557293;
27,335332960102;
24,7068400477949;
5,83749348223216;
-6,2402569575581;
-0,250976763645075;
2,44829877286479;
-0,397440762093736;
2,63334484729347;
9,73366470328581;
18,514509629873;
27,0104558196563;
23,2110488242146;
4,0220197063811;
-5,84661012292504;
0,371746569088834;
2,0250086493663;
-2,662711708355;
-11,267622085254;
-28,1265934377006;
-41,5362353291537;
-41,4896465230009;
-28,9015305468869;
-14,5058478406965;
-22,2158727548582;
-42,105128164303;
-43,472020795557;
-33,8951946054555;
-31,2075526300241;
-33,6204080521862;
-27,906170761645;
-4,72275022547525;
29,2715995175852;
65,0260497318605;
98,8040001301208;
121,851619282878;
123,238709840332;
101,631834566794;
63,793656989426;
18,4926987817461;
-25,3857481442812;
-61,6624656238782;
-85,7554568999538;
-93,5133873884426;
-86,17689689811;
-68,7493731552393;
-46,2054291536905;
-25,754173187011;
-10,7002469963135;
1,57570135329042;
9,8696941372738;
12,5231049030664;
5,59458306795558;
-7,99100653241986;
-5,2185139600109;
10,8840196663038;
14,6507843764144;
17,5365346086428;
28,1727875321663;
20,8351808909493;
2,04937505811764;
2,12886718089451;
9,39058827310047;
3,28851384133529;
-3,00144261795193;
-0,183162404557271;
1,18656414473609;
-14,1892991288946;
-50,0657461994438;
-73,597019346751;
-68,0888270362902;
-57,9728904397514;
-52,3283930302779;
-53,8909477551334;
-64,7325770027063;
-69,445196323314;
-60,7134978186424;
-28,1431505366256;
23,7876374218633;
37,1950865166697;
8,36659931127211;
-2,4592788778328;
11,7995219691782;
28,1874648449032;
27,506761907475;
9,85464058949464;
0,520475112493101;
11,4282008957226;
36,6876085201571;
52,2228556539048;
47,1059091794207;
36,7847166650813;
20,6884098933785;
0,588788939733857;
-4,49383692474271;
1,18098093123332;
1,18058497106407;
-12,7562411271584;
-34,2509085720627;
-26,4675128985433;
9,13972094998229;
27,6020273703663;
20,6800096140136;
3,5619845055422;
-4,89767393127004;
0,160509546452169;
1,77259293399493;
-2,35980201441595;
-7,13719232890542;
-12,1341114901446;
-12,4277548723943;
-6,92768570807861;
-1,2804095233836;
0,618795521357275;
0,037749370468139;
-0,210706885371406;
0,0708698797265029;
3,67019417340876;
9,46367325916473;
4,3913851264264;
-8,95403501118343;
-13,9405491782573;
-9,10131344633739;
-1,22888039585283;
2,07126671239722;
-0,16491445324393;
-0,709255597866769;
5,97433083904876;
18,0120109220701;
19,6851201904058;
8,88278791967493;
2,5698178810948;
7,43193058738312;
18,0871179569848;
19,3500500034426;
8,96246599790966;
2,66092441215534;
11,3398219237684;
37,2542364866702;
62,0034761587695;
71,43234218672;
74,6735881081028;
67,7400689757264;
39,844036062092;
2,65924418941634;
-22,3836404985258;
-27,3559664631122;
-16,5869062935657;
-1,1273178053359;
3,62397776809609;
-0,682621792417436;
-1,07104504853412;
0,23563117158192;
7,75773002307883;
36,8345872581638;
69,8461691873488;
77,1945074824515;
45,0291503060332;
-7,33504867558509;
-13,0181337189974;
21,159503090564;
24,2389546713784;
0,254443133336844;
-13,7081600730958;
-1,70742941577012;
19,8392943285203;
20,5891126429104;
7,9188152145346;
-0,100179576969766;
-1,29526279447962;
0,344125210488684;
0,353321887595706;
21,2131674768131;
98,5399799984709;
184,361258524571;
164,112179484887;
33,3850087345845;
-55,2607322757714;
-21,0731885548206;
19,2132665223344;
0,90874847006223;
-7,44211114620913;
4,89891566878986;
11,2722101783909;
22,9243947414013;
47,9180726050081;
80,8634234651449;
112,838359629928;
125,512607699916;
104,609524347823;
61,2409015114958;
15,7851245212087;
-11,6996087615506;
-7,38031627108911;
4,54473538860435;
1,14817201886553;
-2,16419053487419;
-17,7694697237451;
-62,591076218988;
-88,497973826505;
-79,6320432680335;
-75,1314241551076;
-74,3357188099405;
-70,2318976779914;
-74,401165416769;
-81,3619693175445;
-79,6485348168271;
-62,2128581650864;
-48,1139796598043;
-70,6381104428524;
-90,7681307432137;
-56,3342628415632;
-9,36621892152318;
3,99494750404525;
-0,184426882197697;
-1,05126620547343;
0,459717822092063;
12,1082210484856;
33,8160414307285;
29,0125813840658;
4,76122171990716;
0,470017318856434;
2,31459819540301;
-1,73768509994663;
-0,611239093331013;
0,955459562884642;
-0,195890377270913;
-0,25551353320065;
0,17632705712553;
0,0170172629719498;
-0,0698108170323248;
0,0231932455002765;
-12,6181984091986;
-39,8054076561097;
-41,9111985492738;
-13,7939233986483;
4,51767693421357;
-5,56985113871888;
-40,0711767613794;
-53,4771323780255;
-18,9653468083485;
25,691990422312;
61,6923062518199;
86,8352956566353;
83,447495919404;
49,1826762033435;
0,788683797233293;
-26,7641347777518;
-10,4509029515716;
8,5621322385672;
0,972392630315586;
-3,58434396461823;
-16,4921135195078;
-63,5447514645431;
-91,0799677103179;
-61,5634238806009;
-14,4679852059982;
8,23588115956856;
-9,45978509386496;
-33,4559792018554;
-21,5279901547529;
9,39387103139151;
36,331538677172;
59,4242206663216;
73,6590674012229;
71,5740973291195;
55,3531391023109;
28,7960367712013;
1,43000649803859;
-6,09649379428067;
1,29484776473822;
1,74347810757716;
3,17556048529223;
10,8759993707988;
5,36850590228452;
-5,95780441562148;
-0,519582828643544;
20,5951481731407;
47,0047956442517;
60,2891189684532;
59,1301575426405;
65,0896469787432;
78,9615189909642;
92,2139829875724;
106,00232505068;
120,861365484829;
135,540414627984;
143,653329232249;
136,135074697058;
112,336048031662;
74,513022878999;
20,5461694246592;
-21,4746739963062;
-13,34913274693;
8,20314396621129;
2,10426897633059;
-3,92312992849962;
-10,5498142593326;
-33,5630173872777;
-34,1568064662256;
-11,4264029721778;
-13,2239512616514;
-35,4810884874299;
-50,940257270007;
-59,356480279521;
-63,7469217081805;
-63,3707501847779;
-59,9920598463709;
-52,372527633032;
-42,943448650644;
-41,3543793924002;
-47,977269478558;
-53,699793830514;
-51,9539420532765;
-44,1476577013623;
-41,1900522922604;
-47,5877711699504;
-48,1965676443512;
-34,2186117814729;
-24,2130212818146;
-27,7683186253778;
-31,4131856416576;
-31,45431712919;
-31,0161782051243;
-28,6825796932721;
-27,4815958257459;
-29,873779970074;
-15,6625187768801;
23,065061215632;
36,1081445894545;
9,68014862495831;
-7,06211309290431;
-8,5744199962046;
-15,1449923691031;
-23,1205369536224;
-26,8723825153519;
-23,9424367443011;
-12,2587336502387;
0,199362156018959;
2,4536450348651;
-0,810298895623538;
-0,578401876472773;
0,649246854930787;
4,1389754162725;
15,5089501531523;
26,4379580676922;
28,2977050544915;
19,9828385501244;
3,28127986344418;
-4,82965715588536;
0,278893894136506;
1,69137099167844;
-0,822065360304597;
-0,254569894326213;
0,398465068839582;
-0,0763558930400527;
-0,10966010807665;
2,48016283474615;
5,89113316619706;
1,6673628616919;
-6,66240660368505;
-7,68974780534926;
-0,942380564916919;
5,8697996977636;
2,30725190150407;
-6,83009857298074;
-7,8616450992608;
-3,21553729639977;
-0,00832929427673822;
0,560920913786871;
-0,139247230574754;
-0,155741116069914;
1,74399581599055;
4,58078282169429;
2,69568655346212;
-4,53507895933681;
-10,692935001653;
-9,99816465159078;
-2,01221055913444;
2,57579271448446;
-0,0752585453469841;
-0,929711831147249;
7,73091530232826;
23,1272222620257;
24,5326203997136;
12,3392530641982;
13,2334035336553;
18,1163371599024;
5,24556156717185;
-5,25533605258119;
-0,198816708568343;
2,03608712460473;
-19,9111735840101;
-71,0147608737467;
-104,277614111756;
-87,9569361508201;
-55,0888161736364;
-23,466759723222;
1,50487119886418;
4,51146883053408;
-1,91782409517613;
-0,880553425872495;
19,2555618393653;
53,2560346257855;
40,9867779465078;
-24,2994196417183;
-74,9102944500746;
-93,4344487543703;
-81,7370789001834;
-28,8381978442615;
53,5792754608977;
146,365167881939;
158,230430210501;
35,3830814400109;
-42,4676899438427;
0,682010186603937;
15,5266679843999;
-25,1439400401561;
-56,453075034842;
-46,6832501764473;
-16,7826570037991;
-15,5268053602793;
-38,4145329414542;
-57,1692568105976;
-44,6146264744278;
-16,927576530707;
-16,2753515678355;
-17,1521597775547;
11,6773851216677;
42,9226429243039;
55,8684310705715;
58,2252287708143;
40,89520195479;
4,64868828720091;
-9,71854508431266;
1,34689469605567;
3,05996594357728;
-14,2853577056417;
-41,5542410867026;
-50,4467122601499;
-35,1621840527325;
-22,1651046840344;
-23,4077596147548;
-40,243139239819;
-49,0269092009971;
-36,0211916765969;
-22,3419166252016;
-18,4913955550722;
-30,1209717544912;
-50,960900223099;
-61,0422664295861;
-54,2951083502163;
-32,4472561518328;
-3,17047539369601;
27,8148268233813;
63,2528866623028;
90,8987392422075;
88,2589385688302;
53,2479033167889;
2,96021386207042;
-43,2891953155795;
-71,0273049182559;
-75,9264817886945;
-64,630616040721;
-46,592360750508;
-27,9725401098386;
-12,826557642312;
-3,27057523278292;
0,579280611247141;
0,412724100631304;
-0,298449788485297;
-0,0344162653612684;
0,714484923695197;
2,81396617457428;
5,42688037746388;
5,5881309949982;
5,83505780233589;
6,8181648587182;
2,52681343431953;
-1,96569603852947;
-0,314941607651983;
0,868649576113826;
2,79406697023688;
8,16473630117621;
5,90488864064163;
-2,73448786422121;
-3,26532494571079;
9,74087175577088;
29,8291370475635;
41,8369403265336;
44,2827810683508;
44,5100936471514;
30,214367251524;
2,67341881897415;
-7,02550112256908;
1,22680514284237;
2,10459764807068;
-11,8413459259732;
-36,1945484126679;
-45,475346385896;
-29,9471071835858;
-18,0064607709304;
-13,1102247966306;
-2,21407183159798;
3,39738461762208;
-0,289171830371491;
-1,1414050064939;
2,49289615661636;
9,85728693640721;
24,3346155113851;
44,7705782218973;
66,6993844973197;
60,7465731384892;
12,0705783417275;
-15,694341661604;
0,548332208453806;
5,62361027529998;
15,2201206055025;
58,128996443256;
71,1450258327761;
31,8480790326948;
-6,55711518143207;
-33,182519724491;
-56,8155223727898;
-62,163251820158;
-47,8523556500352;
-32,0374489305721;
-26,061011595927;
-26,7353494723654;
-29,9159875259409;
-37,0213965931959;
-46,9531703287583;
-46,4473674806169;
-30,7087148978293;
-24,462410685255;
-37,3458125761661;
-48,8424628639018;
-55,1435736168168;
-62,2934205387293;
-59,5147269000557;
-38,0897055534625;
-7,53048009538132;
-6,24901007810559;
-51,0161820370773;
-72,6901153815111;
-37,9935593435846;
-2,66364872400026;
17,4328030360873;
31,4639890372971;
21,7846724385275;
-1,67461213679498;
-12,3081354652508;
-0,111274324334988;
26,1140042352804;
26,5549390889285;
-1,18396598917094;
-14,3022036373074;
-8,8288544775583;
-1,24765021493447;
1,87581218763351;
-0,0595120011983538;
-0,686601288504572;
4,15776623061869;
12,5726341290566;
11,5505109551082;
-5,73394582824917;
-25,8722052005044;
-27,2129279148774;
-5,62837875172789;
7,13929673345529;
-0,215101492109985;
-2,57023543107926;
23,1557583420428;
79,0776159903017;
112,280570599107;
97,1523079367212;
77,6650104084006;
51,7268360813946;
5,9081407722671;
-12,3450740913158;
1,72202186381778;
3,88035956414856;
-1,44992239846011;
2,48853759863726;
5,69764589113889;
6,83764550441156;
11,4805842221285;
3,41106006883629;
-25,5729009754004;
-39,7128230276496;
-26,655171976124;
-15,4944198262423;
-17,0219714614715;
-27,7612339280645;
-34,6459325667473;
-27,50665277895;
-17,0168622765348;
-9,17730555351959;
-3,1985029522794;
-0,108972950978318;
2,91657349759891;
6,83594639129575;
6,59687899345223;
1,14984094307973;
-1,68075097909326;
0,113823502594027;
0,578482589180606;
0,763340045058532;
3,89184294709764;
6,8940015656752;
8,36689906005522;
10,2925717378874;
10,0255151423595;
5,6934951828761;
4,45833868311264;
8,49151393946131;
11,1465419963454;
12,2359165738565;
16,4366689756511;
25,7852654271204;
41,1270860060613;
62,0769904956152;
62,6529639126863;
27,3224303007741;
12,4029416738075;
41,4220920132344;
66,9383536340175;
56,8063074285835;
11,661095012902;
-14,3681200834429;
0,177324203930726;
5,30144082497956;
-12,2014520679448;
-38,1188579565979;
-53,5113545130523;
-34,8340156910206;
4,93452248907189;
1,56083653713333;
-62,5803853195628;
-80,9346550602407;
-20,4579540733998;
28,1663213415258;
10,6653890264952;
-60,0224258852918;
-82,4020732380788;
-21,202376139409;
29,0709638608024;
26,0702211874468;
-25,7836800742802;
-98,1943183901392;
-146,720528469153;
-161,600686359937;
-118,379974068499;
-45,8149617960563;
-63,4821971163149;
-150,176689567882;
-173,119067495007;
-97,8536013775378;
2,60333745231601;
-1,32418220846856;
-77,6439505134187;
-89,1129950997482;
-49,7456103287427;
-8,44924501265419;
10,9588257039358;
0,0384442060499676;
-4,16881315978753;
8,95334484482517;
24,7340389976693;
31,5986516148512;
32,8824236624574;
43,748821462689;
41,8643410118607;
8,47452983274816;
-10,9915184610058;
0,413456251142769;
3,92032381873896;
17,6184805663784;
61,4046449897531;
67,820996937639;
21,3163660966497;
-14,8729177644349;
-21,294974159816;
-6,97396100424664;
5,8180039915679;
0,78198694860231;
-2,51273855752943;
-13,7768608509124;
-40,565124288069;
-32,4085319150965;
4,1541028763283;
11,2266045800292;
-14,0645123289194;
-41,6541070580519;
-31,3187095793494;
4,00052607120552;
10,9168891095629;
10,6296203500199;
38,4208221491989;
67,2844931527949;
78,8950893314966;
84,8517057008725;
72,8800266028098;
46,7769836098293;
51,4969273935532;
80,9792655523959;
89,8371966950015;
62,3613722590978;
17,9545494916593;
3,7471320478195;
8,56012878627531;
-19,134784541657;
-38,7107624413533;
-1,16574849260122;
29,9290406556628;
7,20164604786608;
-28,3173832761451;
-34,8286579644873;
-1,33295945445314;
28,6404721507198;
16,6966088469453;
-10,2192250164165;
-20,6737587289639;
-6,9536386272604;
5,99380424755531;
0,636963489140601;
-2,5043195044756;
13,2650166891292;
45,8390442298643;
62,2484810857025;
38,6902231574877;
-0,311200679755129;
-32,4535277848266;
-52,5211336976745;
-53,6774441816095;
-35,0562472019437;
-5,98985048589596;
20,3209451668456;
34,6470164943062;
35,4112081185821;
28,2166562436594;
21,6457651560822;
22,9163376394916;
31,7300153439356;
35,9655998278392;
28,9808787648768;
21,1350088076098;
35,9084308952973;
76,6355174703639;
97,2955158446706;
83,0902337353382;
70,8880598090209;
50,2703295232789;
6,58841022290696;
-12,206454354647;
1,43707338452964;
3,94807807411507;
-11,9282253366989;
-37,3905114657273;
-54,2981869780029;
-41,7903889476849;
-12,9266710674004;
-3,59379646091369;
-32,4151238199739;
-57,8635721294407;
-42,3000635363657;
-11,4087335348149;
16,8214976776674;
40,0935646224216;
40,038610033139;
26,4894025766576;
24,8947540313835;
32,6466005431952;
39,3963961267861;
36,8149569302811;
27,7533728692299;
25,5640829442863;
20,7630648902397;
3,52762057628963;
-5,26857955191309;
0,384429779338993;
1,80171488257392;
-6,91348585552102;
-22,665086130689;
-35,0568335823177;
-36,6016476066269;
-32,5543651838991;
-24,1737630515944;
-15,6264051044752;
-11,7425937434825;
-2,05862632241963;
18,2017313286594;
24,9649095167804;
5,68000542527293;
-6,90442311678334;
0,184304683486573;
2,48603950841044;
8,89435027966643;
39,5768420357945;
66,7201637217658;
64,4236881161216;
49,564404445007;
39,4664208789766;
42,7949118432202;
59,3651111145621;
65,5908592879561;
51,8117634403915;
28,0724952275541;
2,58835546578372;
-6,20374470610448;
0,908914134301922;
1,94627983874082;
-17,6916226270866;
-58,6717924496772;
-82,9565252998731;
-76,4417785411513;
-76,3770162878585;
-86,0062255433128;
-86,1892784439285;
-76,1550730174163;
-56,6474115277841;
-28,7886912387681;
-26,4047223304321;
-71,0866468024922;
-92,7483846984664;
-56,794573933872;
-22,5551355974771;
-12,5021205217425;
-22,4121062928332;
-47,3674875181142;
-65,53890777987;
-76,9418112071202;
-71,5046519751048;
-38,337795369252;
-31,5528641465653;
-64,6288204137393;
-83,240981549757;
-58,3323590168771;
12,323332143211;
69,0226541300517;
75,0362827746593;
81,2741597003624;
76,7081323691719;
37,5491288218259;
34,8442728371389;
76,5231087177592;
93,4117594458849;
65,9259216666104;
11,0686818713658;
-15,7700778080528;
0,723054127741742;
5,61110223113709;
-0,470528775740546;
4,01522648846442;
0,663851197679261;
-10,8690890667012;
-13,5161267546255;
10,3027063165735;
67,1016454194899;
110,821848553456;
120,548299799713;
134,4963788174;
113,144059253753;
20,3951816761891;
-28,8205557008667;
1,66427134983479;
10,0472598971445;
15,2243705889604;
64,3600299132803;
85,0349700356671;
62,4183328287042;
52,1357588994081;
39,0670811463726;
3,73634979515939;
-24,9021500374774;
-29,4392211080367;
-9,27648701369128;
28,1415477841829;
51,2238648828402;
24,7634358863926;
-51,5975390695461;
-140,808931436352;
-144,467340853217;
-28,9704285308735;
37,9582545654377;
-1,55857918341428;
-13,4796700345042;
70,4695905174951;
221,683643336733;
273,277341982883;
151,680742795364;
10,4436814750121;
-48,7723067449558;
-21,8772864228668;
15,5409100428096;
3,00245909163173;
-7,05646487512168;
1,93196884074348;
1,69208463678026;
-1,394359787378;
-0,0175829163678215;
0,503012782440327;
23,6273060281287;
65,2724613340587;
34,418052367772;
-61,9539945065572;
-106,823759205672;
-97,6308676158916;
-87,8266544471799;
-71,4290887038417;
-43,8936337534261;
-20,1417917894378;
-29,488965073438;
-76,7665584535994;
-87,524594150613;
-43,1038617921012;
-14,4314572710829;
-25,6456141613376;
-55,6540233103845;
-59,2262705035112;
-28,8921984909945;
-15,1953024044965;
-33,6918229040713;
-59,7082771883319;
-56,6638811550556;
-28,2083023689851;
-16,4426143123921;
-30,3662739204546;
-55,9850723858083;
-71,0107431153058;
-59,2117914719085;
-29,2831675896024;
-15,8184937119899;
-47,1028517365781;
-76,7173184721673;
-60,4831303743426;
-26,642384152922;
-1,9016951700206;
4,75538681739304;
-0,838953388662434;
-1,41442249400389;
0,90260652025971;
4,81740266045049;
26,352037564382;
69,6824803795948;
116,378848968753;
149,171216780822;
121,46930645138;
20,7252271528594;
-30,3966891174053;
1,96618211248626;
10,5191967839165;
-23,2394153749467;
-60,9011608460714;
-64,0368373225778;
-19,4743555976815;
27,8469410950356;
26,5625425564177;
-38,8604215918043;
-96,2005894785756;
-88,3376901247445;
-58,0199948757628;
-29,1117735598815;
-0,629687278484989;
6,21185295182199;
-1,68122691834214;
-1,61415716114747;
-11,3950556875703;
-44,2502764518983;
-57,4146206743956;
-29,5167717890572;
6,14816194406533;
33,0912491883843;
54,2730233914851;
64,9821969928685;
65,4362131509948;
62,8851677251473;
62,4793653338525;
66,4298805972064;
75,8685329156865;
89,7270298737753;
104,689839646216;
85,3361778572148;
15,3201836740772;
-21,4772925307421;
1,13151756845548;
7,5432020319433;
20,8385760701729;
83,8104518148199;
120,994303830179;
110,765851975675;
117,205716273741;
124,45356575726;
102,116764330792;
93,6415962395227;
113,000340153165;
126,42230214882;
96,7673874666172;
11,6093730920444;
-59,3480672054366;
-82,0099930737782;
-110,207204043136;
-102,931136062308;
-24,5466442327282;
-8,63175308131177;
-84,7928900090651;
-127,95680375262;
-95,8643163673475;
-17,5915836345178;
23,1778691089007;
-0,562407095673418;
-8,46112329515642;
-37,7959860565227;
-144,728873608985;
-208,151723160608;
-184,460569974169;
-178,1963758838;
-146,810133981134;
-26,904790044193;
39,0297018842363;
5,03402196998738;
-3,13251995085665;
21,2214098598579;
31,345254499318;
45,6873889837393;
67,497346528768;
80,3705914835668;
82,7229320252206;
80,3233453196467;
75,8183665439971;
67,8001481832574;
53,760501821999;
50,5736563134307;
72,4389633849904;
84,5703906332062;
67,883570769633;
50,4647254281788;
31,1723656327458;
2,74544547627117;
-7,23008838246493;
1,2605886274786;
2,16733380646087;
4,17350326210679;
18,8419357159244;
26,1389461004195;
20,7468841976064;
17,9270478916173;
13,2580830672034;
1,46289874106444;
-3,24709063136714;
0,510927119755905;
0,992295779096878;
-8,50694003966154;
-27,2111426830709;
-35,5667337609997;
-26,332045435522;
-17,0728568437754;
-4,87828958465005;
15,3904157811077;
22,3671152147605;
13,1089116470161;
7,27551204428754;
9,62113424303334;
16,0492668036139;
19,0146568466675;
13,9499141542739;
8,16698334474032;
4,19693892501524;
-0,205712519578553;
-1,32717935161228;
2,05927786161171;
7,26451426219529;
9,05934816289484;
2,24801336482353;
-2,92462605444883;
1,67269883284702;
8,0233076874665;
28,6936096420059;
70,8850099560275;
89,1088443305672;
64,8086114562205;
27,057509691115;
14,4254353463589;
58,3726647471773;
94,9545258033387;
67,5150511554822;
23,7340207400672;
13,5991402302878;
47,4736183734501;
50,5936335862736;
-24,3628601216608;
-102,978825322396;
-144,766419137497;
-154,955195643105;
-120,142295730967;
-48,2948019366944;
30,9051528811088;
97,9819998936106;
144,140543060682;
163,214615017319;
156,495443311087;
131,778986942061;
112,980223481682;
131,782935761206;
163,931397718758;
160,449607459752;
129,889852634136;
77,8223793436794;
7,71079933205165;
-17,8531345501133;
2,67205256957242;
5,55370721064227;
10,5521860199182;
29,3256333112284;
0,260569491489679;
-41,0127464270495;
-27,3202351749246;
-12,8371843073065;
-32,1017059653173;
-42,9524083602265;
-28,6299881648686;
-7,27316249206255;
-6,92132110944799;
-30,6834775238719;
-43,8822713779017;
-29,0244706867359;
-6,7330893581697;
15,0826629517357;
50,7150970298298;
74,1808413821079;
52,5264249715391;
7,70161078435318;
-5,2044422179899;
42,6999906865141;
81,1847437733939;
53,0062646864562;
4,92170087387821;
-25,6916836294346;
-30,5288762187498;
-17,3470298371817;
-19,9143805895742;
-44,6507116936906;
-56,1837173517745;
-32,7797443258927;
-10,2554594267939;
-21,3419181654822;
-46,6910940540247;
-51,5001579625144;
-14,0310892826504;
34,061252528107;
45,5362914453992;
31,5371268811966;
13,5527943915685;
-5,88059398599982;
-8,89386581054041;
24,1928999478862;
78,8208430524858;
122,561787810379;
146,113053083977;
157,094787480991;
158,559127340746;
150,358425114105;
139,284415853951;
141,345904842318;
155,538210925828;
160,52693005013;
150,147450748639;
93,1016375501697;
-23,4867547504376;
-90,7035970499546;
-74,1948843851076;
-70,1205560504749;
-63,8963208960498;
-11,2143761854196;
16,7329934161586;
-1,33169697853758;
-5,65771205775036;
0,868516686589385;
1,79140285689868;
19,9644626797395;
39,4275541472913;
27,0519231708103;
1,72544699559174;
-4,5328942158193;
1,13815762309024;
1,15778747208254;
-0,89319257512536;
5,05373433747977;
24,8249597813497;
46,1573478357235;
37,2871593920608;
-6,80879627011371;
-34,6420579663847;
-11,6144757983119;
10,685036977706;
0,681251246358273;
-4,24619314819188;
19,2390095457399;
60,6624237926843;
73,8767796463209;
45,7691598259925;
24,9641387790121;
26,2194386120769;
34,413733420966;
45,4011201622538;
48,7708281635257;
33,7364680744172;
4,09621931540351;
-30,553906239054;
-61,9642900716426;
-81,9303100461586;
-86,5902015082725;
-66,7617931456357;
-35,947957218617;
-46,2937885412775;
-84,7117074455125;
-91,290610642107;
-56,4108567457861;
-4,48307351166749;
8,02598833481946;
-26,2735684057724;
-48,4595205827448;
-36,3795855872282;
-4,1687124759195;
3,98409180714986;
-25,2007205560644;
-47,3916898886065;
-48,9525657233513;
-31,9228318495869;
5,03070200450548;
38,7733378584054;
54,5891359195657;
59,1611553966938;
55,8862539226472;
44,8178944662226;
28,826516952359;
11,4553938234068;
-2,77068329411537;
-11,6099861791643;
-17,9960254568834;
-24,5288738469137;
-30,0882399234039;
-26,7965447848334;
-14,0151948244108;
-12,6049484504979;
-25,2737465051264;
-31,7967490991311;
-15,0539955486229;
26,362401933864;
50,6786207019299;
43,5719246760014;
46,1475437652099;
53,1362433423001;
40,0360792588635;
33,0226040098078;
44,1573910084283;
52,4868777983285;
81,8983575919365;
148,939391542184;
185,568064689241;
172,268087370107;
167,829225888632;
170,618653233317;
161,362116935137;
163,461794815196;
174,794270048187;
174,995784092169;
121,551437003142;
-2,93169589166694;
-74,6255076022362;
-45,2840613087922;
-31,7969083673404;
-43,6075833364495;
-32,1421303223838;
-32,6661914986776;
-47,8860996006328;
-46,348335787369;
-48,7687455353724;
-62,3389955211079;
-56,2979685576295;
-35,7993812708761;
-23,0615661940926;
-29,6035498380671;
-55,6642562513609;
-61,3970827135179;
-36,7502320714263;
-20,7377256434175;
-12,9975426724377;
-0,847996265702118;
3,07377641029806;
-0,684908732364374;
-0,85338215800235;
-0,971449983965705;
-12,542388736466;
-36,6550103062252;
-55,4216533417638;
-53,447092943812;
-31,1536180179797;
-2,31556492717531;
6,85771076302465;
-1,22801066200111;
-2,05327615818415;
1,3171230353886;
0,174882105376131;
-0,540900702683787;
0,164316411377946;
0,123449440236459;
-33,1527061335355;
-104,001367590683;
-109,063789548953;
-32,0729148650605;
21,7641267095208;
45,087014090499;
73,2663253933909;
89,6745132667876;
87,2019544326525;
76,8877561019896;
63,684372261772;
49,3939601733092;
36,8089379238202;
26,7891375776478;
18,6390208023219;
12,0461521996944;
8,33164286277711;
8,83852011026739;
11,6226811812752;
13,4274497736208;
13,6741817895995;
13,0861905218072;
12,1065543247209;
11,106720470112;
8,96449019384688;
4,54260705636323;
-0,0425134528194249;
-1,38274031376298;
0,748545493509674;
3,39564623328345;
3,30813143076452;
0,530491925681745;
-0,840102476875176;
0,0749479134517075;
0,281216142026852;
0,704067946608957;
2,56585967013674;
2,29891897676431;
-1,04739088744187;
-4,17698723005025;
-6,30702515832592;
-7,83440032292272;
-7,9127842188616;
-6,87797596090879;
-5,63523138395185;
-3,98160630709363;
-1,75112880490611;
0,494522109368698;
2,13370521543066;
2,74333448415024;
2,590950007128;
2,42750580873365;
2,32050568357584;
2,24220905937136;
2,08887579844541;
1,83028073419558;
2,17996556224488;
2,52901523331355;
2,26908174540238;
1,99935299924828;
-0,928478311170753;
-7,1584730635024;
-9,70788386512784;
-7,32938455572388;
-5,72385591968173;
-4,80529251547664;
-3,19656235436153;
-2,40762083030177;
-2,16039948633264;
-1,7522334035267;
-1,31522203910113;
-0,367719350272233;
0,338366219828357;
0,0338239313614829;
-0,141541449902858;
2,58092791276938;
6,24008653889584;
3,70882466304394;
0,572266329373775;
3,97169104786873;
4,9841992035365;
0,525657357164003;
-1,26697827060088;
0,229039095255724;
0,372591321414035;
2,23142159323742;
8,07615291937648;
10,0259563580935;
6,58147361277214;
4,71524973315506;
4,01106798826419;
2,44463750399518;
2,88452737198211;
5,06373923857334;
6,16650925501384;
5,22111296448571;
2,87581619314339;
2,59043787384116;
4,98351183987448;
6,31258873358086;
4,69518252735724;
0,828907449096237;
-1,13828184411412;
0,0431141813678252;
0,408560088234827;
0,788184660210366;
3,17104552714743;
3,78869621312309;
1,20806748517787;
-1,30954844336017;
-2,81504336517273;
-3,20080452871284;
-1,42320686279323;
0,638442762725123;
0,935317107284943;
0,509760418189744;
0,149534378260907;
-0,112882466449199;
-0,0266094327267398;
0,0545540330277724;
0,783876999594268;
2,52702301591218;
2,85712345886482;
1,2140220702818;
-0,301633080977247;
-0,865343949781138;
-0,347208244772198;
0,262886889644738;
0,0434154476875372;
-0,116396576462429;
-2,69448011957076;
-9,77285475015694;
-14,381581501908;
-13,3008211668104;
-12,0899697528656;
-11,560270580584;
-10,9870736491686;
-12,1975850764959;
-13,5502511014424;
-12,7988129246088;
-8,17762434131174;
0,284990730448855;
5,39304620982432;
5,30494924579328;
6,36686531893935;
6,38554971496126;
2,48780227153188;
1,79842678116646;
5,63092541862009;
7,57085037956289;
5,49277253832526;
0,940199057027645;
-1,3177082854075;
0,0548429221798442;
0,471204122891916;
0,821863786588031;
3,47343214627076;
4,84700295024639;
3,78825964040607;
3,32186852371923;
3,82703277167724;
4,19750880389448;
4,24571881771644;
3,89989712007233;
3,69961711664839;
4,21711835357643;
4,83385049079877;
4,93926567280149;
4,63227598697029;
3,95995287184067;
3,33077559355697;
3,08334287850394;
2,11219670058628;
-0,390351788135177;
-2,74835989970164;
-2,57040592686235;
-0,35568163267661;
0,632692344011247;
-0,0704870042336261;
-0,206149588202543;
-1,12963840052846;
-3,86732803909899;
-4,07741964408613;
-1,42631940042469;
-0,767454506655556;
-2,62658255202808;
-4,29356975715782;
-3,59766137592219;
-1,43919825971934;
-0,938379900366436;
-1,30674644470866;
-0,372292930653469;
0,389622191826455;
0,00568883161486736;
-0,1466623553801;
0,346510191025882;
1,22187848216122;
2,18328834573519;
2,61522058580367;
2,42662553786293;
1,55823772462305;
0,189849481516202;
-0,360478443274457;
0,0402822355795296;
0,118104598739871;
0,301680500978016;
1,21057985256803;
1,75865550021538;
1,83461552611444;
2,1004000207247;
1,61750117889521;
0,182330365881474;
-0,390211451643301;
0,0572804298262754;
0,121256855451774;
0,523705084107238;
2,04061518164196;
2,64210744924326;
1,60302942621312;
0,956169024482621;
0,877375940181674;
0,223143483193611;
-0,244956205902831;
-0,00211422315729138;
0,0919774089858561;
-0,0580126814617601;
-0,169842889704655;
-0,396233496793271;
-0,292266255581693;
0,743310340757751;
1,40813909237882;
0,413152484217363;
-0,417549826219683;
-0,0125100256540312;
0,160079059544736;
-0,392929263100416;
-1,3787339878702;
-2,31306212819765;
-2,46173616169289;
-2,17527152248821;
-1,61178834230048;
-0,338282132100206;
0,403631777061886;
0,000429632784540098;
-0,151450308266468;
-1,08022076856726;
-3,91899741683645;
-5,45931769518938;
-4,64561109942898;
-4,11763674817618;
-3,93011501264628;
-3,36990092898903;
-3,03371017825082;
-2,61998685209021;
-1,43852567512902;
0,271521933531636;
1,4952740536724;
1,65546953991869;
1,4445273799551;
1,71405419311127;
2,36172934369297;
2,94062916437972;
3,34719953203595;
3,62378467399731;
4,04412006705255;
5,0026931124137;
6,22451388462001;
7,03770111475596;
7,08491764805633;
6,43614715439939;
5,65705374054099;
5,35651413532158;
5,52466108512791;
5,78248037931014;
6,30491699019546;
7,10043994670409;
7,08457927255579;
5,91727117363677;
4,33604018371336;
2,79982351573957;
1,81810301219044;
1,79865214599705;
2,40256972532809;
2,85446033355453;
2,89666954428066;
2,91624751205463;
2,76173413935947;
1,77003853920524;
0,0465099372756737;
-1,45423039324359;
-1,73199790084739;
-0,808313611673894;
0,0342866664245155;
0,283399503896402;
0,680925148021773;
0,902681054215654;
0,240148371501561;
-0,257790697524315;
-0,00330268412001403;
0,0971195309395566;
-0,428269115712854;
-1,26565143663268;
-1,15046254298196;
0,3987678267179;
2,07282966910818;
1,85984599921028;
-0,713851551758375;
-1,76712053017323;
0,393171204216426;
2,30509381027139;
2,15096416785459;
0,492540208964562;
-0,543145798065176;
-0,0153146540218117;
0,210203449473005;
1,02515557206433;
3,63869491678159;
4,74916031688118;
3,61461496846899;
3,31881643267263;
2,9039367108435;
0,572138072060235;
-0,752058366490721;
0,0293145255331517;
0,268077154392448;
0,0673260128907597;
0,567757569870362;
0,985215928712426;
1,53631440479018;
2,90355076030815;
3,9616413121125;
3,63895848658667;
2,68843026582151;
2,09638377939195;
1,58703329198173;
0,696511427048073;
-0,0564868884628294;
-0,125098981788385;
0,0568259713468583;
0,0231429325181839;
0,167692430290594;
0,760556213627189;
1,12960529714666;
0,82498968352595;
0,451118108102642;
0,531577292083781;
0,859913567009283;
1,0299282156397;
0,820133977397373;
0,490369976066859;
0,318601940824552;
0,0962533893862088;
-0,0822982529482052;
-0,0110289551224723;
0,0356598972408747;
-1,65980252781922;
-5,74833611467297;
-7,70164985864239;
-5,74798398731204;
-4,09671365222616;
-3,72538148833464;
-3,23294841853774;
-2,89254984118444;
-2,68451355264654;
-2,63874956924464;
-3,32876527241178;
-4,11209473716946;
-4,23001651727455;
-3,82798615217514;
-2,55881492996168;
-0,692484566521249;
0,588974142962999;
1,08212114975819;
1,33778781701462;
1,6666867881274;
2,07825730459271;
2,40890614193458;
2,43560661020147;
2,33400697974246;
2,36473804655104;
2,18253119332653;
1,76690156602057;
1,74087261425989;
1,95714387861259;
1,65498242193891;
0,892853628697547;
0,252353683087668;
-0,254762470503464;
-0,870160247861298;
-1,35678916788177;
-1,26409256797619;
-0,350478649420717;
1,24506947061652;
2,96586881414069;
4,19427419169132;
3,47714316529624;
0,580864362577307;
-0,869776948664384;
0,0613158860383508;
0,298765579569924;
0,615110610114401;
2,15777542979524;
1,7124602127779;
-1,13938321705095;
-3,68105581655437;
-3,21271221564325;
1,13279030951053;
2,7156982200011;
-1,07067155513994;
-4,08616794081878;
-10,0405724045601;
-22,3130032677083;
-27,7761671195021;
-23,4018514331596;
-20,5265590538787;
-14,977483120757;
-2,04516895803638;
3,65893742282101;
-0,406270269999111;
-1,19363939254763;
1,25812095540042;
2,75799211642442;
4,52872670493162;
5,52133537950683;
4,93836126658594;
3,07273431211844;
0,352673203751095;
-0,713260419816288;
0,0899833790503197;
0,229047427718628;
-0,747468336112493;
-1,7930704774457;
-1,44799133060333;
-0,120138838958391;
0,710471778127417;
0,441460315758631;
-1,29063763895886;
-1,8196746646142;
-0,184441217768598;
0,876075353188096;
2,28547821852767;
4,69802964194344;
4,80742249807287;
2,36539669923746;
0,333309271410405;
-0,325799307467422;
-0,15429222863732;
0,107748579073195;
0,0212232180826979;
-0,0490116306274633;
-0,0612125978782413;
0,00972813766570594;
0,83251276013021;
2,11796861658192;
2,50092597642068;
1,45417773002291;
0,0368338540217467;
-0,306929845014593;
0,0797701146669755;
0,0813388464384578;
0,197383872700394;
0,962600423038504;
1,76752438568142;
2,4417657671969;
2,66770692268962
