2,047055711288;
2,04003567395612;
1,86259826737182;
1,78714204590768;
1,85104967505909;
2,02847028091332;
2,19737402915583;
2,02340457454944;
1,57215621786262;
1,30061253260221;
1,310533120514;
1,4114213050429;
1,58970692485202;
1,8298349584773;
2,02394096883253;
2,23769320876132;
2,59716704699675;
2,94131533239492;
2,95143628334168;
2,64690780642124;
2,19727821785406;
1,59873336116773;
0,959246213103026;
0,381049042695004;
-0,1578704826971;
-0,329413103548635;
0,290171078149532;
1,38185311371813;
2,16811972235597;
2,38913822223112;
1,78809465088535;
0,654837322036571;
0,850288242514529;
2,20193917398763;
2,57329374066191;
1,66413075420553;
0,24890138105765;
-0,382801295687099;
0,0222990792650347;
0,134576236612207;
0,265731115967083;
1,08818425172028;
1,43386728510907;
1,02705406413478;
0,912963051961399;
0,78203824216492;
0,121047754740847;
-0,202182939986291;
0,0216252192971046;
0,0659805385406323;
0,160191492949055;
0,603746813872653;
0,736712131948609;
0,547936438253174;
0,640537050856693;
0,643540424968774;
0,139015353215546;
-0,170163874228439;
0,00336106101084761;
0,0620065974666147;
-0,158962027285655;
-0,357980259543239;
-0,333534416114992;
-0,472761556077875;
-0,993273055365267;
-1,3803294683823;
-1,5234533108356;
-1,47761761323919;
-1,01028208226009;
-0,403365369058594;
-0,120326409874062;
-0,0367612936263618;
0,0241144543990471;
0,00835964158484439;
-0,0129271292063319;
-0,0346647386004026;
0,0308722737670726;
0,479730066417493;
1,06452787738182;
1,3140947062653;
1,38814759861759;
1,43655463673194;
1,22807590805436;
0,910235909978915;
0,939773705540696;
0,899946217923107;
0,212908951175633;
-0,241764748050032;
-0,000910313172252719;
0,090512523634923;
0,383183763961865;
1,55188240069068;
2,52262451856804;
2,73284550590227;
2,93404578961333;
3,20187205530514;
3,3837709835594;
3,65432230784629;
3,93167426985394;
3,99417016977407;
3,72199122026707;
3,26279993101979;
2,9256449709596;
2,83138508149658;
2,78923151483988;
1,97650492650323;
0,273339309494205;
-0,474174148188228;
0,0471497882327061;
0,157395498276134;
0,792148589462054;
2,93535870178002;
3,92349094606745;
3,16609325419065;
3,02665229970267;
2,52222095083399;
0,403874795124316;
-0,642133492501542;
0,058322246977926;
0,214440591359318;
0,47385789370455;
1,84185030653966;
2,11204411052184;
0,948915233456783;
0,613911071362702;
1,21602479122817;
1,74561995343136;
2,21429990967414;
2,63716772368013;
2,80654909420281;
2,08259313429515;
0,337261025360621;
-0,507789659357452;
0,0336201987361356;
0,17578529690871;
0,67152210028564;
2,54715512966017;
3,38395050012504;
2,37395734449887;
1,44385229490041;
1,49324411345628;
2,54703424937782;
3,18753915088806;
2,44112424204185;
1,48793140826273;
0,691941244432636;
-0,0236161569408983;
-0,140486834686635;
0,0521013034440962;
0,0305100680113817;
0,354475267526226;
1,31831428730337;
1,69873170284031;
1,14649419746644;
0,748747855161384;
0,511634416120942;
0,0534906307615739;
-0,126136030098391;
0,021445569207785;
0,0378119175542643;
0,242812236621929;
0,938418232980843;
1,34921657182983;
1,26778859258456;
1,41402908597267;
1,25654427961461;
0,225980241560461;
-0,326449052447435;
0,0223841127354004;
0,112048902294989;
0,0148238143963376;
0,129138332868771;
-0,0322196470348567;
-0,391495754922998;
-0,510597631166135;
-0,400795572524139;
-0,0977301738697915;
0,101316150491705;
0,0053012168545457;
-0,0402919785889773;
0,0113980183643523;
0,0591210503437669;
0,324005060109709;
0,78511966291642;
0,984744717685961;
0,618945064781129;
0,0319209315724161;
-0,134990102837394;
0,0296130255987211;
0,0380461784066044;
-0,2757942453735;
-0,958170441746844;
-1,7809733534613;
-2,75096445877624;
-3,85004040402688;
-3,26980229164567;
-0,518732329586636;
0,821166889745942;
-0,0711353951399535;
-0,276092129449934;
-0,152839588243318;
-0,81648705362969;
-0,199426827887525;
2,99672504850116;
7,33666688872044;
7,80414074351932;
1,79558619598148;
-2,08321375015854;
0,00580883910094413;
0,774232941421084;
5,27203735035541;
18,4896971610505;
23,4228525450498;
15,9956121444883;
11,6951568305394;
8,48032167487388;
0,879568755854796;
-2,086986831009;
0,356283989086657;
0,625085169005608;
-8,00495015788115;
-24,4245078555273;
-28,5024620901454;
-21,4264513812623;
-28,1806292031995;
-41,0128504310981;
-36,6533851329097;
-17,4448746822894;
-3,0202391807084;
-6,29432593934372;
-21,9999670538992;
-31,2278530834997;
-19,407972677641;
2,5203433335313;
10,8943579999301;
2,2656827689312;
-9,81815921633469;
-16,3931388640111;
-15,5497970421353;
-9,33703792577368;
-2,72380683913722;
0,462309305904059;
0,355040761149826;
-0,24659719523174;
-0,0334324367454089;
1,06380569520571;
2,85793157368504;
3,1136014326477;
2,80416494666;
5,42017157088919;
7,42320446465672;
4,43221035582622;
1,3560350199622;
2,79667652729686;
6,07718539519255;
2,78663535675304;
-10,0529793920018;
-16,1826066481138;
-9,5211605717877;
-5,04994985928277;
-7,54536291882929;
-12,1764002190205;
-13,4400933365872;
-9,62695604091368;
-6,02609429835263;
-3,69273024725811;
-0,541727083293221;
0,882469779295002;
-0,073013342838026;
-0,299570325706688;
2,87671615515663;
7,65134588821577;
3,59963687168141;
-9,08748059660851;
-15,1995347499551;
-9,7791278883872;
-0,826367816747483;
2,12512477063326;
-0,327619019904751;
-0,660712905707459;
4,08113690082382;
9,91992730599517;
5,56792915274926;
-4,54257988046917;
-3,44065789152279;
1,06196998359933;
-6,24296992264275;
-13,3923449759611;
-5,02842998283952;
10,4415268665401;
14,3107634337934;
3,15062279562618;
-3,87343396074385;
0,101354728390025;
1,39788686536665;
0,55429960138004;
5,11812343278442;
11,5108420961027;
15,9303033598726;
17,6393413272997;
11,9766783875971;
0,936784467790043;
-2,78071340053881;
0,535763011162259;
0,810866400004611;
0,532756619697818;
4,35205353387776;
7,75337433193677;
6,98012296829254;
3,28936995431625;
0,722664813825912;
3,5006883753042;
7,84680758785181;
7,27459299768907;
3,12791048841893;
1,19996670126002;
4,60372934103096;
7,52554171764084;
6,64253323619339;
8,17256883358614;
11,3470963360969;
10,4694868623469;
7,23404595549484;
4,84157398914481;
3,40859247882961;
3,15911050918034;
3,36008494904541;
1,05816945416142;
-4,02690600780621;
-7,20428499464231;
-6,76128109455708;
-6,38435424057018;
-6,11398426029749;
-3,68621506268169;
-1,0535980906215;
0,115769935272171;
-0,371472455671913;
-3,03288968645442;
-4,10901057079867;
0,137846824897096;
5,62311002291916;
6,32827372600179;
1,85135353485467;
-2,51765222162982;
-1,58325539981296;
2,63411243808907;
4,73044979936841;
4,92320482796395;
7,15784597655095;
11,5059881341236;
13,5507485536724;
10,2930255886787;
3,53137880868681;
-1,46025583007783;
0,312693788106711;
7,22265756182332;
12,6366119701399;
15,0218933425079;
16,9745060221675;
18,2961140329771;
17,4848758628249;
13,696719745257;
7,96941300152749;
4,79988681369363;
7,21789501771909;
12,0838992027589;
13,8789485157585;
10,7208743747447;
5,90864471319429;
4,14081526193296;
5,41451526358446;
5,99379269035557;
5,63922030709834;
6,66671529520022;
7,94489829083734;
7,59340611792192;
7,48748051703941;
10,1104176863103;
15,1646632074645;
19,1188028829329;
17,8185571895392;
12,3769183717824;
6,48013893939222;
0,273811289425994;
-6,41268535771377;
-10,405746053854;
-5,60737157417366;
9,67061378197128;
25,6245161939202;
30,9493316992293;
24,1988745587221;
10,3050206447541;
-6,77952329525791;
-26,1897578418613;
-46,7454923196684;
-59,1637558922863;
-49,8987718210554;
-23,1931730375913;
-0,0599553002964587;
9,40971212523423;
11,0710508949478;
12,962007304848;
18,8732589637061;
24,9921607489718;
21,8103939654782;
8,11184145578138;
-3,00246744666175;
-2,83974204769207;
1,20227350363177;
1,16871913565282;
-2,01175181331329;
-6,29917006412368;
-11,299734222099;
-15,8757577573836;
-19,7025547255034;
-16,7050306704617;
-3,19525068568608;
4,26609501461697;
-0,174400506313754;
-1,51882880235072;
-5,10962557916417;
-19,1380519771381;
-23,8455272921239;
-13,8427199371193;
-8,37545640800797;
-7,16449628317617;
-1,30032340363958;
1,92708485877251;
-0,16059056286212;
-0,646915440199953;
-4,64812146370644;
-14,0120495603789;
-10,8513191767947;
0,611851333363864;
-3,67683477931833;
-11,9574875881287;
-3,98717568486115;
3,7728600776616;
0,177064840071397;
-1,46908554601796;
-1,16989991817402;
-6,90068454623785;
-13,8935343714835;
-17,9788448430405;
-21,0183505045533;
-16,6785347918364;
-2,54696242273522;
4,14491332455817;
-0,379380761822451;
-1,38588986233506;
-0,57685073372157;
-4,01446025161608;
-5,44706341878451;
-3,55678394147249;
-2,05659265409837;
7,9003149098669;
30,7455940070762;
44,0234133726407;
37,1904468506206;
30,1984618628814;
32,3154390066327;
35,0623350319718;
33,2185321667582;
27,6890829086032;
20,817106123087;
15,0825661836499;
12,4525035738867;
12,2149939792935;
11,435975216742;
7,71763645151346;
1,51456830765637;
-4,83404838718823;
-9,86162425172241;
-12,635679972394;
-12,6217998389453;
-12,4429826273269;
-15,8536263721341;
-21,2097785638377;
-23,0835675451141;
-20,0466982540347;
-14,8567174326008;
-9,66035380270526;
-5,62092291164804;
-3,33880990971608;
-1,61286071419303;
0,12317773828615;
0,459997057299654;
-0,148277304293322;
-0,115363698519989;
0,103237485322449;
1,36169218693812;
4,44782445480828;
6,22591375161063;
7,2592486099074;
9,4339711198628;
7,13107993404039;
0,402863060584706;
-1,69171185577788;
0,405142124611296;
0,456997621254365;
-0,437451060487347;
-2,06043180420105;
-6,39452447151862;
-7,97590190304278;
-2,61305341798205;
2,48236757225081;
1,28063115430721;
-0,93937420731746;
-0,137659208888395;
0,403582353549831;
-0,0102873389599362;
1,31947053018576;
5,91394821791613;
12,7446451670526;
18,6812904250635;
16,1878961863641;
3,05994027708585;
-4,10250989705156;
0,166157967449594;
1,46220624793573;
3,05879709730497;
11,3078747123213;
11,9743239956356;
3,04547247877477;
-1,82537874885143;
-1,61260109085642;
-0,515129494988055;
0,380510855864756;
0,088413648229036;
-0,182530124590037;
2,42433692082691;
8,05200078093607;
9,95057716176231;
6,58902893354341;
5,61043743707189;
5,769183823505;
1,47517465865858;
-1,59745568615633;
-0,0248825130223171;
0,605101057526463;
4,67508641092718;
18,391822121427;
28,6430437442306;
26,9567629666109;
23,8671154892997;
17,6990186659104;
2,79911501422556;
-4,40494911275587;
0,365678837291119;
1,48928340202479;
2,47619481266073;
9,63391040731056;
7,77082338246341;
-9,10601200497582;
-28,2758974942404;
-29,9003156000387;
-6,80944735647613;
7,94710466207817;
-0,0319490236174988;
-2,95019048167871;
-4,90549129812931;
-19,5226512963681;
-26,3458365079111;
-21,5124781684012;
-15,5091291598822;
-3,68139453187463;
3,85800999873845;
0,0381519655476958;
-1,44202917321713;
0,599110370496916;
-3,84826636050006;
-17,1029634728278;
-27,6179710637346;
-23,834114043184;
-12,5474526082654;
-6,25130670037932;
-7,49296558028125;
-11,931392363398;
-13,3007688120024;
-7,70648769277311;
0,833393581386984;
5,28825846217559;
4,13927993933917;
-1,73242186621125;
-6,45169476479895;
0,426973050069561;
14,5332648976314;
17,7701082794446;
3,51156401688004;
-15,4368440203175;
-22,4695590419178;
-15,7210116835295;
-5,78264406667522;
1,89365820259493;
8,82893087172653;
12,7403604847278;
8,69917876012462;
-1,82061380883204;
-12,0719949915922;
-17,3476404636414;
-16,1232943692477;
-9,56244523712105;
-1,31601773541267;
6,37692999366681;
11,5119010494993;
8,34549553644123;
-4,71791083673097;
-17,7553179103048;
-19,8502927740032;
-12,4967130880484;
-5,11526446493575;
-1,5494998996812;
0,384023928469616;
1,3823976312733;
1,59121437934377;
2,65391258894273;
4,10138982704275;
3,19201270880592;
-0,583647491745748;
-4,75884724196858;
-7,25200156682718;
-7,54984982357942;
-7,2869912119034;
-8,92316969945475;
-11,5168227169502;
-13,6567150721755;
-16,8316871217029;
-21,3558936152701;
-26,3544141592536;
-30,7908891337577;
-31,9885762958877;
-29,1308509584912;
-24,2508539057313;
-18,6655621603683;
-13,1671498620282;
-8,2690604788963;
-3,07650615526095;
2,25317483259307;
5,0885337966295;
3,3049007668654;
-2,31476569347015;
-7,43027381216287;
-6,16027995131239;
2,23739323793978;
11,1888183568595;
14,4161693633713;
11,8331571437017;
8,0737670070344;
6,95882522277689;
7,87120627796488;
8,96537581412167;
10,6501036731782;
13,8985506894862;
17,0670456047633;
17,9070627031065;
18,0394477134626;
19,6061329163977;
20,4843336348992;
17,8507734477692;
12,6300115552052;
7,29619074181739;
2,99903513607179;
0,629416116965312;
0,420979685703969;
1,44554094655749;
3,53741535646859;
6,73934802502918;
9,90017409886939;
11,4018932791124;
10,6230437870125;
8,99304561667671;
8,76462981644165;
10,5824428019946;
13,4102752088312;
16,1263882485326;
17,5405484001757;
16,0819549617404;
11,5916519407857;
6,61589529447306;
4,31738918693971;
3,48336938359471;
0,898105861927547;
-0,92720701958969;
-0,0396920242978505;
0,363434879149651;
4,97715609490276;
17,861540806368;
25,5422535576059;
24,8173654847452;
30,3601295341406;
42,7153294265554;
54,2640930425152;
64,5300840638467;
72,0393464026227;
72,3979107824008;
50,1357255690506;
6,47891292503122;
-11,9146920000083;
1,32241870257373;
3,89736421569078;
11,0728562569592;
40,5806226962389;
45,1153615752218;
21,4797427808192;
14,3821084319056;
5,05716515245444;
-29,584642530556;
-46,0052502039448;
-31,8476842174365;
-25,6552905017222;
-32,5754064176994;
-43,2136735386862;
-61,6725545946369;
-75,5961528524565;
-65,9446939101454;
-32,7825250308769;
0,0823709945670597;
6,52308761915957;
-1,9545679748742;
-1,62773529100397;
-10,8248874131517;
-31,7916960782405;
-12,0761986082639;
36,2632551301531;
40,8884414572527;
10,0002491252302;
-4,38636896732053;
-0,338054794674026;
1,4822661583001;
-0,466096509885135;
-2,71676607119151;
-9,87383047949244;
-18,0008891959096;
-17,0110328744061;
-6,78908208323309;
2,78283684160243;
2,64805247392273;
-1,29691228049767;
-0,524949936118649;
0,70096514345529;
-3,25234882105097;
-9,34214890016774;
-7,14320174833005;
2,12326916378342;
5,88660060520895;
-0,0827984403506834;
-8,32733300894356;
-3,2165932939633;
10,0820996051161;
7,88631896616001;
-8,59431406794178;
-23,0097270140287;
-27,3309856057725;
-18,3264147077364;
-2,1684325566639;
7,90730346621287;
8,08445712189993;
5,43955950411451;
4,95026499948928;
4,99167891713692;
2,91204216485672;
-0,817058313585436;
-3,21342926524956;
-2,77857197993101;
0,108153611426783;
6,86908689665458;
16,5843885535109;
22,367425511726;
20,3744779195965;
14,3772917546932;
8,38079462699461;
3,08751853030644;
-1,13595965125321;
-2,89036291426818;
-0,202040122745343;
7,01558269641364;
14,2769094169215;
16,4710448387037;
13,6348401939864;
9,35096341138222;
4,91668801668579;
0,445704011473714;
-1,0757123387211;
0,156156627323421;
0,338489694940669;
-2,1001002036121;
-7,085766590811;
-10,6009410354261;
-10,0089439988661;
-9,36944233546151;
-10,7332326027754;
-12,5091352686924;
-14,6749894725573;
-18,1207400308538;
-22,1277745081635;
-24,4120235422812;
-23,4027915196271;
-19,2503614380827;
-11,910284665698;
-1,32740795802491;
5,76608341386624;
2,57698875383279;
-1,9356663716456;
-0,294209970348829;
0,84119157852009;
7,00208704502783;
23,7914386863405;
29,1887409103695;
16,8512710476832;
7,91017669645126;
6,22593003962715;
5,24635114935323;
4,12058372313668;
1,74422736852965;
0,213680062235561;
1,60421938473421;
3,3920884231318;
4,96070148690569;
6,61590572667672;
4,69628446068424;
0,313506629068488;
0,278586481654888;
3,34722696358398;
3,61718510229826;
2,39638717519194;
2,27541355252736;
1,21606176587079;
-2,14552038822454;
-5,53394999043689;
-5,88754973984721;
-3,26720481455793;
0,197891859411581;
3,5476158770737;
6,05405390414138;
7,67233672964127;
9,41669594502178;
10,5851654081068;
10,9616676558581;
12,6093808006005;
15,606871201277;
13,1094537409263;
2,35425820571339;
-3,31152766614621;
0,180526329943991;
1,16001413654951;
2,78080921527306;
11,3186083902368;
14,9309180978091;
9,02203573599519;
4,61865736424152;
3,36502418511106;
0,601960577825358;
-0,893838870549968;
0,0726192808301482;
0,301202150427231;
1,61585848219204;
6,7317268650805;
11,4459421589154;
13,2241123233779;
14,0395940427622;
12,0536150808718;
8,02996632506629;
8,89209460446146;
13,5630991839863;
14,8480096183365;
13,7557074969282;
14,1242724912119;
14,1764130928821;
13,6936419088567;
14,8724174949944;
15,5256501531659;
12,579221804409;
6,04648712870246;
-3,02510411494246;
-14,2083157501465;
-27,4905774172548;
-40,5916569296764;
-49,0491663352181;
-50,6816799345182;
-46,3695056591074;
-38,5007611806013;
-31,7111780725173;
-32,1570473777234;
-42,2904758101316;
-52,8203493215811;
-47,3569764774961;
-23,5115781102277;
3,39707695116233;
18,601868866075;
14,7195425246618;
-6,34894497208575;
-25,0331808250469;
-17,9212535138983;
9,21572678886902;
22,4505141059532;
3,99157908201169;
-24,165008765006;
-32,6769507786128;
-20,4641297015107;
-5,57904387504982;
0,184043554316401;
-0,878086598635753;
-1,58339741558484;
-3,93808726858755;
-14,6078950452335;
-26,7804872925628;
-24,6062885870342;
-5,75443307803029;
14,9276688854284;
24,660835962888;
24,7469731080938;
20,0646376042132;
10,2359514711433;
0,647709470688015;
1,08678058244346;
7,62428567543969;
10,6541301199221;
10,7647109305743;
9,05096624828056;
1,99015517505908;
-7,36399769313972;
-11,6269504564355;
-9,83539214832475;
-4,9264066064004;
1,2624530651128;
7,19924098926131;
11,0725483003661;
11,5550464021843;
8,28734460372336;
1,50951043340597;
-5,85239494563197;
-7,95513583028319;
-1,7276462368628;
10,4822582725334;
21,8252463987461;
19,4661657444894;
2,94833531585282;
-4,89215335634832;
0,484488182923724;
1,61779758240373;
10,2494109947788;
39,345857316708;
55,6851451089004;
43,7427761887919;
29,6125204863503;
16,6805265720937;
-0,861430114346005;
-7,89381369293525;
-0,0394076158817788;
9,99672525713945;
11,4323211408015;
1,27686066975207;
-7,1705398347097;
-1,06335449412416;
10,1623414824939;
7,29398473135321;
-11,5868573531145;
-18,1143743233134;
-3,45741165685095;
5,56054388219259;
2,56923619519305;
-0,281898703346003;
-0,326431600454086;
0,162689872789018;
0,0596435517741497;
-0,91382399750147;
-0,853456622050295;
4,15409602479822;
10,1508846610364;
10,7914360735254;
6,24808632346414;
0,379108041819997;
2,46582855162407;
10,2023454922992;
11,4044301668156;
11,3600090754328;
14,8946292162409;
10,7177840545086;
-1,03986955390786;
-8,36168713782184;
-10,3706194939538;
-10,9492879387182;
-9,18714267035043;
-5,47205201854389;
-1,73517278557359;
1,6197117031865;
3,40981871172948;
1,86837067413086;
-1,82775415174006;
-3,8276632300321;
-1,31562285202182;
3,64504861092417;
6,39136093226779;
5,40083600645317;
1,64176470421213;
-2,66815205528045;
-4,24701795855139;
-3,36039865711545;
-3,26155554132004;
-3,93299915554556;
-2,99996430546532;
-0,512749441311019;
2,30218796099889;
5,45620062539864;
8,32793223709927;
9,54675674891793;
9,39886939046096;
8,84768442552954;
7,99134974415637;
7,26614227868365;
7,53597548133991;
8,7026333440385;
9,68507638018432;
8,97332991206532;
6,08735272939303;
3,87199383974403;
5,69462393531984;
11,0044276435809;
17,0177952807936;
21,011152342229;
21,4082180583057;
18,8738688430796;
14,9617528609769;
11,7901840364289;
10,8915859119367;
10,8512772107256;
10,3697003334982;
10,6701923851249;
12,3486714081503;
14,3791823364985;
15,3793432646408;
13,70209996027;
9,55122751751904;
5,67509100224145;
3,24411656238483;
1,21958019430445;
-0,163095767829902;
-0,204977870029717;
0,118454221216839;
0,0272622750381154;
-0,722577731955221;
-3,25874415566709;
-7,42835684007954;
-11,7012283085051;
-15,1543654585706;
-26,7564534052632;
-47,1335983918804;
-44,519788922599;
-16,1400110502618;
2,55490069706701;
5,645765924204;
2,3447506511158;
-1,53034586914385;
-0,423448823819806;
0,757908906990535;
1,83839846843414;
4,59404178012533;
1,26386335184778;
-3,80376697142326;
1,22952023620342;
6,80397831822885;
2,07976221687498;
-2,15587921280191;
-0,0158010956816841;
0,801358097892494;
-5,00170712056694;
-15,7030307255795;
-18,1344157150986;
-9,16394864112487;
-4,565656169165;
-5,27043729111522;
-1,61382705381449;
1,57688298748084;
0,0671616414655535;
-0,613023239279223;
-3,01320257070105;
-9,20432605862306;
-8,849152521215;
-5,24138126813095;
-9,60873326826648;
-13,9983336449025;
-12,2012198675244;
-9,70835583997935;
-5,38174961572989;
2,60565872423593;
9,38439538939522;
13,1984577168141;
14,4093979975069;
11,0849527825064;
5,09249285703422;
2,38208699455031;
5,16181188022878;
9,21493796676702;
10,0560907005154;
8,42779917750151;
7,54199993191332;
7,74011408766556;
7,81073717760287;
8,14007181503731;
8,34810347976404;
7,2363804617742;
5,79205434241397;
4,92286899874157;
3,61088704360359;
2,85988892370604;
5,38543463233805;
8,99125554292415;
8,60758261642397;
5,12544708863855;
3,26217440493417;
4,40888700038019;
7,86908973854958;
12,7044156196588;
15,6751971350018;
13,8920521538976;
9,00532156800362;
4,32137832573338;
1,21663353611202;
-0,226962605844849;
-1,03902584629121;
-2,17211858583385;
-2,39385621802827;
-1,97547977808823;
-4,3589473276479;
-9,4333619775119;
-13,4650519629242;
-15,0946734972143;
-14,4337566357919;
-12,3210411056696;
-11,0460961363026;
-10,7325580450055;
-10,2432049640817;
-10,5630871022255;
-10,8553542578344;
-7,78603021319402;
-2,19521805860372;
2,06919323686827;
4,16073107695529;
4,83873736545592;
5,24607341241935;
6,87905784801768;
7,43572261002086;
3,72509693761042;
-1,36538602671406;
-3,44604712775307;
-2,69989167913288;
-0,155229453656027;
3,79615324123063;
6,49803277301364;
5,38269476613444;
1,4556445571955;
-1,78088194335658;
-2,20592693225105;
-1,36229253740925;
-1,8974621222795;
-4,2687297763267;
-6,51659438277315;
-5,91368714998942;
-1,71451254797402;
3,60780791038712;
7,02000959300832;
7,34011525606982;
5,14597938256712;
2,73155818960343;
2,58052392761305;
5,2679691049969;
9,50866225083456;
12,2239618868793;
10,6983478930106;
5,26514827920491;
-1,69876851226037;
-6,97614677051663;
-8,56067024714227;
-7,41552744186035;
-4,93728811729795;
-0,983048344202911;
4,52577993303825;
9,54320508370583;
11,1632723651295;
9,46783188012829;
7,3794157032604;
6,55085275012415;
6,85090806529216;
9,05003869408258;
13,410673826575;
17,6819532561456;
20,2511412576197;
21,1353432972112;
20,1084247597599;
18,3292994955595;
18,2322745417299;
19,982502924064;
21,196944910672;
20,1551924143912;
18,2914441431149;
13,1834936638883;
2,2911664400537;
-3,24185292729451;
0,162750293704888;
1,1444391746207;
3,25597511254546;
9,42887242654148;
5,03539110675113;
-3,2484987293795;
3,86412634396958;
10,8053639349789;
-6,27880878661204;
-31,6803717858673;
-39,4050671031778;
-40,5138360765156;
-36,9301470226104;
-9,60909917006911;
9,91826449565598;
0,40683459747901;
-3,8772711978524;
3,01748074815091;
4,16147973415544;
-0,739833351694168;
-5,90061479044512;
-7,20692253601605;
-2,81624475061073;
8,09861490977353;
18,7060295791272;
20,1693510712107;
14,4223322207379;
6,48733409173826;
-3,60686465901804;
-14,642447275012;
-20,7017896248607;
-17,7107281455244;
-9,48787671628189;
-4,04270110864631;
-4,7558307784858;
-7,88591974512353;
-9,37599096589421;
-11,8814538554421;
-17,8338037581076;
-21,6134134876445;
-20,9865203186027;
-18,7526392743708;
-12,841129657131;
-5,98550998953621;
-6,73050435767398;
-14,2978913464488;
-21,2253475294132;
-22,1804034932007;
-13,6884931946939;
1,80024161078275;
12,614408288752;
11,9747101149091;
6,97344686074465;
3,62127478068583;
0,174711695706375;
-3,30475480858076;
-3,87407870345783;
-1,50550312621564;
0,391802605511841;
0,213341369837323;
-0,203650883399741;
0,00551351212324077;
4,1576592342445;
11,712595384302;
8,82472457879807;
-3,36455460544852;
-7,50054374353496;
-3,68252048274993;
-0,278272787809892;
0,671882444982132;
-0,0631501907452494;
-0,231272475343357;
-1,22628651561284;
-3,85820030310995;
-2,23911276257644;
5,03333971307718;
11,165868735497;
9,74216632845087;
1,62078806007504;
-2,43315017621483;
0,172428430504802;
0,835492665406823;
4,29422073537737;
16,533417812359;
23,118517809339;
17,6708819688501;
12,2132890816452;
8,19938231125301;
0,999387308823063;
-4,9855173651195;
-6,87309897818165;
-9,18124501420527;
-13,9057031841976;
-16,5045792873558;
-15,765155685667;
-16,1000250894269;
-19,079195899662;
-24,2322074726266;
-31,8667650282331;
-37,6362439450266;
-36,3115283287418;
-30,6904858551493;
-27,1007474217703;
-28,2488179122738;
-32,5235293666208;
-34,8702865602701;
-30,9246892402371;
-18,0408313334894;
-1,36313389538233;
3,98032475168429;
-0,707003577768836;
-1,19399764228933;
-3,21775839073067;
-13,2374030443367;
-19,1275364022436;
-20,8315247656556;
-27,3216475439224;
-23,9813737469014;
-3,75865724416347;
6,08210286375224;
-0,575398233718334;
-2,02160702255775;
-3,70773141945453;
-15,2297322095505;
-17,5458513730464;
-5,3716676006886;
3,50042618423992;
4,15158850127991;
3,30970824946342;
7,38096820738136;
16,0420365222753;
21,5336042709608;
21,5732178495518;
17,7683599409628;
11,3061255770318;
7,15961520125293;
8,06697422874183;
10,0656357308257;
10,6816588318366;
11,6391257526313;
13,1231366619884;
14,0194482794505;
14,8588385122604;
15,3181522159134;
14,409373159529;
13,8402952553158;
14,9261179690771;
15,7842722494978;
14,7865157360118;
12,5910900273574;
10,9691843923842;
11,3214110450302;
13,6860196704765;
16,2292404339535;
16,1550091376042;
13,525832552575;
11,9208117378475;
13,5879940868611;
18,0354595795525;
23,1527654700437;
26,340292741954;
28,3033091508579;
30,4439348961531;
29,951287173641;
25,2823204804177;
19,3792037680726;
15,3024225897223;
15,9470663857132;
23,3857948712161;
34,1016162015729;
37,885100755297;
24,5625269681637;
-3,39458550561695;
-30,9094602139267;
-46,6160616473735;
-48,770448751517;
-40,6682710100157;
-23,3899337731354;
-2,1019953862733;
5,18864865227456;
-0,791715207584448;
-1,61315816844099;
-1,26158523689537;
-8,47504385827834;
-14,9216601519212;
-16,8710164340222;
-17,8757885260747;
-13,2037208821559;
-2,16729761481905;
1,08162195736248;
-9,6752953288896;
-19,3395651622486;
-13,4662464672186;
-0,368609732139278;
2,95915944178925;
-0,794559476104234;
-0,768731489314472;
-2,81605249376165;
-12,4499828531667;
-19,5441428048161;
-19,873568081955;
-18,0207846565494;
-10,9817797080206;
-0,483301511398411;
2,43245056645838;
-0,582014874104124;
-0,662805034652731;
-5,02673538511066;
-14,4726528620426;
-7,30818051499127;
12,1897644086687;
17,1740850950236;
7,77875581312742;
-1,30218384624978;
-0,538261713280296;
9,06245899437253;
14,8433206001971;
15,4251226830406;
17,2696645806233;
13,1211388030416;
0,231180751514757;
-6,79094081385689;
-1,3030477994978;
5,24023024473645;
4,10314495725057;
0,0343496135714471;
-0,240175023302345;
3,53123089435783;
6,6896690242193;
4,77898460738593;
-1,54899036455103;
-7,55707008741754;
-9,20594466445009;
-5,60095032679478;
1,67077584145713;
9,15906729742081;
12,9315182849953;
12,0727688212864;
9,01895921160193;
5,86845281766132;
2,86067991405056;
0,481764241458826;
1,96021874532597;
7,02705248810503;
7,70151938738097;
2,80235309338438;
-0,145592048580703;
0,105213334432624;
0,234944765828743;
-0,08751350872957;
-0,0545035356479164;
0,0551469730443345;
2,087584299576;
6,43315523583841;
7,16392326956122;
4,35961039413612;
3,90636931847977;
3,6239346049529;
0,64495033870219;
-0,9367950881043;
0,0647068848947567;
0,321467677499749;
-1,63220561966742;
-5,06188803925675;
-6,25758341401047;
-3,26593283997258;
0,887265958774223;
5,58882673469299;
11,469061705444;
14,7688149226293;
13,6513986966734;
10,4350366753511;
8,2903034291359;
10,6753939916835;
14,4555897820858;
14,0148780314662;
10,4020172799618;
5,22559026076618;
0,11042386627343;
-1,08731880824036;
0,286882832120247;
0,286800036027406;
3,28924233063399;
11,875525418474;
14,9851590612719;
8,61939251808456;
1,35870960999034;
-2,50159346691354;
-1,55880191012313;
0,878764907429551;
0,291056539829771;
-0,450905046818172;
-5,53960418825006;
-17,7121075180788;
-18,941314901679;
-4,95864039977088;
6,40331910188136;
11,6459973076019;
13,9015013378468;
11,2500827709814;
7,69216453947343;
7,31483714630376;
8,10646368096332;
9,13997580101877;
11,7825639809024;
14,7104152321296;
14,9681386158521;
9,72114736078516;
0,979990200842206;
-2,2312042062251;
0,327320580451308;
0,696979593431303;
1,7962982845316;
6,32476636118581;
5,90189436821898;
2,04139014044008;
3,75025283009526;
6,44864184759115;
5,29906111480973;
6,73551030350575;
12,0649261797565;
15,353093893719;
11,7025735925181;
1,87901390290658;
-2,85290339403247;
0,19544517073818;
0,984715539774233;
1,94428813643951;
7,6386530206906;
9,09299677413055;
4,61959762656308;
2,02013548588459;
1,03086353256626;
-0,511489886453324;
-0,753123668923881;
0,37289946953716;
1,79342500800023;
2,17824619593253;
0,580058555854008;
-0,601848815028631;
-0,0198789017294835;
0,232671249417106;
0,382321027522383;
1,33079344171549;
1,31557147792648;
0,541487435161349;
1,00406961531515;
2,27774943064628;
3,39233132465316;
4,13017467892573;
3,72696977971478;
2,0254597750342;
0,486018116348466;
0,335185797122604;
1,26144736373864;
2,55104251941319;
3,31404641711956;
2,27164863468445;
0,138493730511296;
-0,519006512844525;
0,113289189584694;
0,145718299753372;
3,54519714517357;
13,1672162601798;
19,2810535522333;
17,1434447272073;
14,8707751443127;
14,2643806082644;
11,8749284241874;
8,75514721130572;
6,7504885183757;
5,1926997259042;
2,44592718948677;
-1,1242073336777;
-2,62150613446885;
-0,610297001221818;
2,34260661985874;
2,67122582610838;
-1,39208701508074;
-9,56783343505714;
-19,3323545822679;
-26,8310807206787;
-28,6125002841252;
-25,1300409317183;
-21,4387269374857;
-18,2048852285738;
-10,0282861046165;
2,2075759008525;
9,77856741264937;
7,64143864438817;
-2,11077258363692;
-12,1266542904272;
-11,896580793474;
-1,06557899637766;
6,15488224108066;
2,17274479903908;
-4,2273747883311;
-4,78164415661556;
-1,8692953114228;
-0,0964399284297726;
-0,390143682915712;
-3,19050942291786;
-5,23115108115173;
-1,77350330180939;
1,54566465799123;
0,150319794698118;
-0,638868676737173;
-2,64544751351404;
-9,53584038364487;
-12,3671972410594;
-8,54665238514737;
-6,77063752257554;
-8,40305064596653;
-10,4674392780397;
-10,8022682725617;
-8,73291931080448;
-7,27073703241335;
-7,17714688558709;
-6,44722727241721;
-3,27387549220252;
1,13208690672756;
1,44318357444483;
-1,63197743444822;
-1,38282955943406;
0,707504331417887;
0,26673524672047;
-0,374537074949725;
7,53603116084766;
26,7674669729331;
34,7666557223925;
17,7954362500926;
-2,21168120526258;
0,559800735456315;
25,4154871416137;
36,6778966635853;
17,6551806031871;
-2,86074390966015;
-2,13459597294135;
12,8765753586358;
16,3076861977602;
5,36924757147063;
3,70265782888777;
10,1809458529175;
9,59880505321034;
4,54804796006403;
3,32407008100057;
5,46845354846216;
6,85222840543467;
6,98596449203418;
7,20407228148198;
8,54335974408372;
10,8070172178959;
10,6089158781449;
7,39968915704607;
6,28372970126105;
8,68862394958948;
11,0880618570602;
10,9488321555443;
9,5132484308461;
9,01890078247624;
7,2615763879731;
3,9608640345003;
2,12682434561187;
0,654367145953713;
-0,537296449449349;
-0,085588635956043;
0,239190850853095;
1,14750375951353;
3,80482159320322;
4,23543679918941;
1,82502449564867;
0,513378524975208;
1,42791942999761;
3,70004760854126;
4,14260317966066;
1,90701750535787;
0,51110334121313;
-1,75599874260013;
-6,36591603973064;
-7,20785880399161;
-3,94415901825857;
-2,02229538442604;
-0,887469744527249;
0,285753674803906;
0,162490319819415;
-0,164361102549233;
0,0102524344471596;
2,08695611177236;
6,84283184300771;
8,17886221266309;
3,02273534482749;
-3,27465573755381;
-3,23818875794034;
5,32464450722788;
9,67111215737614;
3,10149089939913;
-3,86405858381252;
-8,78593054208407;
-12,9984567298589;
-10,584188812569;
-4,20806871129335;
-2,25805992085452;
-4,63494875677094;
-7,74136504092348;
-8,70529195749342;
-5,79725699869317;
-1,97049028232843;
-0,988421077118515;
-2,66076777778784;
-4,97915254314236;
-5,63507024601044;
-2,33795437612216;
4,02431572024457;
8,8752993287987;
9,47851833497586;
7,80806960269352;
5,87102713311975;
3,65123235331532;
2,05071939479474;
0,946384127001752;
-1,85399304928081;
-5,68168438538344;
-7,74673138400101;
-7,17790655269206;
-4,43410425677651;
-1,27450177973401;
-0,298729344179152;
-1,25339742826459;
-1,29372955634968;
0,241626284398639;
1,79203897278349;
2,96855135716153;
3,71894897322026;
3,68039240448292;
4,05301011994585;
6,14454008394279;
9,31610344204639;
12,2843263572187;
14,0217823662921;
13,8209780870219;
12,354811999483;
11,029877650396;
7,70626812348796;
1,15529991137445;
-1,86456935289696;
0,155172852816498;
0,631838953110277;
1,08807994162753;
4,59887691337468;
6,24592932407825;
5,47639675676878;
6,8335654459234;
6,6583597490404;
1,30643415776162;
-1,75969743857002;
0,089884411791462;
0,616784031426093;
2,59637248073008;
10,1009676692471;
15,3246487717511;
16,9496697885017;
22,5908325403345;
21,5501107574267;
4,39459594351425;
-5,66702967906542;
0,204443851102368;
2,02486284014729;
1,29072691695214;
8,01772609928903;
14,3661049555074;
16,5263610966554;
18,0172616775481;
15,5881831394732;
6,80950737601163;
-2,51295687242486;
-5,56675700276594;
-3,73316835831131;
-5,58965455431034;
-14,3734429225122;
-22,6365259498419;
-22,4429449074839;
-16,3952139390113;
-12,7342025187402;
-15,0550748128092;
-21,0492844563253;
-22,6694432105139;
-16,8955738530821;
-9,2990049332132;
-4,66703814342069;
-9,42925918504856;
-15,4204741129485;
-5,3882865496582;
6,93457589950953;
3,16803147025861;
-2,63712727879335;
-0,20437536898966;
1,05192846029931;
-1,91128356240198;
-2,52595146948666;
5,75096361735417;
17,1943247193483;
19,2421935998305;
10,7249542846345;
0,412263679759505;
-2,25191227657349;
0,522222255853108;
0,625170278133129;
3,44441496677947;
12,9001746957937;
15,624465130095;
8,4366940590872;
3,45571608990068;
5,5888426014401;
12,7083070224595;
15,0614491066847;
8,72189167390134;
3,53936295571186;
-2,12997690456835;
-13,0054312598856;
-16,8092911196428;
-8,98591242391938;
-3,05053135622679;
-6,39273147176961;
-11,4453304108392;
-7,54926272122488;
2,82370165753105;
6,12282763536621;
-1,61686925274691;
-10,3701974246198;
-11,8807271636011;
-8,09240942956073;
-3,04921989740676;
4,52502444724811;
15,7127150238439;
24,6603715393429;
24,2216072264193;
14,9824359660391;
4,33327591313358;
-0,897062566056786;
-0,538188203433517;
0,445081954355415;
0,0205836164811043;
0,17567698032754;
2,09356697508273;
6,06885003063967;
11,5381086507088;
15,9149857397998;
13,582451730604;
4,32261632463809;
1,06694380254606;
6,63041312926488;
8,87508626388652;
5,21611865287706;
0,552321799676973;
-1,12111179488428;
0,12053591366235;
0,372198030178822;
-0,014396428637057;
0,77169660773566;
1,47631221095363;
0,944035876696679;
0,119886113878249;
0,127721397514757;
0,232236605597754;
-0,055504776812448;
-0,0731051476972411;
0,0525361707152935;
1,51884520735359;
5,39540403851238;
7,87557800978057;
7,39212124174225;
7,39085276338539;
8,41243695102668;
9,25397140297576;
9,42135822407591;
8,61628935242821;
7,94374151562432;
7,18217901118919;
4,83998860021297;
2,00152033518232;
-0,296292855851143;
-3,15281285526685;
-4,68730265438547;
-1,2990677842527;
4,25104977140569;
5,42238772310719;
0,89337324159371;
-5,11988702870145;
-8,42920228488436;
-7,65974673533832;
-3,66059605147995;
0,563150567708985;
1,60701750251427;
0,158213271765864;
-0,428417744760686;
0,0900971304747714;
0,119786371313298;
-2,15100828496842;
-6,42724886432016;
-5,58229327255239;
2,89259735163094;
12,1764979196921;
13,2686017005503;
3,17233245463516;
-3,5421092393647;
-0,0403853551024853;
1,33873431535217;
-0,642574210826241;
-2,14183678857463;
-6,14796113147569;
-9,983510865473;
-10,4782499034435;
-7,86910582538246;
-3,42488406953323;
-4,50293729243659;
-9,98507880435366;
-11,0989625594671;
-7,51650679253003;
-1,4161522391146;
1,80374255428871;
-0,0207200647302106;
-0,669109330016433;
-3,44853435344733;
-13,7092067371589;
-21,9138752731975;
-23,4430893720413;
-24,955373529857;
-22,3541449764767;
-11,541240111792;
-4,01719017331417;
-3,52153254346942;
-1,56436618308727;
2,27931995832831;
4,90735221568664;
6,72402546757662;
7,48482148304854;
6,73127110161766;
4,58885616676588;
2,67221410671861;
3,16238752045951;
5,51969507436979;
7,91380929393849;
9,61846929546157;
10,8673674512577;
12,5210677876323;
14,3642454015003;
14,8807537119967;
10,5013180228915;
1,42298302322702;
-2,50919774131734;
0,257019627127762;
0,829874953657518;
2,70184940120331;
9,75849803622255;
10,87709221454;
5,26784084372274;
3,76727351684105;
3,77268273944478;
0,499979040437497;
-1,01779064417493;
0,164233709322492;
0,306341121149714;
1,71648017383117;
6,41737712809395;
8,67969494110377;
7,12478656527347;
6,53493549957359;
4,84587716701648;
-0,444654909802556;
-3,0587927139689;
-0,883503455379012;
1,08228144747935;
1,44316750630003;
0,590990799487863;
-0,39920952262236;
-0,100078693171982;
0,192879734920906;
7,26478351959888;
24,5276144468106;
30,7868688465198;
20,5646593886397;
16,4926581926954;
15,5086054364277;
3,47822628547608;
-4,19493419533024;
0,0813235889016729;
1,52661111479294;
-0,74012511455472;
-1,65805771233247;
-5,45968785142253;
-12,1533867505048;
-17,1173478394046;
-18,5534891745885;
-16,3829770435647;
-11,9012201694015;
-8,45251806566189;
-8,70794389860201;
-12,7058820222295;
-17,2549554371924;
-17,4152174443533;
-14,8417453091552;
-21,61356842081;
-42,8813264756418;
-61,1652574593712;
-55,6607029281438;
-29,5117797075893;
-3,14121807887254;
5,95099436507376;
-6,53316698605987;
-23,348355192283;
-19,6651723147774;
1,42269726059233;
11,2496982535594;
2,34984215177993;
-3,33532778638074;
0,30082645268337;
1,10085922467;
-1,60366493003805;
-2,64479187274303;
-0,132686736819638;
3,60325466234395;
3,30368534837198;
-0,84761388010968;
-3,21029062668064;
-0,21976094902165;
3,84947389199577;
3,23012042309827;
1,475547478883;
4,97463990068493;
9,85527818361549;
8,55997359993906;
2,28300230021657;
-3,23287686646197;
-4,82215168146076;
-2,90864161094709;
-1,2054541583734;
-3,49035571274658;
-8,50560422921585;
-10,64285501863;
-7,67087067605699;
-2,18096797287973;
2,33170036985969;
-0,568528978795934;
-12,5758069220469;
-20,2490441358087;
-12,9265142662172;
-0,701717179704067;
3,40426895666923;
0,356252990232021;
-7,30611106237999;
-19,340787514391;
-26,5456889998786;
-17,2948434056294;
-0,765216037064754;
-2,54775975367531;
-20,4491767859887;
-27,8497571431306;
-16,8854273893844;
-0,949717953368788;
3,63008740204389;
-0,744251925403638;
-1,0480449835638;
-4,55833214408244;
-17,7841306022841;
-22,5926985817334;
-12,4786525816933;
-2,44430406893454;
1,99707503361467;
2,59183154502682;
0,817819244850638;
0,396150986740057;
2,07174958862602;
2,94058776315816;
0,938661111618581;
-0,826555687627775;
-0,0843406258089072;
0,344471284580029;
2,38248093565339;
8,97502153266756;
13,69265022036;
13,8526432604338;
15,2157638755166;
15,6208554617814;
11,5021396047445;
10,2428925457793;
14,0327936161869;
16,4245671341267;
16,1664497249776;
15,3206452587151;
16,4123128807514;
18,6938194685513;
17,4364076410518;
14,1903727683096;
14,1961559389163;
17,1401129012775;
18,8592465059853;
17,0972454696217;
15,5240312892621;
17,0491584596339;
15,7789702684944;
8,93613306458827;
1,59652454324743;
-2,3075120426365;
-1,27736800058091;
0,815117355074978;
0,198165060405385;
-0,386282558583578;
2,74169571544513;
8,73459815179568;
8,61677615050952;
-1,09133183251339;
-11,0507137068398;
-16,4034484879484;
-18,9748594231107;
-18,7061674261509;
-16,216905995924;
-13,8823711073999;
-11,5161289023523;
-7,46378644395998;
-2,48606707540615;
1,94626792433791;
5,28298571985541;
2,98111776965477;
-5,26027084214618;
-6,05718784536895;
2,26209428493292;
6,48287859684571;
3,2089978193449;
-4,82387700960018;
-10,6949663892137;
-7,38918028230768;
1,24642575282862;
5,7395882232265;
1,96368926410725;
-1,74869234432692;
-0,141965568255916;
0,708973783206215;
3,57140947629434;
11,9644779208696;
12,9073067482168;
4,31809556225009;
1,07295968448157;
4,15391778598435;
5,54108315534349;
5,9149781307141;
8,12588972692392;
9,60116386327357;
7,8155944186716;
5,90418698583322;
6,85433349762862;
9,42955256422858;
12,311164202057;
10,8743352162996;
2,19293883001883;
-2,80754667357004;
0,083481496835788;
1,01254152653248;
1,2103909710049;
5,90458781773308;
9,63356451652643;
10,2257296905945;
11,7084016939534;
11,6885172145837;
7,85404931820631;
6,84434275220931;
10,4236343616854;
12,6608714187394;
9,54023967264334;
1,64619007691206;
-2,32919750298611;
0,113076405838789;
0,824477104679572;
1,10508173391609;
5,04138657814795;
7,23090801598745;
5,75323488986542;
4,53197210712064;
2,01653062263358;
-2,68201922906289;
-3,87968933576894;
-1,6569171670758;
-1,25099435645911;
-1,61251590363197;
-0,00267244851542067;
2,4025718896415;
4,22096476698643;
5,34750914658868;
5,31005054734089;
3,49767168178793;
-0,298348134713509;
-6,52986329479645;
-14,1863619982378;
-20,1342305255359;
-22,6960826304878;
-22,472268594629;
-20,0021156636205;
-15,2055884221553;
-7,51085625125439;
-0,0113180119889776;
1,53329074815049;
-0,457463314636068;
-0,382018642827688;
0,99164644402833;
3,22509962031255;
10,5905011044352;
26,1267254787734;
41,0177327264734;
40,1596075237436;
21,5973175906509;
-2,74351719856312;
-20,0305244633175;
-24,2380041218329;
-8,12948287303767;
16,4415209289465;
8,68481372616056;
-21,7342296043377;
-27,7846213403342;
-14,8238603960822;
-10,8901506308126;
-20,9076557880244;
-31,0293629479752;
-32,2108245720812;
-25,6901068312137;
-14,9803753079041;
-17,4110685156345;
-30,7107913797558;
-33,6392638714644;
-22,8896508961223;
0,547169253953846;
19,6475187332385;
15,2065457779573;
2,01007241865583;
-2,10982947588087;
-0,0528323061729351;
0,613177313715222;
-0,212889242911022;
-0,132767638336735;
3,26622491264462;
10,8198053058842;
13,9558671742067;
9,73461286621514;
7,75158381386753;
9,03005959732652;
8,28803882211057;
7,0264081368089;
7,56639529870337;
8,62247500097383;
8,35793332662691;
6,75088542746336;
5,96063070005483;
6,84882005905491;
7,11862389757178;
4,45303520037644;
0,323760437411528;
-0,989870834723975;
0,184142024966178;
0,292993640920068;
-1,12607076626048;
-1,64404160382548;
2,21702510607851;
7,23738762131122;
5,78026746233025;
-0,813878134630585;
-2,96961503626102;
3,7471073853767;
10,6219799925251;
7,72106876768816;
-2,16791272214752;
-9,2462450066534;
-9,9133366854006;
-9,00269521716593;
-10,414669271171;
-11,4280507354481;
-9,35987854116614;
-8,05917724268295;
-9,50374185411866;
-10,9011080326819;
-9,24087130187365;
-4,15764464202113;
-3,06788394580172;
-6,03441257798996;
-4,71696011053765;
-1,59624039751236;
-2,19466502062157;
-5,17828659726949;
-6,07453361896764;
-3,9141704418533;
-2,94319931200603;
-4,61534197336729;
-5,35346083096273;
-3,55542091600179;
-1,42793664840055;
0,124101139389697;
1,63248768924213;
1,43007026554882;
-2,25806726011177;
-6,54626333721085;
-7,0495735317247;
-4,05860553716478;
-0,754412504771082;
1,09957071660285;
1,50167103769873;
1,14639279001225;
0,828557324124663;
0,449259515352286;
-0,432243345595297;
-0,713852139385814;
0,061402851018193;
0,0312409990042504;
-1,20140865027737;
-1,58320845893806;
-0,317838979611453;
0,758148384828388;
-0,116434830201442;
-2,11643630170866;
-3,15481895108294;
-2,53684702453068;
-1,56284677429611;
-2,31943299018438;
-4,6530735476581;
-5,40764245839403;
-3,40417462422181;
-1,0296248239942;
0,0745369089361239;
0,145784337691415;
-0,0576262982218685;
-0,0324219329015364;
-0,0631944906590055;
-0,415082928687789;
0,0152206014642029;
2,85724181581121;
7,74312696230338;
13,0361345685615;
17,7215805423985;
20,9439801739938;
21,79043112889;
19,649478690553;
14,7780451251087;
8,06630540037978;
0,353475157624203;
-6,80419199093269;
-11,8492249045693;
-15,0631573973704;
-17,1201386804877;
-17,2726080734986;
-14,432664985688;
-9,51152891142666;
-6,84553393516158;
-9,547793527356;
-14,1330804292319;
-15,1343399995299;
-11,7253633075754;
-6,2775603416167;
0,294737198639722;
7,92450082477535;
14,3194915744088;
16,560453247713;
14,507906199214;
10,5788797193182;
7,02380066534101;
5,7306969133329;
7,78813284344068;
11,2350308696192;
13,2664784169411;
12,8881250510754;
10,8579727926386;
9,66406914183917;
10,5408509435984;
11,9286728824365;
12,7086877467913;
12,2195976170536;
10,0326903941972;
9,06211295826946;
11,8268221465329;
15,1777173110225;
15,883733085718;
15,7144595196994;
16,6939355056722;
17,4950689105036;
15,9155196018289;
11,0555426771692;
3,72659570060998;
-1,6729020136912;
-1,26776287258528;
0,745413575045172;
0,198622797501582;
-0,357687373486236;
0,839316306495346;
3,5108535873965;
6,55045129208077;
7,68469923414928;
6,74420187278997;
4,15990775770245;
0,470542568863029;
-0,959285699645074;
0,121078508479136;
0,308232616047375;
0,303292983980604;
1,97954117188132;
3,64775974045701;
3,7422079625569;
3,12686810064279;
2,05264150318344;
0,27876375936991;
-0,491183553422429;
0,0503940646698562;
0,162391735739145;
0,359576451137353;
2,15171729859414;
4,65994142785572;
5,76365838436304;
4,7380661281056;
0,393323736788209;
-3,50457830550231;
1,39628887286752;
7,68509939597479;
5,32393270058669;
-0,618610592048069;
-5,29862730652189;
-3,62127534114796;
5,12061139640263;
13,0654340363408;
10,9408579733294;
-2,56662418617962;
-6,80111530530488;
5,1530542174277;
14,2341178133306;
14,418564973216;
9,91468207243342;
7,18969814209946;
10,3030545932185;
12,8314320934514;
8,88711064933656;
0,950523105580714;
-2,07534700074333;
0,296736286495266;
0,650554452638824;
-4,11209353121394;
-12,616750948235;
-17,3208618077755;
-19,1142267966344;
-27,0576161607454;
-36,6424431948112;
-38,8606856386638;
-32,1395968328881;
-21,8245113595408;
-19,4510650283955;
-26,8341741672899;
-29,3466352349546;
-22,2304262304112;
-22,3812426675549;
-35,008041599427;
-39,766409427683;
-28,7823636623206;
-19,2992295513773;
-23,5832015113291;
-35,5823299721997;
-31,8344438739766;
-5,75574979555362;
5,78450828291399;
-9,1258300581898;
-18,5960884469167;
-11,8358661202458;
-1,07404315544636;
2,54666736808546;
-0,350695561302521;
-0,811249961800662;
-1,58926429415215;
-7,39640808692802;
-11,4779616603344;
-10,4745995691727;
-7,91545355764481;
-6,03429270412859;
-7,35635796976948;
-10,4729460792609;
-10,8213850957366;
-8,14143216504103;
-4,33619024195085;
-1,7825741648054;
-1,05099637157168;
0,669618856527117;
4,22055255462842;
7,43729488819967;
8,64910227876082;
7,25538486846409;
3,85701165875463;
-0,481111543707351;
-3,09049440801617;
-1,26459749414678;
0,970737998532451;
0,147027827678896;
-0,423121791667339;
-2,1520993172738;
-8,44130714152045;
-13,2662841045083;
-11,5534008972584;
-6,31887557300869;
3,92205663657277;
16,192029809249;
12,3436440655271;
-5,24118475374743;
-13,7127341946821;
-9,7705316034496;
1,3064400449133;
14,6317342228334;
19,6677071490597;
18,9415120589577;
19,8951520549721;
15,3334302450499;
2,05721987205064;
-5,26236986557899;
2,56710420056285;
12,5711452510162;
14,3557771444723;
14,0792529673156;
14,1970501410549;
11,5773942148037;
6,88875222859195;
1,06517514831542;
-4,38784276665466;
-5,69801651629338;
-1,61212653613582;
4,2630970248656;
7,94090108547751;
8,94719318047917;
8,45624295743689;
7,12218248168575;
4,93581130245901;
1,57610908586306;
-1,6774654945807;
-2,42260658168383;
-0,184041921149225;
2,86511992078344;
4,27012531978666;
4,26981041091283;
4,52108793997541;
5,41241217278965;
4,71744935447471;
0,992430211224363;
-1,2129500890399;
0,0159903741914097;
0,446505267970836;
3,23801864058552;
10,4514609400185;
10,9879815175883;
5,08326096091241;
5,35029266826225;
7,16251826016276;
1,85330765975218;
-2,04770473376918;
-0,00291299732088613;
0,761040736733201;
3,1408261529965;
11,4775773132388;
14,5784340011822;
8,90884492393897;
5,17066954736635;
5,99541702705603;
8,43452407316923;
11,4563505852056;
13,1177644094155;
12,6893755193234;
10,4486351318936;
6,18002635506606;
0,741541920634441;
-3,91891812332115;
-6,33134204470687;
-6,29321492262799;
-4,1924500251339;
-0,441784565094863;
3,71054349178914;
6,97188140854769;
6,58645528565417;
1,37333174272664;
-1,71108625069;
0,037655551841362;
0,622662927323007;
-0,929756012242589;
-2,61930941014457;
-4,42699063174699;
-6,44307046345639;
-8,77723218155033;
-11,0547332840984;
-13,520912330795;
-17,6189211226037;
-23,3252077845702;
-26,8847794554911;
-24,1663975507854;
-15,8037038059885;
-6,13103177853039;
0,811884705001636;
2,95411729852784;
0,980954617178912;
-1,26011009774545;
-0,0722150528363697;
2,60553991256978;
2,29425805474604;
-0,0905738858844316;
-1,1855808421457;
-0,494486706803873;
1,36492936873315;
2,79030742883024;
2,50861567136475;
2,79252544528635;
6,00342016305171;
10,3872215425069;
12,3865292026923;
10,9432838834132;
8,51443689302212;
8,18001851711947;
9,75710946577992;
10,3849288768336;
7,08863762078115;
0,852002113980951;
-1,65533901318552;
0,197094595028175;
0,536464204979328;
0,25903872142815;
2,27109374833217;
5,03185521419047;
7,68203243750411;
10,3120285977743;
8,84376951771015;
1,62514072559374;
-2,23604148675486;
0,107390666931765;
0,789652162745485;
2,76300038988173;
10,4777717092971;
13,7863409161447;
9,99134459149127;
8,4919366976162;
7,12399576012511;
1,16208524701605;
-1,84068345562312;
0,171303303186942;
0,612071045711353;
-1,33730855137396;
-3,93564458836776;
-6,03699282906051;
-6,31551463172946;
-5,3554002151503;
-3,1079772504732;
-0,172483106423678;
0,686793954795716;
-0,148723632211667;
-0,194121165508973;
0,0361510182178421;
-0,559831976947023;
-1,22773621085791;
-1,03109772535203;
-0,305974405820325;
0,0455474707821871;
0,0039985239332769;
-0,0199752922677357;
0,0072798258486255;
0,00399800323147061;
2,42439721318896;
8,33656960460987;
11,0263747091712;
8,29429669201661;
6,57908036463285;
5,21624787906018;
0,921276772555599;
-1,33425451587742;
0,0879428256002662;
0,460141775311206;
3,1576233302411;
12,0444411652247;
17,5874811658087;
15,3723528175575;
13,1305896345076;
13,0122240311487;
13,5529497931149;
15,1026975814982;
15,6156144095227;
13,9532938531806;
10,6654018014088;
6,50435099650428;
6,06643713789614;
10,1901630865714;
10,972981834953;
6,76196864654488;
4,8041464938074;
7,27824735329857;
10,4275338606775;
10,4205527653807;
-1,97098020427876;
-25,8945216251936;
-36,0644403956164;
-28,894886591015;
-27,5891709888005;
-24,0023794665827;
-4,46170035767527;
6,22566374650067;
-0,360550349099448;
-2,16659866484507;
-0,670753342433383;
-7,65821290095226;
-15,4916457644614;
-11,5489219318713;
5,48534974755573;
20,6575672485174;
17,3122626018854;
1,0196567602687;
-9,42019114776877;
-8,69242008141434;
-3,00782959053945;
4,15112726707221;
10,6700463896825;
13,2624823919744;
12,0103732636317;
8,30499049369934;
2,06802310664628;
-4,03207850998154;
-5,40640978925879;
-1,61649589358247;
3,30520369351294;
5,59977204545836;
3,93831300512819;
-1,08133408654926;
-6,76618163113789;
-7,35238767528716;
-1,44628760717346;
1,93726829559233;
-0,094325278516997;
-0,68124430818783;
3,17993228262857;
10,637562760676;
15,1339071565163;
11,2435091059913;
5,81963560210787;
4,09124018308002;
1,55051310473833;
-1,09395941593134;
-0,252834155164855;
0,520074430907;
-2,62139525793542;
-5,52902523686419;
1,94124709602472;
13,4219700965552;
12,373603162203;
3,60727012749284;
-0,614141245903019;
-0,35426113612742;
0,26045136826721;
0,033654129527509;
-0,748353137093978;
-1,15521320137953;
0,0357848152574464;
-0,671294787474351;
-5,47051299806122;
-6,69710998085845;
-1,21017791271923;
1,79271563608577;
-0,14736196000321;
-0,60295127000595;
0,758157336945454;
0,452228465626112;
-2,13853933806259;
-2,78210338734352;
1,72390589521905;
5,27169274631032;
1,78477787901505;
-3,44099681641173;
-2,84642380366501;
2,23537509246614;
5,90801848210974;
5,53929139532978;
4,07966509707954;
5,06700221403126;
7,63073796879297;
6,84370195320271;
1,21556647310738;
-1,75385183811878;
0,1144026529511;
0,605281110002075;
2,09053826788197;
8,73224256271016;
13,7765925387589;
14,0288741394912;
15,5882213593622;
16,4695795719593;
11,8468496243556;
9,94526714181979;
14,1172692131433;
16,9778558020726;
17,5413827036035;
17,5642970635661;
18,4793737930406;
19,8601338852686;
17,6389155866224;
10,364181423795;
1,1035568609886;
-2,30267607725701;
0,280257183177506;
0,747335941630901;
-5,64382099861849;
-18,5232957545946;
-25,5708191565824;
-21,5557307726917;
-18,4606205510724;
-14,2913696673685;
-2,42665304031652;
3,6106570188372;
-0,256122110424297;
-1,23847044627543;
-3,45749992249631;
-14,2523394717219;
-20,6961665859946;
-17,247909713631;
-13,3311965757136;
-12,3537263544105;
-14,9424834831275;
-18,4971960573991;
-17,7253178465271;
-13,944261343322;
-4,02474577269411;
12,6074574268745;
19,1171912021344;
13,1566864763332;
10,4376076158875;
8,43105651523212;
1,12780737133991;
-2,1387042678629;
0,284207048824754;
0,674529496842846;
1,78499139267281;
6,50784379548102;
7,67617044239473;
7,56795873809802;
13,9048453786081;
15,2213202740052;
3,10915830867573;
-4,09138603007023;
0,193392845074199;
1,43902243069452;
-2,35980471275319;
-4,13453747963523;
0,446936702865259;
8,89294686202419;
14,6164736618441;
12,6651694435167;
2,50261505869337;
-3,2304618885466;
0,0961688569281442;
1,16616411262365;
-0,800397217288049;
-1,99543555328017;
-4,62137358464526;
-7,05604871147676;
-5,09912571171537;
-0,816105285803031;
-0,791500797335519;
-5,05695823765221;
-7,31153136445411;
-4,83570500546171;
-0,567337574627772;
0,928346226398775;
-0,12431527886139;
-0,287865060573912;
0,166338626163167;
4,63487883610556;
15,084634349334;
18,4681332029362;
12,3361442707648;
10,3830263097806;
9,31171783597189;
1,66679489609561;
-2,45557696616936;
0,190202055501863;
0,832102280604621;
0,0383342975547305;
-0,0388159519882326;
-3,80021446939535;
-8,73969939567744;
-8,9000558701048;
-5,49303594621237;
-2,24296707749745;
-1,96973698646742;
-3,79594842651899;
-3,44771540886601;
-0,986593679567474;
0,328199091734633;
0,0855903483559883;
-0,132293846188743;
0,021787766889458;
0,34811145671099;
1,53598499867939;
4,21660795948448;
8,36946332816986;
12,3645202831765;
10,3885132103736;
1,61279217143565;
-2,59418098171733;
0,232366956186532;
0,86926457402088;
5,6404305800948;
21,4565287813682;
30,276221780204;
23,6849813121331;
16,355830750159;
16,2937176227058;
22,6695112498588;
27,658709327141;
24,0845446586761;
17,1609318859037;
9,71363922204327;
1,01358356872004;
-2,20034220880533;
0,295759224833779;
0,700289682327237;
-2,69262855199342;
-8,48017392882915;
-12,3362008058267;
-11,1241389870172;
-8,68956248790771;
-10,36356481037;
-20,0129185591888;
-34,5556648319452;
-44,4466186752851;
-41,7020630272164;
-23,2788744235889;
-0,914990980431993;
4,91469258627333;
-1,14049208385939;
-1,36310396854299;
-4,20913178389208;
-13,408363972982;
-5,18969693776519;
14,2217635332649;
11,0861632129418;
-8,53238228113782;
-15,7466494093979;
-8,12346179113376;
0,706908906408797;
5,10247140666987;
6,95389639031998;
7,96208677337617;
7,0515341243429;
3,25474072106287;
-0,538043655200533;
-1,42196552956526;
0,178463459859728;
2,87140435588379;
5,82337773125698;
8,64065107654046;
10,4534376009232;
9,70889030920972;
5,89296993355645;
0,835490152622023;
-2,21092761290463;
-1,74248266273512;
0,0252543244342417;
0,376367212536604;
-0,129809395707348;
-0,0852373207715494;
-2,88689208504352;
-11,1843092414271;
-16,4766897873467;
-12,2987449501065;
-5,40527087317338;
-1,38305769810905;
0,226627645989117;
0,206031120906832;
-0,136655791999594;
-0,0207765075156672;
2,3906363628992;
5,08544471272526;
-2,45688548135848;
-18,1167262483146;
-26,5001015552799;
-19,406122084401;
-2,52785125175455;
4,60894451964807;
-0,501743589945922;
-1,51205533360148;
3,51825171876452;
8,14196063423593;
5,8132568284066;
-3,66540015471345;
-10,4346263645397;
-8,53733371971511;
-1,18453423141846;
2,06713487954153;
-0,21298452974163;
-0,682261414602543;
1,50026750708556;
4,75560663792425;
7,30225173064659;
4,99099163063143;
-0,918623995677239;
-3,45217261165764;
-0,786152087824798;
1,00895376635852;
-0,0564724547241736;
-0,348707251967665;
-0,384462027045987;
-2,08978739226399;
-3,39275303915373;
-2,49366131618226;
-0,304975195518379;
1,18362027276445;
0,575673243985095;
-0,398812262191775;
-0,0792354694756098;
0,181542958275796;
0,786111119548385;
2,23207269022903;
1,98627954165564;
1,73317955602206;
4,80652023954155;
6,66764057439035;
3,45468560647542;
0,358449470941272;
1,82603289205043;
5,37068944393335;
8,17821222221828;
10,7271045115425;
13,1605889507895;
13,6844922844532;
11,3300896012515;
7,28569379239979;
3,75853220654796;
2,17585882502492;
1,41962730828769;
-0,692341297031932;
-4,00086745617424;
-6,15611160239332;
-4,91871801510939;
0,17065227578003;
6,68801548080246;
11,5591796359259;
14,7855177399588;
17,5700152611823;
18,5674781082772;
15,8142918632631;
9,33233504267194;
1,29684786848885;
-4,37552790288975;
-5,79339589448084;
-5,37215635431337;
-3,30425436637568;
0,132148242430747;
-1,52426523245415;
-6,23659997442735;
-6,25337729512035;
-8,2458742220901;
-16,7496587837342;
-19,304817378389;
-12,2197519813545;
-6,22240531848866;
-3,37878233600831;
-0,337368224077744;
0,792111112164312;
-0,12472497831052;
-0,243112997601834;
0,467856147570784;
1,75066410243731;
3,65329781981926;
4,61427255274333;
5,90359040037908;
6,9697059813853;
3,8824602628373;
1,8433182057357;
4,39386594643408;
6,67422975249394;
8,51915955767838;
8,85387224665347;
6,49568750596196;
5,73208205608082;
8,06407398075957;
10,1581312825976;
8,77908836083405;
6,07118058614707;
5,91639794894677;
8,14094102499426;
11,1321301752581;
11,126075205764;
6,08501212309181;
2,8054729067142;
5,71569545165718;
6,82603973369334;
1,41987542916972;
-1,85257429505714;
0,0862087183546777;
0,651693615739438;
2,0243517879008;
7,84490027773574;
10,6348665108921;
8,23270733614415;
7,23280190430922;
5,84935535537017;
0,902971328007052;
-1,48639485971227;
0,147843195632214;
0,490766226831429;
0,310401151869544;
1,7401273341925;
2,14378331712731;
1,23164330077706;
1,39373110621626;
1,62100800913625;
0,367262944763922;
-0,448856807593257;
0,0129333143674862;
0,161180466129941;
1,40866314541683;
4,92613521091202;
6,1933227892743;
4,07265108317983;
3,19412242454663;
2,96604207915538;
0,653264320796831;
-0,798461333802379;
0,0183858371035717;
0,289390623258985;
1,82247788492198;
7,10857532020479;
10,9909924138496;
10,9796228529634;
11,5188943103483;
11,7190941635636;
9,03430954177681;
8,41501635050046;
11,0971787266745;
12,429136122476;
13,8451645656992;
18,6424045929009;
24,1001684382903;
25,0897361852768;
19,8568905757705;
12,5264608831409;
8,80856097200451;
9,36624629184325;
11,8543247280648;
14,5849923488857;
11,6809234773566;
1,72357902234333;
-2,90682337978678;
0,293349232802053;
0,959694653494657;
2,3125061473253;
7,49779021078317;
3,68874429147519;
-8,47197619202146;
-12,6885968935559;
-11,7499535717905;
-18,853269651467;
-28,5914997966967;
-31,1313197822992;
-28,6038557356033;
-23,640894545039;
-20,6818774395565;
-25,5546647444575;
-31,4435938433734;
-29,6015506216495;
-18,1567670476531;
-1,81982741097822;
4,13015022766882;
-0,594334643738529;
-1,29651857938058;
-3,72810082795388;
-9,94801666724529;
5,4139619253739;
31,0203719754903;
12,2936245774349;
-27,0752531005564;
-16,0439890983991;
10,233367097699;
2,38429454388849;
-4,78938089155719;
4,64059030701304;
14,1318695388469;
15,1254097173044;
1,13618644709064;
-16,8047996336349;
-19,543161248375;
-8,96862225370736;
1,17618233311229;
6,2427116894876;
8,95035393913686;
8,01744220433166;
1,6637218247439;
-2,07422032887756;
0,044227873069103;
0,755686209163436;
-2,8020286462569;
-7,29717068415161;
-6,56433628763271;
-3,26609461005727;
-5,69252988194141;
-9,95827314063581;
-8,93979441533229;
-4,6398482733159;
-3,28127287704932;
-6,403017314273;
-9,58344657246187;
-9,07712985277313;
-3,74563014215442;
5,21107226446753;
11,7122107813791;
9,10733442518054;
0,86079593362774;
-2,11811693048054;
0,346872592238189;
0,644704939455626;
0,400537428750354;
3,3957178376908;
7,48649601789844;
11,5515776312001;
15,1320696602708;
11,9887217234857;
1,59878226273052;
-2,94248528920291;
0,349244198378021;
0,949497258444159;
-0,529741185272245;
-0,11435904980942;
0,235996577326643;
-0,0581686572517241;
-0,0595248951400763;
1,5274977617761;
4,34697976820043;
4,49644378281574;
2,97478748819752;
3,38831701781949;
3,01462476306589;
0,769772654350192;
-0,0660266228233072;
-0,383755635647167;
-2,3363084770152;
-4,05269145521614;
-5,0411619441055;
-6,32213859532099;
-6,07276248728681;
-3,23327753590761;
-0,320573148300406;
0,397032376994201;
-0,0785594612064201;
-0,104068027568489;
0,0708558205155283;
0,783643815669344;
3,20482153619713;
5,69737212300736;
5,95126079019021;
4,55434934257189;
4,17241083287478;
6,43791487219482;
8,26704481004819;
7,30818828412657;
5,77477099003003;
4,27594658227373;
2,46843220635465;
1,62524830037088;
1,51800887443123;
0,704398126521948;
-0,332750620726797;
-0,284576743085553;
0,157154096224681;
0,0480480119994119;
-0,077999937892958;
-0,807360172592703;
-3,50055184438343;
-6,67667997771332;
-8,18642849303304;
-8,40717596674377;
-5,90385641094339;
-0,745332557833957;
-0,232607958268778;
-4,16253634333527;
-3,56699498300762;
1,56381646078427;
6,58337267280965;
11,1989279417345;
15,7569646177739;
19,8564510108509;
23,2875507926857;
25,2664623468054;
24,6160797222631;
20,7078233569395;
13,8022128978439;
5,5425474235784;
-0,30359218911483;
-0,987225827465053;
0,385887905127764;
0,210740332551914;
-2,071392379549;
-7,02022454342246;
-10,8985133529424;
-9,90367739178207;
-7,60695635070685;
-6,93075737112923;
-4,86063773153552;
1,16867797180894;
7,39533735421209;
8,21764272661326;
4,56159791245431;
0,772341684089894;
-1,95628429048676;
-2,59743567116377;
0,307108309885786;
3,45707376845646;
1,99831661059699;
-2,14478555528614;
-2,94354379121756;
0,517384334528698;
9,41984494409776;
24,1281444057459;
33,4440648206023;
35,0827759994671;
39,2371707606012;
39,1341030342388;
28,798810225677;
26,0868143471281;
35,6868221574225;
41,7287382248134;
43,0399337981329;
43,196870479086;
36,9402336636222;
27,7902708559525;
23,878386198146;
23,9382948315272;
24,1380452969929;
22,9200681030626;
18,8409011726589;
13,1791431031386;
7,13404323822467;
0,786299804618812;
-1,58805313633607;
0,183410632538213;
0,519681689701863;
2,38181339471037;
9,98804743894185;
16,2247799460701;
16,501545993145;
14,7256878033015;
9,7317356801722;
1,08507463139709;
-2,278759562715;
0,309852114441337;
0,721205370343154;
-0,418712709340224;
-0,0799409583376835;
0,182150889372391;
-0,0478544456687202;
-0,0447049056755118;
0,841365271376801;
2,8936516211789;
4,3870636977301;
4,59318696849672;
4,79509698600259;
4,52125243475724;
3,45546148221326;
3,48287620316616;
4,6709890312716;
5,09993271463943;
3,55774625909968;
0,520908760549062;
-0,843704916772869;
0,0670168176645983;
0,287853260127636;
0,650860175793225;
2,93529003269445;
4,84217507003191;
5,26452235416554;
5,68143834241293;
4,48882666319557;
0,688771083081894;
-1,11711503905468;
0,101620812828299;
0,373749095488342;
1,65272561833652;
5,82357934008568;
6,66982864400878;
3,86792243161768;
4,08204120405026;
4,59864651000811;
0,990494611914347;
-1,27304325125266;
0,0581832652356264;
0,447605307829627;
0,223909753679015;
1,87995178752059;
4,01706815419511;
4,28900473921762;
1,43400533399946;
-1,87503664560827;
-1,21252270818437;
0,725953444249006;
0,197936008879602;
-0,352192768725152;
-5,99954418810397;
-20,3409329445712;
-27,4478981038488;
-26,6754899774101;
-36,8219222219131;
-52,8759497102045;
-56,1381017893516;
-43,8036283414482;
-30,9866413000344;
-30,2042098128042;
-25,2246149896866;
-4,20745223385554;
6,47506083809785;
-0,542942540626043;
-2,18082043045851;
-4,10835850789166;
-10,6090113431739;
-1,58605322877222;
5,79994251016618;
-7,88579139407007;
-18,0771331290395;
-11,5871161573939;
2,29247895043156;
4,7600519108114;
-8,86637444183127;
-14,4583930248478;
-9,1619882331769;
-9,23268864494588;
-11,9225277606242;
-9,91881355180697;
-5,02277210427322;
-0,368765669944882;
1,05312892946449;
-0,169599923349803;
-0,325535706155917;
-3,78682719131799;
-14,4345319032177;
-21,7501557700051;
-21,0113459409023;
-20,5440276752282;
-20,0078924175927;
-17,002284399835;
-17,6626514893025;
-21,3745731645364;
-21,9138571995426;
-14,8993801416782;
1,2367291949114;
14,3645418268907;
14,9436730879449;
9,30659463224709;
2,02334506473422;
-4,84871100045013;
-8,23820307198499;
-6,49354568413421;
1,04515364213236;
11,4103420104883;
20,0925890595834;
24,2037033868948;
23,0558460905092;
18,9944572379488;
15,1014385638749;
12,4323275336637;
10,7864770300129;
10,4176198539957;
11,2927053271072;
9,04623368670213;
1,57768279572882;
-2,26692584775328;
0,133837338654576;
0,790084445858035;
2,52203460338101;
9,51554018053107;
11,8677280824835;
6,62176275862246;
2,84423821750739;
1,80473652018567;
0,269193671834222;
-0,457312922798267;
0,0488354685055553;
0,149543996760011;
2,79047392407583;
9,41992442884302;
11,1008930824179;
5,44896554684158;
1,11365052690158;
1,53818655436808;
4,20828154228006;
3,19263698819171;
-2,67934468620401;
-7,3816593458174;
-7,0004918237148;
-1,61935980311588;
1,80186660381137;
0,0370229118666145;
-0,690209640228226;
3,43331492681564;
10,1191749340457;
10,3244182105843;
2,80025303325331;
-2,52441805089504;
-2,82396911470122;
-0,730374148878709;
0,715942655011181;
0,0537728998808238;
-0,291897190248746;
1,86574151350645;
5,90370563815364;
7,59049175574188;
7,00325248633836;
8,61255196208164;
8,0793887270246;
1,52377022382427;
-2,11227522376885;
0,121737055240973;
0,734874718348008;
3,99494674871021;
15,1225624951265;
21,6969293512386;
19,4562398897548;
18,8673916562948;
20,5192978627708;
21,0967643189057;
22,2697336886325;
22,8693027666621;
20,0945889493713;
14,8244914812509;
10,494090294813;
9,27475111361201;
11,0923144561064;
14,6353274449968;
15,9771724271572;
12,0789116741745;
8,56135646933799;
10,7707648708488;
15,0326184539102;
14,7024414555956;
8,94094462477463;
8,04576990516984;
14,6394890574703;
16,5513324111325;
11,0390836928678;
6,87276199044582;
9,40163345416783;
14,9353992386881;
15,9250683449464;
7,87695757495886;
-5,76355747529675;
-13,0411126219725;
-12,4933905119404;
-12,6630567817245;
-11,4298712764596;
-7,53771166573067;
-8,57006398822423;
-13,2390246020606;
-14,0185969979744;
-8,95962622963405;
-1,06199758121968;
2,05285881308214;
-0,232654276390449;
-0,671784254560528;
-4,56732761459541;
-17,1588513236665;
-23,6002380541585;
-18,2662187425191;
-14,028531311658;
-10,052722305617;
-1,3159927674697;
2,48467284266846;
-0,313244665159913;
-0,793098554306755;
2,62387981973241;
8,06994586959087;
12,5660596975686;
14,9220804956287;
17,2690022262345;
13,6069539184282;
1,91795626632046;
-3,3611288503577;
0,365176765755771;
1,09891015263973;
1,21009715175724;
5,6780144320817;
7,12906492438227;
4,92797642390037;
6,36209744333174;
10,5522075676114;
12,2550075990711;
10,0845885741245;
6,58452172392066;
4,24768407855554;
5,46228237976823;
10,5875024112084;
11,6331743466463;
6,68049607377152;
3,63298630575753;
2,28071285091492;
-0,341549406746769;
-1,44370728600441;
-0,764190522255819;
-0,759551831340396;
-0,849580478058943;
-0,124321760257273;
0,229805152129068;
-0,0323865051792315;
-0,0712350621055877;
0,126129901095654;
0,108034950061153;
-0,466342597675777;
-1,3653340961566;
-1,95367340398076;
-1,50440750021884;
-0,171264949161203;
-0,0524107460531285;
-1,39467250553841;
-2,09560536672807;
-0,608175580309454;
3,45398497254195;
7,17600142450518;
8,91881201584422;
10,9048605877656;
10,381934933897;
5,44541001238086;
4,38341717982819;
9,07213466987747;
11,8821206788425;
9,00084705145254;
1,59175510165557;
-2,200880249902;
0,0923327688428691;
0,785393155786631;
5,95314717898224;
21,0605330234683;
26,1279792805733;
15,1833761350153;
8,16737846549448;
5,72228469937633;
-4,30188440853923;
-16,8791169856829;
-23,7377178821341;
-27,9540288925521;
-24,461611727832;
-10,1959242699008;
-9,07162636878484;
-24,0592182298625;
-30,7297261321094;
-29,5612981277787;
-28,8287437850253;
-29,0533130581927;
-34,3929263920109;
-39,6898582057372;
-35,3494774487306;
-27,4480944672362;
-27,8473119632001;
-35,3455605979381;
-39,7263615204886;
-29,2688345603191;
-6,85149223738808;
5,36823459781025;
5,77279917399583;
8,67502105142113;
7,44271710275592;
-0,0926107384669676;
-1,80412893799515;
0,661473940165768;
0,384342384490586;
-0,273840767872413;
0,793754742673024;
1,67229461556792;
1,41445929362032;
-0,025827775863932;
-1,77353270708261;
-1,11688138747591;
0,588586362479473;
0,231175193624931;
-0,318824459215327;
1,05504293459985;
3,09955962003331;
1,77858114574082;
-3,67733076828679;
-7,61294030181707;
-5,70782482118222;
-0,559380846462497;
1,32229180598048;
-0,206006055896257;
-0,40731891872976;
-3,06707768382139;
-11,2302645086031;
-14,431143051632;
-8,70245766016417;
-2,00220084256169;
-1,40608319711284;
-9,78352155904552;
-15,0557488718137;
-9,04563670706161;
-1,62210097391347;
0,0657111176308859;
-5,5012439369833;
-10,8897629015992;
-6,28090656691509;
4,23764679621258;
6,73780162555946;
-4,53905087843792;
-12,689863674184;
-6,02327627989731;
4,79402253617302;
10,7844146977922;
9,80981535950227;
5,36281692353431;
5,57694465399926;
10,9631660186844;
13,9749360814034;
9,98585003247068;
4,68155298075958;
5,71633112781434;
11,1601445395752;
11,2004445666283;
2,67570254563138;
-0,253994539645674;
7,41406942932044;
11,3542377017958;
6,82588752536149;
0,560122411708103;
-1,43843972273903;
0,209794717234876;
0,454079888817366;
-0,251980293962509;
-0,304864100010538;
-1,12914190936927;
-2,26722602144594;
-2,09074304306237;
-0,6998185092777;
1,05277916505923;
2,10641057693841;
1,16288551426413;
-1,51118053609338;
-3,95896732994136;
-4,79725951569314;
-4,04773569973278;
-2,31698153333454;
-0,154690851568559;
-0,0404330111124834;
-3,52097911013221;
-5,21989771708141;
-2,39928331409259;
0,315368769610417;
2,26658809672272;
5,56408496643232;
9,02008010981204;
11,3030319835543;
12,3896373682299;
9,35237337320041;
1,47845983928708;
-2,28880062643338;
0,171080487009379;
0,783398667940707;
3,08378644571482;
11,5716442880658;
15,3662858378917;
12,3849845553297;
12,729279840291;
14,8151728874831;
13,6650933463133;
12,2360366044793;
12,6484569288497;
13,7796360982364;
8,5835854473946;
-7,05483420780735;
-18,0967285402508;
-16,4953466274908;
-13,2345188400545;
-10,9895715417437;
-9,64637778930687;
-13,3300634090537;
-17,0518647426984;
-14,7778949070603;
-7,92121817009688;
-0,567845870917087;
1,69384165334161;
-0,292301318283591;
-0,513744152256877;
2,53163601125594;
6,9064902431023;
6,41395892918265;
0,279022121035617;
-3,39045574817348;
-1,90100122626899;
2,02947520041837;
4,83335112036294;
4,58591452828193;
3,49732643311419;
2,3825518795988;
0,400098035411506;
-0,584018397758913;
0,0342318302563219;
0,204046982989416;
0,551432432185529;
-0,163239561194379;
-6,67721295775831;
-14,1237591304287;
-14,0000921528923;
-7,02775508373153;
-0,774790700207309;
-5,09158407038894;
-14,3544167194752;
-14,5013163347611;
-7,38118285519503;
-0,589443732233334;
1,50608204985039;
-0,205211663881281;
-0,48360536114334;
-4,0628134138288;
-13,0637656089159;
-11,4273966085511;
3,26942107353933;
13,8767063924074;
16,5560123719379;
15,8433356400071;
12,3791174671111;
9,34587459571943;
10,1870599198947;
13,8672159560859;
15,7810497026177;
12,8944129058658;
9,22606839563032;
10,042378497541;
7,49193190954274;
-4,94775505161793;
-9,31960745912297;
2,02870323417521;
9,81861401921532;
4,19221089030505;
-6,83230225377595;
-8,07406184375508;
2,29036660658159;
9,24831110721056;
6,61080305551393;
-0,602953314056696;
-6,40497560240012;
-9,05981867858987;
-10,4643463367434;
-8,00528226631885;
-2,20843928644318;
-2,97463492487008;
-9,53993192959816;
-11,5436943586683;
-7,38657318900491;
-0,971882611330573;
1,68609962735128;
-0,147513877776421;
-0,571309692180804;
-1,61800658562396;
-6,10465856259952;
-7,39513705536696;
-4,51658689637832;
-3,47994428484413;
-0,535014189420859;
7,98001553065284;
12,611884274232;
10,5755630675826;
10,660691957849;
9,91597221458222;
2,10758502836445;
-2,63160705921658;
0,0718763381591255;
0,949836626888949;
4,58366713802128;
17,6860879823187;
26,5252728414549;
26,1239574517911;
27,5389399911831;
30,2259356229328;
29,8412957213653;
29,3952532401788;
31,2847535768844;
34,2163777550973;
33,3262864176176;
25,8365297621454;
17,0842731708214;
14,541163687398;
20,4830619546937;
21,7430474458772;
5,7018418712811;
-5,90802015815317;
-0,218687882437575;
2,29716395386631;
-17,2215491429172;
-60,1527931661343;
-87,9767078765368;
-79,6044211514192;
-69,2986014057876;
-52,3320091527606;
-8,90532917380287;
13,1223971208161;
-0,872479395542981;
-4,52988126662021;
2,24407685489216;
0,66439132780339;
-1,07501635544862;
0,213976022459652;
0,292508948652629;
0,667815389802136;
4,10704923393954;
6,45177383596952;
2,34655956008746;
0,215093449531502;
9,92126418628061;
17,8212010667575;
6,08809796432132;
-14,3847912740455;
-17,9899749294213;
0,700219385748326;
17,523915434265;
7,93179391012471;
-14,8045367200001;
-18,5085915600167;
-4,16278075086406;
0,952107740803789;
-6,49808549967;
-7,7891834744604;
-0,382817741841004;
3,77221019427554;
-1,05609022201915;
-7,59507622493904;
-6,75564214237413;
-0,403667206696957;
-0,578878017773255;
-14,9063945255355;
-27,864088047171;
-27,011699140002;
-22,3725647828569;
-19,0097327127124;
-18,1061482614351;
-23,1789527760377;
-27,3289282123932;
-23,9854393925631;
-13,8786569818084;
-1,30328783210301;
3,09327975288534;
-0,454526465338464;
-0,96896273904951;
4,48155407778339;
15,3497105238716;
23,0912690075414;
16,5777983389547;
1,37503063682782;
-6,90628929707724;
-2,53293924283063;
2,21598727131723;
0,1780083141229;
-0,894830864193613;
2,42780049285205;
9,78612193400913;
19,4476805664376;
25,5870015820496;
25,0298527682848;
19,9422987770349;
15,807847714376;
13,2621130488337;
7,33542841886508;
0,431416468730083;
-1,27679570264847;
0,110725269054737;
0,305280621406758;
-0,151042760940217;
-0,0478089363895455;
0,056477147829843;
-1,16043289689593;
-4,99069088527566;
-10,2658793708321;
-14,5241457541374;
-16,9682606641921;
-17,3102124808761;
-14,8189904924928;
-8,86173898892748;
-0,802611625516797;
5,34112146989021;
7,26309698294817;
6,40168728849957;
4,71917940020923;
3,83833760386179;
3,27219097341468;
0,887805896769491;
-0,871865653950729;
-0,0554041504372839;
0,349742143379253;
5,63150756156981;
20,0622260275158;
28,1385426047035;
24,6862261892011;
23,8597094212891;
25,3284755903541;
23,4123541891152;
23,0829662414059;
25,0825842050478;
25,574689188519;
23,5679989227128;
20,4094181434283;
20,7109274427678;
24,3519495340801;
26,9856577065603;
26,3883596089004;
21,6243712613989;
19,8637596124346;
24,1697391345931;
27,3797628490775;
21,4124299711565;
4,15683538588907;
-5,33948130756005;
0,123405028915701;
1,94687133381674;
-1,03599959631732;
-0,518236560001503;
0,391294443807286;
-1,86992852340374;
-6,14444493519953;
-7,7395817356236;
-3,59093512529764;
1,98436252286149;
4,45274946127683;
4,60811270306284;
2,69494254947862;
-0,341213641514617;
-0,477810862025524;
2,23994479416594;
3,07743744091959;
1,54554648865814;
1,38648367824104;
3,50820874152748;
6,52571016474048;
8,67878007223126;
6,81017717991255;
2,24752003605178;
2,11791322372928;
6,668686935827;
9,13418276164885;
6,18499129898144;
0,555909572478777;
-1,4190160838219;
0,23644021316109;
0,43074356063792;
-0,180275711017297;
0,640212983204894;
2,45783255836322;
4,89184577875558;
7,32547919629073;
6,45394957017237;
1,18516813236798;
-1,64293461491863;
0,0851403453272406;
0,57710039416705;
0,291905236996184;
1,58658787906339;
1,580656593958;
0,103373103845486;
0,158512502981081;
-0,141760722158527;
-3,27805370504049;
-5,35265940525915;
-4,85785806378149;
-5,04647394402372;
-5,2549230289258;
-4,22434338980584;
-3,98955252145968;
-4,95770895580518;
-5,51050329810277;
-3,54176123997673;
1,07246172102421;
3,51370908099268;
2,60549019695321;
2,58712130724122;
2,98645648958758;
2,0738776379753;
1,87656647693801;
2,76061037138741;
3,13172825488765;
10,3434903940514;
30,8213858454664;
46,373558240083;
42,1466191415005;
28,6765936606266;
21,1115104385034;
30,0786357174757;
44,3487333648376;
43,0225027285356;
29,06685784703;
18,5902525411926;
19,0200210943391;
20,0640020172953;
15,3360331279281;
13,5705658140655;
14,8432617762681;
13,9198086963716;
10,0323814386494;
2,14650555868218;
-7,00105020099999;
-13,8394194779099;
-20,5007775351896;
-27,8144388481569;
-31,7827104246689;
-30,5249499210865;
-25,2706173853621;
-21,1934509973219;
-25,4164582419757;
-32,231216460977;
-31,2384956222959;
-19,9531340347877;
-2,57672810174316;
4,61911447608168;
-0,456203217494196;
-1,53988100642204;
4,32408328007124;
1,48791621470121;
-22,0820897966594;
-28,7488701505809;
10,6593491736944;
36,8322665195015;
4,72493736614436;
-35,536098813685;
-32,4539644210637;
-7,8541803529688;
4,07707443498803;
-3,00197542965471;
-25,7717053235446;
-32,9872295049883;
-11,2298490114962;
0,54169488242135;
-8,81230483739542;
-11,4374816861391;
-3,27382026954477;
1,67259067938699;
-0,732329177535112;
-8,34291626721785;
-10,6821310533763;
-3,8360972511177;
1,65213734585597;
0,622774108288781;
-4,41964988701865;
-5,44131129950999;
-1,13981482285808;
-1,02233098710092;
-5,13838529177435;
-6,42172004980553;
-3,71622240211188;
-0,966821424885832;
-1,73709892426745;
-9,27489684148288;
-20,4977528919106;
-21,2327022360193;
-12,5376967267096;
-8,16470419871836;
-6,11172507837419;
0,0720787819040593;
9,51345622931414;
13,8259699546122;
5,1577898755901;
-8,49180761052762;
-16,1875330295762;
-17,484511657956;
-12,8488621738098;
-1,83078546907232;
2,71112426433336;
-10,6660944179061;
-21,5791063540846;
-13,4448615842454;
-0,0705451794446057;
10,0372243483188;
16,4076315030029;
16,4251078279754;
16,0600771088981;
20,1113054969064;
17,3847466534079;
2,90825365784193;
-4,41013563688425;
0,3403320886226;
1,49995797720334;
1,09909586909301;
7,03857799529677;
12,9991896527115;
15,3967767789846;
17,0350171555929;
13,0528544577397;
1,83345132967825;
-3,19875606791083;
0,338285971806279;
1,05070326635869;
-1,11207919359281;
-1,6922430569687;
-0,440138541207163;
1,92427665061802;
2,3593399628838;
0,464143989488889;
-0,434431812811617;
0,0437079630453967;
0,131877680713606;
-0,0701032838570745;
0,517508013762578;
0,826993591247624;
-1,08766017243844;
-2,03174616089418;
1,00087899027719;
4,66262408291727;
6,62912485350299;
6,8817254349987;
4,59870774686724;
0,544057966211386;
-3,44285945241246;
-6,5729944512858;
-8,13695676862329;
-6,94202032731615;
-2,97749731556168;
-0,80895924519941;
-4,89199823768069;
-9,17907400968355;
-7,19777175883305;
-2,48495111089681;
-2,25181103730001;
-8,24142378939109;
-9,08953330206895;
0,58566553252036;
9,52663059016823;
6,30113445994778;
-7,36502281414416;
-11,0839651037095;
0,885770616211297;
10,1452843246229;
6,06497476574866;
-6,80087577900096;
-10,3255444720427;
-0,823406223761395;
4,68802924063799;
4,14807606625854;
3,77987207401719;
1,99871496459963;
-1,65060994530905;
-4,14882099206539;
-4,21331346588831;
-2,66406385548674;
0,345575551803734;
4,34862223521236;
8,0534565807965;
6,84045026098986;
-0,621838769435214;
-2,46020500913869;
4,48455203623961;
9,04346266454615;
4,04092057208801;
-8,67130380644467;
-12,1171572815931;
-1,50905159538966;
6,30742204914385;
2,66639469465457;
-8,75234750573112;
-11,7952666861752;
-1,58329470049596;
6,21907143016132;
7,5173233609942;
6,50486996669969;
5,25566802293596;
7,49309073124756;
13,8067852268001;
16,4925014619851;
8,86795650245093;
2,71120096859852;
7,4598632092252;
14,7661535068332;
23,4426949094142;
33,4814067058619;
33,8164049521251;
24,6232748633743;
15,1063259259073;
15,0105573984492;
29,3042758365753;
36,5542708390667;
25,2794334628799;
13,8079291438172;
3,42895724752341;
-10,0478123641002;
-14,3023468596927;
-11,1760692037268;
-10,7861820895451;
-10,6574611318307;
-10,2097392795296;
-11,2030420981938;
-12,1037884082012;
-11,5487955395712;
-7,0150927203869;
-0,4223729000614;
1,53592998507893;
-0,313519277797521;
-0,443080915905007;
-0,121862767693306;
-1,21288907107662;
-1,14057346398808;
0,800473965523063;
3,578358715411;
4,64705487894698;
1,37904968655002;
-1,31297975008565;
-0,0853765247973611;
0,525443957420242;
-0,193379701816339;
-0,105192393081329;
0,112705323159381;
-0,00980254806074256;
-0,0359571766095343;
2,63929322393557;
8,05000151855817;
8,11022238122889;
2,6083409427261;
0,116697832776649;
-0,52249454366362;
-3,27183242852503;
-5,75979715040521;
-6,34466267886942;
-6,30241345354027;
-5,72834878237641;
-3,38466493661021;
0,449586121324036;
4,73662073335671;
8,96308443806215;
11,8440830204886;
12,1695066428473;
10,6775257672376;
8,3598156882742;
5,13970054169542;
1,48564479734414;
-1,31635864923282;
-2,54752888327538;
-2,04682432349563;
-0,0122715218627781;
2,45847195949466;
4,29560292208081;
5,86355803452289;
8,05304499494075;
10,3799142500705;
8,59931213585389;
1,4599488527035;
-2,15704890821784;
0,145231017013667;
0,743790978570478;
0,467825754948912;
2,72858300204852;
3,92121340083476;
3,02197993828134;
2,9695486017412;
3,6961507059578;
4,07864909623996;
4,65791178742057;
5,68551523154152;
6,76509020637717;
7,74189456785981;
8,64657370515502;
9,42160951215136;
10,0842284756174;
10,6391812295807;
11,0110917563726;
11,3365449333223;
11,7054355358233;
11,9576216172596;
12,175220861244;
12,12437495614;
11,5518242640922;
11,4249991021324;
11,9660240902692;
12,2765354376296;
11,5978940946447;
9,59165118762749;
8,03511789370953;
7,88529697748464;
7,49458288483238;
6,75952337607353;
6,42402109611001;
5,85594628378823;
4,99659538041378;
4,80830008094242;
3,86287002802993;
0,723878928661758;
-0,984939002142043;
0,0457550420646116;
0,348270467120491;
0,197746138582877;
2,37869062847514;
5,92747318194046;
7,246603813359;
6,56108379992978;
4,87749991131878;
1,01285394256067;
-1,24322390712906;
0,0158407794202138;
0,458210924886373;
0,11439813871009;
0,806138177311404;
0,715125707156026;
-0,367224419652934;
-0,670163789021065;
0,526958814332195;
2,90609070323671;
4,49086259497092;
4,74958132102839;
5,45028714343337;
5,49236489051829;
3,75055984215453;
3,24631845784783;
4,83225784592328;
5,87995422255121;
4,47390615400299;
0,77519959688118;
-1,09740122612594;
0,0546267567839496;
0,387695251607532;
1,71435141074855;
6,59039975724309;
9,43861207306196;
8,28391507910338;
7,80587464542411;
8,70449442685366;
9,54226687440246;
9,76308863016902;
8,978808016443;
8,11904069816909;
5,80526918369996;
0,914447113212484;
-1,41846777036456;
0,106274518987916;
0,485464530017401;
1,83650166130966;
7,01283090379734;
9,44156855939659;
7,22880032311292;
6,09258133220706;
4,76551725507262;
0,703735701866724;
-1,19895815543647;
0,126975178202321;
0,392791428145204;
1,09660017730356;
4,42390961717908;
5,99612019222726;
4,65698589471104;
4,39723625644796;
5,18030629077171;
5,17785811764046;
4,88908790443938;
4,74810271178461;
4,76912660157869;
4,17801657256572;
2,13473162002119;
0,516232815485358;
0,614774528295956;
0,885144515870266;
1,07853545042217;
1,57845970359249;
1,3067821682332;
0,567557916665175;
0,610272950841595;
0,714728811359123;
0,137025286350916;
-0,195377510885087;
0,0147470688722433;
0,066180952970305;
-1,4643475577957;
-4,85423642131994;
-6,28882415992895;
-4,69745163243234;
-3,6949866881699;
-3,70172608568029;
-3,40462244365265;
-3,16711592989189;
-3,25273404615763;
-3,46330751737798;
-3,77573400469422;
-4,13096621609609;
-4,22135778526164;
-3,93119288364794;
-3,37214516547864;
-2,44199012398229;
-1,21991314681671;
-0,332130452256313;
-0,0540179807475679;
0,0302092073181949;
0,124012818049383;
0,0618064185704285;
-0,0406806073351358;
-0,00956823069706582;
0,0192021932528547;
0,747947073726308;
2,69696655165386;
3,99147573912265;
3,80225854960575;
3,67914754463135;
3,62385269522112;
3,16558213003777;
3,27023141291736;
3,85902848230004;
3,92420739258385;
2,74634806373707;
0,429281819195771;
-0,658770809116407;
0,044591889573637;
0,22795336950354;
0,370856836686027;
1,68468176441021;
2,59044191534283;
2,59721590008697;
3,02133987459728;
2,72266935651297;
0,530212839376678;
-0,707180393830155;
0,0312975123165404;
0,250363821160611;
0,979786642575854;
3,69628486852229;
5,13266691361633;
4,50448130389995;
4,58463819186412;
3,79922438983242;
0,604315937902896;
-0,960773269468789;
0,0858187964039318;
0,321682317442702;
0,573147927828982;
2,41793401932125;
3,22719852359334;
2,44803628069666;
2,28599218122115;
1,92558775608855;
0,303311809040894;
-0,490672560312959;
0,04689782416474;
0,162812389809882;
0,445066857045783;
1,86716773772421;
2,81422104311675;
2,83185213848991;
3,18503281772329;
2,64402555280854;
0,391427438978409;
-0,667797978930471;
0,0715296997226592;
0,218342414145229;
-0,126451891130947;
-0,0446896442192597;
0,102123434569082;
0,319849274701862;
0,799980666581277;
0,867688918544578;
0,168875747033736;
-0,232114561057839;
0,0139078398549516;
0,0803675090211699;
0,423410069988983;
1,56935019714943;
2,21388107635666;
2,14480667545186;
2,55985299912585;
3,16971524412114;
3,38352960956775;
3,47935276279961;
3,5249416511593;
3,46381330714779;
3,42547142556217;
3,46297984758199;
3,52954789288327;
3,53822537421571;
3,47362466592571;
3,55839193493012;
3,85964815592114;
4,03978751160163;
3,93137670973181;
3,81868832527679;
4,01340972625248;
4,42312307458542;
4,71848579983942;
4,83661744751953;
4,88148382204717;
4,77932977672831;
4,518697145034;
4,40784003589184;
4,58163319980559;
4,63487173668757;
4,33321982742642;
3,95566100339546;
3,56277507960878;
3,0503968160016;
2,66673675261604;
2,50505981034703;
2,38133919648239;
2,44845981566587;
2,87675604454259;
3,36872670288885;
3,65497836074247;
3,76776783615514;
3,67771807880368;
3,20144976899445;
2,38090529960002;
1,67859011352485;
1,3944902157276;
1,33833714855363;
1,36546473062992;
1,46397073803396;
1,12636460625353;
0,174592900414542;
-0,278012568594251;
0,0234278821957967;
0,0939094799877373;
-0,058239446993006;
-0,0955182221121758;
-0,156885306809972;
-0,0677699154305691;
0,312566685220128;
0,468563658901699;
0,0386227244349979;
-0,313971966940465;
-0,0633296022865219;
0,368708910704489;
0,452927620992148;
0,111926101837086;
-0,121551125112959;
-0,00254331830687331;
0,0464356664957672;
-0,0169286470360709;
0,00797065289164955;
0,0567700392964959;
0,115754263925826;
0,263579179691476;
0,299595538126149;
0,0641612096814622;
-0,0821924027513397;
0,00351601756558956;
0,0290260043613623;
0,0255926145289752;
0,108037921864665;
0,205511769403058;
0,492977710437025;
0,937943121769028;
1,22865271926298;
1,55087946015304;
1,97187482757104;
2,18031448099713;
2,21711445199738;
1,65301652879657;
0,261713581383234;
-0,406620847304778;
0,0312703697551984;
0,138723131087694;
0,580402120573238;
2,23524486624245;
3,08899267946788;
2,52605501027883;
2,38206123957702;
2,66239713609489;
2,59888294964179;
2,53717133470801;
2,57400025317554;
2,56666457963695;
1,91590340091246;
0,318678356074396;
-0,474015863035846;
0,0313466953987687;
0,163898458222245;
0,26972580516731;
1,05535973340554;
1,23582069606884;
0,764920757611644;
0,75370403418538;
0,934917631160263;
0,951723067138871;
0,96030838527071;
0,771447976020171;
0,289807661630912;
-0,25859316547368;
-0,676974444931095;
-0,943471018959427;
-1,12526431444096;
-1,08430471475871;
-0,696759417992369;
-0,445306142510299;
-0,760143003045966;
-1,31001632587917;
-1,7148822346271;
-2,09007792643038;
-2,60285711696078;
-3,10001931306592;
-3,36361950580582;
-3,33748584175932;
-3,20163822483309;
-3,14686661317557;
-3,04319616553528;
-2,83192252435555;
-2,67334013381996;
-2,56972395662927;
-2,47309709741239;
-2,49329808462794;
-2,68111980198998;
-2,849925158958;
-2,82697929243293;
-2,66632281527685;
-2,46520969326165;
-2,30144463368608;
-2,31147239094081;
-1,81371032880902;
-0,326194069983384;
0,456166973850582;
-0,0236267499978261;
-0,160403179341782;
-0,691511026131885;
-2,62107410524483;
-3,63950293977473;
-3,04485264369911;
-2,83031802824648;
-3,04570831094992;
-3,00613799570947;
-3,02665510137906;
-3,10366348835318;
-3,03318327356079;
-3,04023111311984;
-3,31049672538562;
-3,28877519598809;
-2,59495100271877;
-1,80741840425979;
-1,03675107088592;
-0,102410841589098;
0,239445358289885;
-0,036655777433171;
-0,0740703034245287;
-0,25124851468426;
-0,903677669029052;
-1,04024257348409;
-0,670370454307311;
-0,560204438662593;
-0,354599495668563;
0,0259168398766509;
0,0759753523311228;
-0,0348244679873524;
-0,0134023719194314;
0,216124899980882;
0,672806049550349;
0,832578848233615;
0,472082119005492;
0,226404120563218;
0,415229156930732;
0,743777709801505;
0,774498072499018;
0,464464749913716;
0,251303385336716;
1,01107144032567;
2,90073820475597;
4,06734896647322;
3,98700864004119;
4,2699725543481;
3,62596486383946;
0,678006180052396;
-0,928198196005719;
0,0456875866583385;
0,326959376931094;
1,46923153971141;
5,50350474234774;
7,4854260855996;
5,96523056015363;
5,31316130433533;
4,27273508262507;
0,676532480800977;
-1,08246013534923;
0,0989440407776828;
0,361366246722024;
1,1513674445034;
4,51101756726701;
6,1734486087337;
5,02640494455818;
4,62765931477707
