0,637164562309906;
0,729217623387552;
0,569604114352154;
-0,137117238503466;
-0,980342558813014;
-1,35282834942611;
-1,41666506196651;
-1,34380963298441;
-0,957696281075785;
-0,68238655968227;
-1,08863264063517;
-1,90738966062401;
-2,77060937012081;
-3,54673504699275;
-3,76662886928106;
-3,28334230413981;
-2,55359701277783;
-1,71773431342908;
-0,84752631673908;
-0,469373644928351;
-0,648958574442469;
-0,889036831160071;
-1,01942438520724;
-1,01704337894213;
-0,963627460365441;
-1,13121754398234;
-1,3707691913346;
-1,36278731512453;
-1,36472950327492;
-1,82588999281114;
-2,15325123932689;
-1,59716921326044;
-1,08374525509866;
-1,37277361872648;
-1,92619723476872;
-1,75875591356638;
-0,392366000427647;
0,459295958022612;
-0,000616244926408274;
-0,17128024354724;
-0,597105514926006;
-2,24495928910191;
-2,87652976946789;
-1,72629973754516;
-0,870680442975989;
-0,512621950327216;
-0,00805295609174813;
0,124830092521882;
-0,0398011563673046;
-0,0292235167495335;
-0,488895768454772;
-1,83784821380493;
-2,69080843769453;
-2,56603990088662;
-2,68063304012202;
-2,28978307488587;
-0,433550450541234;
0,588788356888599;
-0,0280980758565303;
-0,207716263056083;
-1,56949843587449;
-5,74389352666697;
-7,82269016618251;
-6,03594279777152;
-4,86173435039862;
-4,978467389019;
-4,6640659730504;
-4,51742944491794;
-4,92412971951731;
-5,11194496185936;
-3,65238151207956;
-0,527330708374018;
0,876243083867686;
-0,0777627686772466;
-0,295012901278804;
-0,144183219486574;
-1,06403201990922;
-1,77622898396316;
-1,52663802173721;
-0,987262857576737;
-0,628727711273898;
-0,45978782195703;
-0,0998820659966722;
0,435957100305298;
0,71607980919823;
0,62369732847397;
0,160193828280442;
-0,158670532685609;
-0,0110890564903833;
0,0643077586483415;
0,307757669736017;
1,07780128275256;
1,32416156486008;
0,792488018336976;
0,479727588685342;
0,513898201115293;
0,554094733071959;
0,394914400475163;
0,126852018882957;
0,240616541392136;
0,708609465929842;
1,18767970448087;
1,5560967070001;
1,61290240964896;
1,42127004897809;
1,01282603135459;
0,203048930697156;
-0,250026022147728;
0,00166243640919813;
0,0930670186411052;
-0,0756305401818012;
-0,11722159976683;
-0,0546473188693327;
0,147970439728194;
0,465639549731174;
0,452026240428045;
0,0439853562057953;
-0,116812264451856;
0,0234284910985043;
0,033269771776277;
-0,230288339056686;
-0,639045693342218;
-0,586508568236497;
-0,0257938921366965;
0,176716945614469;
-0,279609085436932;
-1,02898017148094;
-1,76001803087229;
-2,30958254290216;
-2,61014594270618;
-2,01668119050688;
-0,339378595203961;
0,497596631813057;
-0,0305538669195126;
-0,173136807560348;
-0,5698813893832;
-2,24252431515403;
-3,17353829315718;
-2,61002551757588;
-2,0230961597489;
-1,90814892798415;
-2,34591254622523;
-2,84708181385653;
-2,67952084605108;
-2,11485528310301;
-1,18955133044974;
-0,0718710869873701;
0,260449844849323;
-0,0530594588905144;
-0,0751801579136975;
-0,309557115846834;
-1,33318833907499;
-1,9535583475576;
-1,48569559244632;
-0,958191736830969;
-0,650834403264649;
-0,110723227113688;
0,164991247553134;
-0,0118978328227338;
-0,0564898484004334;
-0,00498486490132477;
-0,125519316041408;
-0,214327765443716;
-0,183729607926546;
-0,28651933414186;
-0,378183607017663;
-0,113103674146528;
0,109599808114137;
0,00573090612134679;
-0,0431684665669827;
-0,328658773294134;
-1,14099673962102;
-1,41530860600716;
-0,872776517687876;
-0,552113406951641;
-0,41351649464672;
-0,0477417189475661;
0,105645746120882;
-0,0175663313077069;
-0,0317322823178333;
-0,442821344679428;
-1,68822250549225;
-2,59261310724918;
-2,52769230878495;
-2,29000966535889;
-1,60980880694487;
-0,214790287459366;
0,386976035410721;
-0,042154701222052;
-0,126795978423755;
0,147593214875631;
0,625354191034277;
2,08116254102972;
4,54431608348548;
7,19183554754431;
6,69104242444572;
1,3810249600307;
-1,73674033281572;
0,043331261362878;
0,629774130492857;
7,01564017445776;
25,2043431123279;
35,4614362056647;
32,3883056435276;
34,3494395127012;
29,9864110831326;
5,60407544022303;
-7,74324261319242;
0,417834912887664;
2,70931424433165;
8,64950462725904;
32,6483304546483;
41,0725406935928;
24,0652283029244;
8,90610398474687;
0,194710052684522;
-2,80678971368283;
0,448626455782523;
0,913940540965287;
-0,558773841963053;
-26,0271314244071;
-84,1940499801662;
-99,9306391472594;
-56,8442530276972;
-24,7494467732861;
-7,51317366209243;
14,2537153697405;
34,4734962445343;
54,7196479323003;
65,1983045178291;
56,6518207568943;
40,6010533904497;
29,1669431995122;
31,2024175956527;
50,3923845464974;
71,3431713309298;
77,9265529375966;
73,9630530775053;
67,0629947820525;
55,8758037164594;
32,8301575296983;
2,86310187208798;
-7,33550436847688;
1,1784839601391;
2,25256731540958;
5,23512132601873;
23,852889946855;
36,6738110035382;
33,8425864309626;
30,7244446052431;
29,9682907431759;
27,9550944065174;
30,2840100039057;
34,4083727133657;
32,8620423654056;
31,2625586338917;
32,4000594716276;
29,5923304689482;
30,8292093355445;
45,8563685940035;
54,2247634831801;
38,1133094369063;
22,9500002416431;
30,9609480038358;
48,2603323745459;
44,1288930960194;
8,90288221151858;
-11,3835526754258;
0,331592776945921;
4,1088186326629;
-0,304599533577504;
7,6996388258521;
22,7891524903439;
36,9333102389139;
44,2936122037264;
31,7575392651305;
3,58533410292549;
-7,49865812498759;
1,02842016316387;
2,36734668306976;
1,90121589926463;
12,4219541244044;
21,2988760753871;
20,9155228825035;
17,7333917458045;
11,0955271036363;
1,03296936226688;
-3,53424427307177;
-6,5316041934317;
-15,427940663802;
-16,2179326103539;
-2,70250070856729;
4,24514079690495;
-0,397562715960153;
-1,40891277568435;
-3,87618257412444;
-14,0229338000882;
-15,3166157714575;
-8,00283473477563;
-9,13582186004448;
-10,7215360762854;
-2,17380656597128;
2,96296665163769;
-0,189868117049436;
-1,01776208549825;
-6,14028638712733;
-22,5347539735273;
-31,3791227396677;
-28,9046110205607;
-32,898903270918;
-36,7627679897501;
-28,6020551558596;
-23,2783629295417;
-29,2976277167311;
-35,7472613898901;
-31,7492233374064;
-10,86294364521;
14,9294685168121;
32,2229031783134;
47,5563334699726;
61,9294454653751;
70,282180885661;
75,088659474916;
78,0140747548204;
80,1082458135084;
83,2734624117444;
83,201427628324;
77,1503425069844;
71,8373922218934;
69,0337949948937;
63,4642491310477;
57,9326734871335;
57,0191056017265;
54,8536471085943;
44,7414133271015;
28,8779489448975;
13,050910204105;
0,938496109346805;
-7,3095600995207;
-14,7938350469309;
-23,4995627369718;
-31,855668110272;
-37,8087301905927;
-40,3350429178944;
-37,9261391411956;
-31,6982888878556;
-27,2737837621576;
-28,4973930342999;
-35,2885846890839;
-44,2659222756507;
-48,348656504469;
-44,8985940123086;
-38,425404274227;
-32,3221753784055;
-29,453053559261;
-33,4265385548737;
-42,0190061473057;
-48,6738654533429;
-48,6527094283321;
-41,1638100866429;
-29,8669341255872;
-18,4289856685709;
-8,326731405173;
-2,72969604925498;
-3,97153762062442;
-8,92450044511771;
-12,3645199220417;
-11,6069677364498;
-7,01157681532505;
0,400840611414354;
10,0557911056764;
18,3880551769222;
20,6360662543866;
18,4480702667933;
16,8785618616017;
17,7281831942681;
21,243483583503;
25,0345585842482;
23,2405441890693;
13,3330393338717;
-3,06425107328183;
-23,4124573445715;
-39,9854279357267;
-43,070870791862;
-35,5375830922395;
-33,0217675013213;
-47,52361229483;
-78,2711111515072;
-117,455097452304;
-153,65394989849;
-171,115807018704;
-161,53279950399;
-131,042306542601;
-90,0953964115953;
-48,0348121255307;
-17,6400529333633;
-5,59747503883829;
4,97633272503928;
27,2632946419191;
43,8712250595292;
40,7601375963389;
22,4254876810982;
-0,952036931328371;
-8,76349704526449;
10,6094265581133;
40,7945662276392;
63,4397087139548;
76,1783550961899;
79,7732530895171;
72,3224278079398;
56,3857498695122;
39,4011146305588;
27,3087167502372;
19,8982382977765;
13,3358035988299;
6,14279450313489;
0,256721407568917;
-1,2121921613668;
0,24562231969576;
0,355051091667777;
2,07269383429157;
8,37417903716806;
12,9405226512311;
13,5109385720709;
15,0858541840687;
12,7774041562612;
2,27193521272633;
-3,25927577133808;
0,203780665009037;
1,12918617647789;
9,05447897686861;
29,292320848308;
27,7326691604492;
0,260727006034103;
-14,0104242047921;
-8,00483220569137;
-0,0910306987858921;
1,51063413626448;
-0,382953740065248;
-0,410984719315333;
2,51694885600617;
5,22822592252707;
1,46733691224844;
-3,55065257113445;
-0,521961899453044;
3,09430953938207;
0,813597210892874;
-1,00445158238993;
0,0624443162391639;
0,341816004020004;
-2,51538442788745;
-10,764475733116;
-22,7940058428576;
-32,5231060527156;
-35,9328394453855;
-23,5815986615305;
4,70145164005573;
21,004724845884;
20,0251992192359;
24,041649656395;
29,5374764592288;
28,6052973503298;
29,5120183509424;
35,2822229779474;
43,3354406933102;
52,7928350493204;
62,4002866132632;
68,209108344816;
66,1008437132994;
55,5805808572018;
40,1067601700061;
26,5798095249989;
21,0918587961744;
22,9035430725138;
27,1999988408426;
30,305966827542;
30,1958065260188;
26,2317647669356;
20,2333482861941;
14,5931238930918;
8,30008014196475;
-0,610577915961001;
-10,140584650526;
-16,6256761221767;
-19,8357766317545;
-15,9478033547827;
-2,90472870539408;
4,0001638677463;
-0,186062485447459;
-1,41628630643266;
-8,85168890490091;
-35,9087769765123;
-56,9743802012571;
-54,2533463538592;
-45,4018782688487;
-30,0402507043654;
-3,48105035460141;
7,15091609018321;
-0,968353503158206;
-2,261217393691;
-5,80624990253826;
-22,0945878286961;
-25,3531418604507;
-13,773798529531;
-11,5234432942293;
-11,4994056530905;
-1,97468904593968;
3,07531931513887;
-0,294915911083549;
-1,01572290620572;
-0,173965663508183;
-1,94397453597828;
-2,63235780236235;
-2,16895188030134;
-2,92264692892392;
-2,77561955446799;
-0,514420898532379;
0,703081191412955;
-0,0326111728671832;
-0,248765575193786;
-5,14724641991217;
-17,950745767101;
-24,1494036408558;
-20,3169970371669;
-20,2621950103027;
-17,3234329288765;
-2,95593777265815;
4,45557723350179;
-0,349902070894572;
-1,51091598865062;
3,79737253265643;
11,0728013893316;
14,6277861277404;
10,5312961863996;
5,49844628226627;
3,35887076268522;
0,837481595193838;
-0,851305812292328;
-0,0509258181827816;
0,341318312690877;
-2,1701142022749;
-8,0502547952585;
-12,6728185342287;
-13,8652167501591;
-21,894658564866;
-27,3245444221839;
-8,55781287891566;
7,78116255526698;
0,656268619797444;
-3,17903721656832;
-38,0675191353179;
-129,460384825812;
-162,206537934605;
-108,405606867644;
-76,0930369519402;
-55,2111335956357;
-6,19232833020278;
13,6667930557328;
-2,1689486599811;
-4,16386027282254;
10,0897558173162;
26,5877250149672;
30,7546879703767;
9,44275081224139;
-16,1206729029724;
-17,2923826578833;
-1,20360206459192;
4,27785903491234;
-0,988176475740994;
-1,16617055951528;
6,67671561355702;
21,3327771248639;
31,777546269272;
30,9096763594252;
27,6933334028119;
23,2573341205428;
15,1703559631148;
9,26710899404559;
7,82239989794642;
11,5544880861062;
26,8680674412713;
47,7160645317146;
58,5151032852071;
60,3929167500299;
56,7264607490127;
45,6995140131882;
34,4467266268851;
23,1656396970989;
8,46077719951916;
0,676934752994583;
5,26647295348984;
14,7158665525512;
22,7119534081353;
25,8681218359196;
22,7917831436519;
14,8396515382336;
2,21634757470308;
-11,3659539218218;
-15,0874559085299;
-5,10607707218386;
8,98855628595492;
16,9673243329838;
16,2691830456737;
9,68874314823911;
0,275829702570979;
-10,2111152057615;
-18,4071752121488;
-20,3192661871475;
-16,3618955251141;
-10,2884035200105;
-3,46931877051085;
3,85846043009693;
9,30836746415315;
12,1809070548954;
15,0112323940793;
18,8784090628944;
21,5925548842793;
21,2030732355243;
20,0595144007506;
23,3577305144125;
32,4489630210784;
41,7615498636966;
45,3890742587277;
42,483655617247;
34,1207314725375;
24,6193049087048;
21,2301618575986;
24,9245826747746;
30,9466317830676;
36,6153948641064;
41,4525303925641;
43,8376311705994;
41,6323705378145;
34,5429588876858;
24,0085104380149;
12,9826762421018;
3,37067397906654;
-5,07046540081667;
-10,3634049760003;
-11,3687624675661;
-9,70962472091156;
-4,49408801216019;
1,87443963412253;
1,90705815472525;
-5,89005026244824;
-17,5487435031098;
-28,8606033481467;
-34,9727816849773;
-33,4029581653133;
-25,9154898670235;
-17,3283632736629;
-13,1551793246909;
-15,6088253558313;
-22,6106443250601;
-30,9255963468079;
-39,0157275074581;
-45,1437709196591;
-45,2648095428159;
-37,0857593691262;
-23,9125538577875;
-11,2318036988928;
-1,6442002805245;
4,33358455912203;
5,60061000445131;
1,55330162983184;
-5,4532316987018;
-11,3164474129732;
-14,8888053825327;
-18,1762525870229;
-21,0592826131982;
-20,351665365351;
-15,3544038694737;
-9,34467830028557;
-4,93312124604274;
-2,98045160867371;
-3,83882581534079;
-6,88708142383678;
-11,0675615242799;
-15,3688394280181;
-18,9015375311661;
-15,5928960151649;
-2,84129829673266;
3,929833512482;
-0,192199381562507;
-1,3866503650355;
3,78673086069844;
11,513575424013;
16,2761317351773;
15,9630213051064;
17,4399817054204;
21,8379154662001;
23,8609232759166;
21,0216040570935;
11,1943236012676;
-9,09570338463361;
-22,7634311790398;
-8,31860755684085;
6,92948699768744;
0,790218487875224;
-2,91059938742972;
-13,3760642283294;
-51,9020706199596;
-77,0205512140848;
-59,5837267982446;
-30,117325329573;
-45,2969369637226;
-121,614548298024;
-161,961868691183;
-125,49765641872;
-94,5394830412121;
-86,4248486086888;
-74,8352486923785;
-58,1349817755326;
-26,470134216372;
9,00263247057887;
15,7643610827967;
0,560013259722;
-4,0235087689243;
1,19883600927045;
0,973519962952045;
0,382050017106634;
-1,63560542346195;
-9,92925843610394;
-1,88178035455265;
28,515963832369;
37,1973148245741;
7,74457142256572;
-9,9982937433015;
0,410754374320839;
3,54404877041486;
12,6060559831594;
48,0718160758754;
63,988257933279;
43,9790422282352;
27,6252114777035;
17,6624205174981;
1,77634773340755;
-4,23611976925657;
0,701674065935691;
1,28170228086715;
8,84083168469925;
32,394874247776;
42,3260134419834;
31,0785502370281;
24,5448158044727;
34,2007583684135;
50,7219078742149;
43,4921528579593;
16,3099391013201;
7,22836002158391;
12,2641670349266;
14,8807652405666;
18,1477435335337;
20,7925161602278;
17,1152755142952;
4,19572115136309;
-13,9085721040068;
-27,0141391953733;
-30,5735962920557;
-27,270293594246;
-18,8032469068206;
-8,78675355145159;
-3,8030351057064;
-4,22671625189449;
-7,84578316971091;
-16,3258868554699;
-26,5615489984283;
-31,4131119451683;
-29,7474322403216;
-22,840948427842;
-11,0229528606682;
2,2568302874321;
11,0951686191281;
11,3897738312536;
4,41356154126182;
-2,98969975119285;
-4,80909034714987;
-1,89006621474177;
2,47231582608631;
7,54815006371915;
8,65704864995101;
2,09624919596555;
-2,35987671354923;
-0,00932220424452678;
0,882733551618506;
11,2138036037486;
42,1221516919692;
64,0531472546778;
60,8661424196769;
53,1974350370025;
45,7982296571834;
36,4729739851091;
32,9241808375359;
36,1705610928737;
43,2652835157562;
51,7588636766937;
57,5392047789671;
58,8356107533983;
56,0570315602953;
48,765738542647;
30,6044339588256;
3,52460989890393;
-7,04671328557757;
0,858068611806649;
2,27847462686612;
-3,58952024909679;
-9,39679016333802;
-16,1730473878774;
-23,7596144636801;
-31,4551955270935;
-35,6669770134004;
-37,5151777908518;
-42,5850117235818;
-49,8834160004833;
-56,9688988491501;
-63,5910639155624;
-66,16008764893;
-62,6729696814553;
-55,1183002426992;
-42,8423531985936;
-28,7209676953869;
-21,8976783209837;
-23,3708451313227;
-26,277730938467;
-28,0986129011542;
-30,3155016926729;
-33,7004357909433;
-35,9680859749325;
-33,4966542070179;
-27,3057146941773;
-21,6188872984737;
-18,013790034393;
-15,5187649492992;
-12,8525738421432;
-10,8719588187313;
-12,3982013336194;
-17,3501904187955;
-22,9978007331151;
-27,9599063802865;
-31,4946128646896;
-24,440234126782;
-3,99820513699424;
6,04315477248429;
-0,426045047014848;
-2,07790604959015;
-1,26818149823579;
-8,82896413361723;
-16,6329057278535;
-19,702910663194;
-22,2090614070486;
-17,9618483250557;
-3,03769432954086;
4,50333610660917;
-0,307045548493924;
-1,55119591605166;
6,08737746379134;
21,3363798864741;
35,8876514651956;
39,9299626652017;
36,8613461843254;
29,7908561979653;
24,0619762774755;
30,4964712769546;
40,5579087407307;
38,6193566980833;
35,4577274666996;
42,5088852324469;
41,8356304005073;
22,6647879080886;
-0,632071139275864;
-21,1137582106209;
-40,6093480345622;
-56,1956808212764;
-67,3211711155183;
-77,6981921827322;
-88,0175208365457;
-95,0068381632721;
-99,0452144748413;
-103,2153382396;
-104,035182275136;
-95,5324764085832;
-79,6683024761192;
-61,0933658112853;
-38,2453743722343;
-8,60357833359774;
21,3146053403341;
44,6172158565195;
70,4006012553673;
101,180543520983;
112,68962530166;
90,8122530585894;
53,4240183382131;
25,5274011435858;
17,2018083505875;
17,2142224074118;
12,5589007958739;
9,56447896476853;
13,8870109176899;
15,4298987212775;
10,9068591989769;
10,8986743433467;
19,2536254240187;
29,9939056935561;
39,0686645046228;
42,6098714209203;
34,9671781171259;
17,0395246324924;
-1,44828647392291;
-9,41925219732255;
-3,19687545875587;
12,4565888417477;
32,3666242135779;
51,5170802306223;
59,3257841460496;
53,9683548251341;
49,5489593829565;
51,1346973778455;
50,8874272601411;
45,8175012037878;
35,8827319284027;
19,3480713287457;
-2,9732300850109;
-27,3429958406375;
-47,4906394158817;
-54,9625857379717;
-47,7949594477877;
-34,2527332877906;
-23,1007428509262;
-18,4628832647643;
-22,2428597143419;
-32,5869032507381;
-41,69712181404;
-44,4958462482099;
-46,9821366382747;
-53,8230293806408;
-43,8302430194066;
-7,39714935263694;
11,0112872920697;
-0,768617904344192;
-3,78430190024492;
15,1198899915601;
48,7255165622059;
72,5072479893589;
75,7248332491379;
81,4465167699218;
91,8151696510882;
95,904070523409;
92,9313475108043;
81,2463480244393;
64,6344672806391;
64,6985452883221;
89,5304809448875;
100,649909611361;
81,0057697392582;
61,8765647675171;
49,1235149107778;
30,2528976202057;
15,2158415424975;
7,74958640729046;
-1,8898847305669;
-7,35850264333517;
-1,89145019230051;
2,22415758099758;
-0,0718213314155338;
-0,79017926008241;
4,88331576143768;
14,9561579813802;
17,9131065658;
13,0750443622357;
13,9633262965872;
18,6883901507116;
17,9559777523602;
14,2658374737633;
13,1379232215501;
15,2965193738644;
11,5663393122877;
-3,92215819080423;
-12,194492745822;
-6,04542598575333;
-5,2435941763499;
-13,5893911460021;
-22,6834658646923;
-31,8573042785982;
-40,3211142468751;
-44,4283246101175;
-41,2269320395995;
-32,4490770379927;
-24,860975278835;
-20,8844468594388;
-16,5699769543633;
-13,0654774807334;
-14,8151503869207;
-19,105484475941;
-22,6450037020736;
-27,2126407997401;
-31,9210670859568;
-33,6105849228983;
-32,5601765418065;
-30,230616564172;
-27,7755460932434;
-27,4784261313255;
-30,1514765075265;
-33,0726634992026;
-32,8670501309687;
-28,8471348647339;
-22,9473157256781;
-16,6401018981531;
-10,6485460035154;
-7,64761829149759;
-9,47475259460587;
-13,745480517758;
-17,9429167841308;
-21,5309538152013;
-22,7943234173817;
-19,0294919544811;
-9,63397447512483;
2,67459152356126;
13,7583142158576;
21,0690129578986;
24,9003983385862;
26,1672107569155;
24,2316259507936;
19,7651224933232;
15,0282355725723;
9,29205097513299;
0,270911655671139;
-10,7336010232806;
-18,4222378157579;
-18,0278176599781;
-12,6719723579196;
-11,6296796130647;
-18,6348023188924;
-32,9405163122804;
-56,9560622013443;
-88,5800924244136;
-83,4634537236586;
-17,1865911853364;
21,7497110353496;
-0,606971246626753;
-7,85582043805622;
-30,642630227193;
-120,851105293562;
-179,235833528238;
-163,952738938092;
-155,762453125629;
-117,944239564832;
-3,69808005140655;
55,2095972852022;
29,6961566010305;
42,2479585475921;
59,1128171250581;
12,5635427130448;
-16,8731129948159;
1,1128167528347;
5,76720487057769;
3,41421769002671;
20,9083989292025;
31,9360509002629;
28,1857076841882;
29,6441912446993;
25,6979220865009;
4,46730568961688;
-6,60302956962255;
0,480562574610176;
2,25617519692104;
8,60284738651078;
32,3120518371415;
42,1762793387729;
29,4746430492192;
22,2277469681807;
17,7583970423711;
3,15774050457928;
-4,53687471063795;
0,287225212984703;
1,57002489782723;
4,8909156424567;
17,0821274837882;
17,2829360047258;
5,39096882865965;
4,23183411240953;
7,81008436415028;
3,52951311927925;
-0,0597722838816807;
-0,151294704648486;
-3,66346802747847;
-10,2083551159004;
-16,7421044310953;
-23,2003110835453;
-28,0345979347571;
-27,4701737330779;
-18,9071599527587;
-5,49231635868598;
6,04081980256062;
11,6079804991404;
9,54311170665869;
0,524170963999638;
-9,67191840238655;
-15,1141684062195;
-16,4634091924835;
-15,4181966733608;
-10,5278985382938;
-4,65968857733075;
-3,45302071142505;
-5,37499103917338;
-5,33617285611818;
-3,28881486347997;
-0,185999976704908;
6,28962852870209;
15,1683454799874;
21,5797088993348;
25,8361306900791;
31,3813678802739;
35,7740737128482;
36,3385052470702;
36,6135248309183;
38,9723861758056;
42,6437102912909;
47,6860032170618;
52,718509250713;
55,7539624211538;
57,5973042824729;
57,8922355640159;
53,3981906664326;
44,35401092146;
35,1645888854787;
28,5751490992822;
24,8422265236632;
24,0035136340837;
25,5451612016035;
27,3890797353097;
27,7798442914314;
28,0775482743166;
30,7341436028131;
33,7241683038329;
31,8194507396075;
24,163460111743;
13,7697610755443;
2,51230418746089;
-6,6445552063014;
-9,86818151345934;
-8,71365734410357;
-7,87341779346463;
-8,28168699304881;
-8,94957821126623;
-11,0167687860703;
-16,0696994723218;
-22,634291244878;
-26,8842787560355;
-27,4698972123835;
-25,9360604017987;
-23,0166160122895;
-19,1550061628834;
-15,8843461523147;
-13,8495807230822;
-11,9813266766191;
-10,5777392436928;
-12,9628422349848;
-20,4356049627459;
-27,7048428986727;
-27,9828691627562;
-21,1189753635095;
-11,903648003497;
-3,78021969133153;
0,22381085724492;
-2,7748291114545;
-11,075832523176;
-20,5399941824208;
-27,3920144851236;
-27,1103129091961;
-20,2237078463626;
-13,8763299824539;
-11,6871112815743;
-11,6975004662831;
-13,2780139025751;
-16,7792755699784;
-19,8048769001919;
-19,9797548050952;
-18,2585246070896;
-15,8089962667086;
-12,2663778976737;
-9,65105754259324;
-9,8369218430423;
-8,6682159295907;
-2,99016258620485;
2,95455671964124;
5,84974301998997;
7,12416137914819;
6,38906732344523;
1,91222429667944;
-2,33362767649205;
0,29647623594727;
6,97216734699922;
7,68392612196627;
1,54152201195318;
-2,65724112223443;
-1,25229855919073;
0,663108909893957;
0,146052367069186;
-0,29349714693499;
0,0704842511455213;
-24,1410593362587;
-85,8447964073653;
-119,085022442475;
-95,0759774700072;
-75,4557356551664;
-95,2660456172714;
-124,734416022193;
-93,5985943934569;
-5,76943425103786;
49,2333771207289;
38,3687278396172;
2,34772196926921;
-8,75709204939172;
1,90465634472819;
2,46201292368816;
-4,50321373664574;
-6,05172668238905;
6,161653444114;
29,539814047086;
43,8233772166073;
45,0572007864554;
45,9700589962695;
46,4590276498851;
40,855179638295;
33,4551741825418;
27,9921314208812;
22,1195659246486;
17,0984821044948;
16,4715932384076;
19,6092446713128;
24,4177594575749;
29,4393505853766;
31,4101289452116;
27,5485784931055;
24,6649239936133;
34,6941636911322;
52,3316736420446;
60,9265512173321;
59,9556299104978;
53,0223640858185;
35,3451831885712;
14,7897390312572;
5,59879295493931;
8,19874126957501;
16,0049537212015;
21,739831958843;
19,2499486866979;
9,38835133458172;
-1,6863122664742;
-8,49626068119881;
-9,16528585851826;
-5,1499848340717;
0,419055522308424;
4,52406186080783;
5,75402285417518;
3,66749750778677;
0,164458522353228;
-0,821031202198736;
0,198096032735218;
0,222692709433305;
-1,5909236198525;
-4,46547420009159;
-4,89071941049274;
-3,66392980060362;
-6,54186846065227;
-8,56918707048396;
-2,41023025945043;
2,43368836561296;
0,0942019094643295;
-0,945186089902885;
-3,95331887795713;
-15,605168436003;
-23,3450346891312;
-19,7600798331621;
-14,0787460096459;
-7,90652187866636;
-0,340443222069548;
1,76595840122524;
-0,430672880395071;
-0,477090530077346;
14,0572598997123;
48,8266237592408;
71,3799459319284;
67,6562560721137;
62,9165204614382;
59,8631532461366;
54,5197438044351;
55,1268107248319;
59,797329612599;
63,8733875382453;
67,9313922645558;
70,1282683350064;
67,6286394547083;
61,8556116392554;
55,6709625677599;
50,1517297340199;
44,7415432616257;
39,751864372965;
36,6764706838698;
32,6967637194112;
22,8038420093211;
8,04570311205316;
-6,6828300710653;
-16,6501016848525;
-18,9310715783108;
-12,4851131818515;
-1,33400842064818;
2,87182226258735;
-0,392187345908012;
-0,909810019584025;
-3,93830502083663;
-18,7631285385535;
-37,174575554411;
-52,7052785316304;
-69,7487877663813;
-61,696954979557;
-11,8315763795985;
15,878009973665;
-0,701657062271429;
-5,62602902148243;
-8,65074807177279;
-36,9173209997977;
-51,7198123614573;
-45,7582518409616;
-50,8362199820161;
-51,6267179332157;
-30,568135634307;
-15,6208443997978;
-17,8385962782316;
-18,3777611775818;
-16,0771208353195;
-17,5448803462481;
-18,5883394789443;
-20,1054369957409;
-25,6538020298071;
-30,049825827766;
-27,4172683231547;
-18,1906782611318;
-5,15222411945913;
6,09797218968155;
9,03116233952245;
4,87353200907816;
-0,391315270868611;
-5,788038865449;
-12,7298908543348;
-18,4050928323355;
-18,6481588997269;
-13,1221715474691;
-3,89177265617439;
7,41780792327272;
18,2665742047641;
25,3516453382163;
27,7025003647493;
25,6611180116373;
20,2938086073926;
15,8037165064608;
14,7507620648253;
15,8512094286238;
19,8332295436577;
24,9488894799692;
24,1022209003854;
14,5251888938257;
0,305234438142683;
-9,75504072615716;
-6,11796563756911;
11,7766240385022;
34,6510851141682;
47,9014877091134;
37,5202593508754;
3,99143168428058;
-38,5717187110289;
-76,2108079188759;
-96,2304251266294;
-91,4435983055955;
-68,6386530995045;
-35,1290715035148;
-1,84672432845838;
7,405925772748;
-1,51840642932168;
-2,14327237411597;
-24,1528506648916;
-86,8052682479217;
-114,010215884908;
-82,8591023912756;
-56,5912338614237;
-39,7674973956894;
-13,7723109998406;
14,2880580314889;
45,2251230965488;
71,2462057603006;
59,1838557039297;
8,76526553229702;
-14,6259686300894;
1,41373880692219;
4,85951658527919;
9,54564831477794;
41,333489056007;
56,4711797240222;
37,67220911957;
23,8387728579372;
19,2227953737614;
4,42530297478071;
-5,08896654480283;
-0,011168019437142;
1,90377448509396;
3,02244226782865;
9,07873521227032;
3,61535136666228;
-6,35491872988843;
1,01288672084255;
13,1435864006621;
14,0132138477713;
11,1651472835031;
6,10239276477818;
-4,38496537086518;
-10,474109143694;
-6,71798579172084;
0,507860588706655;
9,05173957176232;
18,2806720810348;
20,2824507545693;
10,5899002780396;
-4,3181573496775;
-17,9073584012218;
-28,235323972579;
-29,588418679599;
-17,5017836928022;
-0,52582451013642;
10,0471595680992;
12,9059006551083;
10,4331511302543;
4,53771286955081;
-0,615386761706606;
-2,95955059396256;
-5,33041788846638;
-8,34986633950039;
-8,92680716962165;
-7,69442012288623;
-7,73372861500945;
-8,4767070643163;
-14,5182275378511;
-22,7839939966196;
-14,9756770753947;
-3,34461021424823;
-7,15902286874866;
-8,50513316735331;
-0,462282442805776;
2,10300921796986;
-0,540141904124259;
-0,549205031199223;
-7,75529619116011;
-29,4446826015078;
-42,7345301720468;
-35,9607343402842;
-26,693353919625;
-16,9081609641079;
-1,93693369559657;
3,98174062168659;
-0,529565762693374;
-1,26471579236194;
-8,57372006270862;
-31,7387239355548;
-42,6654972240134;
-32,9052101677469;
-26,8262023059539;
-13,5216625080054;
24,3951260078827;
56,7372139943409;
69,9776579200824;
87,1655408623369;
84,0184523201633;
41,8513257799216;
31,7566878658103;
71,5433920373465;
95,8154622624304;
73,3340960920132;
13,5898512522808;
-17,9861756615246;
0,521819275679578;
6,52004964710055;
23,6165884797972;
86,4362742087012;
109,331978974445;
75,9504263033497;
67,5794697097317;
60,0828843324476;
10,4917928963111;
-15,6836320098432;
1,24542526265781;
5,30558398003421;
-2,54030288119366;
-4,33067797974939;
-13,9788388662323;
-24,1407013707729;
-19,5087895745604;
-16,3358815933881;
-29,4851115562359;
-39,9024840834332;
-35,021530275256;
-29,1530079021048;
-28,5635372115672;
-29,0997526205568;
-31,5979536855051;
-35,0456292429349;
-34,4374891358269;
-22,5813435166411;
-2,45293343447245;
5,2306017688664;
-0,713432519895248;
-1,6562845471031;
-5,43743330524111;
-21,4714518509926;
-29,7189108904212;
-27,1657315879454;
-31,2167923819868;
-26,9623250433566;
-3,66864676924818;
2,21233772182681;
-17,3547820819994;
-28,0323199424789;
-19,4626570776467;
-2,79352078131533;
4,5195744726614;
-0,334916846436367;
-1,55570290188255;
1,45913737897628;
1,75568406918183;
-1,01010931596026;
-5,63986335664971;
-9,54253179779028;
-11,7302055830916;
-13,1846960015534;
-13,8312516475627;
-13,0644181207269;
-11,0590110359904;
-6,73879356748684;
-0,667722139941586;
1,53736293138854;
-0,226416179443319;
-0,480152268125473;
-0,846864960202656;
-4,71183715929763;
-9,19989771809895;
-11,7542775973361;
-13,1833085785102;
-13,1433679845389;
-10,2891669066247;
-5,00272645355264;
1,187320004842;
7,0945299425763;
11,5845346123377;
13,689509619689;
13,547013948235;
11,5065968520418;
8,02744730999945;
3,83406275291241;
0,16683792156561;
-0,783466658600701;
0,166031493106974;
0,225223469536232;
4,72293284423139;
14,72663371188;
11,2092054775779;
-11,0523144074561;
-31,7022285429609;
-42,629557009942;
-48,8516860271119;
-52,4510884965266;
-58,2008972261001;
-73,1619951466879;
-97,4417799655239;
-122,556504615266;
-139,388305370576;
-146,009375983902;
-145,87616068552;
-136,986978226119;
-113,569282212133;
-83,3076770235706;
-59,0640535532572;
-40,5475121024027;
-28,2879911462333;
-24,7379294322994;
-19,5949014937605;
-8,39751200729961;
-0,29826915466199;
3,10212463773611;
5,99583523237431;
7,44937679231343;
7,5662570002485;
10,574530738299;
18,5626405785995;
28,8593149478285;
36,7990121103227;
38,4432621935123;
33,7282928020109;
27,3982104671463;
24,2765433850852;
24,0468110753584;
23,3395284339426;
22,2935299431617;
16,8458658100939;
3,10633627514728;
-4,20441846277608;
0,168372618805772;
1,50129960812262;
9,59584337751056;
36,7165097657154;
55,0858874889119;
52,8027283052157;
50,6185776667949;
48,0192105041336;
42,0466320968485;
45,4963216820971;
53,9269083510626;
53,7143388896179;
48,220840208598;
43,2779990805966;
33,3257860482656;
18,538550026322;
7,78325984527548;
2,78091135259792;
0,14668604602433;
-0,53734089349572;
0,0917470408447579;
0,165425300578033;
-6,11381924195785;
-20,7833009205899;
-25,4171735190543;
-11,1618151218743;
3,59520852356684;
1,02134132194014;
-18,7780557402526;
-27,3584377790452;
-11,2887149898358;
4,37437063075336;
-0,182969789511138;
-18,7278030359753;
-18,6788712268347;
4,05701541349585;
13,7808604883747;
7,35500858949773;
1,20784240753187;
-5,9278048221704;
-13,3085630976637;
-14,3052865739819;
-10,7855214798181;
-8,59025655854953;
-8,32803400073854;
-9,63484957260581;
-11,3767286227106;
-10,3718966307596;
-8,34225773983631;
-8,27539380024913;
-9,79312425533213;
-11,3215306647437;
-15,3305580064407;
-27,5618860705563;
-37,2206339493898;
-31,3785049893975;
-20,1796016505128;
-10,8797795377194;
-1,13226959266447;
2,48177923994704;
-0,342505379495433;
-0,785330707076605;
-4,16400984413646;
-16,2594922819791;
-23,4088704449148;
-20,3997883939427;
-18,365808674128;
-18,669894911087;
-18,4651415258268;
-19,7084402241938;
-20,7888711494163;
-19,5778359247459;
-10,6716796386715;
9,98403268938707;
26,2220981546;
28,5305402234538;
31,013816288448;
27,212297806306;
5,40509273248668;
-7,07614030373881;
0,272859665916203;
2,52282689425417;
21,3473971594643;
77,6243488270055;
107,107309588804;
89,0334719162574;
81,9475692103618;
89,6256144359468;
89,4546068231962;
89,3972091968582;
90,4227350101715;
87,9495103970804;
73,9192079806662;
41,9457797891495;
19,8600452090002;
21,0339454419203;
19,4677321760569;
11,8307967866499;
9,76529239881311;
10,9542313414477;
13,521398581327;
17,1898496929549;
17,156820177257;
9,41928964649094;
-5,07943739706309;
-21,9710933690125;
-34,8212208786707;
-39,5485516389536;
-38,214968581106;
-34,7090778176376;
-31,3917226553444;
-29,8600564066722;
-29,9258558276085;
-31,5674622208523;
-36,0864455838045;
-42,2709770503998;
-48,1479826999544;
-52,4088889991721;
-51,3366704632751;
-43,8411840792605;
-34,7786314842712;
-27,6954563011225;
-22,5034194539784;
-20,0520444889323;
-20,7803299711033;
-21,8449634096899;
-21,5061967556203;
-20,9333533577825;
-20,8765323754535;
-21,3640781616661;
-21,7700376683509;
-20,4786255036499;
-17,2481568231927;
-13,2681276433863;
-8,86612780588688;
-4,74099090579876;
-2,40312747823266;
-1,3554857671218;
-0,224564694898323;
0,326999340823065;
-0,0177286884140029;
-0,115047997748557;
-1,60870564854557;
-4,47505985799472;
-2,0281861651718;
5,78330810591751;
11,4569055782747;
10,204489807098;
2,12394072812171;
-2,59978779015975;
0,0303676011220213;
0,959455415756129;
1,2144976920209;
5,93151879208296;
10,895346173483;
15,3114139914543;
22,2993209005588;
20,8338171109474;
4,1058950704493;
-5,41314524844856;
0,219987111150555;
1,9250585371881;
-10,0767817541826;
-32,6938568790241;
-45,7780771136065;
-44,3618158166232;
-52,3966429209211;
-74,3639339497934;
-99,4300359261496;
-122,751656283197;
-139,39257837071;
-147,059331985563;
-148,230873085741;
-148,162931978047;
-149,554110326129;
-145,904843915381;
-126,519255640393;
-112,721718706942;
-136,407127460921;
-159,958000674144;
-146,856810144803;
-122,243335256796;
-55,4132882096584;
61,0972549231714;
91,5486672075003;
19,6075262015241;
-15,5465011437581;
-2,48597645439922;
1,36078939456186;
-0,71800633770345;
-0,0195473830636467;
0,237520633417348;
6,79175783337893;
23,2346473708232;
30,1718893982128;
22,5618902394162;
19,106174818513;
15,5738001830009;
2,52179290963391;
-3,98604880086454;
0,360487400974728;
1,3312058513074;
-1,38213095515337;
1,36274179336033;
14,6618099858754;
32,2522130397827;
41,9205190384409;
31,6037342334821;
6,6753002869121;
6,44266869939375;
32,89885304805;
44,7148972048073;
37,6528456686395;
30,9299876862762;
35,097348905953;
42,8678907535852;
40,4824607229766;
32,9176310341925;
24,9198370962881;
16,5705527864972;
12,5991690954069;
9,94079116750816;
5,13681740679284;
3,07037574359106;
4,2888160369645;
4,95099111441123;
5,50212508046243;
6,21017590994972;
5,36706617620372;
4,92621735010696;
6,66666628994206;
8,13981270057533;
6,05288683082145;
0,879196808506295;
-1,45080659071525;
0,125869729366648;
0,489777970828968;
2,00006233538204;
7,4623820592792;
9,0579540372042;
4,35624376492419;
0,613040543105166;
-3,60289516566574;
-11,6709108569802;
-16,1114894007803;
-15,1219304603316;
-15,3359296309077;
-12,3376071719732;
-2,02580448181789;
3,10259064782828;
-0,241909771499438;
-1,05494523518408;
-7,03973395002233;
-26,1721059629726;
-36,5916955653214;
-31,0303421722823;
-27,7905081236181;
-21,074005506311;
-2,91063103651903;
5,22184509397437;
-0,600185855966199;
-1,69219454861886;
0,02057891058165;
-3,03767226450695;
-5,31848845496763;
-4,72348898124055;
-3,34078553903298;
-0,73515104843883;
2,17582506787925;
4,82670497325271;
7,84760244482972;
8,98915334416038;
7,21453799960402;
5,05089795645868;
3,44989522228521;
2,11503593334834;
1,62252099496854;
0,0431202971145078;
-5,7189447084757;
-14,1381900332937;
-20,4703714239982;
-22,8032397045406;
-22,8535158398966;
-21,6349695901615;
-19,5689966525651;
-19,324287293193;
-21,0700425992928;
-16,0576786931946;
-2,28051216360583;
3,92816552799964;
-0,40160290101979;
-1,2966413428736;
2,11392309683363;
7,2664014339399;
17,3230511634732;
31,4613896279864;
46,4635790206309;
42,4510687665292;
8,62129221607575;
-10,9884607670637;
0,316757602603678;
3,96659018506382;
20,4922763144579;
74,5368692336353;
98,3683885752038;
76,3931173038357;
73,6197816025498;
87,6386496553283;
87,1281446269732;
80,4095138072538;
77,6687154528838;
79,7494214351577;
62,2764401883748;
11,0542938716814;
-15,5859818650458;
0,828310882761891;
5,47350448677407;
18,5423079128354;
70,3642314493673;
92,4292511524473;
66,0568521799811;
50,9458855509664;
41,039207500923;
14,4247148479468;
-0,41716847959347;
-1,74594860204808;
-12,1008466707456;
-23,8353007251467;
-26,66198981311;
-27,1876655294149;
-29,3633223892849;
-33,4346030104505;
-39,4970500679596;
-45,5229304562009;
-48,696504606316;
-47,5628828211939;
-43,8304870090258;
-40,8861516451163;
-39,1509165800026;
-37,8782869272272;
-38,0776734657168;
-39,0655278221195;
-29,0563861417037;
-4,51162196540706;
7,10347467785045;
-0,561675495180837;
-2,41793991345424;
-8,56419681326207;
-32,4438616568482;
-42,2230388218545;
-31,068217264884;
-28,8019017305283;
-25,5064885996288;
-4,48069313599871;
6,65704976572573;
-0,516875745742934;
-2,257245105808;
-1,50589907986931;
-7,54661502905066;
-8,55765079274826;
-4,59812731619899;
-5,87806654358185;
-8,85761385936334;
-7,56365138821521;
-2,52043984481544;
3,04838734360803;
6,78586193456077;
6,74319455622592;
1,61225221313054;
-1,78898899257632;
-0,0269733764144495;
0,679377169147045;
0,188408825938712;
-0,195813973549988;
-3,06646971192837;
-1,64310731081199;
10,7678689170725;
17,3566376368688;
4,6767834787988;
-4,97938453428351;
-0,0754348928464624;
1,88049399861421;
-16,8173482216079;
-61,5493887104146;
-98,6493101988151;
-105,357473985412;
-108,295183345764;
-117,435267516999;
-122,340766741694;
-124,368131220552;
-126,778952366658;
-131,124483313986;
-139,152012238047;
-145,502391348516;
-139,050979462006;
-115,77948705108;
-81,386188124882;
-44,5254330565156;
-15,9383369109941;
-2,79130913783814;
5,52843815240459;
24,0068865962332;
43,7057217090965;
45,7342487925719;
30,5490963267178;
15,6665813850183;
13,6298424103902;
13,5265740895207;
3,07711885799433;
-3,70325899789173;
0,0782735454140859;
1,34357073275853;
3,32612612151706;
12,8903742598063;
16,456962097825;
10,1642870140502;
7,4552393103876;
11,1411224603624;
14,8051159229936;
14,1733352230695;
10,2349130575062;
8,26988067157609;
13,7549905564752;
26,9423598966196;
37,5031237784465;
40,4959845216447;
42,0375536733269;
44,4911375787326;
48,3836181922124;
52,7773190419353;
53,236143811824;
49,2249641063947;
42,3787023460872;
35,3084927906288;
36,4384202229477;
47,4138864143752;
56,1676448556509;
57,2771225911829;
54,1534554494067;
44,940113307422;
28,6618241849021;
12,0943458609557;
3,57393022715144;
4,61796654850078;
7,05208125338141;
2,18742246842319;
-8,76245476643141;
-11,6842151078032;
1,565186153936;
10,8454934553564;
2,14432586741818;
-10,1657266991534;
-12,2691949419306;
-3,1481221051483;
3,28154138894171;
0,124320227328939;
-1,27864375620303;
1,36926206360646;
4,44829183586446;
7,77429524715514;
7,48409400730907;
2,40204474580077;
-0,915529623194711;
3,22211428347444;
9,30326319239134;
7,58251413888754;
-0,702410563958437;
-5,31194779406603;
-1,79030598061947;
1,61598423807043;
0,121364267349127;
-0,650868316698226;
-5,3882261827025;
-19,82649818164;
-28,5994154105113;
-24,7626546760623;
-21,337152852236;
-21,5809680120062;
-22,4404819601607;
-24,4963177875907;
-25,1169777817682;
-22,7160965706389;
-21,2938471025176;
-22,0222933043914;
-20,3727633761058;
-16,2384962579713;
-13,0581230898977;
-14,541097441005;
-20,8731803215035;
-22,0189682226045;
-16,1530822267672;
-12,4777715317061;
-1,3079957303517;
26,1056707032814;
43,9864105456404;
42,3413389701562;
44,3516042882506;
38,4543269527479;
7,39609499766124;
-9,93688188232444;
0,451521493206539;
3,51423186942306;
15,7820113770717;
56,9944608240639;
72,4677079851763;
51,5859751937245;
45,7803322701599;
54,3023277318386;
56,9944018388497;
59,2215743153272;
61,4543993428875;
59,2960726579632;
54,1588040908253;
48,380508216561;
41,6944464329386;
35,0962311758236;
30,9950242622109;
34,657733676742;
45,6256406533283;
46,2916455793987;
34,7023653598541;
29,4384319430118;
22,4029650089241;
-1,58486150290666;
-24,6695544289125;
-32,4713713025211;
-34,8396539090586;
-27,0201136961707;
-4,14504289285067;
6,70853137453607;
-0,602953032059821;
-2,24816826483949;
-7,85612475340276;
-28,9152851167071;
-34,6907913388936;
-21,2943064424472;
-20,7052057730608;
-32,1177966680906;
-39,8696455618471;
-45,1922324883664;
-48,3613749907345;
-45,0600366847632;
-37,0672349168276;
-31,610351346626;
-31,9037249435168;
-36,0149261181534;
-42,6518873493312;
-36,2684871784948;
-7,05529598450912;
9,27723880304373;
-0,337550124595852;
-3,3209778970941;
-3,44173818099224;
-16,1619207739215;
-23,0821602328849;
-19,9978566513824;
-21,4128272292401;
-23,226447173358;
-19,5198194336354;
-17,6844228648651;
-20,5835067959199;
-23,1624215315513;
-17,2945359220602;
-2,60465216264042;
4,19806941694902;
-0,351052666049068;
-1,42141476560487;
-2,53537592834378;
-11,9147567669849;
-18,913489739335;
-17,519302177457;
-14,0854896839732;
-7,72904501343073;
0,998020645624764;
1,8950298336316;
-2,5361228583477;
-1,80842193865323;
1,83637844542867;
3,89718561894107;
5,42404019019506;
6,45164309223327;
6,42351894626789;
6,89065035477266;
9,87594116223075;
15,3235836613405;
21,0981750360815;
24,8646692834883;
27,2752776878967;
31,6205694905064;
38,9878491135067;
47,0778617417839;
51,532411534628;
37,6775570089686;
5,11554266689225;
-9,09499733118738;
0,97118905128372;
2,98755148920967;
3,61542751157219;
18,8481360478564;
30,2194385441436;
28,3132410189975;
21,1311595881878;
2,98507357603638;
-33,0939648042939;
-76,1850597027929;
-104,122807112505;
-107,375230502893;
-81,414732515718;
-43,0615176472775;
-56,5517600563713;
-106,500282764372;
-113,72278104415;
-115,876564718699;
-165,327866877498;
-200,276637235423;
-181,383313791075;
-143,86035038029;
-129,148563981604;
-161,938628750717;
-197,551330576546;
-183,638831102681;
-143,898678176401;
-73,7671784891536;
27,8373098556994;
61,4362817660122;
19,3284197130545;
5,48609479258257;
15,3086877502323;
3,94231055164769;
-4,90163993368685;
0,304772860481129;
1,66957980598743;
0,653778140893566;
4,68963065831435;
7,81587362862707;
9,2293785213382;
12,7520613247294;
16,5071191612372;
18,5586117662612;
18,4149002649572;
17,1447799643507;
17,5702051898291;
20,0638341020023;
24,0382755957216;
29,3616915511086;
35,3078692007657;
41,5594523936324;
34,3864451648102;
6,34102723503998;
-8,70939271783524;
0,416989424502655;
3,07582354624324;
8,78083383696831;
35,3993996651736;
51,5458601531028;
45,550698450442;
41,9530177796857;
40,60590712542;
31,5205820647005;
21,4211731180647;
15,9087473336366;
10,09378526613;
-1,8228027280893;
-15,0503621165438;
-19,8693972190214;
-15,7987616955062;
-9,42013880956249;
-7,08737324422587;
-12,8079724805999;
-19,3559790335666;
-16,7445576135052;
-9,21698055832525;
0,33371882149041;
12,2685823086213;
14,6169817506109;
6,58028520447485;
0,953780375436411;
2,79986828464603;
11,2401225954143;
14,3192174093564;
7,04712043666743;
0,867796743407002;
-2,85047979645679;
-6,38173752162428;
-5,82216768830615;
-3,80151057516519;
-6,42233813380215;
-13,3673775438839;
-19,8219808899046;
-21,8831393516457;
-19,9360252415624;
-17,1280776298665;
-14,8967728174274;
-13,7132583062121;
-14,4155921692524;
-15,9384972404073;
-15,8392956928928;
-12,8722742434053;
-7,07281698932597;
0,414755866202526;
6,81057254353275;
9,63282200963164;
8,16582803349913;
2,23636730186925;
-5,3970339885781;
-9,156741913102;
-7,97863901500506;
-5,46116955047988;
-4,27894857245579;
-6,46392691115785;
-12,9957023742072;
-21,0623597977363;
-26,6101082965616;
-27,5076742719662;
-24,050411228005;
-18,7788075829674;
-13,105209515467;
-6,05726177173967;
0,123634441262866;
1,18859823143877;
-0,39724737453958;
-0,278988334537351;
5,92657454973647;
20,1861374574596;
30,4614920338116;
33,9750594620227;
43,6087599846013;
58,8213701939945;
73,6936461275285;
87,42115621473;
96,5856238909866;
99,8947706712488;
99,5326198670093;
95,4072080348172;
87,0054436852999;
76,8366581264773;
67,2963509895195;
58,4204777046891;
50,1029568476272;
42,4274923579831;
33,6164925555071;
21,744108326477;
9,54522696775561;
2,36537473263566;
1,11729537198655;
0,575996951363836;
-4,3319285251356;
-10,3895773447138;
-12,1017590130605;
-12,6630585361941;
-17,4562657287485;
-25,5194622023124;
-34,7655722053501;
-46,0217872427486;
-56,9577115541483;
-61,5893652784105;
-58,3954326120057;
-49,1588066536397;
-35,428381054734;
-21,2537236950479;
-11,3411421146168;
-8,78809227796561;
-14,0568658099083;
-22,7198053620065;
-30,0616077185255;
-34,371134627724;
-34,3736921166967;
-31,5198160246093;
-29,8734707952675;
-29,624223182868;
-27,8867736954189;
-25,0044793101794;
-23,6829578205531;
-23,4345596465295;
-22,1512245148231;
-21,0247689041718;
-21,1776715478564;
-15,7151080696924;
-2,32732804661389;
3,84027895662613;
-0,350410656717408;
-1,28648655844437;
2,92056892728124;
8,12064292800213;
10,0891878659979;
5,63865768297237;
-1,34802513659617;
-4,74971572947188;
-1,76054588509936;
1,4293723428336;
0,184879681328829;
-0,610496918190367;
0,744761848568182;
4,52159348463172;
11,8898754744409;
15,9719977447831;
11,3830547629864;
3,73126908839241;
-0,444800389999163;
-0,542635733466393;
0,290782241034577;
0,0860664638605805;
-2,66843986212828;
-6,41574699086767;
-1,77971652014518;
9,94251568247466;
16,67183774402;
21,9893706426727;
23,1368353028887;
8,16818828202836;
1,58281501324267;
15,6377696240613;
25,585573486028;
33,7522897328012;
48,1336725653822;
59,4475587306983;
66,5886753662326;
60,7032624364202;
40,8538075621101;
39,2830904347688;
59,5841163182871;
69,8431138800749;
50,0427324594799;
6,90788565864395;
-11,553904195544;
0,330804678913303;
-8,40846514976417;
-23,1166439162485;
-7,38920586159456;
7,17562803378296;
0,276011209936647;
-2,76991995666255;
-23,7333116255305;
-87,6937024380307;
-129,124398665009;
-123,834460956692;
-129,7401019276;
-147,45268401297;
-148,87787251122;
-140,900603335937;
-129,997742439427;
-110,128151774245;
-78,164576347278;
-44,0447554744921;
-20,4096508417834;
-6,05347124999796;
7,89237208627745;
1,4555663246782;
-34,3932540277088;
-39,2084771877266;
-3,75529917650228;
13,9515226563097;
13,9086599163824;
16,1633539840073;
22,7881406951234;
29,9764168223295;
25,4795738655743;
12,0606793388945;
0,748213641202754;
-2,35088730308658;
0,362457680087968;
0,740226195591385;
3,91747921004365;
16,2511263479391;
25,411786631196;
24,2535854007214;
22,3927242355867;
21,7343349681002;
19,391084139812;
20,8478207018012;
24,5606582168072;
23,9637201353713;
23,5678188165215;
26,9616586539405;
29,5822092347452;
31,4255057097515;
35,6551947438244;
40,6350436395468;
44,6895185194209;
48,2667930548916;
50,6544482854466;
51,876950007388;
39,3033936416634;
6,69025854351579;
-9,71729437584663;
0,574679252394685;
3,39025769537255;
11,9963362408752;
44,7707673730123;
55,7177597190194;
34,0201301079795;
27,3002011731157;
29,3591305086241;
6,67178839911071;
-14,8664811391795;
-7,80321191805183;
6,76702052641276;
12,9494228258002;
14,2496233016684;
9,33022948082601;
-0,787484807238346;
-7,86032702846533;
-7,36587333278791;
-1,12684126414564;
8,02409536715009;
14,9738383945135;
12,5650433819504;
1,80977763097403;
-9,41026839888638;
-18,4905203637805;
-24,919466831047;
-26,2654151263443;
-22,6184704316255;
-15,8729510286734;
-9,20943476213812;
-6,30552050364795;
-7,78690234230668;
-11,3152015181689;
-13,9057810303627;
-13,8711884116493;
-11,8745872810295;
-9,48123794911012;
-7,01421643572022;
-5,70451312041792;
-8,06510092233161;
-12,7156387424179;
-16,3500962642271;
-18,4635767693882;
-19,2535011919887;
-19,0775157369412;
-19,0797693251601;
-19,4022518318021;
-14,4834068583923;
-2,30892509845064;
3,5532189897532;
-0,261811510361614;
-1,21758743508481;
-3,81479160952284;
-15,2796905562129;
-22,1137202301447;
-19,3535758193826;
-16,3956867953448;
-10,675323330268;
-0,78294847836366;
2,46895841220779;
-0,493954119471782;
-0,712166511220896;
-1,09945797875731;
-4,98431413523627;
-6,07880363160704;
-3,5259318378896;
-1,29074161374557;
2,0471947844725;
6,22185321158693;
8,94487701531222;
11,5870793057539;
13,8277025480234;
13,9167288399818;
14,2083295366622;
17,4359840338761;
22,4740164324201;
27,3165738889195;
32,1506719011319;
38,4716730254022;
46,36975652398;
54,4537936293316;
62,3754896079741;
50,9571633551063;
9,47165913710795;
-12,8638548918614;
0,561767718820049;
4,5683040623662;
15,6564299291482;
57,2257639319396;
69,2856334246027;
39,9227817747811;
26,7053386000008;
30,3791549289695;
28,1671971038253;
26,613710254265;
28,7168369989667;
29,8311292985856;
27,6532361571017;
21,1027028276688;
11,9578542688625;
2,74134086082603;
-7,97287874413339;
-20,2101843107945;
-28,3549313798356;
-28,94017552072;
-25,2111772648632;
-20,223091920098;
-14,0201495924728;
-9,21205151654953;
-9,60587810560953;
-14,1549958977123;
-20,5739691868625;
-29,893647622363;
-41,7205614077059;
-51,7319332323483;
-57,5050951609718;
-60,7805014278796;
-62,1832933687295;
-60,8176279753679;
-59,2793748803489;
-61,5385995253756;
-66,3800528135941;
-51,4931621554172;
-8,52289687327849;
12,7618335477813;
-0,872877248569993;
-4,39910044605954;
-6,36905213466787;
-26,7499498068604;
-32,5029844136403;
-18,1323946712489;
-13,8016712735847;
-13,3279921803318;
-2,39044345952013;
3,57190580563821;
-0,303261562217447;
-1,19695338386829;
-4,2415088077466;
-15,9022166821952;
-19,5624558738903;
-10,482038715164;
-3,00896286203114;
0,0244070925488981;
0,882718996066107;
-0,148541937050803;
-0,28794906633529;
0,179174295326781;
0,573276537638836;
1,67769855947502;
2,13352815459574;
1,83714657790206;
2,66134995759439;
2,8690650803936;
0,614853967989806;
-0,777918363127103;
0,028188128313056;
0,27722998128019;
2,02610404951105;
6,80351471580193;
7,46732945039392;
2,66744185649776;
-0,444435379610467;
-0,661681831567068;
-0,217818298628461;
0,159339357804629;
0,0371466613617239;
-0,0763872674976106;
4,26126401548254;
15,4039830440492;
23,2947033620114;
23,4261241687345;
23,6914481337854;
18,5616060753064;
2,96412791839819;
-4,62872027432596;
0,376687026804036;
1,56802303626326;
7,25091578450086;
27,2669312640917;
37,4157761620795;
31,8862942187451;
31,0937212232519;
32,7750517604685;
30,7996478211096;
30,8617913180771;
32,7425274599393;
33,1649724427872;
16,3567415096122;
-19,7459634574772;
-34,7993998177993;
-31,4351838645958;
-52,8865818710586;
-67,9670578634687;
-36,8273306757476;
-12,5213833591597;
-32,3430614350505;
-60,7974631886856;
-96,8341854103786;
-143,279747371466;
-141,450750089692;
-93,2903793696553;
-62,0474580125305;
-38,6963169782743;
-3,24382551177286;
9,09503926642725;
-1,7033259419226;
-2,67032259729589;
13,6656691040542;
38,5902339765195;
43,6135749358353;
27,1408631479639;
24,1500356776436;
31,342014545852;
30,8377400378907;
28,1735516659272;
25,5538125586158;
19,5561489794615;
14,4037444461097;
15,3958172253366;
20,6996344102226;
25,3229177088161;
27,3159231124999;
28,0704492308497;
28,0570565631235;
26,8306674883603;
26,3295782388844;
28,8853281689033;
34,6451252438284;
41,3631684209224;
46,2358560235204;
49,0547026496639;
50,4943442249308;
37,5876909016234;
5,92716732957977;
-9,2025323055209;
0,695989038682222;
3,14607272278757;
12,112027892333;
47,6972818241531;
67,6087496036183;
55,9039353156334;
48,7930966766253;
38,0842808100386;
5,95484528881377;
-9,60661264394921;
0,88960974104791;
3,20318466770318;
1,54107202622283;
7,92177367507407;
5,52876631864145;
-4,58091049149087;
-8,79564138636502;
-7,67385355874795;
-2,16199794271523;
2,03571938011101;
0,168819756797723;
-0,83437516483284;
-0,67054016360432;
-5,47641167024628;
-15,1678561932308;
-24,6601768315983;
-29,3493637311417;
-21,8874176910095;
-3,12621965079555;
5,29885601248194;
-0,507914335507234;
-1,76580257434457;
-0,458467542087841;
-5,55794019448323;
-11,8725618935961;
-16,1255208505958;
-19,5780383207124;
-17,2136410311842;
-8,40311324303188;
-7,50766247143861;
-16,5017905762328;
-21,0417228519412;
-15,9520053143497;
-3,7276603758366;
6,22472309825766;
7,11184569822725;
5,08135187235142;
2,96284198067492;
0,0780782406042791;
-0,679146028109048;
0,192298403340414;
0,171056978385552;
-1,60978350823411;
-3,26618050493484;
1,83730521775435;
13,9191458676585;
25,7967810130847;
23,546280478268;
2,35865434957397;
-4,77722222563668;
13,9486197843258;
28,2530268247518;
36,672176067446;
45,6220507534295;
38,8279907566673;
21,408196408358;
12,3086115289534;
7,64769823401391;
0,708524301112569;
-1,80685081152572;
0,313596860702168;
0,541197494626494;
5,68457216840118;
20,9905199950909;
29,7119994775633;
26,9058593886779;
28,2369968974075;
25,1209845969405;
5,06409074963834;
-6,54262502418844;
0,226458400225424;
2,34377921929345;
13,7505386524538;
49,3214888901544;
63,3280614171262;
43,2903258381529;
30,1988866863171;
35,9042552692475;
51,7823218301643;
57,6402299240149;
44,2884321876125;
31,8832548182748;
11,9814853682307;
-26,7052734994653;
-47,1824119812577;
-41,7539797212302;
-44,165458278123;
-39,072590937235;
-6,95085127868015;
10,0928595348198;
-0,694549595618586;
-3,4648015446956;
-13,4763449122739;
-49,9136207538978;
-64,9205633095141;
-49,8461018095726;
-47,9163644237858;
-40,9577099089039;
-6,50850961467717;
10,4890155935688;
-1,00367392328497;
-3,47835856367185;
-8,07189762803129;
-34,4669546555736;
-50,1101881943778;
-43,2784438074596;
-41,2019807775748;
-34,222305488532;
-6,07706560284765;
8,76365242872526;
-0,568886536475465;
-3,02588873136284;
-12,8493209464032;
-48,1155622567799;
-62,9624102789901;
-42,884672613297;
-28,9419745733432;
-35,2533440598299;
-51,4859341251625;
-57,0177645689175;
-43,6332992318301;
-30,827468898594;
-19,841300333754;
-2,70394919655239;
4,75553355283501;
-0,487585555157091;
-1,57214345306737;
-0,965758572650835;
-6,14964827099035;
-9,19527241026718;
-7,27834818812725;
-6,29094609076955;
-5,00465155825494;
-0,785027164484178;
1,26774618775501;
-0,118932131557628;
-0,421871617052485;
-0,595076196822379;
-1,98480069742737;
-0,759256341506295;
2,42231463481671;
3,56955919538558;
4,75418599369265;
7,70013781109106;
8,51675581457956;
7,11246797015776;
7,16777069084406;
5,96507562261532;
1,00311524613583;
-1,5187840890591;
0,117785432454698;
0,516140317435932;
8,6448997253581;
30,0254229539748;
39,26210138207;
30,017625115329;
26,3888799035626;
21,9442778531454;
3,78173938429874;
-5,63257290441442;
0,420858445596265;
1,91990827540822;
12,5917949415237;
45,8281856081827;
59,3082145080276;
37,2387874768118;
16,0041213961275;
19,1168839840535;
45,2448462113921;
57,8502734014351;
37,959070687917;
16,236125809829;
5,20077540514039;
-0,790783921631012;
-0,900764117120295;
0,56071068522496;
0,100784657771879;
-12,2010058104394;
-46,6575002724479;
-80,2622476061002;
-95,2835989638817;
-106,752163356026;
-119,734875322382;
-121,202207688309;
-96,0510760084048;
-52,8136752312301;
-17,5376822312866;
0,522595912930212;
2,93374775242241;
-0,979503834111979;
-0,701428204541204;
0,652872925247972;
2,34593804765066;
7,87364683737242;
12,3329662863067;
17,0466395440182;
29,520348986357;
43,2127744515531;
47,6042041132543;
45,1465793465018;
42,2759813281542;
38,7732589087031;
33,5901275837379;
28,7436273030142;
25,1391116282873;
22,4893572262651;
20,4510196705758;
18,9298379505573;
18,8841159984409;
19,9118973695567;
19,2451680682346;
16,5744323529035;
14,7680154804915;
15,241978708611;
18,2309104006303;
24,1931590715662;
32,3150085278866;
28,9581088006827;
5,95093786295477;
-7,47949555599271;
0,177177922368434;
2,71745872313779;
11,3757308138514;
40,0584149540449;
48,374140165786;
34,0718929832441;
40,5495591423598;
43,2626951562303;
9,29085636169903;
-11,7626637181629;
0,435553112707927;
4,18687076924486;
5,13395777155567;
18,3759927931551;
14,3613440639347;
-0,62288854975753;
2,92928939590839;
7,77390752819441;
0,600342444973989;
-2,24577220036462;
0,605484544884747;
0,563929791368688;
-3,05758406139619;
-8,2921541123638;
-9,83095022230082;
-8,37349975808659;
-11,2838448865072;
-11,9274954959808;
-2,72855141474554;
3,21691322656425;
-0,0345799960424127;
-1,18328145638355;
-3,24896707303332;
-12,44829299035;
-17,2633621311819;
-15,5113766591701;
-17,4806079153307;
-15,7493652228784;
-2,92084657090007;
4,07544415228403;
-0,233890527919453;
-1,41952287984922;
-2,22223101529428;
-9,95652409686659;
-14,5954431180591;
-12,3208585486363;
-10,4008725895324;
-7,20308350044604;
-0,736811330139624;
1,72034275416894;
-0,276760382587478;
-0,524380542822263;
-0,735914861692195;
-2,94319553963096;
-2,44797755219287;
0,422106029068136;
0,870274973570122;
-1,2364827547157;
-3,1799104924658;
-2,1924394778725;
0,40262298733012;
0,787065122293294;
-2,79607818661841;
-7,41438438667651;
-4,27027835677963;
3,09953025356779;
0,648922060139178;
-10,6798035951269;
-22,5666837754144;
-33,7620185421849;
-42,7924666256883;
-45,1863695976242;
-39,5084117674181;
-27,2741967926404;
-10,5065336889341;
7,4320804622205;
23,9855819334184;
39,1291871114173;
52,1354414109973;
61,7674164701439;
69,5687489377325;
76,9222919048833;
82,0151585927691;
83,3575665871871;
81,7063313952728;
77,6216030410844;
71,0092562462664;
69,5638413121826;
79,546607081836;
85,3549042561657;
77,8238870440861;
69,5681154318225;
66,521809536868;
67,5996152418252;
67,9136609351078;
60,1574416238978;
46,2001630028929;
25,789226776205;
2,04526342066887;
-5,69917382863466;
0,975266271045006;
1,72573181654319;
0,11687528115612;
2,08411366903945;
-3,13520042603161;
-16,0783843762038;
-27,2706482426896;
-23,9502123195448;
-3,16994656779724;
2,92713740535734;
-16,0068063642888;
-29,5731924822171;
-40,9888975693961;
-62,0043834347243;
-68,8477399526858;
-58,7779191191456;
-55,165889587939;
-59,7702407026469;
-64,1209002991896;
-64,0910615453045;
-59,5736095415856;
-56,5937361274633;
-52,1626622936726;
-41,3225944323914;
-35,9797442901275;
-40,7962829553217;
-43,2280765283096;
-30,6749624945322;
-4,59704919928095;
7,3484785995906;
-0,575948210977052;
-2,50823128737752;
-1,52400215952186;
-10,8102308031668;
-20,5888048905387;
-24,2669195160883;
-24,862817782518;
-17,2087808493093;
-1,83151124828349;
4,05243932786661;
-0,59791767509833;
-1,26101508964756;
0,620630398177973;
0,422906662327013;
2,03883385918536;
4,6745530607452;
5,1837779395216;
3,57541853723675;
0,60059302986252;
-0,858752352041354;
0,0410981138936278;
0,304675395452713;
0,880308815286887;
3,84393771390094;
6,50353970423122;
7,52585642143179;
8,80101800912542;
7,38208601608846;
1,26459988615569;
-1,87322532714894;
0,13231867491829;
0,642529002058717;
0,484383321967235;
3,22114307362444;
6,71699248474729;
10,2338802741256;
14,8882963583685;
14,3633281864452;
5,83473806191661;
3,06467505195959;
10,4584191479129;
16,1520454367273;
18,578528761321;
21,4363338581059;
21,000720523556;
15,5370447647681;
9,31081241793976;
6,58560616960921;
8,57362082782386;
13,5128330872008;
17,1586863451689;
14,8877128674824;
6,73810892232831;
-0,418689580250826;
-1,22546730331561;
0,504650320161822;
0,24915268779322;
-0,59739248267587;
-4,73809065965272;
-17,2520734410272;
-31,9955288462861;
-42,2111689757008;
-69,4551071342935;
-126,681186171095;
-169,973641331242;
-184,254906682292;
-204,788081142597;
-200,116761407165;
-147,868742268318;
-137,200899529431;
-186,880134553103;
-215,903010414474;
-161,41747255991;
-27,2031294795276;
39,4531031453873;
-2,21264463996979;
-13,8321187705246;
34,1586096150021;
85,7706478864829;
87,5880525602224;
64,5906774275653;
71,5943356187773;
49,9812600160879;
-3,3644150541247;
-11,2717009462231;
5,11174245061754;
1,99295985090844;
-4,84378703384002;
-6,49254042842597;
-6,02949126900375;
-1,39217696349612;
0,497615075810835;
-1,70692153139075;
0,973362790597222;
7,81198601009916;
12,6412656401473;
17,1542524335755;
16,2828114193249;
3,61193244087882;
-4,31444286102872;
0,0503276518168472;
1,58738314612931;
14,7554241047443;
53,0495277407415;
73,1046911555701;
61,4824205827338;
56,3101357356583;
59,6973681607428;
59,9390092949715;
61,6473581864484;
62,6600561340266;
60,0750526585342;
58,8975167397016;
62,7745750966976;
63,0840633822525;
53,3506794043425;
40,2065374335277;
22,8674199873242;
1,83674666465022;
-5,11846107990374;
0,892494654106375;
1,54031274884639;
-6,61682837292618;
-20,4710770627601;
-29,6456448358075;
-28,1222207065307;
-23,3914496231366;
-13,5934406868843;
-0,315405232670803;
2,9926275172377;
-0,829158891283252;
-0,765870971796272;
0,623343584272738;
0,00989463334260656;
-0,225513414851971;
0,0909095325650948;
0,0420849308892581;
-1,66120179789166;
-7,71418738291664;
-16,0303545804728;
-19,452069100901;
-16,1688795482031;
-8,41978566360654;
-0,197243849085087;
-0,689540508997507;
-8,1850378310132;
-12,1600941420282;
-14,4170244413121;
-17,7292130428609;
-17,3505102594837;
-12,6205981401452;
-6,5425970019434;
-1,40211454468567;
0,623727199254785;
0,0841584809445549;
-0,232724566157597;
0,0637269757614884;
0,472192629275097;
1,42880283073482;
1,01498217152777;
-3,86527276001334;
-12,4846662637074;
-18,7154722329157;
-17,453607696592;
-14,1180031517086;
-16,0465347336265;
-21,0196228158807;
-25,4149561541429;
-29,3591112696752;
-32,2834765813622;
-32,6811629953857;
-29,986610127694;
-19,5603504651542;
-2,28686847976254;
4,56651752361232;
-0,570213789046818;
-1,4682030666015;
-4,01264803531855;
-14,7581864916525;
-15,7153376848256;
-5,7377644118335;
-2,53223468850376;
-2,28613946944418;
4,40432356462943;
11,233048456007;
16,4046247436136;
26,0927630862856;
39,0809520120901;
50,8262184369632;
60,300044883014;
66,5328785143039;
69,795831719191;
73,862875886308;
81,1727195843244;
89,3142987203832;
95,0766052778984;
97,7135239769393;
72,9814874314423;
11,7796882478103;
-17,9128141283242;
1,26282623021024;
6,16327463395768;
13,8206548214524;
56,3932196092931;
75,7196632495465;
54,1852668369496;
41,3916366938061;
39,9277991998;
32,0253258785233;
24,0309403375761;
16,89927725563;
7,16184260881951;
-3,29426780618689;
-14,3490769648492;
-24,7927230857237;
-30,6094072494349;
-33,0582928133033;
-29,1365126855141;
-18,0770322880904;
-18,6913501172253;
-31,1041167389219;
-35,1363329628389;
-47,2030742358386;
-81,3695832166907;
-98,8115026250603;
-87,1193747182451;
-80,0798973238856;
-83,4611427847438;
-86,8832575045678;
-89,5762268578315;
-88,0835246836968;
-83,1082659762063;
-82,769142125735;
-87,1448463877256;
-83,6210204576953;
-70,4602304707269;
-58,4860077662231;
-48,807385851979;
-38,3749518470124;
-29,0989061790084;
-22,1863054360004;
-18,6605278906367;
-14,0504947364708;
-2,86731448923204;
3,5414207034022;
-0,0438514043073056;
-1,3069906971235;
-5,55784095571235;
-21,9790049247285;
-32,8839117177149;
-28,7520626597939;
-22,5630937833556;
-14,4292665859377;
-1,44841713664975;
3,38214473975363;
-0,529059581814998;
-1,03960833528011;
0,632849138381226;
0,102971755164184;
-0,267839964024594;
0,0755482710814657;
0,0635648790473198;
3,65908369688179;
13,108849731035;
18,2304837853805;
14,7102172463257;
11,4273152601628;
11,7373266563847;
14,172291912355;
16,2432481564386;
14,9540012902493;
12,0649146257139;
7,6657668322425;
0,987820593256696;
-1,8090803046872;
0,196063043583793;
0,594259538832914;
1,31874139492161;
5,76907033977012;
8,8742071651117;
9,43316983624072;
11,8528400268623;
10,953093348791;
2,13280995096955;
-2,85866143576696;
0,133914726216364;
1,0083740571525;
7,18076224487243;
27,4689391673186;
41,9019801509768;
42,2133098848242;
42,8541791251996;
32,637294742036;
4,47920328963483;
-8,02632482216955;
0,906460516052977;
2,60998734767244;
10,0260120653684;
39,3579518331643;
52,5763400720314;
33,3642816101041;
11,1926262438014;
-1,25719005476057;
-3,23121102746611;
0,973429703147177;
0,871756216089424;
-0,73188480590751;
-38,8231563317265;
-128,706190602698;
-159,463838945809;
-103,829133836761;
-66,6656638288081;
-48,4323759615849;
-7,62374515801549;
29,6620300531659;
41,1174237777445;
35,6297397567556;
22,3911673017151;
3,47628249064507;
-5,21821560470564;
0,285353741159265;
1,84055291854409;
4,71313759843908;
22,2357970663615;
39,3815168008862;
43,8503874679144;
45,5779426252167;
41,9736204887933;
28,9999130561904;
29,7653947800038;
44,4505240524276;
48,9066741577058;
40,5599120827061;
25,8201387130844;
18,6120108808988;
24,939626801748;
29,7086893820853;
21,8680790217666;
3,65223081286852;
-5,28525460178235;
0,279287068064177;
1,86242562452287;
12,8062684317771;
46,7108029735966;
63,5433257671501;
50,2714568828246;
41,0990458836234;
43,8972301893542;
51,1005836474205;
55,6717956991966;
51,2133351686468;
43,6283324829034;
39,1076835313511;
35,9311177417781;
27,8729439360457;
17,4867377457939;
11,4783483436139;
8,59436244974384;
9,95759434172389;
13,7891114500012;
8,75180174036661;
-5,1658041782311;
-15,1579618422969;
-17,8375395527268;
-16,8399752228795;
-11,7341211766597;
-3,59214703561245;
4,07601885604665;
8,99059293416542;
8,3669910324399;
1,30037144647344;
-8,9257407663378;
-12,6266751122508;
-3,58192207485534;
3,53451422370215;
0,181390410064101;
-1,39386590432336;
-6,80781306614688;
-26,6220161845701;
-39,9174747526913;
-33,4618512485659;
-22,6066388948037;
-12,1470834919622;
-0,620109069801282;
2,67697164745508;
-0,599855312218297;
-0,747940748419633;
-3,05894535904306;
-12,4118329724602;
-16,6932050502678;
-11,2640906214974;
-6,22235879202857;
-7,88454500541551;
-15,2044331041247;
-19,978502143008;
-18,4991328058864;
-15,6963678267276;
-9,61118917227747;
-0,499488500774132;
2,17583726012826;
-0,504220271534105;
-0,598563779966919;
1,99795095723489;
5,2511264249565;
7,20342416165285;
7,87672323058396;
8,5827715981127;
5,92503279658726;
0,37657422082672;
-1,36298274620309;
0,294371773933737;
0,38376506469551;
2,37335478109055;
9,68529999460371;
15,0621603354475;
15,2308884551825;
15,4138165407565;
12,0156597419105;
1,86883346453163;
-2,99230188411467;
0,262579720372307;
1,00533236538113;
5,90282527193129;
23,2767078381854;
35,6639754058082;
35,6855123484491;
38,5477384203916;
45,8586127090455;
50,6170225036441;
53,4227523479527;
54,9965213145894;
55,1712724599124;
54,3603785200015;
52,2649441289587;
49,2767467619115;
46,5583067537189;
44,5936638256796;
45,8782242226021;
50,8032325310253;
51,4004475273023;
46,4264734767418;
43,8563041810465;
40,0202848046188;
29,1679019886537;
18,9556291932734;
10,136303856814;
-3,77049845742675;
-3,98733807646186;
20,7296271041428;
30,3958112755889;
9,56922976008771;
-7,79342938844296;
-15,3383982208425;
-23,4650552884778;
-27,935497011235;
-31,0975309223695;
-38,4216725380101;
-39,1633122145098;
-26,9686674583178;
-21,8882976840072;
-31,7691643812579;
-40,3873651618916;
-32,1641146041216;
-5,88682583508414;
8,00644261978306;
-0,327905478126551;
-2,85632144659597;
-9,818979012189;
-37,6106142212787;
-51,3434689559723;
-40,9677782722954;
-37,473330100732;
-31,0503910376169;
-5,21218165429952;
7,93584712881855;
-0,634410636812027;
-2,68759858714929;
-17,4571851822767;
-63,5067500898453;
-83,5691497233862;
-61,1582214607146;
-47,7293036402112;
-36,0599503780947;
-4,93385967341484;
9,02481344720501;
-1,0983743859258;
-2,89476055705306;
-3,34481075111588;
-16,1235117692675;
-21,2070785867515;
-14,5235553957853;
-13,1265598626275;
-12,2004644766489;
-2,52953221621167;
4,33823420865094;
3,4678582623022;
3,26157024047146;
2,92792744060327;
-0,00323425167658024;
0,361162140670355;
3,84633900993728;
4,57834971109844;
4,26674563146468;
5,69404992495781;
5,23871661407283;
2,34337382885127;
0,598076878643589;
0,129708550932462;
-0,116029781184866;
-0,0194422002777833;
0,0528604518909382;
-0,0157805706843647;
-1,84681153037339;
-6,47692106582602;
-8,97914180256892;
-7,08217567997787;
-5,21065133393649;
-5,38600275773281;
-6,94542790881826;
-8,11132197970722;
-7,18625964585081;
-5,49022937219324;
-0,817230221602449;
9,44103552965825;
17,3637588340221;
18,5463401599331;
17,6531344145247;
14,5031876726499;
11,0412254340854;
13,7775263993855;
19,0790222861024;
18,7681888294985;
11,2591256823709;
1,06021904354121;
-2,50309185984531;
0,363841736243961;
0,786060131159723;
7,88795349020263;
28,1804348616818;
35,7111501956339;
20,6586815860564;
6,04063792457107;
-7,56396691288116;
-33,6456814236984;
-61,0156733050701;
-82,0521964414584;
-105,347915782693;
-99,7262792779363;
-50,1311505962706;
-37,6284119558138;
-83,4104305730726;
-113,500245584497;
-114,807231253803;
-105,219129865805;
-83,0341542277836;
-50,7927997512293;
-10,7478991405894;
-11,8033305237953;
-81,9323330477124;
-110,058964357514;
-50,8138884314691;
-0,647993301331179;
18,8447879170438;
25,3789791859905;
7,71696815652822;
-4,78826775422772;
10,1961112162923;
19,4039162254664;
4,38171584872851;
-5,52081636741018;
0,246301080638611;
1,93975538354285;
1,02582311265769;
5,11495168967001;
5,0205406269657;
2,19232382849738;
7,42742943840116;
11,741027845221;
3,45431946326953;
-3,40478640319167;
-0,152593942671359;
1,32970957622838;
3,78321309390265;
16,2148389152773;
28,3964340856602;
34,4557443968162;
41,2425604193468;
34,9243194792505;
6,27098269477279;
-8,87602827758372;
0,512441264896445;
3,09495291080202;
11,4263058491446;
41,715246393107;
52,9302887801137;
40,8664618727406;
42,7099226428746;
49,903562651243;
47,2737751967584;
42,7704186362787;
42,2204719616386;
45,9007049809975;
28,0472835107895;
-16,5790326668021;
-25,5688548734581;
7,5889225677202;
15,6249319528644;
-7,60728158322337;
-24,3529257257639;
-15,4760602874193;
7,04913341739217;
12,1171587798119;
-0,371770829398597;
-5,43619861473641;
3,26929676024711;
11,8623108090537;
12,6575572492822;
6,99805706212044;
-1,39985995822687;
0,579959109100157;
11,2973291730294;
13,8907806242671;
6,07412248555418;
-5,37126717175011;
-8,95252233270235;
-3,51906854138552;
-0,940938136275518;
-0,894930264544839;
0,21186119998644;
0,233660870074456;
-0,173856732795798;
-0,0101251771818668;
-4,02289453210838;
-14,8309354388365;
-21,4160001356134;
-17,5758067357346;
-11,321882384931;
-5,95863572612658;
-1,45690755820788;
-1,11459148802474;
-5,3142933077715;
-11,4774660906964;
-17,5935573069087;
-21,8590872607155;
-23,0622455806442;
-22,5784340503782;
-22,1492989326309;
-21,6571479368557;
-21,500661952652;
-22,3559003638908;
-22,908575364155;
-22,2768336060693;
-20,4137927230199;
-17,1299226467885;
-14,4132852844098;
-12,5043448347824;
-8,42333197124526;
-2,84975135982727;
0,403526661760465;
0,41417717661286;
-0,248849044275151;
-0,0537662519510712;
11,2229256093026;
40,0908427720135;
58,776611334983;
53,5149013253199;
47,1651448269405;
45,2293775490754;
44,7716903817497;
50,4477294674206;
54,4338792998233;
49,8841692155884;
36,388527702712;
17,1705847171981;
10,306146107275;
18,7258020175558;
24,2330389917039;
22,0682688225286;
16,222323827289;
13,5156892501514;
18,0792788123179;
23,3058791236943;
18,9378233061358;
3,4301397928955;
-4,72695156149855;
0,21565234294912;
1,67617628568261;
10,0316584779592;
36,8550377249582;
50,2999452612877;
40,5576669379339;
34,5213456535678;
32,5294035581427;
27,9882554477173;
27,8006471844643;
27,0824726102965;
19,1855056974891;
8,27806264585645;
0,119761675134584;
-1,58685652416145;
0,399451918830057;
0,431993443411777;
-6,09729333206976;
-24,1823614835827;
-44,209796773163;
-51,6666281363824;
-48,8717842299985;
-38,8617586036499;
-28,5375960688586;
-36,4733934319842;
-52,4508632691606;
-51,4370189917053;
-31,7169778487479;
-4,03845098357961;
7,23182197105995;
-0,685556185481395;
-2,42720440344692;
-10,3211003205532;
-39,4927654491222;
-54,789474921531;
-47,1026861886432;
-46,6053686053844;
-50,7769165532237;
-47,8039721988908;
-45,7225493672562;
-47,5373785260273;
-48,2583741763439;
-46,7763769129122;
-46,4885452633524;
-47,1803854359893;
-47,4759058397633;
-47,7530172303978;
-39,8240011621935;
-21,049214344165;
-8,67679209133702;
-6,16219345615739;
-0,416967281544863;
-0,73708998791486;
-14,8663899302103;
-18,5010501838086;
-5,29955390326822;
2,88075110839492;
-0,924465626006753;
-13,6357856627901;
-26,2962309296551;
-29,8523638395181;
-28,7124012043899;
-23,7274569181569;
-17,0827781097926;
-20,846603190929;
-30,2604676508474;
-30,5813533975623;
-19,2000967392588;
-2,31359918902676;
4,39487365834905;
-0,480140616416328;
-1,44629492762559;
2,01506433416079;
4,63501067241413;
6,15885268958238;
6,04336425804638;
5,86864397997044;
2,61581488290848;
-6,65613957680824;
-12,3241517708126;
-10,2802922133684;
-8,08089069666371;
-5,38310258341029;
-0,448223285202007;
1,26707822518503;
-0,239300323859052;
-0,371069608240716;
4,34643363403213;
15,0085538497511;
21,7277131826883;
18,8022721118325;
16,4882035750455;
19,4107642880044;
22,4751158924561;
23,2477819629706;
21,1565555348492;
13,6168844730151;
1,12494511074043;
-8,56981069293257;
-8,86285020338342;
0,467907785094627;
16,3427934084575;
21,9287325045573;
5,64187754233211;
-6,12831578612713;
-0,0766856968608263;
2,31148820651061;
-34,7620294307758;
-115,899555068037;
-151,387224492198;
-112,194738822335;
-78,7602789164967;
-51,0495622452726;
-4,92950803694862;
12,1265724334349;
-2,04679711065444;
-3,65581927934799;
2,29090703585655;
0,334801865707641;
-0,953723599602401;
0,280341085143618;
0,221595607417158;
14,6401424807348;
46,4598881150808;
48,1136599037625;
12,8618516446502;
-6,49995320255449;
3,59042048340966;
25,0802369629545;
44,298573723765;
52,6264287307961;
51,9678003224365;
41,231980098154;
28,0460688735945;
35,8673216629963;
54,1232238230772;
54,4930143208417;
42,7774461793143;
35,848570495551;
40,1448133142709;
48,7798464642809;
51,735105737291;
47,0135540220729;
38,0095378775073;
38,5655354862062;
48,5415204071894;
52,4171396379686;
50,7845136110243;
50,2990118948004;
52,7981689315038;
55,6725541726848;
51,4870325801343;
44,6289629647583;
47,2412412170266;
54,8224844803014;
56,1403057631414;
50,5353413646209;
32,3102118076222;
3,52167268681966;
-7,4720825003002;
1,00881725960973;
2,37103698089901;
2,55467419664639;
7,60843318809697;
-3,9014794630247;
-25,4128598899399;
-34,203599592553;
-26,309790091341;
-5,08155253102509;
6,53343625364362;
-0,146862652196757;
-2,38486635621239;
2,2272723444668;
2,36297073333601;
-3,45504742839839;
-10,3692430254674;
-13,7012526542274;
-14,9065388225766;
-13,7255439522939;
-8,36788077571654;
-3,22686240148143;
-2,89897780403912;
-3,68435986988084;
-0,998777016999378;
1,06864784504797;
0,0118236463062547;
-0,401338522521558;
-2,46010832773707;
-8,81589599279506;
-12,6861479294366;
-13,9632177328849;
-19,0902082693677;
-24,7241779138793;
-26,9979428405726;
-27,9659724274981;
-28,4263244259929;
-28,6964947281038;
-29,9364564637926;
-32,5091672806557;
-36,1880201070486;
-40,5561190004598;
-44,8942896890895;
-35,5303470527721;
-6,22110239446616;
8,87327438759688;
-0,497772795022143;
-3,10506671398305;
-6,15168140145301;
-25,1822726567288;
-33,8919536369441;
-26,2387640799727;
-25,1137055908876;
-29,1339552177569;
-29,1064933097988;
-27,6487676892028;
-26,8935600610884;
-27,1481030122731;
-14,3039152627943;
20,443363300799;
45,5452369691497;
48,9894681848244;
58,2167216207777;
59,0608638630736;
33,8275590669785;
26,7262016342812;
50,0770632659513;
64,7730498041483;
49,8004837663547;
9,20198446843293;
-12,2612031134021;
0,392755836906767;
4,42685579335472;
22,9594631551489;
83,4796143759519;
109,855753734925;
81,7874992904269;
67,8446455126531;
48,4450639037553;
-9,94404521617081;
-39,8512746177631;
-24,2375549156109;
-23,0999388306472;
-36,2366057130158;
-39,9818563893222;
-43,4259175033174;
-49,293853628734;
-50,7371796775484;
-48,1387613179934;
-44,7321641804477;
-40,486166136707;
-34,8448699867535;
-28,8678492525679;
-30,2007199962478;
-41,6395663549931;
-44,9430231074355;
-34,5864713940566;
-27,3112675548642;
-19,1708184504563;
-2,57436011679995;
4,67825804495791;
-0,535384273074122;
-1,51925379471799;
-1,92245994595187;
-9,17472780495481;
-12,7918261926109;
-10,3273133903136;
-10,294283715079;
-8,85973780646012;
-1,45096369289545;
2,27452725510871;
-0,202172858097105;
-0,760978525226697;
0,331806317629429;
-0,088519318874988;
-0,0205314674301663;
1,68881219473738;
3,75104187044283;
4,27232446994484;
2,52512421141719;
0,943515076431122;
1,68984767922724;
3,42406064749337;
3,96532305433431;
2,52656877132073;
1,02393278788947;
1,66010135190089;
3,40723095918139;
4,04774277313275;
3,16990521555211;
3,04348748076522;
4,78945870473137;
6,68151757305805;
6,57714262365919;
3,75344010625732;
2,40808887562368;
4,76771084809901;
6,92922281789477;
12,8555352629719;
25,4964958389534;
31,9574751859184;
29,8092572192061;
31,1760767387841;
33,5364748585788;
29,4269502888279;
26,6376856381014;
30,0579607999384;
33,0550595626593;
22,2183333172282;
-8,94424299440823;
-29,9500890211504;
-23,0666250089028;
-14,4851100588796;
-13,5912756021297;
-17,1969652367559;
-33,4741787270736;
-60,3743999140604;
-87,8427036216547;
-112,347090482284;
-132,857611570932;
-149,213727021138;
-164,446528146842;
-175,109084740314;
-163,750888787817;
-136,475052736639;
-137,763138041828;
-166,636590515723;
-178,470950179682;
-128,668925263411;
-19,656363105366;
31,080683351454;
-2,40652567224359;
-10,6136866377465;
13,1738109269774;
17,9737203331939;
-4,83158887959684;
-23,1007889558245;
-2,59473074922066;
30,5329348854227;
45,78822840283;
50,5401322516791;
49,2142237149041;
39,0072449448352;
32,2400135298964;
40,9025028794063;
52,4113346757973;
50,0987217846614;
37,9824807121152;
23,7342667961376;
10,413853364722;
9,15652011447658;
19,1156611412101;
26,1081864547957;
23,3971191119644;
12,1137769926054;
8,66644202668669;
18,700528786708;
26,4588252607519;
29,9482928282106;
33,6585011474203;
36,2179299330188;
40,0298912989578;
46,6849456475849;
47,2209064177652;
36,5823946295497;
31,7905946112369;
40,3798678490033;
48,1857105762598;
46,4875979750558;
34,5731494222673;
26,7184224774243;
34,1662965588577;
40,1880850285526;
34,5126907118228;
25,0306598469671;
11,9966836125888;
-5,4573756212327;
-19,6452428363917;
-26,0193266453116;
-22,1866251945422;
-8,47449150630137;
1,59360040983082;
-2,68846701812558;
-15,1674131013804;
-21,2398059764441;
-10,8128451956041;
1,93310409381081;
-1,95145830687281;
-6,92672587235586;
7,42945433900422;
25,1953810873138;
27,4043958080186;
20,2523425730249;
10,1801852313546;
0,225703340371243;
-2,12224726610879;
0,556732084342481;
0,561061616089279;
0,450704089223559;
2,36701587125382;
0,805343089867999;
-4,61117799345433;
-8,05111059429499;
-6,24308735464501;
-0,916656557761646;
1,50061622291528;
-0,12811406664457;
-0,507382625800028;
-3,0855327563213;
-13,343858864919;
-22,7927069476664;
-22,547758225686;
-16,5130152380172;
-8,68305991923091;
-0,631439239779164;
1,87318377281122;
-0,326112412957185;
-0,566291070573893;
-7,82080959649576;
-27,0947869098695;
-33,3559403977043;
-20,9254813368892;
-14,1624136611311;
-15,3749126668254;
-16,3750230167922;
-19,2208331957061;
-21,1769375500425;
-16,2194220833003;
-4,81763655063772;
8,28370042328404;
19,2411490295588;
25,3129753107515;
25,2107534004274;
17,6697240636196;
9,18675137659443;
14,4943291527077;
26,4061606526347;
26,5310303934034;
16,2060639930448;
5,47719426579074;
5,31571008889604;
13,3714588043508;
15,5013625023922;
10,3147270233534;
4,95309253197641;
6,59728752519659;
13,1844056865952;
15,098289856982;
11,467583564306;
4,41327364389384;
-5,43330725349264;
-14,618894584332;
-21,3199410897715;
-25,5544971699017;
-26,3233716478374;
-23,5633215456565;
-18,9897123174602;
-14,8492062965007;
-12,4827521397545;
-11,3756297825137;
-10,5017060103917;
-9,33844788781132;
-7,17326137998756;
-6,52448962303623;
-10,0613525344521;
-12,0396243627083;
-9,34047792661478;
-6,59740569342411;
-1,12416959241208;
9,96538159482086;
17,3646087619825;
16,895361322629;
13,8424573006924;
10,4327333161656;
10,2788783490273;
14,8513468109085;
17,5632674033547;
14,4993271841493;
5,39318424946824;
-4,47425735887493;
-0,847434115511284;
16,3819789614173;
34,0081862564394;
32,3906142549619;
3,48344563733112;
-8,4509407026181;
15,8946943313179;
37,0485306076061;
64,3607860926133;
113,143301589836;
128,386993843705;
102,063037860578;
86,4911033633188;
94,0539269779784;
114,088145470727;
121,421341347417;
104,013730076552;
88,2499146740309;
72,2163884270606;
40,4824590949962;
13,0224001326861;
-2,02282305551111;
-22,8244841058468;
-21,7995964911417;
23,1380323315818;
37,1737325470425;
-3,35545614043931;
-31,2655102101851;
-28,5389196100086;
-7,61266370898012;
7,28153858655033;
0,614386109885546;
-2,99733530168694;
-24,6935648099065;
-86,350992290576;
-113,045612174048;
-84,5610832388152;
-72,2028175237949;
-59,2753051621943;
-9,72668046688982;
15,1831952533472;
-1,32473187576063;
-5,09180096186989;
2,64317667374156;
0,696485753613394;
-1,23024316739867;
0,267573998826309;
0,325235856056193;
4,05751334957511;
13,2732048319268;
13,0818043380131;
1,06233433797961;
-8,30324663560915;
-14,0076283634971;
-20,2932385424349;
-23,5168091150773;
-22,2786559875634;
-19,5000107129137;
-17,006890642549;
-14,2266873059303;
-10,8316697966965;
-7,91420319949809;
-6,02368675177913;
-4,84172816671592;
-4,26673043784024;
-4,22548312233364;
-4,497595062049;
-4,87445145455395;
-5,0776298130416;
-4,52537208468855;
-2,81039624433455;
-0,542544288226324;
1,42598478910885;
2,98049632588112;
4,02820762134587;
4,08001426288819;
3,03848171663727;
1,82803151184376;
1,04021372430238;
0,215721105422156;
-0,248668488724222;
-0,00600799750121185;
0,096208705503485;
0,315788705404862;
1,36717072524524;
2,55542441084125;
3,63848845707501;
5,20303901611182;
6,96343615634052;
8,36461556647492;
9,21658189616621;
9,42640849768354;
9,02779115253242;
8,00608684281022;
6,40585109804958;
4,55063389021917;
2,68261930887644;
0,877822166910427;
-0,528158020610764;
-1,36898399975802;
-2,15504665866927;
-3,27079117905291;
-4,32759168985261;
-3,86328125667908;
-1,76842084670833;
-1,3812138004762;
-3,36124335386524;
-4,57928451579402;
-4,02331310963355;
-2,47431001471939;
-1,49776961674683;
-2,00321286135292;
-3,09654420039396;
-4,31051020523472;
-5,51155954432069;
-6,04411486013718;
-5,64789459791211;
-5,10216640192392;
-3,74508482516119;
-0,662616691514557;
0,930160737012016;
-0,0466054071765556;
-0,328123733788162;
-1,70742356351832;
-5,89471385387784;
-7,26884200889196;
-5,4903985618858;
-5,57621496043324;
-4,80184162665758;
-0,7318485044305;
1,21515834619996;
-0,122424007059295;
-0,400668906120246;
-1,61628992934519;
-6,29076575735471;
-8,81129058243761;
-7,23723893847568;
-6,17662467790206;
-5,97207390870504;
-5,05798077623522;
-4,61236164994139;
-5,19021271405736;
-5,60963557525624;
-5,2939373355725;
-4,87273837347191;
-4,82162148180993;
-5,18572952027379;
-5,53438900485225;
-4,02985016773508;
-0,537968346609394;
0,969329037342471;
-0,105758493101103;
-0,317516214575176;
-1,67120001198133;
-6,37740753589257;
-8,87216958175206;
-7,14089957366019;
-5,84688917245495;
-5,46455411829989;
-4,72509664308984;
-4,79408321638614;
-5,11120140730887;
-4,56628717772635;
-3,03392515026955;
-0,517857630010792;
0,726211702944304;
-0,0299715814411512;
-0,259851926042511;
-0,954378521184164;
-3,46592320509163;
-4,3074995339732;
-2,85852237526495;
-2,33413658621592;
-1,95982689038712;
-0,296976612734728;
0,502207478328858;
-0,0543007814057994;
-0,163761035958407;
-0,0774544962440039;
-0,463371267590991;
-0,321809566671856;
0,481614341488103;
0,697284989632247;
0,002488405367818;
-0,604920266377965;
-0,281131564234853;
0,51333632001873;
0,669785140962737;
-0,314855135435265;
-1,99574109872752;
-3,20442935260992;
-3,57311611729395;
-3,76730476602555;
-3,44341911949643;
-2,40845949415231;
-2,46314054486245;
-3,65080927727448;
-4,01188823891918;
-2,82703610511771;
-0,492696683162469;
0,677500859872054;
-0,0241135518382423;
-0,244104307161279;
-0,0242756650916863;
-0,40111467096616;
-0,522666407995902;
-0,305931752453106;
-0,629059337491942;
-1,0249931014626;
-0,713518195833968;
0,00145843964723354;
0,769450906165009;
1,44971681322677;
1,96108946534132;
2,42559593284927;
2,66206243059268;
2,61840029523215;
2,81762096884104;
3,11544185850623;
2,97368663671837;
2,97944620725808;
3,48370593507916;
3,62941536675612;
2,47373691504028;
0,334198531020205;
-0,578154250058653;
0,0535088985228281;
0,194156016418371;
0,754498827673279;
2,93534804833398;
4,11764342985192;
3,559908411409;
3,63675570031868;
4,06490817255711;
3,57760618688654;
3,23686320565586;
3,61106738773228;
3,94256899897016;
3,05979322016514;
0,570150827968135;
-0,761597217561977;
0,026884639988132;
0,273615022991528;
0,242106563174361;
1,16444894598998;
1,63308219117075;
1,40654732508345;
1,56214751180933;
1,32391659071238;
0,183449836771466;
-0,332773694667834;
0,0401808515145655;
0,106837899894922;
0,34979090449518;
1,42866738053551;
1,9698594751274;
1,44943040921161;
1,12956879470155;
0,921077921420827;
0,162828906011128;
-0,240295215579748;
0,0181748710722705;
0,0816953202481433;
-0,225551826648762;
-0,610944877259373;
-0,799550211879033;
-0,979309309220253;
-1,55248483257828;
-1,55858345980617;
-0,323099980827597;
0,41185219567133;
-0,0137144485980375;
-0,147607750571205;
-0,490844924555956;
-1,88626727001612;
-2,63381028893795;
-2,65877626168135;
-3,83039976902815;
-3,87378336999314;
-0,76573466108641;
1,03509649007523;
-0,0564393798785805;
-0,360902451091721;
-0,863070242338251;
-3,51176141300808;
-4,96268001715786;
-4,2734091098313;
-4,14933231789063;
-3,27349682569052;
-0,434024055189581;
0,816159669180003;
-0,103765885513318;
-0,259913349034028;
0,512443767017279;
1,32311713024772;
1,75544981282174;
1,37921925166577;
0,527490722048539;
-0,312714398280463;
-0,809603510459689;
-0,847664560460514;
-0,564891220864871;
-0,197970074909411;
-0,160347383561253;
-0,560524722584507;
-1,07759337578572;
-1,66113994182657;
-2,30681774525125;
-2,78596235514623;
-3,19603624815002;
-3,49906572225795;
-3,31434297447275;
-3,07013512497801;
-3,53853889401038;
-4,27735817325892;
-4,51581706960536;
-4,47533249728895;
-4,38985237039485;
-3,96456470121211;
-3,25850555563291;
-2,77609130718021;
-2,7882583939918;
-3,21067649797865;
-3,9807124925613;
-4,83336929018593;
-5,15302987066954;
-4,82230064638973;
-4,38934172504312;
-4,11194808591906;
-3,88917579250077;
-3,94744603052026;
-4,31741459664034;
-4,46817027827624;
-4,40411542467045;
-4,45076365462524;
-4,23654890348508;
-3,53262232549456;
-2,75649375781469;
-2,18643813686798;
-1,82007513754938;
-1,61983022151951;
-1,64565541358002;
-1,94557222512409;
-1,67089973553712;
-0,315656509752334;
0,428054549311729;
-0,0198835674766528;
-0,151299674927373;
-0,0361847198469646;
-0,174879730343216;
0,0894446016431906;
0,551453867729503;
0,645643324194765;
0,387403609583798;
-0,0761552142862618;
-0,00289660056922887;
0,539269377137729;
0,68606711166408;
0,482216542770187;
0,113453291811133;
-0,119329863475424;
-0,00611855484812709;
0,047476561947547;
0,303361202862194;
1,00287113385325;
1,09579236358986;
0,334790065235031;
-0,349272787345195;
-0,518770748258704;
-0,156204268573577;
0,146345471371086;
0,0106137602368594;
-0,0590594483390642;
0,0390174474621941;
0,111560070149625;
0,147890421100087;
-0,0503321884759853;
-0,32578987321699;
-0,345924753871307;
-0,628394830884154;
-1,35674104849034;
-1,7333940390486;
-1,49081126885995;
-0,842917551061979;
-0,0689950290976446;
0,1852614421029;
-0,0303852736532436;
-0,0567170361207014;
-0,231457381807202;
-0,930614989604174;
-1,17318993643756;
-0,614742946732404;
-0,50336019292579;
-1,04436638004099;
-1,21820993290185;
-0,919463571094006;
-0,59413573454903;
-0,606083205177617;
-0,741463281759654;
-0,261036080885401;
0,217236669882798;
0,0264461625510641;
-0,0921978006285938;
-0,456286401306264;
-1,59077834810253;
-2,2536248460679;
-2,40696171354147;
-3,11581974638533;
-3,89835863250605;
-4,32492892889516;
-4,53591561934996;
-4,33912189132951;
-3,82418823419615;
-3,36536401902838;
-3,19006916708775;
-3,15114040685445;
-2,95191136878103;
-2,89522550531501;
-3,31407674882433;
-3,60530750144473;
-3,24020049295024;
-2,7027652440358;
-2,60370905569989;
-2,76895395344425;
-2,71816225434925;
-2,44421893637818;
-2,16167123083411;
-1,79043768172108;
-1,0847543221186;
-0,178782423488184;
0,461595106745436;
0,869712234134926;
1,30486999980261;
1,42765987876419;
1,01500905756541;
0,592787723617895;
0,641017523148713;
0,986990906212433;
1,22194570510767;
1,21994250069427;
1,08291889186538;
0,947734550346533;
0,968025941166119;
0,834829804263077;
0,187465029491821;
-0,216884110618119;
-0,000874634607543106;
0,0814300203658973;
0,681036338450578;
2,5402791765787;
3,71068646743254;
3,43046463787873;
3,55057552910223;
3,83149178366518;
3,17381001257866;
2,88131431960321;
3,46463481492495;
3,84500351337044;
5,36976045022611;
8,72631991753312;
9,97989631976919;
8,34077922666412;
7,44801931136484;
5,58900176468744;
0,823106327009668;
-1,38571966391704;
0,138072603506837;
0,458438893695405;
0,19226342163077;
1,14820794319994;
1,08266571643821;
0,155989201821053;
0,219773608293388;
0,381487632176528;
-0,000221613951167332;
-0,102585133833494;
0,0378330709384272;
0,0214427753685402;
-0,159771799897623;
-0,608927371246573;
-1,14653583934697;
-1,36573991508375;
-1,51837008489435;
-1,50747982522363;
-0,935244514355209;
-0,791121766559987;
-1,35739073883052;
-1,65472786722309;
-2,30105273302577;
-3,84845602117071;
-4,91027641547379;
-5,00981145046427;
-5,20928797775182;
-4,19263241640829;
-0,771366607740365;
1,0583647820895;
-0,0495449786434598;
-0,374379380062963;
-1,22998090970459;
-4,81380143313747;
-6,86449691516505;
-6,00273878632854;
-5,71376886749834;
-4,54870668035545;
-0,720540327503215;
1,14096839597624;
-0,0986190017653403;
-0,383754378832623;
-0,926256324696518;
-3,83962730049911;
-5,46486746975058;
-4,64730936872735;
-4,25011534378003
